<?xml version="1.0" encoding="utf-8"?>
<annotations>
  <version>1.1</version>
  <meta>
    <task>
      <id>8</id>
      <name>RC19Experiments-OUTDOOR2-top</name>
      <size>147</size>
      <mode>annotation</mode>
      <overlap>0</overlap>
      <bugtracker></bugtracker>
      <created>2020-04-05 09:45:12.199506+00:00</created>
      <updated>2021-05-26 08:35:17.880724+00:00</updated>
      <start_frame>0</start_frame>
      <stop_frame>146</stop_frame>
      <frame_filter></frame_filter>
      <labels>
        <label>
          <name>ball</name>
          <color>#804080</color>
          <attributes>
          </attributes>
        </label>
        <label>
          <name>nao</name>
          <color>#29b666</color>
          <attributes>
          </attributes>
        </label>
      </labels>
      <segments>
        <segment>
          <id>8</id>
          <start>0</start>
          <stop>146</stop>
          <url>httpball.informatik.hu-berlin.de/?id=8</url>
        </segment>
      </segments>
      <owner>
        <username>nao</username>
        <email></email>
      </owner>
      <assignee>
        <username>Stella</username>
        <email>stella.a.schlotter@gmail.com</email>
      </assignee>
    </task>
    <dumped>2021-05-26 08:35:20.738150+00:00</dumped>
  </meta>
  <image id="146" name="rc19-experiment/OUTDOOR2-top/7127.png" width="640" height="480">
    <box label="ball" occluded="0" source="manual" xtl="354.37" ytl="420.61" xbr="415.27" ybr="481.31" z_order="0">
    </box>
  </image>
  <image id="145" name="rc19-experiment/OUTDOOR2-top/7124.png" width="640" height="480">
    <box label="ball" occluded="0" source="manual" xtl="353.24" ytl="422.10" xbr="413.50" ybr="482.40" z_order="0">
    </box>
  </image>
  <image id="144" name="rc19-experiment/OUTDOOR2-top/7121.png" width="640" height="480">
    <box label="ball" occluded="0" source="manual" xtl="352.87" ytl="420.83" xbr="415.26" ybr="482.50" z_order="0">
    </box>
  </image>
  <image id="143" name="rc19-experiment/OUTDOOR2-top/7118.png" width="640" height="480">
    <box label="ball" occluded="0" source="manual" xtl="354.41" ytl="420.26" xbr="415.93" ybr="485.51" z_order="0">
    </box>
  </image>
  <image id="142" name="rc19-experiment/OUTDOOR2-top/7114.png" width="640" height="480">
    <box label="ball" occluded="0" source="manual" xtl="353.45" ytl="420.30" xbr="414.15" ybr="482.03" z_order="0">
    </box>
  </image>
  <image id="141" name="rc19-experiment/OUTDOOR2-top/7111.png" width="640" height="480">
    <box label="ball" occluded="0" source="manual" xtl="353.37" ytl="421.19" xbr="414.27" ybr="484.58" z_order="0">
    </box>
  </image>
  <image id="140" name="rc19-experiment/OUTDOOR2-top/7108.png" width="640" height="480">
    <box label="ball" occluded="0" source="manual" xtl="353.89" ytl="420.84" xbr="415.41" ybr="482.78" z_order="0">
    </box>
  </image>
  <image id="139" name="rc19-experiment/OUTDOOR2-top/7104.png" width="640" height="480">
    <box label="ball" occluded="0" source="manual" xtl="353.72" ytl="420.55" xbr="415.04" ybr="482.49" z_order="0">
    </box>
  </image>
  <image id="138" name="rc19-experiment/OUTDOOR2-top/7101.png" width="640" height="480">
    <box label="ball" occluded="0" source="manual" xtl="352.96" ytl="420.22" xbr="416.14" ybr="482.99" z_order="0">
    </box>
  </image>
  <image id="137" name="rc19-experiment/OUTDOOR2-top/7098.png" width="640" height="480">
    <box label="ball" occluded="0" source="manual" xtl="354.53" ytl="418.23" xbr="415.43" ybr="483.28" z_order="0">
    </box>
  </image>
  <image id="136" name="rc19-experiment/OUTDOOR2-top/7094.png" width="640" height="480">
    <box label="ball" occluded="0" source="manual" xtl="354.36" ytl="419.09" xbr="415.76" ybr="482.73" z_order="0">
    </box>
  </image>
  <image id="135" name="rc19-experiment/OUTDOOR2-top/7091.png" width="640" height="480">
    <box label="ball" occluded="0" source="manual" xtl="353.70" ytl="418.02" xbr="415.64" ybr="482.66" z_order="0">
    </box>
  </image>
  <image id="134" name="rc19-experiment/OUTDOOR2-top/7088.png" width="640" height="480">
    <box label="ball" occluded="0" source="manual" xtl="352.59" ytl="417.22" xbr="417.47" ybr="482.60" z_order="0">
    </box>
  </image>
  <image id="133" name="rc19-experiment/OUTDOOR2-top/7085.png" width="640" height="480">
    <box label="ball" occluded="0" source="manual" xtl="352.85" ytl="420.30" xbr="414.59" ybr="479.76" z_order="0">
    </box>
  </image>
  <image id="132" name="rc19-experiment/OUTDOOR2-top/7081.png" width="640" height="480">
    <box label="ball" occluded="0" source="manual" xtl="355.21" ytl="413.94" xbr="417.57" ybr="480.44" z_order="0">
    </box>
  </image>
  <image id="131" name="rc19-experiment/OUTDOOR2-top/7078.png" width="640" height="480">
    <box label="ball" occluded="0" source="manual" xtl="356.19" ytl="412.21" xbr="415.85" ybr="475.45" z_order="0">
    </box>
  </image>
  <image id="130" name="rc19-experiment/OUTDOOR2-top/7075.png" width="640" height="480">
    <box label="ball" occluded="0" source="manual" xtl="354.48" ytl="411.43" xbr="416.13" ybr="478.30" z_order="0">
    </box>
  </image>
  <image id="129" name="rc19-experiment/OUTDOOR2-top/7072.png" width="640" height="480">
    <box label="ball" occluded="0" source="manual" xtl="350.16" ytl="423.55" xbr="413.13" ybr="486.32" z_order="0">
    </box>
  </image>
  <image id="128" name="rc19-experiment/OUTDOOR2-top/7069.png" width="640" height="480">
    <box label="ball" occluded="0" source="manual" xtl="348.58" ytl="420.83" xbr="411.53" ybr="484.97" z_order="0">
    </box>
  </image>
  <image id="127" name="rc19-experiment/OUTDOOR2-top/7066.png" width="640" height="480">
    <box label="ball" occluded="0" source="manual" xtl="360.05" ytl="392.51" xbr="422.94" ybr="459.38" z_order="0">
    </box>
  </image>
  <image id="126" name="rc19-experiment/OUTDOOR2-top/7063.png" width="640" height="480">
    <box label="ball" occluded="0" source="manual" xtl="366.29" ytl="366.80" xbr="428.66" ybr="434.84" z_order="0">
    </box>
  </image>
  <image id="125" name="rc19-experiment/OUTDOOR2-top/7060.png" width="640" height="480">
    <box label="ball" occluded="0" source="manual" xtl="360.25" ytl="384.54" xbr="421.65" ybr="447.92" z_order="0">
    </box>
  </image>
  <image id="124" name="rc19-experiment/OUTDOOR2-top/7057.png" width="640" height="480">
    <box label="ball" occluded="0" source="manual" xtl="345.93" ytl="366.78" xbr="408.87" ybr="439.27" z_order="0">
    </box>
  </image>
  <image id="123" name="rc19-experiment/OUTDOOR2-top/7053.png" width="640" height="480">
    <box label="ball" occluded="0" source="manual" xtl="328.51" ytl="354.53" xbr="393.35" ybr="419.99" z_order="0">
    </box>
  </image>
  <image id="122" name="rc19-experiment/OUTDOOR2-top/7050.png" width="640" height="480">
    <box label="ball" occluded="0" source="auto" xtl="326.99" ytl="355.00" xbr="386.82" ybr="417.33" z_order="0">
    </box>
  </image>
  <image id="121" name="rc19-experiment/OUTDOOR2-top/7047.png" width="640" height="480">
    <box label="ball" occluded="0" source="manual" xtl="360.12" ytl="354.73" xbr="422.77" ybr="423.09" z_order="0">
    </box>
  </image>
  <image id="120" name="rc19-experiment/OUTDOOR2-top/7044.png" width="640" height="480">
    <box label="ball" occluded="0" source="manual" xtl="372.98" ytl="371.83" xbr="437.11" ybr="436.71" z_order="0">
    </box>
  </image>
  <image id="119" name="rc19-experiment/OUTDOOR2-top/7041.png" width="640" height="480">
    <box label="ball" occluded="0" source="manual" xtl="347.72" ytl="368.60" xbr="408.57" ybr="430.35" z_order="0">
    </box>
  </image>
  <image id="118" name="rc19-experiment/OUTDOOR2-top/7038.png" width="640" height="480">
    <box label="ball" occluded="0" source="manual" xtl="303.57" ytl="437.51" xbr="361.14" ybr="487.62" z_order="0">
    </box>
  </image>
  <image id="117" name="rc19-experiment/OUTDOOR2-top/7034.png" width="640" height="480">
    <box label="ball" occluded="0" source="manual" xtl="345.20" ytl="448.96" xbr="404.22" ybr="494.40" z_order="0">
    </box>
  </image>
  <image id="116" name="rc19-experiment/OUTDOOR2-top/7031.png" width="640" height="480">
    <box label="ball" occluded="0" source="manual" xtl="332.35" ytl="437.94" xbr="389.88" ybr="489.28" z_order="0">
    </box>
  </image>
  <image id="115" name="rc19-experiment/OUTDOOR2-top/7028.png" width="640" height="480">
    <box label="ball" occluded="0" source="manual" xtl="301.42" ytl="426.19" xbr="358.33" ybr="484.33" z_order="0">
    </box>
  </image>
  <image id="114" name="rc19-experiment/OUTDOOR2-top/7025.png" width="640" height="480">
    <box label="ball" occluded="0" source="manual" xtl="269.88" ytl="413.20" xbr="331.30" ybr="471.60" z_order="0">
    </box>
  </image>
  <image id="113" name="rc19-experiment/OUTDOOR2-top/7022.png" width="640" height="480">
    <box label="ball" occluded="0" source="manual" xtl="217.92" ytl="371.75" xbr="277.92" ybr="434.23" z_order="0">
    </box>
  </image>
  <image id="112" name="rc19-experiment/OUTDOOR2-top/7019.png" width="640" height="480">
    <box label="ball" occluded="0" source="manual" xtl="217.92" ytl="342.06" xbr="275.44" ybr="402.68" z_order="0">
    </box>
  </image>
  <image id="111" name="rc19-experiment/OUTDOOR2-top/7015.png" width="640" height="480">
  </image>
  <image id="110" name="rc19-experiment/OUTDOOR2-top/7012.png" width="640" height="480">
    <box label="ball" occluded="0" source="manual" xtl="413.38" ytl="407.01" xbr="472.76" ybr="466.39" z_order="0">
    </box>
  </image>
  <image id="109" name="rc19-experiment/OUTDOOR2-top/7009.png" width="640" height="480">
    <box label="ball" occluded="0" source="manual" xtl="411.50" ytl="368.66" xbr="471.53" ybr="427.42" z_order="0">
    </box>
  </image>
  <image id="108" name="rc19-experiment/OUTDOOR2-top/7006.png" width="640" height="480">
  </image>
  <image id="107" name="rc19-experiment/OUTDOOR2-top/7003.png" width="640" height="480">
    <box label="ball" occluded="0" source="manual" xtl="266.10" ytl="363.89" xbr="326.36" ybr="425.64" z_order="0">
    </box>
  </image>
  <image id="106" name="rc19-experiment/OUTDOOR2-top/7000.png" width="640" height="480">
    <box label="ball" occluded="0" source="manual" xtl="237.70" ytl="327.83" xbr="297.09" ybr="385.98" z_order="0">
    </box>
  </image>
  <image id="105" name="rc19-experiment/OUTDOOR2-top/6997.png" width="640" height="480">
  </image>
  <image id="104" name="rc19-experiment/OUTDOOR2-top/6994.png" width="640" height="480">
    <box label="ball" occluded="0" source="manual" xtl="246.99" ytl="356.29" xbr="303.90" ybr="418.14" z_order="0">
    </box>
  </image>
  <image id="103" name="rc19-experiment/OUTDOOR2-top/6990.png" width="640" height="480">
    <box label="ball" occluded="0" source="manual" xtl="316.27" ytl="445.98" xbr="375.03" ybr="488.04" z_order="0">
    </box>
  </image>
  <image id="102" name="rc19-experiment/OUTDOOR2-top/6986.png" width="640" height="480">
    <box label="ball" occluded="0" source="manual" xtl="315.00" ytl="374.85" xbr="376.27" ybr="432.99" z_order="0">
    </box>
  </image>
  <image id="101" name="rc19-experiment/OUTDOOR2-top/6983.png" width="640" height="480">
    <box label="ball" occluded="0" source="manual" xtl="311.32" ytl="393.40" xbr="368.85" ybr="453.40" z_order="0">
    </box>
  </image>
  <image id="100" name="rc19-experiment/OUTDOOR2-top/6979.png" width="640" height="480">
    <box label="ball" occluded="0" source="manual" xtl="283.48" ytl="398.35" xbr="344.10" ybr="458.97" z_order="0">
    </box>
  </image>
  <image id="99" name="rc19-experiment/OUTDOOR2-top/6976.png" width="640" height="480">
    <box label="ball" occluded="0" source="manual" xtl="328.64" ytl="350.72" xbr="386.78" ybr="410.72" z_order="0">
    </box>
  </image>
  <image id="98" name="rc19-experiment/OUTDOOR2-top/6972.png" width="640" height="480">
    <box label="ball" occluded="0" source="manual" xtl="316.30" ytl="432.37" xbr="380.60" ybr="482.50" z_order="0">
    </box>
  </image>
  <image id="97" name="rc19-experiment/OUTDOOR2-top/6969.png" width="640" height="480">
    <box label="ball" occluded="0" source="manual" xtl="290.29" ytl="408.25" xbr="357.09" ybr="473.81" z_order="0">
    </box>
  </image>
  <image id="96" name="rc19-experiment/OUTDOOR2-top/6966.png" width="640" height="480">
  </image>
  <image id="95" name="rc19-experiment/OUTDOOR2-top/6963.png" width="640" height="480">
  </image>
  <image id="94" name="rc19-experiment/OUTDOOR2-top/6960.png" width="640" height="480">
    <box label="ball" occluded="0" source="manual" xtl="242.66" ytl="428.66" xbr="318.10" ybr="482.50" z_order="0">
    </box>
  </image>
  <image id="93" name="rc19-experiment/OUTDOOR2-top/6956.png" width="640" height="480">
    <box label="ball" occluded="0" source="manual" xtl="245.13" ytl="328.45" xbr="326.78" ybr="415.67" z_order="0">
    </box>
  </image>
  <image id="92" name="rc19-experiment/OUTDOOR2-top/6953.png" width="640" height="480">
    <box label="ball" occluded="0" source="manual" xtl="271.11" ytl="282.06" xbr="357.71" ybr="363.09" z_order="0">
    </box>
  </image>
  <image id="91" name="rc19-experiment/OUTDOOR2-top/6950.png" width="640" height="480">
    <box label="ball" occluded="0" source="manual" xtl="294.62" ytl="286.39" xbr="384.93" ybr="371.75" z_order="0">
    </box>
  </image>
  <image id="90" name="rc19-experiment/OUTDOOR2-top/6946.png" width="640" height="480">
    <box label="ball" occluded="0" source="manual" xtl="274.83" ytl="345.77" xbr="372.56" ybr="447.22" z_order="0">
    </box>
  </image>
  <image id="89" name="rc19-experiment/OUTDOOR2-top/6942.png" width="640" height="480">
  </image>
  <image id="88" name="rc19-experiment/OUTDOOR2-top/6939.png" width="640" height="480">
  </image>
  <image id="87" name="rc19-experiment/OUTDOOR2-top/6936.png" width="640" height="480">
  </image>
  <image id="86" name="rc19-experiment/OUTDOOR2-top/6932.png" width="640" height="480">
  </image>
  <image id="85" name="rc19-experiment/OUTDOOR2-top/6929.png" width="640" height="480">
  </image>
  <image id="84" name="rc19-experiment/OUTDOOR2-top/6926.png" width="640" height="480">
  </image>
  <image id="83" name="rc19-experiment/OUTDOOR2-top/6923.png" width="640" height="480">
  </image>
  <image id="82" name="rc19-experiment/OUTDOOR2-top/6919.png" width="640" height="480">
  </image>
  <image id="81" name="rc19-experiment/OUTDOOR2-top/6916.png" width="640" height="480">
  </image>
  <image id="80" name="rc19-experiment/OUTDOOR2-top/6913.png" width="640" height="480">
  </image>
  <image id="79" name="rc19-experiment/OUTDOOR2-top/6910.png" width="640" height="480">
  </image>
  <image id="78" name="rc19-experiment/OUTDOOR2-top/6907.png" width="640" height="480">
  </image>
  <image id="77" name="rc19-experiment/OUTDOOR2-top/6903.png" width="640" height="480">
  </image>
  <image id="76" name="rc19-experiment/OUTDOOR2-top/6899.png" width="640" height="480">
  </image>
  <image id="75" name="rc19-experiment/OUTDOOR2-top/6896.png" width="640" height="480">
  </image>
  <image id="74" name="rc19-experiment/OUTDOOR2-top/6892.png" width="640" height="480">
  </image>
  <image id="73" name="rc19-experiment/OUTDOOR2-top/6889.png" width="640" height="480">
  </image>
  <image id="72" name="rc19-experiment/OUTDOOR2-top/6886.png" width="640" height="480">
  </image>
  <image id="71" name="rc19-experiment/OUTDOOR2-top/6882.png" width="640" height="480">
  </image>
  <image id="70" name="rc19-experiment/OUTDOOR2-top/6879.png" width="640" height="480">
  </image>
  <image id="69" name="rc19-experiment/OUTDOOR2-top/6876.png" width="640" height="480">
  </image>
  <image id="68" name="rc19-experiment/OUTDOOR2-top/6872.png" width="640" height="480">
  </image>
  <image id="67" name="rc19-experiment/OUTDOOR2-top/6869.png" width="640" height="480">
  </image>
  <image id="66" name="rc19-experiment/OUTDOOR2-top/6865.png" width="640" height="480">
  </image>
  <image id="65" name="rc19-experiment/OUTDOOR2-top/6862.png" width="640" height="480">
  </image>
  <image id="64" name="rc19-experiment/OUTDOOR2-top/6859.png" width="640" height="480">
  </image>
  <image id="63" name="rc19-experiment/OUTDOOR2-top/6856.png" width="640" height="480">
  </image>
  <image id="62" name="rc19-experiment/OUTDOOR2-top/6852.png" width="640" height="480">
  </image>
  <image id="61" name="rc19-experiment/OUTDOOR2-top/6848.png" width="640" height="480">
  </image>
  <image id="60" name="rc19-experiment/OUTDOOR2-top/6845.png" width="640" height="480">
  </image>
  <image id="59" name="rc19-experiment/OUTDOOR2-top/6842.png" width="640" height="480">
  </image>
  <image id="58" name="rc19-experiment/OUTDOOR2-top/6839.png" width="640" height="480">
  </image>
  <image id="57" name="rc19-experiment/OUTDOOR2-top/6836.png" width="640" height="480">
  </image>
  <image id="56" name="rc19-experiment/OUTDOOR2-top/6833.png" width="640" height="480">
  </image>
  <image id="55" name="rc19-experiment/OUTDOOR2-top/6830.png" width="640" height="480">
  </image>
  <image id="54" name="rc19-experiment/OUTDOOR2-top/6827.png" width="640" height="480">
  </image>
  <image id="53" name="rc19-experiment/OUTDOOR2-top/6823.png" width="640" height="480">
    <box label="ball" occluded="0" source="manual" xtl="287.81" ytl="438.56" xbr="363.90" ybr="501.60" z_order="0">
    </box>
  </image>
  <image id="52" name="rc19-experiment/OUTDOOR2-top/6820.png" width="640" height="480">
    <box label="ball" occluded="0" source="manual" xtl="320.60" ytl="449.69" xbr="388.02" ybr="499.80" z_order="0">
    </box>
  </image>
  <image id="51" name="rc19-experiment/OUTDOOR2-top/6816.png" width="640" height="480">
  </image>
  <image id="50" name="rc19-experiment/OUTDOOR2-top/6812.png" width="640" height="480">
    <box label="ball" occluded="0" source="manual" xtl="319.08" ytl="402.20" xbr="389.96" ybr="476.51" z_order="0">
    </box>
  </image>
  <image id="49" name="rc19-experiment/OUTDOOR2-top/6809.png" width="640" height="480">
    <box label="ball" occluded="0" source="manual" xtl="326.78" ytl="431.13" xbr="398.60" ybr="487.90" z_order="0">
    </box>
  </image>
  <image id="48" name="rc19-experiment/OUTDOOR2-top/6806.png" width="640" height="480">
    <box label="ball" occluded="0" source="manual" xtl="290.91" ytl="385.36" xbr="355.24" ybr="447.22" z_order="0">
    </box>
  </image>
  <image id="47" name="rc19-experiment/OUTDOOR2-top/6803.png" width="640" height="480">
    <box label="ball" occluded="0" source="manual" xtl="303.28" ytl="437.94" xbr="365.75" ybr="488.70" z_order="0">
    </box>
  </image>
  <image id="46" name="rc19-experiment/OUTDOOR2-top/6800.png" width="640" height="480">
  </image>
  <image id="45" name="rc19-experiment/OUTDOOR2-top/6797.png" width="640" height="480">
    <box label="ball" occluded="0" source="manual" xtl="299.57" ytl="376.08" xbr="360.19" ybr="441.03" z_order="0">
    </box>
  </image>
  <image id="44" name="rc19-experiment/OUTDOOR2-top/6794.png" width="640" height="480">
    <box label="ball" occluded="0" source="manual" xtl="305.75" ytl="354.43" xbr="363.28" ybr="414.43" z_order="0">
    </box>
  </image>
  <image id="43" name="rc19-experiment/OUTDOOR2-top/6791.png" width="640" height="480">
    <box label="ball" occluded="0" source="manual" xtl="269.88" ytl="381.03" xbr="329.88" ybr="446.60" z_order="0">
    </box>
  </image>
  <image id="42" name="rc19-experiment/OUTDOOR2-top/6788.png" width="640" height="480">
    <box label="ball" occluded="0" source="manual" xtl="237.09" ytl="361.86" xbr="297.09" ybr="418.76" z_order="0">
    </box>
  </image>
  <image id="41" name="rc19-experiment/OUTDOOR2-top/6784.png" width="640" height="480">
    <box label="ball" occluded="0" source="manual" xtl="268.64" ytl="434.85" xbr="328.64" ybr="485.60" z_order="0">
    </box>
  </image>
  <image id="40" name="rc19-experiment/OUTDOOR2-top/6781.png" width="640" height="480">
    <box label="ball" occluded="0" source="manual" xtl="284.10" ytl="387.83" xbr="341.63" ybr="451.55" z_order="0">
    </box>
  </image>
  <image id="39" name="rc19-experiment/OUTDOOR2-top/6778.png" width="640" height="480">
    <box label="ball" occluded="0" source="manual" xtl="272.35" ytl="361.24" xbr="331.11" ybr="418.76" z_order="0">
    </box>
  </image>
  <image id="38" name="rc19-experiment/OUTDOOR2-top/6774.png" width="640" height="480">
    <box label="ball" occluded="0" source="manual" xtl="215.44" ytl="352.58" xbr="272.97" ybr="410.10" z_order="0">
    </box>
  </image>
  <image id="37" name="rc19-experiment/OUTDOOR2-top/6771.png" width="640" height="480">
    <box label="ball" occluded="0" source="manual" xtl="265.55" ytl="340.83" xbr="323.69" ybr="394.64" z_order="0">
    </box>
  </image>
  <image id="36" name="rc19-experiment/OUTDOOR2-top/6767.png" width="640" height="480">
    <box label="ball" occluded="0" source="manual" xtl="294.62" ytl="406.39" xbr="347.20" ybr="460.82" z_order="0">
    </box>
  </image>
  <image id="35" name="rc19-experiment/OUTDOOR2-top/6764.png" width="640" height="480">
    <box label="ball" occluded="0" source="manual" xtl="276.68" ytl="393.40" xbr="329.90" ybr="444.74" z_order="0">
    </box>
  </image>
  <image id="34" name="rc19-experiment/OUTDOOR2-top/6761.png" width="640" height="480">
    <box label="ball" occluded="0" source="manual" xtl="246.37" ytl="372.99" xbr="304.52" ybr="426.80" z_order="0">
    </box>
  </image>
  <image id="33" name="rc19-experiment/OUTDOOR2-top/6757.png" width="640" height="480">
    <box label="ball" occluded="0" source="manual" xtl="240.80" ytl="347.63" xbr="298.33" ybr="400.21" z_order="0">
    </box>
  </image>
  <image id="32" name="rc19-experiment/OUTDOOR2-top/6754.png" width="640" height="480">
    <box label="ball" occluded="0" source="manual" xtl="265.55" ytl="381.03" xbr="316.89" ybr="434.85" z_order="0">
    </box>
  </image>
  <image id="31" name="rc19-experiment/OUTDOOR2-top/6751.png" width="640" height="480">
    <box label="ball" occluded="0" source="manual" xtl="224.10" ytl="387.22" xbr="279.77" ybr="440.41" z_order="0">
    </box>
  </image>
  <image id="30" name="rc19-experiment/OUTDOOR2-top/6748.png" width="640" height="480">
    <box label="ball" occluded="0" source="manual" xtl="228.43" ytl="425.57" xbr="282.25" ybr="478.14" z_order="0">
    </box>
  </image>
  <image id="29" name="rc19-experiment/OUTDOOR2-top/6744.png" width="640" height="480">
    <box label="ball" occluded="0" source="manual" xtl="210.50" ytl="436.08" xbr="263.90" ybr="483.20" z_order="0">
    </box>
  </image>
  <image id="28" name="rc19-experiment/OUTDOOR2-top/6741.png" width="640" height="480">
    <box label="ball" occluded="0" source="manual" xtl="210.50" ytl="333.40" xbr="264.93" ybr="385.36" z_order="0">
    </box>
  </image>
  <image id="27" name="rc19-experiment/OUTDOOR2-top/6737.png" width="640" height="480">
    <box label="ball" occluded="0" source="manual" xtl="359.57" ytl="230.10" xbr="410.91" ybr="280.83" z_order="0">
    </box>
  </image>
  <image id="26" name="rc19-experiment/OUTDOOR2-top/6734.png" width="640" height="480">
    <box label="ball" occluded="0" source="manual" xtl="426.99" ytl="181.86" xbr="483.90" ybr="238.76" z_order="0">
    </box>
  </image>
  <image id="25" name="rc19-experiment/OUTDOOR2-top/6731.png" width="640" height="480">
    <box label="ball" occluded="0" source="manual" xtl="497.50" ytl="199.79" xbr="557.50" ybr="251.13" z_order="0">
    </box>
  </image>
  <image id="24" name="rc19-experiment/OUTDOOR2-top/6727.png" width="640" height="480">
    <box label="ball" occluded="0" source="manual" xtl="589.67" ytl="219.59" xbr="645.96" ybr="275.26" z_order="0">
    </box>
  </image>
  <image id="23" name="rc19-experiment/OUTDOOR2-top/6724.png" width="640" height="480">
  </image>
  <image id="22" name="rc19-experiment/OUTDOOR2-top/6720.png" width="640" height="480">
  </image>
  <image id="21" name="rc19-experiment/OUTDOOR2-top/6716.png" width="640" height="480">
  </image>
  <image id="20" name="rc19-experiment/OUTDOOR2-top/6713.png" width="640" height="480">
  </image>
  <image id="19" name="rc19-experiment/OUTDOOR2-top/6710.png" width="640" height="480">
  </image>
  <image id="18" name="rc19-experiment/OUTDOOR2-top/6707.png" width="640" height="480">
  </image>
  <image id="17" name="rc19-experiment/OUTDOOR2-top/6704.png" width="640" height="480">
  </image>
  <image id="16" name="rc19-experiment/OUTDOOR2-top/6701.png" width="640" height="480">
    <box label="ball" occluded="0" source="manual" xtl="533.43" ytl="458.60" xbr="595.90" ybr="500.00" z_order="0">
    </box>
  </image>
  <image id="15" name="rc19-experiment/OUTDOOR2-top/6698.png" width="640" height="480">
    <box label="ball" occluded="0" source="manual" xtl="436.89" ytl="428.66" xbr="499.36" ybr="483.70" z_order="0">
    </box>
  </image>
  <image id="14" name="rc19-experiment/OUTDOOR2-top/6695.png" width="640" height="480">
    <box label="ball" occluded="0" source="manual" xtl="360.19" ytl="411.96" xbr="418.33" ybr="470.10" z_order="0">
    </box>
  </image>
  <image id="13" name="rc19-experiment/OUTDOOR2-top/6692.png" width="640" height="480">
  </image>
  <image id="12" name="rc19-experiment/OUTDOOR2-top/6689.png" width="640" height="480">
  </image>
  <image id="11" name="rc19-experiment/OUTDOOR2-top/6686.png" width="640" height="480">
    <box label="ball" occluded="0" source="manual" xtl="488.85" ytl="398.97" xbr="536.47" ybr="450.31" z_order="0">
    </box>
  </image>
  <image id="10" name="rc19-experiment/OUTDOOR2-top/6682.png" width="640" height="480">
    <box label="ball" occluded="0" source="manual" xtl="482.66" ytl="415.05" xbr="540.80" ybr="470.10" z_order="0">
    </box>
  </image>
  <image id="9" name="rc19-experiment/OUTDOOR2-top/6679.png" width="640" height="480">
    <box label="ball" occluded="0" source="manual" xtl="478.33" ytl="414.43" xbr="538.33" ybr="470.10" z_order="0">
    </box>
  </image>
  <image id="8" name="rc19-experiment/OUTDOOR2-top/6676.png" width="640" height="480">
    <box label="ball" occluded="0" source="manual" xtl="476.47" ytl="403.30" xbr="534.00" ybr="458.97" z_order="0">
    </box>
  </image>
  <image id="7" name="rc19-experiment/OUTDOOR2-top/6673.png" width="640" height="480">
    <box label="ball" occluded="0" source="manual" xtl="475.90" ytl="406.39" xbr="532.76" ybr="462.68" z_order="0">
    </box>
  </image>
  <image id="6" name="rc19-experiment/OUTDOOR2-top/6670.png" width="640" height="480">
    <box label="ball" occluded="0" source="manual" xtl="477.09" ytl="407.63" xbr="532.14" ybr="464.54" z_order="0">
    </box>
  </image>
  <image id="5" name="rc19-experiment/OUTDOOR2-top/6667.png" width="640" height="480">
    <box label="ball" occluded="0" source="manual" xtl="475.24" ytl="404.54" xbr="533.38" ybr="463.92" z_order="0">
    </box>
  </image>
  <image id="4" name="rc19-experiment/OUTDOOR2-top/6664.png" width="640" height="480">
    <box label="ball" occluded="0" source="manual" xtl="477.09" ytl="404.54" xbr="534.62" ybr="460.82" z_order="0">
    </box>
  </image>
  <image id="3" name="rc19-experiment/OUTDOOR2-top/6660.png" width="640" height="480">
    <box label="ball" occluded="0" source="manual" xtl="476.47" ytl="405.15" xbr="534.62" ybr="460.82" z_order="0">
    </box>
  </image>
  <image id="2" name="rc19-experiment/OUTDOOR2-top/6657.png" width="640" height="480">
    <box label="ball" occluded="0" source="manual" xtl="474.62" ytl="405.15" xbr="534.62" ybr="457.73" z_order="0">
    </box>
  </image>
  <image id="1" name="rc19-experiment/OUTDOOR2-top/6653.png" width="640" height="480">
    <box label="ball" occluded="0" source="manual" xtl="478.33" ytl="401.44" xbr="534.62" ybr="458.97" z_order="0">
    </box>
  </image>
  <image id="0" name="rc19-experiment/OUTDOOR2-top/6650.png" width="640" height="480">
    <box label="ball" occluded="0" source="manual" xtl="476.72" ytl="404.10" xbr="531.30" ybr="460.28" z_order="0">
    </box>
  </image>
</annotations>