<?xml version="1.0" encoding="utf-8"?>
<annotations>
  <version>1.1</version>
  <meta>
    <task>
      <id>8</id>
      <name>RC19Experiments-OUTDOOR2-top</name>
      <size>147</size>
      <mode>annotation</mode>
      <overlap>0</overlap>
      <bugtracker></bugtracker>
      <created>2020-04-05 09:45:12.199506+00:00</created>
      <updated>2020-04-05 09:45:12.199548+00:00</updated>
      <start_frame>0</start_frame>
      <stop_frame>146</stop_frame>
      <frame_filter></frame_filter>
      <labels>
        <label>
          <name>ball</name>
          <color>#804080</color>
          <attributes>
            <attribute>
              <name>smudge</name>
              <mutable>False</mutable>
              <input_type>checkbox</input_type>
              <default_value>false</default_value>
              <values>false</values>
            </attribute>
          </attributes>
        </label>
      </labels>
      <segments>
        <segment>
          <id>8</id>
          <start>0</start>
          <stop>146</stop>
          <url>httpball.informatik.hu-berlin.de/?id=8</url>
        </segment>
      </segments>
      <owner>
        <username>nao</username>
        <email></email>
      </owner>
      <assignee></assignee>
    </task>
    <dumped>2021-01-20 09:51:14.521946+00:00</dumped>
  </meta>
  <image id="146" name="rc19-experiment/OUTDOOR2-top/7127.png" width="640" height="480">
  </image>
  <image id="145" name="rc19-experiment/OUTDOOR2-top/7124.png" width="640" height="480">
  </image>
  <image id="144" name="rc19-experiment/OUTDOOR2-top/7121.png" width="640" height="480">
  </image>
  <image id="143" name="rc19-experiment/OUTDOOR2-top/7118.png" width="640" height="480">
  </image>
  <image id="142" name="rc19-experiment/OUTDOOR2-top/7114.png" width="640" height="480">
  </image>
  <image id="141" name="rc19-experiment/OUTDOOR2-top/7111.png" width="640" height="480">
  </image>
  <image id="140" name="rc19-experiment/OUTDOOR2-top/7108.png" width="640" height="480">
  </image>
  <image id="139" name="rc19-experiment/OUTDOOR2-top/7104.png" width="640" height="480">
  </image>
  <image id="138" name="rc19-experiment/OUTDOOR2-top/7101.png" width="640" height="480">
  </image>
  <image id="137" name="rc19-experiment/OUTDOOR2-top/7098.png" width="640" height="480">
  </image>
  <image id="136" name="rc19-experiment/OUTDOOR2-top/7094.png" width="640" height="480">
  </image>
  <image id="135" name="rc19-experiment/OUTDOOR2-top/7091.png" width="640" height="480">
  </image>
  <image id="134" name="rc19-experiment/OUTDOOR2-top/7088.png" width="640" height="480">
  </image>
  <image id="133" name="rc19-experiment/OUTDOOR2-top/7085.png" width="640" height="480">
  </image>
  <image id="132" name="rc19-experiment/OUTDOOR2-top/7081.png" width="640" height="480">
  </image>
  <image id="131" name="rc19-experiment/OUTDOOR2-top/7078.png" width="640" height="480">
  </image>
  <image id="130" name="rc19-experiment/OUTDOOR2-top/7075.png" width="640" height="480">
  </image>
  <image id="129" name="rc19-experiment/OUTDOOR2-top/7072.png" width="640" height="480">
  </image>
  <image id="128" name="rc19-experiment/OUTDOOR2-top/7069.png" width="640" height="480">
  </image>
  <image id="127" name="rc19-experiment/OUTDOOR2-top/7066.png" width="640" height="480">
  </image>
  <image id="126" name="rc19-experiment/OUTDOOR2-top/7063.png" width="640" height="480">
  </image>
  <image id="125" name="rc19-experiment/OUTDOOR2-top/7060.png" width="640" height="480">
  </image>
  <image id="124" name="rc19-experiment/OUTDOOR2-top/7057.png" width="640" height="480">
  </image>
  <image id="123" name="rc19-experiment/OUTDOOR2-top/7053.png" width="640" height="480">
  </image>
  <image id="122" name="rc19-experiment/OUTDOOR2-top/7050.png" width="640" height="480">
  </image>
  <image id="121" name="rc19-experiment/OUTDOOR2-top/7047.png" width="640" height="480">
  </image>
  <image id="120" name="rc19-experiment/OUTDOOR2-top/7044.png" width="640" height="480">
  </image>
  <image id="119" name="rc19-experiment/OUTDOOR2-top/7041.png" width="640" height="480">
  </image>
  <image id="118" name="rc19-experiment/OUTDOOR2-top/7038.png" width="640" height="480">
  </image>
  <image id="117" name="rc19-experiment/OUTDOOR2-top/7034.png" width="640" height="480">
  </image>
  <image id="116" name="rc19-experiment/OUTDOOR2-top/7031.png" width="640" height="480">
  </image>
  <image id="115" name="rc19-experiment/OUTDOOR2-top/7028.png" width="640" height="480">
  </image>
  <image id="114" name="rc19-experiment/OUTDOOR2-top/7025.png" width="640" height="480">
  </image>
  <image id="113" name="rc19-experiment/OUTDOOR2-top/7022.png" width="640" height="480">
  </image>
  <image id="112" name="rc19-experiment/OUTDOOR2-top/7019.png" width="640" height="480">
  </image>
  <image id="111" name="rc19-experiment/OUTDOOR2-top/7015.png" width="640" height="480">
  </image>
  <image id="110" name="rc19-experiment/OUTDOOR2-top/7012.png" width="640" height="480">
  </image>
  <image id="109" name="rc19-experiment/OUTDOOR2-top/7009.png" width="640" height="480">
  </image>
  <image id="108" name="rc19-experiment/OUTDOOR2-top/7006.png" width="640" height="480">
  </image>
  <image id="107" name="rc19-experiment/OUTDOOR2-top/7003.png" width="640" height="480">
  </image>
  <image id="106" name="rc19-experiment/OUTDOOR2-top/7000.png" width="640" height="480">
  </image>
  <image id="105" name="rc19-experiment/OUTDOOR2-top/6997.png" width="640" height="480">
  </image>
  <image id="104" name="rc19-experiment/OUTDOOR2-top/6994.png" width="640" height="480">
  </image>
  <image id="103" name="rc19-experiment/OUTDOOR2-top/6990.png" width="640" height="480">
  </image>
  <image id="102" name="rc19-experiment/OUTDOOR2-top/6986.png" width="640" height="480">
  </image>
  <image id="101" name="rc19-experiment/OUTDOOR2-top/6983.png" width="640" height="480">
  </image>
  <image id="100" name="rc19-experiment/OUTDOOR2-top/6979.png" width="640" height="480">
  </image>
  <image id="99" name="rc19-experiment/OUTDOOR2-top/6976.png" width="640" height="480">
  </image>
  <image id="98" name="rc19-experiment/OUTDOOR2-top/6972.png" width="640" height="480">
  </image>
  <image id="97" name="rc19-experiment/OUTDOOR2-top/6969.png" width="640" height="480">
  </image>
  <image id="96" name="rc19-experiment/OUTDOOR2-top/6966.png" width="640" height="480">
  </image>
  <image id="95" name="rc19-experiment/OUTDOOR2-top/6963.png" width="640" height="480">
  </image>
  <image id="94" name="rc19-experiment/OUTDOOR2-top/6960.png" width="640" height="480">
  </image>
  <image id="93" name="rc19-experiment/OUTDOOR2-top/6956.png" width="640" height="480">
  </image>
  <image id="92" name="rc19-experiment/OUTDOOR2-top/6953.png" width="640" height="480">
  </image>
  <image id="91" name="rc19-experiment/OUTDOOR2-top/6950.png" width="640" height="480">
  </image>
  <image id="90" name="rc19-experiment/OUTDOOR2-top/6946.png" width="640" height="480">
  </image>
  <image id="89" name="rc19-experiment/OUTDOOR2-top/6942.png" width="640" height="480">
  </image>
  <image id="88" name="rc19-experiment/OUTDOOR2-top/6939.png" width="640" height="480">
  </image>
  <image id="87" name="rc19-experiment/OUTDOOR2-top/6936.png" width="640" height="480">
  </image>
  <image id="86" name="rc19-experiment/OUTDOOR2-top/6932.png" width="640" height="480">
  </image>
  <image id="85" name="rc19-experiment/OUTDOOR2-top/6929.png" width="640" height="480">
  </image>
  <image id="84" name="rc19-experiment/OUTDOOR2-top/6926.png" width="640" height="480">
  </image>
  <image id="83" name="rc19-experiment/OUTDOOR2-top/6923.png" width="640" height="480">
  </image>
  <image id="82" name="rc19-experiment/OUTDOOR2-top/6919.png" width="640" height="480">
  </image>
  <image id="81" name="rc19-experiment/OUTDOOR2-top/6916.png" width="640" height="480">
  </image>
  <image id="80" name="rc19-experiment/OUTDOOR2-top/6913.png" width="640" height="480">
  </image>
  <image id="79" name="rc19-experiment/OUTDOOR2-top/6910.png" width="640" height="480">
  </image>
  <image id="78" name="rc19-experiment/OUTDOOR2-top/6907.png" width="640" height="480">
  </image>
  <image id="77" name="rc19-experiment/OUTDOOR2-top/6903.png" width="640" height="480">
  </image>
  <image id="76" name="rc19-experiment/OUTDOOR2-top/6899.png" width="640" height="480">
  </image>
  <image id="75" name="rc19-experiment/OUTDOOR2-top/6896.png" width="640" height="480">
  </image>
  <image id="74" name="rc19-experiment/OUTDOOR2-top/6892.png" width="640" height="480">
  </image>
  <image id="73" name="rc19-experiment/OUTDOOR2-top/6889.png" width="640" height="480">
  </image>
  <image id="72" name="rc19-experiment/OUTDOOR2-top/6886.png" width="640" height="480">
  </image>
  <image id="71" name="rc19-experiment/OUTDOOR2-top/6882.png" width="640" height="480">
  </image>
  <image id="70" name="rc19-experiment/OUTDOOR2-top/6879.png" width="640" height="480">
  </image>
  <image id="69" name="rc19-experiment/OUTDOOR2-top/6876.png" width="640" height="480">
  </image>
  <image id="68" name="rc19-experiment/OUTDOOR2-top/6872.png" width="640" height="480">
  </image>
  <image id="67" name="rc19-experiment/OUTDOOR2-top/6869.png" width="640" height="480">
  </image>
  <image id="66" name="rc19-experiment/OUTDOOR2-top/6865.png" width="640" height="480">
  </image>
  <image id="65" name="rc19-experiment/OUTDOOR2-top/6862.png" width="640" height="480">
  </image>
  <image id="64" name="rc19-experiment/OUTDOOR2-top/6859.png" width="640" height="480">
  </image>
  <image id="63" name="rc19-experiment/OUTDOOR2-top/6856.png" width="640" height="480">
  </image>
  <image id="62" name="rc19-experiment/OUTDOOR2-top/6852.png" width="640" height="480">
  </image>
  <image id="61" name="rc19-experiment/OUTDOOR2-top/6848.png" width="640" height="480">
  </image>
  <image id="60" name="rc19-experiment/OUTDOOR2-top/6845.png" width="640" height="480">
  </image>
  <image id="59" name="rc19-experiment/OUTDOOR2-top/6842.png" width="640" height="480">
  </image>
  <image id="58" name="rc19-experiment/OUTDOOR2-top/6839.png" width="640" height="480">
  </image>
  <image id="57" name="rc19-experiment/OUTDOOR2-top/6836.png" width="640" height="480">
  </image>
  <image id="56" name="rc19-experiment/OUTDOOR2-top/6833.png" width="640" height="480">
  </image>
  <image id="55" name="rc19-experiment/OUTDOOR2-top/6830.png" width="640" height="480">
  </image>
  <image id="54" name="rc19-experiment/OUTDOOR2-top/6827.png" width="640" height="480">
  </image>
  <image id="53" name="rc19-experiment/OUTDOOR2-top/6823.png" width="640" height="480">
  </image>
  <image id="52" name="rc19-experiment/OUTDOOR2-top/6820.png" width="640" height="480">
  </image>
  <image id="51" name="rc19-experiment/OUTDOOR2-top/6816.png" width="640" height="480">
  </image>
  <image id="50" name="rc19-experiment/OUTDOOR2-top/6812.png" width="640" height="480">
  </image>
  <image id="49" name="rc19-experiment/OUTDOOR2-top/6809.png" width="640" height="480">
  </image>
  <image id="48" name="rc19-experiment/OUTDOOR2-top/6806.png" width="640" height="480">
  </image>
  <image id="47" name="rc19-experiment/OUTDOOR2-top/6803.png" width="640" height="480">
  </image>
  <image id="46" name="rc19-experiment/OUTDOOR2-top/6800.png" width="640" height="480">
  </image>
  <image id="45" name="rc19-experiment/OUTDOOR2-top/6797.png" width="640" height="480">
  </image>
  <image id="44" name="rc19-experiment/OUTDOOR2-top/6794.png" width="640" height="480">
  </image>
  <image id="43" name="rc19-experiment/OUTDOOR2-top/6791.png" width="640" height="480">
  </image>
  <image id="42" name="rc19-experiment/OUTDOOR2-top/6788.png" width="640" height="480">
  </image>
  <image id="41" name="rc19-experiment/OUTDOOR2-top/6784.png" width="640" height="480">
  </image>
  <image id="40" name="rc19-experiment/OUTDOOR2-top/6781.png" width="640" height="480">
  </image>
  <image id="39" name="rc19-experiment/OUTDOOR2-top/6778.png" width="640" height="480">
  </image>
  <image id="38" name="rc19-experiment/OUTDOOR2-top/6774.png" width="640" height="480">
  </image>
  <image id="37" name="rc19-experiment/OUTDOOR2-top/6771.png" width="640" height="480">
  </image>
  <image id="36" name="rc19-experiment/OUTDOOR2-top/6767.png" width="640" height="480">
  </image>
  <image id="35" name="rc19-experiment/OUTDOOR2-top/6764.png" width="640" height="480">
  </image>
  <image id="34" name="rc19-experiment/OUTDOOR2-top/6761.png" width="640" height="480">
  </image>
  <image id="33" name="rc19-experiment/OUTDOOR2-top/6757.png" width="640" height="480">
  </image>
  <image id="32" name="rc19-experiment/OUTDOOR2-top/6754.png" width="640" height="480">
  </image>
  <image id="31" name="rc19-experiment/OUTDOOR2-top/6751.png" width="640" height="480">
  </image>
  <image id="30" name="rc19-experiment/OUTDOOR2-top/6748.png" width="640" height="480">
  </image>
  <image id="29" name="rc19-experiment/OUTDOOR2-top/6744.png" width="640" height="480">
  </image>
  <image id="28" name="rc19-experiment/OUTDOOR2-top/6741.png" width="640" height="480">
  </image>
  <image id="27" name="rc19-experiment/OUTDOOR2-top/6737.png" width="640" height="480">
  </image>
  <image id="26" name="rc19-experiment/OUTDOOR2-top/6734.png" width="640" height="480">
  </image>
  <image id="25" name="rc19-experiment/OUTDOOR2-top/6731.png" width="640" height="480">
  </image>
  <image id="24" name="rc19-experiment/OUTDOOR2-top/6727.png" width="640" height="480">
  </image>
  <image id="23" name="rc19-experiment/OUTDOOR2-top/6724.png" width="640" height="480">
  </image>
  <image id="22" name="rc19-experiment/OUTDOOR2-top/6720.png" width="640" height="480">
  </image>
  <image id="21" name="rc19-experiment/OUTDOOR2-top/6716.png" width="640" height="480">
  </image>
  <image id="20" name="rc19-experiment/OUTDOOR2-top/6713.png" width="640" height="480">
  </image>
  <image id="19" name="rc19-experiment/OUTDOOR2-top/6710.png" width="640" height="480">
  </image>
  <image id="18" name="rc19-experiment/OUTDOOR2-top/6707.png" width="640" height="480">
  </image>
  <image id="17" name="rc19-experiment/OUTDOOR2-top/6704.png" width="640" height="480">
  </image>
  <image id="16" name="rc19-experiment/OUTDOOR2-top/6701.png" width="640" height="480">
  </image>
  <image id="15" name="rc19-experiment/OUTDOOR2-top/6698.png" width="640" height="480">
  </image>
  <image id="14" name="rc19-experiment/OUTDOOR2-top/6695.png" width="640" height="480">
  </image>
  <image id="13" name="rc19-experiment/OUTDOOR2-top/6692.png" width="640" height="480">
  </image>
  <image id="12" name="rc19-experiment/OUTDOOR2-top/6689.png" width="640" height="480">
  </image>
  <image id="11" name="rc19-experiment/OUTDOOR2-top/6686.png" width="640" height="480">
  </image>
  <image id="10" name="rc19-experiment/OUTDOOR2-top/6682.png" width="640" height="480">
  </image>
  <image id="9" name="rc19-experiment/OUTDOOR2-top/6679.png" width="640" height="480">
  </image>
  <image id="8" name="rc19-experiment/OUTDOOR2-top/6676.png" width="640" height="480">
  </image>
  <image id="7" name="rc19-experiment/OUTDOOR2-top/6673.png" width="640" height="480">
  </image>
  <image id="6" name="rc19-experiment/OUTDOOR2-top/6670.png" width="640" height="480">
  </image>
  <image id="5" name="rc19-experiment/OUTDOOR2-top/6667.png" width="640" height="480">
  </image>
  <image id="4" name="rc19-experiment/OUTDOOR2-top/6664.png" width="640" height="480">
  </image>
  <image id="3" name="rc19-experiment/OUTDOOR2-top/6660.png" width="640" height="480">
  </image>
  <image id="2" name="rc19-experiment/OUTDOOR2-top/6657.png" width="640" height="480">
  </image>
  <image id="1" name="rc19-experiment/OUTDOOR2-top/6653.png" width="640" height="480">
  </image>
  <image id="0" name="rc19-experiment/OUTDOOR2-top/6650.png" width="640" height="480">
  </image>
</annotations>