<?xml version="1.0" encoding="utf-8"?>
<annotations>
  <version>1.1</version>
  <meta>
    <task>
      <id>27</id>
      <name>RC19Experiments-INDOOR-SET_CIRCLE_RANDOM_GO_bottom</name>
      <size>424</size>
      <mode>annotation</mode>
      <overlap>0</overlap>
      <bugtracker></bugtracker>
      <created>2020-04-05 10:21:05.241652+00:00</created>
      <updated>2021-03-24 17:19:01.468702+00:00</updated>
      <start_frame>0</start_frame>
      <stop_frame>423</stop_frame>
      <frame_filter></frame_filter>
      <labels>
        <label>
          <name>ball</name>
          <color>#804080</color>
          <attributes>
            <attribute>
              <name>smudge</name>
              <mutable>False</mutable>
              <input_type>checkbox</input_type>
              <default_value>false</default_value>
              <values>false</values>
            </attribute>
          </attributes>
        </label>
      </labels>
      <segments>
        <segment>
          <id>27</id>
          <start>0</start>
          <stop>423</stop>
          <url>httpball.informatik.hu-berlin.de/?id=27</url>
        </segment>
      </segments>
      <owner>
        <username>nao</username>
        <email></email>
      </owner>
      <assignee></assignee>
    </task>
    <dumped>2021-03-24 17:19:04.662844+00:00</dumped>
  </meta>
  <image id="423" name="rc19-experiment/INDOOR/SET_CIRCLE_RANDOM_GO_bottom/49900.png" width="640" height="480">
    <box label="ball" occluded="0" source="auto" xtl="273.08" ytl="241.66" xbr="432.52" ybr="397.77" z_order="0">
      <attribute name="smudge">false</attribute>
    </box>
  </image>
  <image id="422" name="rc19-experiment/INDOOR/SET_CIRCLE_RANDOM_GO_bottom/49897.png" width="640" height="480">
    <box label="ball" occluded="0" source="auto" xtl="247.47" ytl="225.31" xbr="403.50" ybr="377.56" z_order="0">
      <attribute name="smudge">false</attribute>
    </box>
  </image>
  <image id="421" name="rc19-experiment/INDOOR/SET_CIRCLE_RANDOM_GO_bottom/49894.png" width="640" height="480">
    <box label="ball" occluded="0" source="auto" xtl="213.60" ytl="221.42" xbr="365.62" ybr="370.03" z_order="0">
      <attribute name="smudge">false</attribute>
    </box>
  </image>
  <image id="420" name="rc19-experiment/INDOOR/SET_CIRCLE_RANDOM_GO_bottom/49890.png" width="640" height="480">
    <box label="ball" occluded="0" source="auto" xtl="219.13" ytl="192.95" xbr="367.67" ybr="341.29" z_order="0">
      <attribute name="smudge">false</attribute>
    </box>
  </image>
  <image id="419" name="rc19-experiment/INDOOR/SET_CIRCLE_RANDOM_GO_bottom/49887.png" width="640" height="480">
    <box label="ball" occluded="0" source="auto" xtl="258.31" ytl="169.78" xbr="404.51" ybr="311.42" z_order="0">
      <attribute name="smudge">false</attribute>
    </box>
  </image>
  <image id="418" name="rc19-experiment/INDOOR/SET_CIRCLE_RANDOM_GO_bottom/49884.png" width="640" height="480">
    <box label="ball" occluded="0" source="auto" xtl="280.76" ytl="189.68" xbr="423.95" ybr="327.55" z_order="0">
      <attribute name="smudge">false</attribute>
    </box>
  </image>
  <image id="417" name="rc19-experiment/INDOOR/SET_CIRCLE_RANDOM_GO_bottom/49880.png" width="640" height="480">
    <box label="ball" occluded="0" source="auto" xtl="242.51" ytl="173.15" xbr="386.47" ybr="313.59" z_order="0">
      <attribute name="smudge">false</attribute>
    </box>
  </image>
  <image id="416" name="rc19-experiment/INDOOR/SET_CIRCLE_RANDOM_GO_bottom/49877.png" width="640" height="480">
    <box label="ball" occluded="0" source="auto" xtl="218.31" ytl="159.70" xbr="361.19" ybr="297.50" z_order="0">
      <attribute name="smudge">false</attribute>
    </box>
  </image>
  <image id="415" name="rc19-experiment/INDOOR/SET_CIRCLE_RANDOM_GO_bottom/49874.png" width="640" height="480">
    <box label="ball" occluded="0" source="auto" xtl="232.66" ytl="193.12" xbr="371.87" ybr="325.52" z_order="0">
      <attribute name="smudge">false</attribute>
    </box>
  </image>
  <image id="414" name="rc19-experiment/INDOOR/SET_CIRCLE_RANDOM_GO_bottom/49870.png" width="640" height="480">
    <box label="ball" occluded="0" source="auto" xtl="261.90" ytl="177.43" xbr="399.46" ybr="314.87" z_order="0">
      <attribute name="smudge">false</attribute>
    </box>
  </image>
  <image id="413" name="rc19-experiment/INDOOR/SET_CIRCLE_RANDOM_GO_bottom/49867.png" width="640" height="480">
    <box label="ball" occluded="0" source="auto" xtl="264.90" ytl="158.34" xbr="399.18" ybr="286.28" z_order="0">
      <attribute name="smudge">false</attribute>
    </box>
  </image>
  <image id="412" name="rc19-experiment/INDOOR/SET_CIRCLE_RANDOM_GO_bottom/49863.png" width="640" height="480">
    <box label="ball" occluded="0" source="auto" xtl="242.69" ytl="165.33" xbr="378.52" ybr="297.64" z_order="0">
      <attribute name="smudge">false</attribute>
    </box>
  </image>
  <image id="411" name="rc19-experiment/INDOOR/SET_CIRCLE_RANDOM_GO_bottom/49860.png" width="640" height="480">
    <box label="ball" occluded="0" source="auto" xtl="229.59" ytl="187.58" xbr="359.29" ybr="308.11" z_order="0">
      <attribute name="smudge">false</attribute>
    </box>
  </image>
  <image id="410" name="rc19-experiment/INDOOR/SET_CIRCLE_RANDOM_GO_bottom/49857.png" width="640" height="480">
    <box label="ball" occluded="0" source="auto" xtl="272.58" ytl="148.50" xbr="402.83" ybr="269.55" z_order="0">
      <attribute name="smudge">false</attribute>
    </box>
  </image>
  <image id="409" name="rc19-experiment/INDOOR/SET_CIRCLE_RANDOM_GO_bottom/49853.png" width="640" height="480">
    <box label="ball" occluded="0" source="auto" xtl="284.96" ytl="184.98" xbr="404.75" ybr="307.77" z_order="0">
      <attribute name="smudge">false</attribute>
    </box>
  </image>
  <image id="408" name="rc19-experiment/INDOOR/SET_CIRCLE_RANDOM_GO_bottom/49849.png" width="640" height="480">
    <box label="ball" occluded="0" source="auto" xtl="257.53" ytl="186.43" xbr="369.19" ybr="292.08" z_order="0">
      <attribute name="smudge">false</attribute>
    </box>
  </image>
  <image id="407" name="rc19-experiment/INDOOR/SET_CIRCLE_RANDOM_GO_bottom/49846.png" width="640" height="480">
    <box label="ball" occluded="0" source="auto" xtl="258.19" ytl="246.25" xbr="367.84" ybr="381.00" z_order="0">
      <attribute name="smudge">false</attribute>
    </box>
  </image>
  <image id="406" name="rc19-experiment/INDOOR/SET_CIRCLE_RANDOM_GO_bottom/49843.png" width="640" height="480">
    <box label="ball" occluded="0" source="auto" xtl="286.73" ytl="190.31" xbr="391.89" ybr="290.21" z_order="0">
      <attribute name="smudge">false</attribute>
    </box>
  </image>
  <image id="405" name="rc19-experiment/INDOOR/SET_CIRCLE_RANDOM_GO_bottom/49840.png" width="640" height="480">
    <box label="ball" occluded="0" source="auto" xtl="309.47" ytl="162.81" xbr="415.10" ybr="266.96" z_order="0">
      <attribute name="smudge">false</attribute>
    </box>
  </image>
  <image id="404" name="rc19-experiment/INDOOR/SET_CIRCLE_RANDOM_GO_bottom/49836.png" width="640" height="480">
    <box label="ball" occluded="0" source="auto" xtl="213.99" ytl="91.07" xbr="319.94" ybr="200.90" z_order="0">
      <attribute name="smudge">false</attribute>
    </box>
  </image>
  <image id="403" name="rc19-experiment/INDOOR/SET_CIRCLE_RANDOM_GO_bottom/49833.png" width="640" height="480">
    <box label="ball" occluded="0" source="auto" xtl="129.69" ytl="0.30" xbr="238.45" ybr="95.87" z_order="0">
      <attribute name="smudge">false</attribute>
    </box>
  </image>
  <image id="402" name="rc19-experiment/INDOOR/SET_CIRCLE_RANDOM_GO_bottom/49830.png" width="640" height="480">
    <box label="ball" occluded="0" source="auto" xtl="83.82" ytl="77.17" xbr="182.18" ybr="169.47" z_order="0">
      <attribute name="smudge">false</attribute>
    </box>
  </image>
  <image id="401" name="rc19-experiment/INDOOR/SET_CIRCLE_RANDOM_GO_bottom/49827.png" width="640" height="480">
    <box label="ball" occluded="0" source="auto" xtl="0.00" ytl="3.17" xbr="103.33" ybr="102.94" z_order="0">
      <attribute name="smudge">false</attribute>
    </box>
  </image>
  <image id="400" name="rc19-experiment/INDOOR/SET_CIRCLE_RANDOM_GO_bottom/49824.png" width="640" height="480">
  </image>
  <image id="399" name="rc19-experiment/INDOOR/SET_CIRCLE_RANDOM_GO_bottom/49821.png" width="640" height="480">
  </image>
  <image id="398" name="rc19-experiment/INDOOR/SET_CIRCLE_RANDOM_GO_bottom/49817.png" width="640" height="480">
  </image>
  <image id="397" name="rc19-experiment/INDOOR/SET_CIRCLE_RANDOM_GO_bottom/49814.png" width="640" height="480">
  </image>
  <image id="396" name="rc19-experiment/INDOOR/SET_CIRCLE_RANDOM_GO_bottom/49811.png" width="640" height="480">
  </image>
  <image id="395" name="rc19-experiment/INDOOR/SET_CIRCLE_RANDOM_GO_bottom/49807.png" width="640" height="480">
  </image>
  <image id="394" name="rc19-experiment/INDOOR/SET_CIRCLE_RANDOM_GO_bottom/49804.png" width="640" height="480">
  </image>
  <image id="393" name="rc19-experiment/INDOOR/SET_CIRCLE_RANDOM_GO_bottom/49801.png" width="640" height="480">
  </image>
  <image id="392" name="rc19-experiment/INDOOR/SET_CIRCLE_RANDOM_GO_bottom/49798.png" width="640" height="480">
  </image>
  <image id="391" name="rc19-experiment/INDOOR/SET_CIRCLE_RANDOM_GO_bottom/49795.png" width="640" height="480">
  </image>
  <image id="390" name="rc19-experiment/INDOOR/SET_CIRCLE_RANDOM_GO_bottom/49792.png" width="640" height="480">
    <box label="ball" occluded="0" source="auto" xtl="7.33" ytl="53.36" xbr="84.68" ybr="127.06" z_order="0">
      <attribute name="smudge">false</attribute>
    </box>
  </image>
  <image id="389" name="rc19-experiment/INDOOR/SET_CIRCLE_RANDOM_GO_bottom/49788.png" width="640" height="480">
    <box label="ball" occluded="0" source="auto" xtl="52.70" ytl="38.50" xbr="125.50" ybr="109.39" z_order="0">
      <attribute name="smudge">false</attribute>
    </box>
  </image>
  <image id="388" name="rc19-experiment/INDOOR/SET_CIRCLE_RANDOM_GO_bottom/49785.png" width="640" height="480">
    <box label="ball" occluded="0" source="auto" xtl="64.90" ytl="18.19" xbr="136.18" ybr="88.73" z_order="0">
      <attribute name="smudge">false</attribute>
    </box>
  </image>
  <image id="387" name="rc19-experiment/INDOOR/SET_CIRCLE_RANDOM_GO_bottom/49782.png" width="640" height="480">
    <box label="ball" occluded="0" source="auto" xtl="172.65" ytl="74.13" xbr="236.63" ybr="136.32" z_order="0">
      <attribute name="smudge">false</attribute>
    </box>
  </image>
  <image id="386" name="rc19-experiment/INDOOR/SET_CIRCLE_RANDOM_GO_bottom/49778.png" width="640" height="480">
    <box label="ball" occluded="0" source="auto" xtl="152.32" ytl="16.50" xbr="216.22" ybr="82.27" z_order="0">
      <attribute name="smudge">false</attribute>
    </box>
  </image>
  <image id="385" name="rc19-experiment/INDOOR/SET_CIRCLE_RANDOM_GO_bottom/49775.png" width="640" height="480">
    <box label="ball" occluded="0" source="auto" xtl="164.14" ytl="17.70" xbr="227.43" ybr="80.83" z_order="0">
      <attribute name="smudge">false</attribute>
    </box>
  </image>
  <image id="384" name="rc19-experiment/INDOOR/SET_CIRCLE_RANDOM_GO_bottom/49771.png" width="640" height="480">
    <box label="ball" occluded="0" source="auto" xtl="245.49" ytl="1.07" xbr="308.09" ybr="61.61" z_order="0">
      <attribute name="smudge">false</attribute>
    </box>
  </image>
  <image id="383" name="rc19-experiment/INDOOR/SET_CIRCLE_RANDOM_GO_bottom/49768.png" width="640" height="480">
    <box label="ball" occluded="0" source="auto" xtl="252.52" ytl="5.73" xbr="313.00" ybr="64.71" z_order="0">
      <attribute name="smudge">false</attribute>
    </box>
  </image>
  <image id="382" name="rc19-experiment/INDOOR/SET_CIRCLE_RANDOM_GO_bottom/49765.png" width="640" height="480">
    <box label="ball" occluded="0" source="auto" xtl="279.79" ytl="0.00" xbr="340.42" ybr="47.68" z_order="0">
      <attribute name="smudge">false</attribute>
    </box>
  </image>
  <image id="381" name="rc19-experiment/INDOOR/SET_CIRCLE_RANDOM_GO_bottom/49762.png" width="640" height="480">
    <box label="ball" occluded="0" source="auto" xtl="296.17" ytl="0.52" xbr="347.62" ybr="29.60" z_order="0">
      <attribute name="smudge">false</attribute>
    </box>
  </image>
  <image id="380" name="rc19-experiment/INDOOR/SET_CIRCLE_RANDOM_GO_bottom/49758.png" width="640" height="480">
    <box label="ball" occluded="0" source="auto" xtl="268.82" ytl="54.13" xbr="322.75" ybr="108.61" z_order="0">
      <attribute name="smudge">false</attribute>
    </box>
  </image>
  <image id="379" name="rc19-experiment/INDOOR/SET_CIRCLE_RANDOM_GO_bottom/49755.png" width="640" height="480">
    <box label="ball" occluded="0" source="auto" xtl="306.19" ytl="0.73" xbr="352.51" ybr="24.26" z_order="0">
      <attribute name="smudge">false</attribute>
    </box>
  </image>
  <image id="378" name="rc19-experiment/INDOOR/SET_CIRCLE_RANDOM_GO_bottom/49751.png" width="640" height="480">
    <box label="ball" occluded="0" source="auto" xtl="313.89" ytl="8.82" xbr="368.67" ybr="62.84" z_order="0">
      <attribute name="smudge">false</attribute>
    </box>
  </image>
  <image id="377" name="rc19-experiment/INDOOR/SET_CIRCLE_RANDOM_GO_bottom/49747.png" width="640" height="480">
  </image>
  <image id="376" name="rc19-experiment/INDOOR/SET_CIRCLE_RANDOM_GO_bottom/49744.png" width="640" height="480">
    <box label="ball" occluded="0" source="auto" xtl="303.12" ytl="0.51" xbr="349.60" ybr="30.14" z_order="0">
      <attribute name="smudge">false</attribute>
    </box>
  </image>
  <image id="375" name="rc19-experiment/INDOOR/SET_CIRCLE_RANDOM_GO_bottom/49741.png" width="640" height="480">
    <box label="ball" occluded="0" source="auto" xtl="309.86" ytl="0.01" xbr="356.86" ybr="32.08" z_order="0">
      <attribute name="smudge">false</attribute>
    </box>
  </image>
  <image id="374" name="rc19-experiment/INDOOR/SET_CIRCLE_RANDOM_GO_bottom/49738.png" width="640" height="480">
  </image>
  <image id="373" name="rc19-experiment/INDOOR/SET_CIRCLE_RANDOM_GO_bottom/49734.png" width="640" height="480">
    <box label="ball" occluded="0" source="auto" xtl="271.89" ytl="3.52" xbr="324.19" ybr="60.14" z_order="0">
      <attribute name="smudge">false</attribute>
    </box>
  </image>
  <image id="372" name="rc19-experiment/INDOOR/SET_CIRCLE_RANDOM_GO_bottom/49731.png" width="640" height="480">
  </image>
  <image id="371" name="rc19-experiment/INDOOR/SET_CIRCLE_RANDOM_GO_bottom/49727.png" width="640" height="480">
    <box label="ball" occluded="0" source="auto" xtl="331.78" ytl="0.38" xbr="377.57" ybr="43.66" z_order="0">
      <attribute name="smudge">false</attribute>
    </box>
  </image>
  <image id="370" name="rc19-experiment/INDOOR/SET_CIRCLE_RANDOM_GO_bottom/49724.png" width="640" height="480">
  </image>
  <image id="369" name="rc19-experiment/INDOOR/SET_CIRCLE_RANDOM_GO_bottom/49720.png" width="640" height="480">
  </image>
  <image id="368" name="rc19-experiment/INDOOR/SET_CIRCLE_RANDOM_GO_bottom/49716.png" width="640" height="480">
  </image>
  <image id="367" name="rc19-experiment/INDOOR/SET_CIRCLE_RANDOM_GO_bottom/49713.png" width="640" height="480">
  </image>
  <image id="366" name="rc19-experiment/INDOOR/SET_CIRCLE_RANDOM_GO_bottom/49709.png" width="640" height="480">
  </image>
  <image id="365" name="rc19-experiment/INDOOR/SET_CIRCLE_RANDOM_GO_bottom/49706.png" width="640" height="480">
  </image>
  <image id="364" name="rc19-experiment/INDOOR/SET_CIRCLE_RANDOM_GO_bottom/49703.png" width="640" height="480">
    <box label="ball" occluded="0" source="auto" xtl="320.83" ytl="0.59" xbr="362.30" ybr="18.21" z_order="0">
      <attribute name="smudge">false</attribute>
    </box>
  </image>
  <image id="363" name="rc19-experiment/INDOOR/SET_CIRCLE_RANDOM_GO_bottom/49700.png" width="640" height="480">
  </image>
  <image id="362" name="rc19-experiment/INDOOR/SET_CIRCLE_RANDOM_GO_bottom/49696.png" width="640" height="480">
  </image>
  <image id="361" name="rc19-experiment/INDOOR/SET_CIRCLE_RANDOM_GO_bottom/49693.png" width="640" height="480">
  </image>
  <image id="360" name="rc19-experiment/INDOOR/SET_CIRCLE_RANDOM_GO_bottom/49689.png" width="640" height="480">
  </image>
  <image id="359" name="rc19-experiment/INDOOR/SET_CIRCLE_RANDOM_GO_bottom/49686.png" width="640" height="480">
  </image>
  <image id="358" name="rc19-experiment/INDOOR/SET_CIRCLE_RANDOM_GO_bottom/49683.png" width="640" height="480">
  </image>
  <image id="357" name="rc19-experiment/INDOOR/SET_CIRCLE_RANDOM_GO_bottom/49679.png" width="640" height="480">
  </image>
  <image id="356" name="rc19-experiment/INDOOR/SET_CIRCLE_RANDOM_GO_bottom/49675.png" width="640" height="480">
  </image>
  <image id="355" name="rc19-experiment/INDOOR/SET_CIRCLE_RANDOM_GO_bottom/49672.png" width="640" height="480">
  </image>
  <image id="354" name="rc19-experiment/INDOOR/SET_CIRCLE_RANDOM_GO_bottom/49669.png" width="640" height="480">
  </image>
  <image id="353" name="rc19-experiment/INDOOR/SET_CIRCLE_RANDOM_GO_bottom/49665.png" width="640" height="480">
  </image>
  <image id="352" name="rc19-experiment/INDOOR/SET_CIRCLE_RANDOM_GO_bottom/49662.png" width="640" height="480">
    <box label="ball" occluded="0" source="auto" xtl="297.55" ytl="9.98" xbr="348.37" ybr="57.00" z_order="0">
      <attribute name="smudge">false</attribute>
    </box>
  </image>
  <image id="351" name="rc19-experiment/INDOOR/SET_CIRCLE_RANDOM_GO_bottom/49659.png" width="640" height="480">
  </image>
  <image id="350" name="rc19-experiment/INDOOR/SET_CIRCLE_RANDOM_GO_bottom/49655.png" width="640" height="480">
    <box label="ball" occluded="0" source="auto" xtl="312.93" ytl="26.01" xbr="364.69" ybr="76.06" z_order="0">
      <attribute name="smudge">false</attribute>
    </box>
  </image>
  <image id="349" name="rc19-experiment/INDOOR/SET_CIRCLE_RANDOM_GO_bottom/49652.png" width="640" height="480">
    <box label="ball" occluded="0" source="auto" xtl="304.61" ytl="0.28" xbr="358.75" ybr="32.94" z_order="0">
      <attribute name="smudge">false</attribute>
    </box>
  </image>
  <image id="348" name="rc19-experiment/INDOOR/SET_CIRCLE_RANDOM_GO_bottom/49648.png" width="640" height="480">
  </image>
  <image id="347" name="rc19-experiment/INDOOR/SET_CIRCLE_RANDOM_GO_bottom/49645.png" width="640" height="480">
  </image>
  <image id="346" name="rc19-experiment/INDOOR/SET_CIRCLE_RANDOM_GO_bottom/49642.png" width="640" height="480">
  </image>
  <image id="345" name="rc19-experiment/INDOOR/SET_CIRCLE_RANDOM_GO_bottom/49638.png" width="640" height="480">
  </image>
  <image id="344" name="rc19-experiment/INDOOR/SET_CIRCLE_RANDOM_GO_bottom/49635.png" width="640" height="480">
  </image>
  <image id="343" name="rc19-experiment/INDOOR/SET_CIRCLE_RANDOM_GO_bottom/49631.png" width="640" height="480">
    <box label="ball" occluded="0" source="auto" xtl="232.22" ytl="0.13" xbr="341.90" ybr="95.25" z_order="0">
      <attribute name="smudge">false</attribute>
    </box>
  </image>
  <image id="342" name="rc19-experiment/INDOOR/SET_CIRCLE_RANDOM_GO_bottom/49628.png" width="640" height="480">
    <box label="ball" occluded="0" source="auto" xtl="203.82" ytl="68.84" xbr="325.87" ybr="183.58" z_order="0">
      <attribute name="smudge">false</attribute>
    </box>
  </image>
  <image id="341" name="rc19-experiment/INDOOR/SET_CIRCLE_RANDOM_GO_bottom/49624.png" width="640" height="480">
    <box label="ball" occluded="0" source="auto" xtl="170.45" ytl="136.29" xbr="314.28" ybr="277.63" z_order="0">
      <attribute name="smudge">false</attribute>
    </box>
  </image>
  <image id="340" name="rc19-experiment/INDOOR/SET_CIRCLE_RANDOM_GO_bottom/49621.png" width="640" height="480">
    <box label="ball" occluded="0" source="manual" xtl="227.81" ytl="248.04" xbr="384.93" ybr="393.40" z_order="0">
      <attribute name="smudge">false</attribute>
    </box>
  </image>
  <image id="339" name="rc19-experiment/INDOOR/SET_CIRCLE_RANDOM_GO_bottom/49618.png" width="640" height="480">
    <box label="ball" occluded="0" source="auto" xtl="259.58" ytl="315.00" xbr="418.31" ybr="458.64" z_order="0">
      <attribute name="smudge">false</attribute>
    </box>
  </image>
  <image id="338" name="rc19-experiment/INDOOR/SET_CIRCLE_RANDOM_GO_bottom/49615.png" width="640" height="480">
    <box label="ball" occluded="0" source="auto" xtl="223.19" ytl="330.52" xbr="383.91" ybr="478.86" z_order="0">
      <attribute name="smudge">false</attribute>
    </box>
  </image>
  <image id="337" name="rc19-experiment/INDOOR/SET_CIRCLE_RANDOM_GO_bottom/49611.png" width="640" height="480">
    <box label="ball" occluded="0" source="auto" xtl="212.09" ytl="256.21" xbr="374.26" ybr="440.72" z_order="0">
      <attribute name="smudge">false</attribute>
    </box>
  </image>
  <image id="336" name="rc19-experiment/INDOOR/SET_CIRCLE_RANDOM_GO_bottom/49608.png" width="640" height="480">
    <box label="ball" occluded="0" source="auto" xtl="239.85" ytl="245.82" xbr="398.06" ybr="407.03" z_order="0">
      <attribute name="smudge">false</attribute>
    </box>
  </image>
  <image id="335" name="rc19-experiment/INDOOR/SET_CIRCLE_RANDOM_GO_bottom/49604.png" width="640" height="480">
    <box label="ball" occluded="0" source="auto" xtl="218.83" ytl="261.25" xbr="368.52" ybr="423.18" z_order="0">
      <attribute name="smudge">false</attribute>
    </box>
  </image>
  <image id="334" name="rc19-experiment/INDOOR/SET_CIRCLE_RANDOM_GO_bottom/49601.png" width="640" height="480">
    <box label="ball" occluded="0" source="auto" xtl="215.49" ytl="242.56" xbr="363.90" ybr="397.91" z_order="0">
      <attribute name="smudge">false</attribute>
    </box>
  </image>
  <image id="333" name="rc19-experiment/INDOOR/SET_CIRCLE_RANDOM_GO_bottom/49598.png" width="640" height="480">
    <box label="ball" occluded="0" source="auto" xtl="247.59" ytl="249.58" xbr="395.85" ybr="404.06" z_order="0">
      <attribute name="smudge">false</attribute>
    </box>
  </image>
  <image id="332" name="rc19-experiment/INDOOR/SET_CIRCLE_RANDOM_GO_bottom/49595.png" width="640" height="480">
    <box label="ball" occluded="0" source="auto" xtl="256.83" ytl="250.98" xbr="407.24" ybr="405.99" z_order="0">
      <attribute name="smudge">false</attribute>
    </box>
  </image>
  <image id="331" name="rc19-experiment/INDOOR/SET_CIRCLE_RANDOM_GO_bottom/49591.png" width="640" height="480">
    <box label="ball" occluded="0" source="auto" xtl="233.58" ytl="253.53" xbr="385.99" ybr="407.77" z_order="0">
      <attribute name="smudge">false</attribute>
    </box>
  </image>
  <image id="330" name="rc19-experiment/INDOOR/SET_CIRCLE_RANDOM_GO_bottom/49588.png" width="640" height="480">
    <box label="ball" occluded="0" source="auto" xtl="245.57" ytl="255.09" xbr="397.15" ybr="409.60" z_order="0">
      <attribute name="smudge">false</attribute>
    </box>
  </image>
  <image id="329" name="rc19-experiment/INDOOR/SET_CIRCLE_RANDOM_GO_bottom/49584.png" width="640" height="480">
    <box label="ball" occluded="0" source="auto" xtl="221.32" ytl="253.34" xbr="372.43" ybr="409.57" z_order="0">
      <attribute name="smudge">false</attribute>
    </box>
  </image>
  <image id="328" name="rc19-experiment/INDOOR/SET_CIRCLE_RANDOM_GO_bottom/49581.png" width="640" height="480">
    <box label="ball" occluded="0" source="auto" xtl="202.97" ytl="255.25" xbr="354.29" ybr="409.52" z_order="0">
      <attribute name="smudge">false</attribute>
    </box>
  </image>
  <image id="327" name="rc19-experiment/INDOOR/SET_CIRCLE_RANDOM_GO_bottom/49578.png" width="640" height="480">
    <box label="ball" occluded="0" source="auto" xtl="220.83" ytl="255.18" xbr="374.49" ybr="412.42" z_order="0">
      <attribute name="smudge">false</attribute>
    </box>
  </image>
  <image id="326" name="rc19-experiment/INDOOR/SET_CIRCLE_RANDOM_GO_bottom/49574.png" width="640" height="480">
    <box label="ball" occluded="0" source="auto" xtl="278.29" ytl="238.71" xbr="434.47" ybr="395.97" z_order="0">
      <attribute name="smudge">false</attribute>
    </box>
  </image>
  <image id="325" name="rc19-experiment/INDOOR/SET_CIRCLE_RANDOM_GO_bottom/49571.png" width="640" height="480">
    <box label="ball" occluded="0" source="auto" xtl="290.76" ytl="248.39" xbr="444.72" ybr="404.36" z_order="0">
      <attribute name="smudge">false</attribute>
    </box>
  </image>
  <image id="324" name="rc19-experiment/INDOOR/SET_CIRCLE_RANDOM_GO_bottom/49568.png" width="640" height="480">
    <box label="ball" occluded="0" source="auto" xtl="278.13" ytl="247.55" xbr="432.17" ybr="404.14" z_order="0">
      <attribute name="smudge">false</attribute>
    </box>
  </image>
  <image id="323" name="rc19-experiment/INDOOR/SET_CIRCLE_RANDOM_GO_bottom/49564.png" width="640" height="480">
    <box label="ball" occluded="0" source="auto" xtl="224.84" ytl="246.13" xbr="379.72" ybr="406.12" z_order="0">
      <attribute name="smudge">false</attribute>
    </box>
  </image>
  <image id="322" name="rc19-experiment/INDOOR/SET_CIRCLE_RANDOM_GO_bottom/49561.png" width="640" height="480">
    <box label="ball" occluded="0" source="auto" xtl="234.13" ytl="302.84" xbr="390.43" ybr="463.01" z_order="0">
      <attribute name="smudge">false</attribute>
    </box>
  </image>
  <image id="321" name="rc19-experiment/INDOOR/SET_CIRCLE_RANDOM_GO_bottom/49558.png" width="640" height="480">
    <box label="ball" occluded="0" source="auto" xtl="263.69" ytl="254.28" xbr="421.63" ybr="417.40" z_order="0">
      <attribute name="smudge">false</attribute>
    </box>
  </image>
  <image id="320" name="rc19-experiment/INDOOR/SET_CIRCLE_RANDOM_GO_bottom/49554.png" width="640" height="480">
    <box label="ball" occluded="0" source="auto" xtl="269.12" ytl="263.96" xbr="428.45" ybr="428.76" z_order="0">
      <attribute name="smudge">false</attribute>
    </box>
  </image>
  <image id="319" name="rc19-experiment/INDOOR/SET_CIRCLE_RANDOM_GO_bottom/49551.png" width="640" height="480">
    <box label="ball" occluded="0" source="auto" xtl="281.20" ytl="236.29" xbr="439.25" ybr="400.62" z_order="0">
      <attribute name="smudge">false</attribute>
    </box>
  </image>
  <image id="318" name="rc19-experiment/INDOOR/SET_CIRCLE_RANDOM_GO_bottom/49547.png" width="640" height="480">
    <box label="ball" occluded="0" source="auto" xtl="249.68" ytl="225.92" xbr="408.81" ybr="383.93" z_order="0">
      <attribute name="smudge">false</attribute>
    </box>
  </image>
  <image id="317" name="rc19-experiment/INDOOR/SET_CIRCLE_RANDOM_GO_bottom/49544.png" width="640" height="480">
    <box label="ball" occluded="0" source="auto" xtl="208.12" ytl="238.35" xbr="366.30" ybr="400.96" z_order="0">
      <attribute name="smudge">false</attribute>
    </box>
  </image>
  <image id="316" name="rc19-experiment/INDOOR/SET_CIRCLE_RANDOM_GO_bottom/49541.png" width="640" height="480">
    <box label="ball" occluded="0" source="auto" xtl="226.19" ytl="304.82" xbr="383.99" ybr="467.31" z_order="0">
      <attribute name="smudge">false</attribute>
    </box>
  </image>
  <image id="315" name="rc19-experiment/INDOOR/SET_CIRCLE_RANDOM_GO_bottom/49538.png" width="640" height="480">
    <box label="ball" occluded="0" source="auto" xtl="260.87" ytl="249.07" xbr="419.53" ybr="410.57" z_order="0">
      <attribute name="smudge">false</attribute>
    </box>
  </image>
  <image id="314" name="rc19-experiment/INDOOR/SET_CIRCLE_RANDOM_GO_bottom/49534.png" width="640" height="480">
    <box label="ball" occluded="0" source="auto" xtl="251.55" ytl="215.79" xbr="410.69" ybr="370.50" z_order="0">
      <attribute name="smudge">false</attribute>
    </box>
  </image>
  <image id="313" name="rc19-experiment/INDOOR/SET_CIRCLE_RANDOM_GO_bottom/49531.png" width="640" height="480">
    <box label="ball" occluded="0" source="auto" xtl="202.07" ytl="246.78" xbr="358.92" ybr="402.96" z_order="0">
      <attribute name="smudge">false</attribute>
    </box>
  </image>
  <image id="312" name="rc19-experiment/INDOOR/SET_CIRCLE_RANDOM_GO_bottom/49528.png" width="640" height="480">
    <box label="ball" occluded="0" source="auto" xtl="175.28" ytl="256.18" xbr="336.28" ybr="428.87" z_order="0">
      <attribute name="smudge">false</attribute>
    </box>
  </image>
  <image id="311" name="rc19-experiment/INDOOR/SET_CIRCLE_RANDOM_GO_bottom/49524.png" width="640" height="480">
    <box label="ball" occluded="0" source="auto" xtl="219.02" ytl="291.39" xbr="376.44" ybr="467.82" z_order="0">
      <attribute name="smudge">false</attribute>
    </box>
  </image>
  <image id="310" name="rc19-experiment/INDOOR/SET_CIRCLE_RANDOM_GO_bottom/49521.png" width="640" height="480">
    <box label="ball" occluded="0" source="auto" xtl="294.96" ytl="253.76" xbr="450.40" ybr="411.37" z_order="0">
      <attribute name="smudge">false</attribute>
    </box>
  </image>
  <image id="309" name="rc19-experiment/INDOOR/SET_CIRCLE_RANDOM_GO_bottom/49518.png" width="640" height="480">
    <box label="ball" occluded="0" source="auto" xtl="313.70" ytl="209.28" xbr="473.07" ybr="377.88" z_order="0">
      <attribute name="smudge">false</attribute>
    </box>
  </image>
  <image id="308" name="rc19-experiment/INDOOR/SET_CIRCLE_RANDOM_GO_bottom/49514.png" width="640" height="480">
    <box label="ball" occluded="0" source="auto" xtl="271.39" ytl="214.32" xbr="428.97" ybr="365.66" z_order="0">
      <attribute name="smudge">false</attribute>
    </box>
  </image>
  <image id="307" name="rc19-experiment/INDOOR/SET_CIRCLE_RANDOM_GO_bottom/49511.png" width="640" height="480">
    <box label="ball" occluded="0" source="auto" xtl="191.76" ytl="218.56" xbr="344.32" ybr="368.41" z_order="0">
      <attribute name="smudge">false</attribute>
    </box>
  </image>
  <image id="306" name="rc19-experiment/INDOOR/SET_CIRCLE_RANDOM_GO_bottom/49507.png" width="640" height="480">
    <box label="ball" occluded="0" source="auto" xtl="190.95" ytl="248.99" xbr="340.58" ybr="398.81" z_order="0">
      <attribute name="smudge">false</attribute>
    </box>
  </image>
  <image id="305" name="rc19-experiment/INDOOR/SET_CIRCLE_RANDOM_GO_bottom/49504.png" width="640" height="480">
    <box label="ball" occluded="0" source="auto" xtl="239.66" ytl="177.32" xbr="395.93" ybr="331.06" z_order="0">
      <attribute name="smudge">false</attribute>
    </box>
  </image>
  <image id="304" name="rc19-experiment/INDOOR/SET_CIRCLE_RANDOM_GO_bottom/49500.png" width="640" height="480">
    <box label="ball" occluded="0" source="auto" xtl="267.88" ytl="176.11" xbr="413.66" ybr="322.83" z_order="0">
      <attribute name="smudge">false</attribute>
    </box>
  </image>
  <image id="303" name="rc19-experiment/INDOOR/SET_CIRCLE_RANDOM_GO_bottom/49497.png" width="640" height="480">
    <box label="ball" occluded="0" source="auto" xtl="244.07" ytl="178.28" xbr="389.63" ybr="321.65" z_order="0">
      <attribute name="smudge">false</attribute>
    </box>
  </image>
  <image id="302" name="rc19-experiment/INDOOR/SET_CIRCLE_RANDOM_GO_bottom/49494.png" width="640" height="480">
    <box label="ball" occluded="0" source="auto" xtl="192.84" ytl="179.91" xbr="339.82" ybr="332.79" z_order="0">
      <attribute name="smudge">false</attribute>
    </box>
  </image>
  <image id="301" name="rc19-experiment/INDOOR/SET_CIRCLE_RANDOM_GO_bottom/49491.png" width="640" height="480">
    <box label="ball" occluded="0" source="auto" xtl="233.08" ytl="230.31" xbr="379.03" ybr="371.95" z_order="0">
      <attribute name="smudge">false</attribute>
    </box>
  </image>
  <image id="300" name="rc19-experiment/INDOOR/SET_CIRCLE_RANDOM_GO_bottom/49487.png" width="640" height="480">
    <box label="ball" occluded="0" source="auto" xtl="250.24" ytl="168.95" xbr="393.68" ybr="309.76" z_order="0">
      <attribute name="smudge">false</attribute>
    </box>
  </image>
  <image id="299" name="rc19-experiment/INDOOR/SET_CIRCLE_RANDOM_GO_bottom/49484.png" width="640" height="480">
    <box label="ball" occluded="0" source="auto" xtl="279.45" ytl="194.83" xbr="421.59" ybr="332.07" z_order="0">
      <attribute name="smudge">false</attribute>
    </box>
  </image>
  <image id="298" name="rc19-experiment/INDOOR/SET_CIRCLE_RANDOM_GO_bottom/49481.png" width="640" height="480">
    <box label="ball" occluded="0" source="auto" xtl="296.67" ytl="178.19" xbr="444.11" ybr="325.39" z_order="0">
      <attribute name="smudge">false</attribute>
    </box>
  </image>
  <image id="297" name="rc19-experiment/INDOOR/SET_CIRCLE_RANDOM_GO_bottom/49477.png" width="640" height="480">
    <box label="ball" occluded="0" source="auto" xtl="252.99" ytl="171.57" xbr="401.97" ybr="315.05" z_order="0">
      <attribute name="smudge">false</attribute>
    </box>
  </image>
  <image id="296" name="rc19-experiment/INDOOR/SET_CIRCLE_RANDOM_GO_bottom/49474.png" width="640" height="480">
    <box label="ball" occluded="0" source="auto" xtl="226.73" ytl="187.54" xbr="376.22" ybr="337.60" z_order="0">
      <attribute name="smudge">false</attribute>
    </box>
  </image>
  <image id="295" name="rc19-experiment/INDOOR/SET_CIRCLE_RANDOM_GO_bottom/49471.png" width="640" height="480">
    <box label="ball" occluded="0" source="auto" xtl="221.06" ytl="231.40" xbr="370.88" ybr="393.51" z_order="0">
      <attribute name="smudge">false</attribute>
    </box>
  </image>
  <image id="294" name="rc19-experiment/INDOOR/SET_CIRCLE_RANDOM_GO_bottom/49468.png" width="640" height="480">
    <box label="ball" occluded="0" source="auto" xtl="233.53" ytl="204.53" xbr="383.21" ybr="349.02" z_order="0">
      <attribute name="smudge">false</attribute>
    </box>
  </image>
  <image id="293" name="rc19-experiment/INDOOR/SET_CIRCLE_RANDOM_GO_bottom/49464.png" width="640" height="480">
    <box label="ball" occluded="0" source="auto" xtl="259.97" ytl="234.73" xbr="408.55" ybr="377.87" z_order="0">
      <attribute name="smudge">false</attribute>
    </box>
  </image>
  <image id="292" name="rc19-experiment/INDOOR/SET_CIRCLE_RANDOM_GO_bottom/49460.png" width="640" height="480">
    <box label="ball" occluded="0" source="auto" xtl="218.38" ytl="237.32" xbr="374.22" ybr="387.77" z_order="0">
      <attribute name="smudge">false</attribute>
    </box>
  </image>
  <image id="291" name="rc19-experiment/INDOOR/SET_CIRCLE_RANDOM_GO_bottom/49457.png" width="640" height="480">
    <box label="ball" occluded="0" source="auto" xtl="238.81" ytl="263.25" xbr="400.02" ybr="422.18" z_order="0">
      <attribute name="smudge">false</attribute>
    </box>
  </image>
  <image id="290" name="rc19-experiment/INDOOR/SET_CIRCLE_RANDOM_GO_bottom/49453.png" width="640" height="480">
    <box label="ball" occluded="0" source="auto" xtl="303.86" ytl="270.81" xbr="477.69" ybr="441.91" z_order="0">
      <attribute name="smudge">false</attribute>
    </box>
  </image>
  <image id="289" name="rc19-experiment/INDOOR/SET_CIRCLE_RANDOM_GO_bottom/49450.png" width="640" height="480">
    <box label="ball" occluded="0" source="auto" xtl="346.82" ytl="277.00" xbr="510.63" ybr="441.59" z_order="0">
      <attribute name="smudge">false</attribute>
    </box>
  </image>
  <image id="288" name="rc19-experiment/INDOOR/SET_CIRCLE_RANDOM_GO_bottom/49446.png" width="640" height="480">
    <box label="ball" occluded="0" source="auto" xtl="329.86" ytl="251.26" xbr="494.52" ybr="431.17" z_order="0">
      <attribute name="smudge">false</attribute>
    </box>
  </image>
  <image id="287" name="rc19-experiment/INDOOR/SET_CIRCLE_RANDOM_GO_bottom/49443.png" width="640" height="480">
    <box label="ball" occluded="0" source="auto" xtl="336.97" ytl="287.92" xbr="501.64" ybr="451.87" z_order="0">
      <attribute name="smudge">false</attribute>
    </box>
  </image>
  <image id="286" name="rc19-experiment/INDOOR/SET_CIRCLE_RANDOM_GO_bottom/49440.png" width="640" height="480">
    <box label="ball" occluded="0" source="auto" xtl="264.04" ytl="263.23" xbr="428.36" ybr="424.94" z_order="0">
      <attribute name="smudge">false</attribute>
    </box>
  </image>
  <image id="285" name="rc19-experiment/INDOOR/SET_CIRCLE_RANDOM_GO_bottom/49436.png" width="640" height="480">
    <box label="ball" occluded="0" source="auto" xtl="212.69" ytl="274.37" xbr="371.41" ybr="441.94" z_order="0">
      <attribute name="smudge">false</attribute>
    </box>
  </image>
  <image id="284" name="rc19-experiment/INDOOR/SET_CIRCLE_RANDOM_GO_bottom/49433.png" width="640" height="480">
    <box label="ball" occluded="0" source="auto" xtl="254.32" ytl="227.39" xbr="411.58" ybr="390.75" z_order="0">
      <attribute name="smudge">false</attribute>
    </box>
  </image>
  <image id="283" name="rc19-experiment/INDOOR/SET_CIRCLE_RANDOM_GO_bottom/49430.png" width="640" height="480">
    <box label="ball" occluded="0" source="auto" xtl="267.57" ytl="197.59" xbr="421.97" ybr="356.36" z_order="0">
      <attribute name="smudge">false</attribute>
    </box>
  </image>
  <image id="282" name="rc19-experiment/INDOOR/SET_CIRCLE_RANDOM_GO_bottom/49426.png" width="640" height="480">
    <box label="ball" occluded="0" source="auto" xtl="250.14" ytl="224.77" xbr="399.65" ybr="402.34" z_order="0">
      <attribute name="smudge">false</attribute>
    </box>
  </image>
  <image id="281" name="rc19-experiment/INDOOR/SET_CIRCLE_RANDOM_GO_bottom/49423.png" width="640" height="480">
    <box label="ball" occluded="0" source="auto" xtl="237.92" ytl="140.31" xbr="381.86" ybr="283.35" z_order="0">
      <attribute name="smudge">false</attribute>
    </box>
  </image>
  <image id="280" name="rc19-experiment/INDOOR/SET_CIRCLE_RANDOM_GO_bottom/49419.png" width="640" height="480">
    <box label="ball" occluded="0" source="auto" xtl="226.68" ytl="125.30" xbr="368.25" ybr="262.17" z_order="0">
      <attribute name="smudge">false</attribute>
    </box>
  </image>
  <image id="279" name="rc19-experiment/INDOOR/SET_CIRCLE_RANDOM_GO_bottom/49416.png" width="640" height="480">
    <box label="ball" occluded="0" source="auto" xtl="222.89" ytl="135.89" xbr="362.16" ybr="272.47" z_order="0">
      <attribute name="smudge">false</attribute>
    </box>
  </image>
  <image id="278" name="rc19-experiment/INDOOR/SET_CIRCLE_RANDOM_GO_bottom/49413.png" width="640" height="480">
    <box label="ball" occluded="0" source="auto" xtl="242.22" ytl="124.68" xbr="380.37" ybr="260.42" z_order="0">
      <attribute name="smudge">false</attribute>
    </box>
  </image>
  <image id="277" name="rc19-experiment/INDOOR/SET_CIRCLE_RANDOM_GO_bottom/49409.png" width="640" height="480">
    <box label="ball" occluded="0" source="auto" xtl="236.58" ytl="116.49" xbr="368.62" ybr="244.34" z_order="0">
      <attribute name="smudge">false</attribute>
    </box>
  </image>
  <image id="276" name="rc19-experiment/INDOOR/SET_CIRCLE_RANDOM_GO_bottom/49406.png" width="640" height="480">
    <box label="ball" occluded="0" source="auto" xtl="203.67" ytl="8.84" xbr="339.97" ybr="144.22" z_order="0">
      <attribute name="smudge">false</attribute>
    </box>
  </image>
  <image id="275" name="rc19-experiment/INDOOR/SET_CIRCLE_RANDOM_GO_bottom/49402.png" width="640" height="480">
    <box label="ball" occluded="0" source="auto" xtl="186.09" ytl="49.36" xbr="313.42" ybr="171.67" z_order="0">
      <attribute name="smudge">false</attribute>
    </box>
  </image>
  <image id="274" name="rc19-experiment/INDOOR/SET_CIRCLE_RANDOM_GO_bottom/49399.png" width="640" height="480">
    <box label="ball" occluded="0" source="auto" xtl="245.98" ytl="52.55" xbr="389.22" ybr="173.84" z_order="0">
      <attribute name="smudge">false</attribute>
    </box>
  </image>
  <image id="273" name="rc19-experiment/INDOOR/SET_CIRCLE_RANDOM_GO_bottom/49395.png" width="640" height="480">
    <box label="ball" occluded="0" source="auto" xtl="281.45" ytl="0.45" xbr="403.51" ybr="66.81" z_order="0">
      <attribute name="smudge">false</attribute>
    </box>
  </image>
  <image id="272" name="rc19-experiment/INDOOR/SET_CIRCLE_RANDOM_GO_bottom/49392.png" width="640" height="480">
    <box label="ball" occluded="0" source="auto" xtl="264.46" ytl="0.52" xbr="379.82" ybr="65.15" z_order="0">
      <attribute name="smudge">false</attribute>
    </box>
  </image>
  <image id="271" name="rc19-experiment/INDOOR/SET_CIRCLE_RANDOM_GO_bottom/49389.png" width="640" height="480">
  </image>
  <image id="270" name="rc19-experiment/INDOOR/SET_CIRCLE_RANDOM_GO_bottom/49385.png" width="640" height="480">
    <box label="ball" occluded="0" source="auto" xtl="267.67" ytl="32.36" xbr="370.29" ybr="130.49" z_order="0">
      <attribute name="smudge">false</attribute>
    </box>
  </image>
  <image id="269" name="rc19-experiment/INDOOR/SET_CIRCLE_RANDOM_GO_bottom/49382.png" width="640" height="480">
    <box label="ball" occluded="0" source="auto" xtl="271.76" ytl="101.34" xbr="366.38" ybr="196.14" z_order="0">
      <attribute name="smudge">false</attribute>
    </box>
  </image>
  <image id="268" name="rc19-experiment/INDOOR/SET_CIRCLE_RANDOM_GO_bottom/49378.png" width="640" height="480">
    <box label="ball" occluded="0" source="auto" xtl="293.39" ytl="137.37" xbr="381.50" ybr="224.71" z_order="0">
      <attribute name="smudge">false</attribute>
    </box>
  </image>
  <image id="267" name="rc19-experiment/INDOOR/SET_CIRCLE_RANDOM_GO_bottom/49374.png" width="640" height="480">
    <box label="ball" occluded="0" source="auto" xtl="251.55" ytl="133.29" xbr="341.91" ybr="226.15" z_order="0">
      <attribute name="smudge">false</attribute>
    </box>
  </image>
  <image id="266" name="rc19-experiment/INDOOR/SET_CIRCLE_RANDOM_GO_bottom/49371.png" width="640" height="480">
    <box label="ball" occluded="0" source="auto" xtl="233.45" ytl="68.16" xbr="322.34" ybr="164.48" z_order="0">
      <attribute name="smudge">false</attribute>
    </box>
  </image>
  <image id="265" name="rc19-experiment/INDOOR/SET_CIRCLE_RANDOM_GO_bottom/49368.png" width="640" height="480">
    <box label="ball" occluded="0" source="auto" xtl="269.74" ytl="119.17" xbr="358.87" ybr="202.55" z_order="0">
      <attribute name="smudge">false</attribute>
    </box>
  </image>
  <image id="264" name="rc19-experiment/INDOOR/SET_CIRCLE_RANDOM_GO_bottom/49364.png" width="640" height="480">
    <box label="ball" occluded="0" source="auto" xtl="284.57" ytl="48.28" xbr="366.28" ybr="131.55" z_order="0">
      <attribute name="smudge">false</attribute>
    </box>
  </image>
  <image id="263" name="rc19-experiment/INDOOR/SET_CIRCLE_RANDOM_GO_bottom/49361.png" width="640" height="480">
    <box label="ball" occluded="0" source="auto" xtl="297.53" ytl="124.33" xbr="375.42" ybr="203.13" z_order="0">
      <attribute name="smudge">false</attribute>
    </box>
  </image>
  <image id="262" name="rc19-experiment/INDOOR/SET_CIRCLE_RANDOM_GO_bottom/49358.png" width="640" height="480">
    <box label="ball" occluded="0" source="auto" xtl="301.66" ytl="32.36" xbr="381.40" ybr="110.14" z_order="0">
      <attribute name="smudge">false</attribute>
    </box>
  </image>
  <image id="261" name="rc19-experiment/INDOOR/SET_CIRCLE_RANDOM_GO_bottom/49355.png" width="640" height="480">
    <box label="ball" occluded="0" source="auto" xtl="316.62" ytl="56.89" xbr="392.40" ybr="131.76" z_order="0">
      <attribute name="smudge">false</attribute>
    </box>
  </image>
  <image id="260" name="rc19-experiment/INDOOR/SET_CIRCLE_RANDOM_GO_bottom/49351.png" width="640" height="480">
    <box label="ball" occluded="0" source="auto" xtl="265.82" ytl="45.73" xbr="345.36" ybr="126.11" z_order="0">
      <attribute name="smudge">false</attribute>
    </box>
  </image>
  <image id="259" name="rc19-experiment/INDOOR/SET_CIRCLE_RANDOM_GO_bottom/49348.png" width="640" height="480">
    <box label="ball" occluded="0" source="auto" xtl="252.66" ytl="0.00" xbr="326.24" ybr="51.51" z_order="0">
      <attribute name="smudge">false</attribute>
    </box>
  </image>
  <image id="258" name="rc19-experiment/INDOOR/SET_CIRCLE_RANDOM_GO_bottom/49344.png" width="640" height="480">
    <box label="ball" occluded="0" source="auto" xtl="301.24" ytl="107.92" xbr="367.29" ybr="184.27" z_order="0">
      <attribute name="smudge">false</attribute>
    </box>
  </image>
  <image id="257" name="rc19-experiment/INDOOR/SET_CIRCLE_RANDOM_GO_bottom/49341.png" width="640" height="480">
    <box label="ball" occluded="0" source="auto" xtl="259.50" ytl="30.05" xbr="326.32" ybr="98.71" z_order="0">
      <attribute name="smudge">false</attribute>
    </box>
  </image>
  <image id="256" name="rc19-experiment/INDOOR/SET_CIRCLE_RANDOM_GO_bottom/49337.png" width="640" height="480">
    <box label="ball" occluded="0" source="auto" xtl="357.21" ytl="13.99" xbr="426.39" ybr="80.94" z_order="0">
      <attribute name="smudge">false</attribute>
    </box>
  </image>
  <image id="255" name="rc19-experiment/INDOOR/SET_CIRCLE_RANDOM_GO_bottom/49334.png" width="640" height="480">
  </image>
  <image id="254" name="rc19-experiment/INDOOR/SET_CIRCLE_RANDOM_GO_bottom/49331.png" width="640" height="480">
  </image>
  <image id="253" name="rc19-experiment/INDOOR/SET_CIRCLE_RANDOM_GO_bottom/49327.png" width="640" height="480">
  </image>
  <image id="252" name="rc19-experiment/INDOOR/SET_CIRCLE_RANDOM_GO_bottom/49324.png" width="640" height="480">
  </image>
  <image id="251" name="rc19-experiment/INDOOR/SET_CIRCLE_RANDOM_GO_bottom/49320.png" width="640" height="480">
  </image>
  <image id="250" name="rc19-experiment/INDOOR/SET_CIRCLE_RANDOM_GO_bottom/49317.png" width="640" height="480">
  </image>
  <image id="249" name="rc19-experiment/INDOOR/SET_CIRCLE_RANDOM_GO_bottom/49314.png" width="640" height="480">
  </image>
  <image id="248" name="rc19-experiment/INDOOR/SET_CIRCLE_RANDOM_GO_bottom/49310.png" width="640" height="480">
  </image>
  <image id="247" name="rc19-experiment/INDOOR/SET_CIRCLE_RANDOM_GO_bottom/49306.png" width="640" height="480">
  </image>
  <image id="246" name="rc19-experiment/INDOOR/SET_CIRCLE_RANDOM_GO_bottom/49303.png" width="640" height="480">
  </image>
  <image id="245" name="rc19-experiment/INDOOR/SET_CIRCLE_RANDOM_GO_bottom/49300.png" width="640" height="480">
  </image>
  <image id="244" name="rc19-experiment/INDOOR/SET_CIRCLE_RANDOM_GO_bottom/49296.png" width="640" height="480">
    <box label="ball" occluded="0" source="manual" xtl="581.63" ytl="0.00" xbr="638.54" ybr="37.11" z_order="0">
      <attribute name="smudge">false</attribute>
    </box>
  </image>
  <image id="243" name="rc19-experiment/INDOOR/SET_CIRCLE_RANDOM_GO_bottom/49293.png" width="640" height="480">
  </image>
  <image id="242" name="rc19-experiment/INDOOR/SET_CIRCLE_RANDOM_GO_bottom/49290.png" width="640" height="480">
  </image>
  <image id="241" name="rc19-experiment/INDOOR/SET_CIRCLE_RANDOM_GO_bottom/49286.png" width="640" height="480">
  </image>
  <image id="240" name="rc19-experiment/INDOOR/SET_CIRCLE_RANDOM_GO_bottom/49283.png" width="640" height="480">
  </image>
  <image id="239" name="rc19-experiment/INDOOR/SET_CIRCLE_RANDOM_GO_bottom/49279.png" width="640" height="480">
  </image>
  <image id="238" name="rc19-experiment/INDOOR/SET_CIRCLE_RANDOM_GO_bottom/49276.png" width="640" height="480">
  </image>
  <image id="237" name="rc19-experiment/INDOOR/SET_CIRCLE_RANDOM_GO_bottom/49272.png" width="640" height="480">
  </image>
  <image id="236" name="rc19-experiment/INDOOR/SET_CIRCLE_RANDOM_GO_bottom/49269.png" width="640" height="480">
  </image>
  <image id="235" name="rc19-experiment/INDOOR/SET_CIRCLE_RANDOM_GO_bottom/49266.png" width="640" height="480">
  </image>
  <image id="234" name="rc19-experiment/INDOOR/SET_CIRCLE_RANDOM_GO_bottom/49262.png" width="640" height="480">
  </image>
  <image id="233" name="rc19-experiment/INDOOR/SET_CIRCLE_RANDOM_GO_bottom/49259.png" width="640" height="480">
  </image>
  <image id="232" name="rc19-experiment/INDOOR/SET_CIRCLE_RANDOM_GO_bottom/49255.png" width="640" height="480">
  </image>
  <image id="231" name="rc19-experiment/INDOOR/SET_CIRCLE_RANDOM_GO_bottom/49252.png" width="640" height="480">
  </image>
  <image id="230" name="rc19-experiment/INDOOR/SET_CIRCLE_RANDOM_GO_bottom/49249.png" width="640" height="480">
    <box label="ball" occluded="0" source="auto" xtl="283.10" ytl="0.42" xbr="321.86" ybr="25.19" z_order="0">
      <attribute name="smudge">false</attribute>
    </box>
  </image>
  <image id="229" name="rc19-experiment/INDOOR/SET_CIRCLE_RANDOM_GO_bottom/49245.png" width="640" height="480">
  </image>
  <image id="228" name="rc19-experiment/INDOOR/SET_CIRCLE_RANDOM_GO_bottom/49242.png" width="640" height="480">
  </image>
  <image id="227" name="rc19-experiment/INDOOR/SET_CIRCLE_RANDOM_GO_bottom/49239.png" width="640" height="480">
  </image>
  <image id="226" name="rc19-experiment/INDOOR/SET_CIRCLE_RANDOM_GO_bottom/49235.png" width="640" height="480">
  </image>
  <image id="225" name="rc19-experiment/INDOOR/SET_CIRCLE_RANDOM_GO_bottom/49232.png" width="640" height="480">
    <box label="ball" occluded="0" source="auto" xtl="317.96" ytl="0.67" xbr="354.48" ybr="19.66" z_order="0">
      <attribute name="smudge">false</attribute>
    </box>
  </image>
  <image id="224" name="rc19-experiment/INDOOR/SET_CIRCLE_RANDOM_GO_bottom/49228.png" width="640" height="480">
  </image>
  <image id="223" name="rc19-experiment/INDOOR/SET_CIRCLE_RANDOM_GO_bottom/49225.png" width="640" height="480">
  </image>
  <image id="222" name="rc19-experiment/INDOOR/SET_CIRCLE_RANDOM_GO_bottom/49221.png" width="640" height="480">
  </image>
  <image id="221" name="rc19-experiment/INDOOR/SET_CIRCLE_RANDOM_GO_bottom/49218.png" width="640" height="480">
  </image>
  <image id="220" name="rc19-experiment/INDOOR/SET_CIRCLE_RANDOM_GO_bottom/49214.png" width="640" height="480">
  </image>
  <image id="219" name="rc19-experiment/INDOOR/SET_CIRCLE_RANDOM_GO_bottom/49211.png" width="640" height="480">
  </image>
  <image id="218" name="rc19-experiment/INDOOR/SET_CIRCLE_RANDOM_GO_bottom/49208.png" width="640" height="480">
    <box label="ball" occluded="0" source="auto" xtl="270.82" ytl="0.28" xbr="306.22" ybr="16.53" z_order="0">
      <attribute name="smudge">false</attribute>
    </box>
  </image>
  <image id="217" name="rc19-experiment/INDOOR/SET_CIRCLE_RANDOM_GO_bottom/49204.png" width="640" height="480">
  </image>
  <image id="216" name="rc19-experiment/INDOOR/SET_CIRCLE_RANDOM_GO_bottom/49201.png" width="640" height="480">
  </image>
  <image id="215" name="rc19-experiment/INDOOR/SET_CIRCLE_RANDOM_GO_bottom/49197.png" width="640" height="480">
  </image>
  <image id="214" name="rc19-experiment/INDOOR/SET_CIRCLE_RANDOM_GO_bottom/49194.png" width="640" height="480">
  </image>
  <image id="213" name="rc19-experiment/INDOOR/SET_CIRCLE_RANDOM_GO_bottom/49191.png" width="640" height="480">
    <box label="ball" occluded="0" source="auto" xtl="184.56" ytl="0.40" xbr="221.83" ybr="15.47" z_order="0">
      <attribute name="smudge">false</attribute>
    </box>
  </image>
  <image id="212" name="rc19-experiment/INDOOR/SET_CIRCLE_RANDOM_GO_bottom/49187.png" width="640" height="480">
  </image>
  <image id="211" name="rc19-experiment/INDOOR/SET_CIRCLE_RANDOM_GO_bottom/49184.png" width="640" height="480">
  </image>
  <image id="210" name="rc19-experiment/INDOOR/SET_CIRCLE_RANDOM_GO_bottom/49181.png" width="640" height="480">
  </image>
  <image id="209" name="rc19-experiment/INDOOR/SET_CIRCLE_RANDOM_GO_bottom/49177.png" width="640" height="480">
  </image>
  <image id="208" name="rc19-experiment/INDOOR/SET_CIRCLE_RANDOM_GO_bottom/49173.png" width="640" height="480">
    <box label="ball" occluded="0" source="auto" xtl="324.31" ytl="0.00" xbr="367.29" ybr="17.97" z_order="0">
      <attribute name="smudge">false</attribute>
    </box>
  </image>
  <image id="207" name="rc19-experiment/INDOOR/SET_CIRCLE_RANDOM_GO_bottom/49170.png" width="640" height="480">
    <box label="ball" occluded="0" source="auto" xtl="318.11" ytl="15.99" xbr="367.80" ybr="67.38" z_order="0">
      <attribute name="smudge">false</attribute>
    </box>
  </image>
  <image id="206" name="rc19-experiment/INDOOR/SET_CIRCLE_RANDOM_GO_bottom/49167.png" width="640" height="480">
    <box label="ball" occluded="0" source="auto" xtl="311.86" ytl="26.35" xbr="365.70" ybr="89.68" z_order="0">
      <attribute name="smudge">false</attribute>
    </box>
  </image>
  <image id="205" name="rc19-experiment/INDOOR/SET_CIRCLE_RANDOM_GO_bottom/49163.png" width="640" height="480">
  </image>
  <image id="204" name="rc19-experiment/INDOOR/SET_CIRCLE_RANDOM_GO_bottom/49160.png" width="640" height="480">
  </image>
  <image id="203" name="rc19-experiment/INDOOR/SET_CIRCLE_RANDOM_GO_bottom/49157.png" width="640" height="480">
  </image>
  <image id="202" name="rc19-experiment/INDOOR/SET_CIRCLE_RANDOM_GO_bottom/49153.png" width="640" height="480">
  </image>
  <image id="201" name="rc19-experiment/INDOOR/SET_CIRCLE_RANDOM_GO_bottom/49149.png" width="640" height="480">
  </image>
  <image id="200" name="rc19-experiment/INDOOR/SET_CIRCLE_RANDOM_GO_bottom/49146.png" width="640" height="480">
  </image>
  <image id="199" name="rc19-experiment/INDOOR/SET_CIRCLE_RANDOM_GO_bottom/49143.png" width="640" height="480">
    <box label="ball" occluded="0" source="auto" xtl="212.49" ytl="0.00" xbr="321.94" ybr="74.51" z_order="0">
      <attribute name="smudge">false</attribute>
    </box>
  </image>
  <image id="198" name="rc19-experiment/INDOOR/SET_CIRCLE_RANDOM_GO_bottom/49140.png" width="640" height="480">
    <box label="ball" occluded="0" source="auto" xtl="220.63" ytl="43.15" xbr="343.78" ybr="158.32" z_order="0">
      <attribute name="smudge">false</attribute>
    </box>
  </image>
  <image id="197" name="rc19-experiment/INDOOR/SET_CIRCLE_RANDOM_GO_bottom/49136.png" width="640" height="480">
    <box label="ball" occluded="0" source="auto" xtl="241.79" ytl="120.98" xbr="389.42" ybr="259.36" z_order="0">
      <attribute name="smudge">false</attribute>
    </box>
  </image>
  <image id="196" name="rc19-experiment/INDOOR/SET_CIRCLE_RANDOM_GO_bottom/49132.png" width="640" height="480">
    <box label="ball" occluded="0" source="manual" xtl="316.80" ytl="240.80" xbr="472.10" ybr="387.40" z_order="0">
      <attribute name="smudge">false</attribute>
    </box>
  </image>
  <image id="195" name="rc19-experiment/INDOOR/SET_CIRCLE_RANDOM_GO_bottom/49129.png" width="640" height="480">
    <box label="ball" occluded="0" source="auto" xtl="286.38" ytl="243.35" xbr="446.47" ybr="395.68" z_order="0">
      <attribute name="smudge">false</attribute>
    </box>
  </image>
  <image id="194" name="rc19-experiment/INDOOR/SET_CIRCLE_RANDOM_GO_bottom/49126.png" width="640" height="480">
    <box label="ball" occluded="0" source="auto" xtl="211.78" ytl="219.46" xbr="367.36" ybr="371.94" z_order="0">
      <attribute name="smudge">false</attribute>
    </box>
  </image>
  <image id="193" name="rc19-experiment/INDOOR/SET_CIRCLE_RANDOM_GO_bottom/49123.png" width="640" height="480">
    <box label="ball" occluded="0" source="auto" xtl="200.19" ytl="220.55" xbr="353.82" ybr="370.36" z_order="0">
      <attribute name="smudge">false</attribute>
    </box>
  </image>
  <image id="192" name="rc19-experiment/INDOOR/SET_CIRCLE_RANDOM_GO_bottom/49120.png" width="640" height="480">
    <box label="ball" occluded="0" source="auto" xtl="233.25" ytl="203.79" xbr="386.16" ybr="354.53" z_order="0">
      <attribute name="smudge">false</attribute>
    </box>
  </image>
  <image id="191" name="rc19-experiment/INDOOR/SET_CIRCLE_RANDOM_GO_bottom/49116.png" width="640" height="480">
    <box label="ball" occluded="0" source="auto" xtl="286.50" ytl="169.96" xbr="437.21" ybr="316.55" z_order="0">
      <attribute name="smudge">false</attribute>
    </box>
  </image>
  <image id="190" name="rc19-experiment/INDOOR/SET_CIRCLE_RANDOM_GO_bottom/49113.png" width="640" height="480">
    <box label="ball" occluded="0" source="auto" xtl="276.90" ytl="158.14" xbr="427.17" ybr="305.03" z_order="0">
      <attribute name="smudge">false</attribute>
    </box>
  </image>
  <image id="189" name="rc19-experiment/INDOOR/SET_CIRCLE_RANDOM_GO_bottom/49109.png" width="640" height="480">
    <box label="ball" occluded="0" source="auto" xtl="207.46" ytl="166.19" xbr="356.89" ybr="306.91" z_order="0">
      <attribute name="smudge">false</attribute>
    </box>
  </image>
  <image id="188" name="rc19-experiment/INDOOR/SET_CIRCLE_RANDOM_GO_bottom/49106.png" width="640" height="480">
    <box label="ball" occluded="0" source="auto" xtl="194.59" ytl="173.74" xbr="343.51" ybr="326.51" z_order="0">
      <attribute name="smudge">false</attribute>
    </box>
  </image>
  <image id="187" name="rc19-experiment/INDOOR/SET_CIRCLE_RANDOM_GO_bottom/49102.png" width="640" height="480">
    <box label="ball" occluded="0" source="auto" xtl="247.55" ytl="208.63" xbr="397.03" ybr="362.47" z_order="0">
      <attribute name="smudge">false</attribute>
    </box>
  </image>
  <image id="186" name="rc19-experiment/INDOOR/SET_CIRCLE_RANDOM_GO_bottom/49099.png" width="640" height="480">
    <box label="ball" occluded="0" source="auto" xtl="319.59" ytl="188.06" xbr="469.24" ybr="333.40" z_order="0">
      <attribute name="smudge">false</attribute>
    </box>
  </image>
  <image id="185" name="rc19-experiment/INDOOR/SET_CIRCLE_RANDOM_GO_bottom/49096.png" width="640" height="480">
    <box label="ball" occluded="0" source="auto" xtl="337.28" ytl="205.07" xbr="487.90" ybr="351.89" z_order="0">
      <attribute name="smudge">false</attribute>
    </box>
  </image>
  <image id="184" name="rc19-experiment/INDOOR/SET_CIRCLE_RANDOM_GO_bottom/49092.png" width="640" height="480">
    <box label="ball" occluded="0" source="auto" xtl="293.24" ytl="176.26" xbr="442.41" ybr="325.30" z_order="0">
      <attribute name="smudge">false</attribute>
    </box>
  </image>
  <image id="183" name="rc19-experiment/INDOOR/SET_CIRCLE_RANDOM_GO_bottom/49089.png" width="640" height="480">
    <box label="ball" occluded="0" source="auto" xtl="222.78" ytl="208.00" xbr="376.46" ybr="357.96" z_order="0">
      <attribute name="smudge">false</attribute>
    </box>
  </image>
  <image id="182" name="rc19-experiment/INDOOR/SET_CIRCLE_RANDOM_GO_bottom/49085.png" width="640" height="480">
    <box label="ball" occluded="0" source="auto" xtl="216.73" ytl="262.50" xbr="372.98" ybr="412.58" z_order="0">
      <attribute name="smudge">false</attribute>
    </box>
  </image>
  <image id="181" name="rc19-experiment/INDOOR/SET_CIRCLE_RANDOM_GO_bottom/49082.png" width="640" height="480">
    <box label="ball" occluded="0" source="auto" xtl="265.49" ytl="227.73" xbr="419.78" ybr="377.06" z_order="0">
      <attribute name="smudge">false</attribute>
    </box>
  </image>
  <image id="180" name="rc19-experiment/INDOOR/SET_CIRCLE_RANDOM_GO_bottom/49079.png" width="640" height="480">
    <box label="ball" occluded="0" source="auto" xtl="302.08" ytl="244.53" xbr="455.85" ybr="398.41" z_order="0">
      <attribute name="smudge">false</attribute>
    </box>
  </image>
  <image id="179" name="rc19-experiment/INDOOR/SET_CIRCLE_RANDOM_GO_bottom/49075.png" width="640" height="480">
    <box label="ball" occluded="0" source="auto" xtl="284.92" ytl="233.75" xbr="441.63" ybr="392.87" z_order="0">
      <attribute name="smudge">false</attribute>
    </box>
  </image>
  <image id="178" name="rc19-experiment/INDOOR/SET_CIRCLE_RANDOM_GO_bottom/49072.png" width="640" height="480">
    <box label="ball" occluded="0" source="auto" xtl="235.50" ytl="231.33" xbr="393.59" ybr="385.68" z_order="0">
      <attribute name="smudge">false</attribute>
    </box>
  </image>
  <image id="177" name="rc19-experiment/INDOOR/SET_CIRCLE_RANDOM_GO_bottom/49069.png" width="640" height="480">
    <box label="ball" occluded="0" source="auto" xtl="188.65" ytl="250.03" xbr="347.11" ybr="408.16" z_order="0">
      <attribute name="smudge">false</attribute>
    </box>
  </image>
  <image id="176" name="rc19-experiment/INDOOR/SET_CIRCLE_RANDOM_GO_bottom/49065.png" width="640" height="480">
    <box label="ball" occluded="0" source="auto" xtl="203.83" ytl="238.22" xbr="361.85" ybr="417.38" z_order="0">
      <attribute name="smudge">false</attribute>
    </box>
  </image>
  <image id="175" name="rc19-experiment/INDOOR/SET_CIRCLE_RANDOM_GO_bottom/49062.png" width="640" height="480">
    <box label="ball" occluded="0" source="auto" xtl="292.89" ytl="223.65" xbr="452.22" ybr="383.82" z_order="0">
      <attribute name="smudge">false</attribute>
    </box>
  </image>
  <image id="174" name="rc19-experiment/INDOOR/SET_CIRCLE_RANDOM_GO_bottom/49058.png" width="640" height="480">
    <box label="ball" occluded="0" source="auto" xtl="306.73" ytl="205.92" xbr="462.57" ybr="371.62" z_order="0">
      <attribute name="smudge">false</attribute>
    </box>
  </image>
  <image id="173" name="rc19-experiment/INDOOR/SET_CIRCLE_RANDOM_GO_bottom/49055.png" width="640" height="480">
    <box label="ball" occluded="0" source="auto" xtl="218.90" ytl="177.42" xbr="374.70" ybr="333.38" z_order="0">
      <attribute name="smudge">false</attribute>
    </box>
  </image>
  <image id="172" name="rc19-experiment/INDOOR/SET_CIRCLE_RANDOM_GO_bottom/49052.png" width="640" height="480">
    <box label="ball" occluded="0" source="auto" xtl="196.48" ytl="165.80" xbr="346.92" ybr="313.07" z_order="0">
      <attribute name="smudge">false</attribute>
    </box>
  </image>
  <image id="171" name="rc19-experiment/INDOOR/SET_CIRCLE_RANDOM_GO_bottom/49049.png" width="640" height="480">
    <box label="ball" occluded="0" source="auto" xtl="247.58" ytl="229.27" xbr="405.42" ybr="383.15" z_order="0">
      <attribute name="smudge">false</attribute>
    </box>
  </image>
  <image id="170" name="rc19-experiment/INDOOR/SET_CIRCLE_RANDOM_GO_bottom/49045.png" width="640" height="480">
    <box label="ball" occluded="0" source="auto" xtl="270.63" ytl="133.05" xbr="415.06" ybr="273.25" z_order="0">
      <attribute name="smudge">false</attribute>
    </box>
  </image>
  <image id="169" name="rc19-experiment/INDOOR/SET_CIRCLE_RANDOM_GO_bottom/49041.png" width="640" height="480">
    <box label="ball" occluded="0" source="auto" xtl="245.00" ytl="199.17" xbr="387.69" ybr="336.75" z_order="0">
      <attribute name="smudge">false</attribute>
    </box>
  </image>
  <image id="168" name="rc19-experiment/INDOOR/SET_CIRCLE_RANDOM_GO_bottom/49038.png" width="640" height="480">
    <box label="ball" occluded="0" source="auto" xtl="201.14" ytl="207.98" xbr="344.23" ybr="355.39" z_order="0">
      <attribute name="smudge">false</attribute>
    </box>
  </image>
  <image id="167" name="rc19-experiment/INDOOR/SET_CIRCLE_RANDOM_GO_bottom/49035.png" width="640" height="480">
    <box label="ball" occluded="0" source="auto" xtl="175.58" ytl="153.14" xbr="316.48" ybr="304.07" z_order="0">
      <attribute name="smudge">false</attribute>
    </box>
  </image>
  <image id="166" name="rc19-experiment/INDOOR/SET_CIRCLE_RANDOM_GO_bottom/49031.png" width="640" height="480">
    <box label="ball" occluded="0" source="auto" xtl="243.42" ytl="66.35" xbr="386.96" ybr="201.07" z_order="0">
      <attribute name="smudge">false</attribute>
    </box>
  </image>
  <image id="165" name="rc19-experiment/INDOOR/SET_CIRCLE_RANDOM_GO_bottom/49027.png" width="640" height="480">
    <box label="ball" occluded="0" source="auto" xtl="326.00" ytl="17.46" xbr="466.54" ybr="151.68" z_order="0">
      <attribute name="smudge">false</attribute>
    </box>
  </image>
  <image id="164" name="rc19-experiment/INDOOR/SET_CIRCLE_RANDOM_GO_bottom/49024.png" width="640" height="480">
    <box label="ball" occluded="0" source="auto" xtl="331.92" ytl="87.63" xbr="462.03" ybr="214.40" z_order="0">
      <attribute name="smudge">false</attribute>
    </box>
  </image>
  <image id="163" name="rc19-experiment/INDOOR/SET_CIRCLE_RANDOM_GO_bottom/49021.png" width="640" height="480">
    <box label="ball" occluded="0" source="auto" xtl="258.69" ytl="0.43" xbr="391.86" ybr="126.63" z_order="0">
      <attribute name="smudge">false</attribute>
    </box>
  </image>
  <image id="162" name="rc19-experiment/INDOOR/SET_CIRCLE_RANDOM_GO_bottom/49018.png" width="640" height="480">
    <box label="ball" occluded="0" source="auto" xtl="227.14" ytl="4.68" xbr="362.19" ybr="127.36" z_order="0">
      <attribute name="smudge">false</attribute>
    </box>
  </image>
  <image id="161" name="rc19-experiment/INDOOR/SET_CIRCLE_RANDOM_GO_bottom/49015.png" width="640" height="480">
    <box label="ball" occluded="0" source="auto" xtl="298.70" ytl="0.49" xbr="429.17" ybr="126.66" z_order="0">
      <attribute name="smudge">false</attribute>
    </box>
  </image>
  <image id="160" name="rc19-experiment/INDOOR/SET_CIRCLE_RANDOM_GO_bottom/49011.png" width="640" height="480">
    <box label="ball" occluded="0" source="auto" xtl="322.94" ytl="0.02" xbr="431.29" ybr="46.86" z_order="0">
      <attribute name="smudge">false</attribute>
    </box>
  </image>
  <image id="159" name="rc19-experiment/INDOOR/SET_CIRCLE_RANDOM_GO_bottom/49008.png" width="640" height="480">
    <box label="ball" occluded="0" source="auto" xtl="293.22" ytl="0.08" xbr="409.05" ybr="78.61" z_order="0">
      <attribute name="smudge">false</attribute>
    </box>
  </image>
  <image id="158" name="rc19-experiment/INDOOR/SET_CIRCLE_RANDOM_GO_bottom/49004.png" width="640" height="480">
    <box label="ball" occluded="0" source="auto" xtl="207.58" ytl="0.88" xbr="320.50" ybr="101.78" z_order="0">
      <attribute name="smudge">false</attribute>
    </box>
  </image>
  <image id="157" name="rc19-experiment/INDOOR/SET_CIRCLE_RANDOM_GO_bottom/49001.png" width="640" height="480">
    <box label="ball" occluded="0" source="auto" xtl="204.91" ytl="65.18" xbr="309.94" ybr="165.22" z_order="0">
      <attribute name="smudge">false</attribute>
    </box>
  </image>
  <image id="156" name="rc19-experiment/INDOOR/SET_CIRCLE_RANDOM_GO_bottom/48998.png" width="640" height="480">
    <box label="ball" occluded="0" source="auto" xtl="267.93" ytl="189.76" xbr="372.13" ybr="288.86" z_order="0">
      <attribute name="smudge">false</attribute>
    </box>
  </image>
  <image id="155" name="rc19-experiment/INDOOR/SET_CIRCLE_RANDOM_GO_bottom/48994.png" width="640" height="480">
    <box label="ball" occluded="0" source="auto" xtl="231.51" ytl="117.47" xbr="333.85" ybr="217.02" z_order="0">
      <attribute name="smudge">false</attribute>
    </box>
  </image>
  <image id="154" name="rc19-experiment/INDOOR/SET_CIRCLE_RANDOM_GO_bottom/48991.png" width="640" height="480">
    <box label="ball" occluded="0" source="auto" xtl="195.18" ytl="170.35" xbr="294.78" ybr="268.40" z_order="0">
      <attribute name="smudge">false</attribute>
    </box>
  </image>
  <image id="153" name="rc19-experiment/INDOOR/SET_CIRCLE_RANDOM_GO_bottom/48987.png" width="640" height="480">
    <box label="ball" occluded="0" source="auto" xtl="232.36" ytl="125.23" xbr="327.16" ybr="218.53" z_order="0">
      <attribute name="smudge">false</attribute>
    </box>
  </image>
  <image id="152" name="rc19-experiment/INDOOR/SET_CIRCLE_RANDOM_GO_bottom/48984.png" width="640" height="480">
    <box label="ball" occluded="0" source="auto" xtl="204.43" ytl="95.42" xbr="302.90" ybr="194.29" z_order="0">
      <attribute name="smudge">false</attribute>
    </box>
  </image>
  <image id="151" name="rc19-experiment/INDOOR/SET_CIRCLE_RANDOM_GO_bottom/48981.png" width="640" height="480">
    <box label="ball" occluded="0" source="auto" xtl="178.16" ytl="211.63" xbr="269.58" ybr="300.34" z_order="0">
      <attribute name="smudge">false</attribute>
    </box>
  </image>
  <image id="150" name="rc19-experiment/INDOOR/SET_CIRCLE_RANDOM_GO_bottom/48977.png" width="640" height="480">
    <box label="ball" occluded="0" source="auto" xtl="312.50" ytl="131.13" xbr="405.61" ybr="218.23" z_order="0">
      <attribute name="smudge">false</attribute>
    </box>
  </image>
  <image id="149" name="rc19-experiment/INDOOR/SET_CIRCLE_RANDOM_GO_bottom/48974.png" width="640" height="480">
    <box label="ball" occluded="0" source="auto" xtl="358.37" ytl="149.66" xbr="447.90" ybr="236.67" z_order="0">
      <attribute name="smudge">false</attribute>
    </box>
  </image>
  <image id="148" name="rc19-experiment/INDOOR/SET_CIRCLE_RANDOM_GO_bottom/48970.png" width="640" height="480">
    <box label="ball" occluded="0" source="auto" xtl="224.51" ytl="134.76" xbr="315.05" ybr="222.63" z_order="0">
      <attribute name="smudge">false</attribute>
    </box>
  </image>
  <image id="147" name="rc19-experiment/INDOOR/SET_CIRCLE_RANDOM_GO_bottom/48967.png" width="640" height="480">
    <box label="ball" occluded="0" source="auto" xtl="188.31" ytl="123.37" xbr="280.67" ybr="207.98" z_order="0">
      <attribute name="smudge">false</attribute>
    </box>
  </image>
  <image id="146" name="rc19-experiment/INDOOR/SET_CIRCLE_RANDOM_GO_bottom/48963.png" width="640" height="480">
    <box label="ball" occluded="0" source="auto" xtl="234.76" ytl="82.67" xbr="327.23" ybr="171.87" z_order="0">
      <attribute name="smudge">false</attribute>
    </box>
  </image>
  <image id="145" name="rc19-experiment/INDOOR/SET_CIRCLE_RANDOM_GO_bottom/48960.png" width="640" height="480">
    <box label="ball" occluded="0" source="auto" xtl="337.97" ytl="54.84" xbr="427.48" ybr="139.02" z_order="0">
      <attribute name="smudge">false</attribute>
    </box>
  </image>
  <image id="144" name="rc19-experiment/INDOOR/SET_CIRCLE_RANDOM_GO_bottom/48956.png" width="640" height="480">
    <box label="ball" occluded="0" source="auto" xtl="404.32" ytl="130.18" xbr="488.75" ybr="219.10" z_order="0">
      <attribute name="smudge">false</attribute>
    </box>
  </image>
  <image id="143" name="rc19-experiment/INDOOR/SET_CIRCLE_RANDOM_GO_bottom/48953.png" width="640" height="480">
    <box label="ball" occluded="0" source="auto" xtl="474.19" ytl="109.78" xbr="559.52" ybr="191.74" z_order="0">
      <attribute name="smudge">false</attribute>
    </box>
  </image>
  <image id="142" name="rc19-experiment/INDOOR/SET_CIRCLE_RANDOM_GO_bottom/48949.png" width="640" height="480">
    <box label="ball" occluded="0" source="auto" xtl="464.77" ytl="153.60" xbr="554.19" ybr="234.49" z_order="0">
      <attribute name="smudge">false</attribute>
    </box>
  </image>
  <image id="141" name="rc19-experiment/INDOOR/SET_CIRCLE_RANDOM_GO_bottom/48946.png" width="640" height="480">
    <box label="ball" occluded="0" source="auto" xtl="367.75" ytl="131.01" xbr="453.65" ybr="208.10" z_order="0">
      <attribute name="smudge">false</attribute>
    </box>
  </image>
  <image id="140" name="rc19-experiment/INDOOR/SET_CIRCLE_RANDOM_GO_bottom/48943.png" width="640" height="480">
    <box label="ball" occluded="0" source="auto" xtl="250.61" ytl="104.40" xbr="330.29" ybr="175.33" z_order="0">
      <attribute name="smudge">false</attribute>
    </box>
  </image>
  <image id="139" name="rc19-experiment/INDOOR/SET_CIRCLE_RANDOM_GO_bottom/48940.png" width="640" height="480">
    <box label="ball" occluded="0" source="auto" xtl="164.43" ytl="148.17" xbr="243.68" ybr="220.46" z_order="0">
      <attribute name="smudge">false</attribute>
    </box>
  </image>
  <image id="138" name="rc19-experiment/INDOOR/SET_CIRCLE_RANDOM_GO_bottom/48936.png" width="640" height="480">
    <box label="ball" occluded="0" source="auto" xtl="0.09" ytl="116.26" xbr="60.46" ybr="194.00" z_order="0">
      <attribute name="smudge">false</attribute>
    </box>
  </image>
  <image id="137" name="rc19-experiment/INDOOR/SET_CIRCLE_RANDOM_GO_bottom/48932.png" width="640" height="480">
  </image>
  <image id="136" name="rc19-experiment/INDOOR/SET_CIRCLE_RANDOM_GO_bottom/48929.png" width="640" height="480">
  </image>
  <image id="135" name="rc19-experiment/INDOOR/SET_CIRCLE_RANDOM_GO_bottom/48925.png" width="640" height="480">
  </image>
  <image id="134" name="rc19-experiment/INDOOR/SET_CIRCLE_RANDOM_GO_bottom/48922.png" width="640" height="480">
  </image>
  <image id="133" name="rc19-experiment/INDOOR/SET_CIRCLE_RANDOM_GO_bottom/48919.png" width="640" height="480">
  </image>
  <image id="132" name="rc19-experiment/INDOOR/SET_CIRCLE_RANDOM_GO_bottom/48916.png" width="640" height="480">
  </image>
  <image id="131" name="rc19-experiment/INDOOR/SET_CIRCLE_RANDOM_GO_bottom/48912.png" width="640" height="480">
  </image>
  <image id="130" name="rc19-experiment/INDOOR/SET_CIRCLE_RANDOM_GO_bottom/48909.png" width="640" height="480">
  </image>
  <image id="129" name="rc19-experiment/INDOOR/SET_CIRCLE_RANDOM_GO_bottom/48905.png" width="640" height="480">
  </image>
  <image id="128" name="rc19-experiment/INDOOR/SET_CIRCLE_RANDOM_GO_bottom/48902.png" width="640" height="480">
  </image>
  <image id="127" name="rc19-experiment/INDOOR/SET_CIRCLE_RANDOM_GO_bottom/48898.png" width="640" height="480">
  </image>
  <image id="126" name="rc19-experiment/INDOOR/SET_CIRCLE_RANDOM_GO_bottom/48895.png" width="640" height="480">
  </image>
  <image id="125" name="rc19-experiment/INDOOR/SET_CIRCLE_RANDOM_GO_bottom/48892.png" width="640" height="480">
  </image>
  <image id="124" name="rc19-experiment/INDOOR/SET_CIRCLE_RANDOM_GO_bottom/48888.png" width="640" height="480">
  </image>
  <image id="123" name="rc19-experiment/INDOOR/SET_CIRCLE_RANDOM_GO_bottom/48885.png" width="640" height="480">
  </image>
  <image id="122" name="rc19-experiment/INDOOR/SET_CIRCLE_RANDOM_GO_bottom/48881.png" width="640" height="480">
  </image>
  <image id="121" name="rc19-experiment/INDOOR/SET_CIRCLE_RANDOM_GO_bottom/48878.png" width="640" height="480">
  </image>
  <image id="120" name="rc19-experiment/INDOOR/SET_CIRCLE_RANDOM_GO_bottom/48875.png" width="640" height="480">
  </image>
  <image id="119" name="rc19-experiment/INDOOR/SET_CIRCLE_RANDOM_GO_bottom/48871.png" width="640" height="480">
  </image>
  <image id="118" name="rc19-experiment/INDOOR/SET_CIRCLE_RANDOM_GO_bottom/48867.png" width="640" height="480">
  </image>
  <image id="117" name="rc19-experiment/INDOOR/SET_CIRCLE_RANDOM_GO_bottom/48864.png" width="640" height="480">
  </image>
  <image id="116" name="rc19-experiment/INDOOR/SET_CIRCLE_RANDOM_GO_bottom/48861.png" width="640" height="480">
  </image>
  <image id="115" name="rc19-experiment/INDOOR/SET_CIRCLE_RANDOM_GO_bottom/48857.png" width="640" height="480">
  </image>
  <image id="114" name="rc19-experiment/INDOOR/SET_CIRCLE_RANDOM_GO_bottom/48853.png" width="640" height="480">
  </image>
  <image id="113" name="rc19-experiment/INDOOR/SET_CIRCLE_RANDOM_GO_bottom/48850.png" width="640" height="480">
  </image>
  <image id="112" name="rc19-experiment/INDOOR/SET_CIRCLE_RANDOM_GO_bottom/48847.png" width="640" height="480">
  </image>
  <image id="111" name="rc19-experiment/INDOOR/SET_CIRCLE_RANDOM_GO_bottom/48844.png" width="640" height="480">
  </image>
  <image id="110" name="rc19-experiment/INDOOR/SET_CIRCLE_RANDOM_GO_bottom/48840.png" width="640" height="480">
  </image>
  <image id="109" name="rc19-experiment/INDOOR/SET_CIRCLE_RANDOM_GO_bottom/48837.png" width="640" height="480">
  </image>
  <image id="108" name="rc19-experiment/INDOOR/SET_CIRCLE_RANDOM_GO_bottom/48833.png" width="640" height="480">
  </image>
  <image id="107" name="rc19-experiment/INDOOR/SET_CIRCLE_RANDOM_GO_bottom/48829.png" width="640" height="480">
  </image>
  <image id="106" name="rc19-experiment/INDOOR/SET_CIRCLE_RANDOM_GO_bottom/48826.png" width="640" height="480">
  </image>
  <image id="105" name="rc19-experiment/INDOOR/SET_CIRCLE_RANDOM_GO_bottom/48823.png" width="640" height="480">
  </image>
  <image id="104" name="rc19-experiment/INDOOR/SET_CIRCLE_RANDOM_GO_bottom/48819.png" width="640" height="480">
  </image>
  <image id="103" name="rc19-experiment/INDOOR/SET_CIRCLE_RANDOM_GO_bottom/48816.png" width="640" height="480">
  </image>
  <image id="102" name="rc19-experiment/INDOOR/SET_CIRCLE_RANDOM_GO_bottom/48813.png" width="640" height="480">
  </image>
  <image id="101" name="rc19-experiment/INDOOR/SET_CIRCLE_RANDOM_GO_bottom/48809.png" width="640" height="480">
  </image>
  <image id="100" name="rc19-experiment/INDOOR/SET_CIRCLE_RANDOM_GO_bottom/48806.png" width="640" height="480">
  </image>
  <image id="99" name="rc19-experiment/INDOOR/SET_CIRCLE_RANDOM_GO_bottom/48803.png" width="640" height="480">
  </image>
  <image id="98" name="rc19-experiment/INDOOR/SET_CIRCLE_RANDOM_GO_bottom/48799.png" width="640" height="480">
  </image>
  <image id="97" name="rc19-experiment/INDOOR/SET_CIRCLE_RANDOM_GO_bottom/48796.png" width="640" height="480">
  </image>
  <image id="96" name="rc19-experiment/INDOOR/SET_CIRCLE_RANDOM_GO_bottom/48793.png" width="640" height="480">
  </image>
  <image id="95" name="rc19-experiment/INDOOR/SET_CIRCLE_RANDOM_GO_bottom/48790.png" width="640" height="480">
  </image>
  <image id="94" name="rc19-experiment/INDOOR/SET_CIRCLE_RANDOM_GO_bottom/48787.png" width="640" height="480">
  </image>
  <image id="93" name="rc19-experiment/INDOOR/SET_CIRCLE_RANDOM_GO_bottom/48784.png" width="640" height="480">
  </image>
  <image id="92" name="rc19-experiment/INDOOR/SET_CIRCLE_RANDOM_GO_bottom/48781.png" width="640" height="480">
  </image>
  <image id="91" name="rc19-experiment/INDOOR/SET_CIRCLE_RANDOM_GO_bottom/48778.png" width="640" height="480">
  </image>
  <image id="90" name="rc19-experiment/INDOOR/SET_CIRCLE_RANDOM_GO_bottom/48775.png" width="640" height="480">
  </image>
  <image id="89" name="rc19-experiment/INDOOR/SET_CIRCLE_RANDOM_GO_bottom/48772.png" width="640" height="480">
  </image>
  <image id="88" name="rc19-experiment/INDOOR/SET_CIRCLE_RANDOM_GO_bottom/48769.png" width="640" height="480">
  </image>
  <image id="87" name="rc19-experiment/INDOOR/SET_CIRCLE_RANDOM_GO_bottom/48766.png" width="640" height="480">
  </image>
  <image id="86" name="rc19-experiment/INDOOR/SET_CIRCLE_RANDOM_GO_bottom/48763.png" width="640" height="480">
  </image>
  <image id="85" name="rc19-experiment/INDOOR/SET_CIRCLE_RANDOM_GO_bottom/48760.png" width="640" height="480">
  </image>
  <image id="84" name="rc19-experiment/INDOOR/SET_CIRCLE_RANDOM_GO_bottom/48756.png" width="640" height="480">
  </image>
  <image id="83" name="rc19-experiment/INDOOR/SET_CIRCLE_RANDOM_GO_bottom/48753.png" width="640" height="480">
  </image>
  <image id="82" name="rc19-experiment/INDOOR/SET_CIRCLE_RANDOM_GO_bottom/48750.png" width="640" height="480">
  </image>
  <image id="81" name="rc19-experiment/INDOOR/SET_CIRCLE_RANDOM_GO_bottom/48746.png" width="640" height="480">
  </image>
  <image id="80" name="rc19-experiment/INDOOR/SET_CIRCLE_RANDOM_GO_bottom/48743.png" width="640" height="480">
  </image>
  <image id="79" name="rc19-experiment/INDOOR/SET_CIRCLE_RANDOM_GO_bottom/48740.png" width="640" height="480">
  </image>
  <image id="78" name="rc19-experiment/INDOOR/SET_CIRCLE_RANDOM_GO_bottom/48736.png" width="640" height="480">
  </image>
  <image id="77" name="rc19-experiment/INDOOR/SET_CIRCLE_RANDOM_GO_bottom/48733.png" width="640" height="480">
  </image>
  <image id="76" name="rc19-experiment/INDOOR/SET_CIRCLE_RANDOM_GO_bottom/48729.png" width="640" height="480">
  </image>
  <image id="75" name="rc19-experiment/INDOOR/SET_CIRCLE_RANDOM_GO_bottom/48726.png" width="640" height="480">
  </image>
  <image id="74" name="rc19-experiment/INDOOR/SET_CIRCLE_RANDOM_GO_bottom/48722.png" width="640" height="480">
  </image>
  <image id="73" name="rc19-experiment/INDOOR/SET_CIRCLE_RANDOM_GO_bottom/48719.png" width="640" height="480">
  </image>
  <image id="72" name="rc19-experiment/INDOOR/SET_CIRCLE_RANDOM_GO_bottom/48715.png" width="640" height="480">
  </image>
  <image id="71" name="rc19-experiment/INDOOR/SET_CIRCLE_RANDOM_GO_bottom/48712.png" width="640" height="480">
  </image>
  <image id="70" name="rc19-experiment/INDOOR/SET_CIRCLE_RANDOM_GO_bottom/48708.png" width="640" height="480">
  </image>
  <image id="69" name="rc19-experiment/INDOOR/SET_CIRCLE_RANDOM_GO_bottom/48705.png" width="640" height="480">
  </image>
  <image id="68" name="rc19-experiment/INDOOR/SET_CIRCLE_RANDOM_GO_bottom/48702.png" width="640" height="480">
  </image>
  <image id="67" name="rc19-experiment/INDOOR/SET_CIRCLE_RANDOM_GO_bottom/48699.png" width="640" height="480">
  </image>
  <image id="66" name="rc19-experiment/INDOOR/SET_CIRCLE_RANDOM_GO_bottom/48696.png" width="640" height="480">
  </image>
  <image id="65" name="rc19-experiment/INDOOR/SET_CIRCLE_RANDOM_GO_bottom/48693.png" width="640" height="480">
  </image>
  <image id="64" name="rc19-experiment/INDOOR/SET_CIRCLE_RANDOM_GO_bottom/48689.png" width="640" height="480">
  </image>
  <image id="63" name="rc19-experiment/INDOOR/SET_CIRCLE_RANDOM_GO_bottom/48686.png" width="640" height="480">
  </image>
  <image id="62" name="rc19-experiment/INDOOR/SET_CIRCLE_RANDOM_GO_bottom/48683.png" width="640" height="480">
  </image>
  <image id="61" name="rc19-experiment/INDOOR/SET_CIRCLE_RANDOM_GO_bottom/48680.png" width="640" height="480">
  </image>
  <image id="60" name="rc19-experiment/INDOOR/SET_CIRCLE_RANDOM_GO_bottom/48676.png" width="640" height="480">
  </image>
  <image id="59" name="rc19-experiment/INDOOR/SET_CIRCLE_RANDOM_GO_bottom/48672.png" width="640" height="480">
  </image>
  <image id="58" name="rc19-experiment/INDOOR/SET_CIRCLE_RANDOM_GO_bottom/48669.png" width="640" height="480">
  </image>
  <image id="57" name="rc19-experiment/INDOOR/SET_CIRCLE_RANDOM_GO_bottom/48666.png" width="640" height="480">
  </image>
  <image id="56" name="rc19-experiment/INDOOR/SET_CIRCLE_RANDOM_GO_bottom/48662.png" width="640" height="480">
  </image>
  <image id="55" name="rc19-experiment/INDOOR/SET_CIRCLE_RANDOM_GO_bottom/48659.png" width="640" height="480">
  </image>
  <image id="54" name="rc19-experiment/INDOOR/SET_CIRCLE_RANDOM_GO_bottom/48656.png" width="640" height="480">
  </image>
  <image id="53" name="rc19-experiment/INDOOR/SET_CIRCLE_RANDOM_GO_bottom/48652.png" width="640" height="480">
  </image>
  <image id="52" name="rc19-experiment/INDOOR/SET_CIRCLE_RANDOM_GO_bottom/48649.png" width="640" height="480">
  </image>
  <image id="51" name="rc19-experiment/INDOOR/SET_CIRCLE_RANDOM_GO_bottom/48645.png" width="640" height="480">
  </image>
  <image id="50" name="rc19-experiment/INDOOR/SET_CIRCLE_RANDOM_GO_bottom/48642.png" width="640" height="480">
  </image>
  <image id="49" name="rc19-experiment/INDOOR/SET_CIRCLE_RANDOM_GO_bottom/48639.png" width="640" height="480">
  </image>
  <image id="48" name="rc19-experiment/INDOOR/SET_CIRCLE_RANDOM_GO_bottom/48635.png" width="640" height="480">
  </image>
  <image id="47" name="rc19-experiment/INDOOR/SET_CIRCLE_RANDOM_GO_bottom/48632.png" width="640" height="480">
  </image>
  <image id="46" name="rc19-experiment/INDOOR/SET_CIRCLE_RANDOM_GO_bottom/48628.png" width="640" height="480">
  </image>
  <image id="45" name="rc19-experiment/INDOOR/SET_CIRCLE_RANDOM_GO_bottom/48625.png" width="640" height="480">
  </image>
  <image id="44" name="rc19-experiment/INDOOR/SET_CIRCLE_RANDOM_GO_bottom/48622.png" width="640" height="480">
  </image>
  <image id="43" name="rc19-experiment/INDOOR/SET_CIRCLE_RANDOM_GO_bottom/48618.png" width="640" height="480">
  </image>
  <image id="42" name="rc19-experiment/INDOOR/SET_CIRCLE_RANDOM_GO_bottom/48615.png" width="640" height="480">
  </image>
  <image id="41" name="rc19-experiment/INDOOR/SET_CIRCLE_RANDOM_GO_bottom/48611.png" width="640" height="480">
  </image>
  <image id="40" name="rc19-experiment/INDOOR/SET_CIRCLE_RANDOM_GO_bottom/48607.png" width="640" height="480">
  </image>
  <image id="39" name="rc19-experiment/INDOOR/SET_CIRCLE_RANDOM_GO_bottom/48604.png" width="640" height="480">
  </image>
  <image id="38" name="rc19-experiment/INDOOR/SET_CIRCLE_RANDOM_GO_bottom/48601.png" width="640" height="480">
  </image>
  <image id="37" name="rc19-experiment/INDOOR/SET_CIRCLE_RANDOM_GO_bottom/48597.png" width="640" height="480">
  </image>
  <image id="36" name="rc19-experiment/INDOOR/SET_CIRCLE_RANDOM_GO_bottom/48594.png" width="640" height="480">
  </image>
  <image id="35" name="rc19-experiment/INDOOR/SET_CIRCLE_RANDOM_GO_bottom/48591.png" width="640" height="480">
  </image>
  <image id="34" name="rc19-experiment/INDOOR/SET_CIRCLE_RANDOM_GO_bottom/48588.png" width="640" height="480">
  </image>
  <image id="33" name="rc19-experiment/INDOOR/SET_CIRCLE_RANDOM_GO_bottom/48584.png" width="640" height="480">
  </image>
  <image id="32" name="rc19-experiment/INDOOR/SET_CIRCLE_RANDOM_GO_bottom/48581.png" width="640" height="480">
  </image>
  <image id="31" name="rc19-experiment/INDOOR/SET_CIRCLE_RANDOM_GO_bottom/48577.png" width="640" height="480">
  </image>
  <image id="30" name="rc19-experiment/INDOOR/SET_CIRCLE_RANDOM_GO_bottom/48574.png" width="640" height="480">
  </image>
  <image id="29" name="rc19-experiment/INDOOR/SET_CIRCLE_RANDOM_GO_bottom/48571.png" width="640" height="480">
  </image>
  <image id="28" name="rc19-experiment/INDOOR/SET_CIRCLE_RANDOM_GO_bottom/48567.png" width="640" height="480">
  </image>
  <image id="27" name="rc19-experiment/INDOOR/SET_CIRCLE_RANDOM_GO_bottom/48563.png" width="640" height="480">
  </image>
  <image id="26" name="rc19-experiment/INDOOR/SET_CIRCLE_RANDOM_GO_bottom/48560.png" width="640" height="480">
  </image>
  <image id="25" name="rc19-experiment/INDOOR/SET_CIRCLE_RANDOM_GO_bottom/48557.png" width="640" height="480">
  </image>
  <image id="24" name="rc19-experiment/INDOOR/SET_CIRCLE_RANDOM_GO_bottom/48553.png" width="640" height="480">
  </image>
  <image id="23" name="rc19-experiment/INDOOR/SET_CIRCLE_RANDOM_GO_bottom/48550.png" width="640" height="480">
  </image>
  <image id="22" name="rc19-experiment/INDOOR/SET_CIRCLE_RANDOM_GO_bottom/48546.png" width="640" height="480">
  </image>
  <image id="21" name="rc19-experiment/INDOOR/SET_CIRCLE_RANDOM_GO_bottom/48543.png" width="640" height="480">
  </image>
  <image id="20" name="rc19-experiment/INDOOR/SET_CIRCLE_RANDOM_GO_bottom/48540.png" width="640" height="480">
  </image>
  <image id="19" name="rc19-experiment/INDOOR/SET_CIRCLE_RANDOM_GO_bottom/48537.png" width="640" height="480">
  </image>
  <image id="18" name="rc19-experiment/INDOOR/SET_CIRCLE_RANDOM_GO_bottom/48533.png" width="640" height="480">
  </image>
  <image id="17" name="rc19-experiment/INDOOR/SET_CIRCLE_RANDOM_GO_bottom/48530.png" width="640" height="480">
  </image>
  <image id="16" name="rc19-experiment/INDOOR/SET_CIRCLE_RANDOM_GO_bottom/48527.png" width="640" height="480">
  </image>
  <image id="15" name="rc19-experiment/INDOOR/SET_CIRCLE_RANDOM_GO_bottom/48523.png" width="640" height="480">
  </image>
  <image id="14" name="rc19-experiment/INDOOR/SET_CIRCLE_RANDOM_GO_bottom/48520.png" width="640" height="480">
  </image>
  <image id="13" name="rc19-experiment/INDOOR/SET_CIRCLE_RANDOM_GO_bottom/48516.png" width="640" height="480">
  </image>
  <image id="12" name="rc19-experiment/INDOOR/SET_CIRCLE_RANDOM_GO_bottom/48513.png" width="640" height="480">
  </image>
  <image id="11" name="rc19-experiment/INDOOR/SET_CIRCLE_RANDOM_GO_bottom/48509.png" width="640" height="480">
  </image>
  <image id="10" name="rc19-experiment/INDOOR/SET_CIRCLE_RANDOM_GO_bottom/48506.png" width="640" height="480">
  </image>
  <image id="9" name="rc19-experiment/INDOOR/SET_CIRCLE_RANDOM_GO_bottom/48503.png" width="640" height="480">
  </image>
  <image id="8" name="rc19-experiment/INDOOR/SET_CIRCLE_RANDOM_GO_bottom/48499.png" width="640" height="480">
  </image>
  <image id="7" name="rc19-experiment/INDOOR/SET_CIRCLE_RANDOM_GO_bottom/48495.png" width="640" height="480">
  </image>
  <image id="6" name="rc19-experiment/INDOOR/SET_CIRCLE_RANDOM_GO_bottom/48492.png" width="640" height="480">
  </image>
  <image id="5" name="rc19-experiment/INDOOR/SET_CIRCLE_RANDOM_GO_bottom/48489.png" width="640" height="480">
  </image>
  <image id="4" name="rc19-experiment/INDOOR/SET_CIRCLE_RANDOM_GO_bottom/48486.png" width="640" height="480">
  </image>
  <image id="3" name="rc19-experiment/INDOOR/SET_CIRCLE_RANDOM_GO_bottom/48482.png" width="640" height="480">
  </image>
  <image id="2" name="rc19-experiment/INDOOR/SET_CIRCLE_RANDOM_GO_bottom/48479.png" width="640" height="480">
  </image>
  <image id="1" name="rc19-experiment/INDOOR/SET_CIRCLE_RANDOM_GO_bottom/48475.png" width="640" height="480">
  </image>
  <image id="0" name="rc19-experiment/INDOOR/SET_CIRCLE_RANDOM_GO_bottom/48472.png" width="640" height="480">
  </image>
</annotations>