<?xml version="1.0" encoding="utf-8"?>
<annotations>
  <version>1.1</version>
  <meta>
    <task>
      <id>31</id>
      <name>RC19Experiments-INDOOR-PLAY_bottom</name>
      <size>419</size>
      <mode>annotation</mode>
      <overlap>0</overlap>
      <bugtracker></bugtracker>
      <created>2020-04-05 10:24:39.247823+00:00</created>
      <updated>2020-04-05 10:24:39.247859+00:00</updated>
      <start_frame>0</start_frame>
      <stop_frame>418</stop_frame>
      <frame_filter></frame_filter>
      <labels>
        <label>
          <name>ball</name>
          <color>#804080</color>
          <attributes>
            <attribute>
              <name>smudge</name>
              <mutable>False</mutable>
              <input_type>checkbox</input_type>
              <default_value>false</default_value>
              <values>false</values>
            </attribute>
          </attributes>
        </label>
      </labels>
      <segments>
        <segment>
          <id>31</id>
          <start>0</start>
          <stop>418</stop>
          <url>httpball.informatik.hu-berlin.de/?id=31</url>
        </segment>
      </segments>
      <owner>
        <username>nao</username>
        <email></email>
      </owner>
      <assignee></assignee>
    </task>
    <dumped>2021-01-20 09:58:20.796978+00:00</dumped>
  </meta>
  <image id="418" name="rc19-experiment/INDOOR/PLAY_bottom/82713.png" width="640" height="480">
  </image>
  <image id="417" name="rc19-experiment/INDOOR/PLAY_bottom/82709.png" width="640" height="480">
  </image>
  <image id="416" name="rc19-experiment/INDOOR/PLAY_bottom/82705.png" width="640" height="480">
  </image>
  <image id="415" name="rc19-experiment/INDOOR/PLAY_bottom/82701.png" width="640" height="480">
  </image>
  <image id="414" name="rc19-experiment/INDOOR/PLAY_bottom/82698.png" width="640" height="480">
  </image>
  <image id="413" name="rc19-experiment/INDOOR/PLAY_bottom/82695.png" width="640" height="480">
  </image>
  <image id="412" name="rc19-experiment/INDOOR/PLAY_bottom/82692.png" width="640" height="480">
  </image>
  <image id="411" name="rc19-experiment/INDOOR/PLAY_bottom/82688.png" width="640" height="480">
  </image>
  <image id="410" name="rc19-experiment/INDOOR/PLAY_bottom/82685.png" width="640" height="480">
  </image>
  <image id="409" name="rc19-experiment/INDOOR/PLAY_bottom/82682.png" width="640" height="480">
  </image>
  <image id="408" name="rc19-experiment/INDOOR/PLAY_bottom/82678.png" width="640" height="480">
  </image>
  <image id="407" name="rc19-experiment/INDOOR/PLAY_bottom/82675.png" width="640" height="480">
  </image>
  <image id="406" name="rc19-experiment/INDOOR/PLAY_bottom/82671.png" width="640" height="480">
  </image>
  <image id="405" name="rc19-experiment/INDOOR/PLAY_bottom/82668.png" width="640" height="480">
  </image>
  <image id="404" name="rc19-experiment/INDOOR/PLAY_bottom/82665.png" width="640" height="480">
  </image>
  <image id="403" name="rc19-experiment/INDOOR/PLAY_bottom/82662.png" width="640" height="480">
  </image>
  <image id="402" name="rc19-experiment/INDOOR/PLAY_bottom/82659.png" width="640" height="480">
  </image>
  <image id="401" name="rc19-experiment/INDOOR/PLAY_bottom/82655.png" width="640" height="480">
  </image>
  <image id="400" name="rc19-experiment/INDOOR/PLAY_bottom/82652.png" width="640" height="480">
  </image>
  <image id="399" name="rc19-experiment/INDOOR/PLAY_bottom/82649.png" width="640" height="480">
  </image>
  <image id="398" name="rc19-experiment/INDOOR/PLAY_bottom/82646.png" width="640" height="480">
  </image>
  <image id="397" name="rc19-experiment/INDOOR/PLAY_bottom/82643.png" width="640" height="480">
  </image>
  <image id="396" name="rc19-experiment/INDOOR/PLAY_bottom/82639.png" width="640" height="480">
  </image>
  <image id="395" name="rc19-experiment/INDOOR/PLAY_bottom/82635.png" width="640" height="480">
  </image>
  <image id="394" name="rc19-experiment/INDOOR/PLAY_bottom/82631.png" width="640" height="480">
  </image>
  <image id="393" name="rc19-experiment/INDOOR/PLAY_bottom/82628.png" width="640" height="480">
  </image>
  <image id="392" name="rc19-experiment/INDOOR/PLAY_bottom/82625.png" width="640" height="480">
  </image>
  <image id="391" name="rc19-experiment/INDOOR/PLAY_bottom/82621.png" width="640" height="480">
  </image>
  <image id="390" name="rc19-experiment/INDOOR/PLAY_bottom/82618.png" width="640" height="480">
  </image>
  <image id="389" name="rc19-experiment/INDOOR/PLAY_bottom/82615.png" width="640" height="480">
  </image>
  <image id="388" name="rc19-experiment/INDOOR/PLAY_bottom/82611.png" width="640" height="480">
  </image>
  <image id="387" name="rc19-experiment/INDOOR/PLAY_bottom/82608.png" width="640" height="480">
  </image>
  <image id="386" name="rc19-experiment/INDOOR/PLAY_bottom/82604.png" width="640" height="480">
  </image>
  <image id="385" name="rc19-experiment/INDOOR/PLAY_bottom/82601.png" width="640" height="480">
  </image>
  <image id="384" name="rc19-experiment/INDOOR/PLAY_bottom/82597.png" width="640" height="480">
  </image>
  <image id="383" name="rc19-experiment/INDOOR/PLAY_bottom/82594.png" width="640" height="480">
  </image>
  <image id="382" name="rc19-experiment/INDOOR/PLAY_bottom/82591.png" width="640" height="480">
  </image>
  <image id="381" name="rc19-experiment/INDOOR/PLAY_bottom/82587.png" width="640" height="480">
  </image>
  <image id="380" name="rc19-experiment/INDOOR/PLAY_bottom/82583.png" width="640" height="480">
  </image>
  <image id="379" name="rc19-experiment/INDOOR/PLAY_bottom/82580.png" width="640" height="480">
  </image>
  <image id="378" name="rc19-experiment/INDOOR/PLAY_bottom/82577.png" width="640" height="480">
  </image>
  <image id="377" name="rc19-experiment/INDOOR/PLAY_bottom/82574.png" width="640" height="480">
  </image>
  <image id="376" name="rc19-experiment/INDOOR/PLAY_bottom/82570.png" width="640" height="480">
  </image>
  <image id="375" name="rc19-experiment/INDOOR/PLAY_bottom/82567.png" width="640" height="480">
  </image>
  <image id="374" name="rc19-experiment/INDOOR/PLAY_bottom/82563.png" width="640" height="480">
  </image>
  <image id="373" name="rc19-experiment/INDOOR/PLAY_bottom/82559.png" width="640" height="480">
  </image>
  <image id="372" name="rc19-experiment/INDOOR/PLAY_bottom/82556.png" width="640" height="480">
  </image>
  <image id="371" name="rc19-experiment/INDOOR/PLAY_bottom/82552.png" width="640" height="480">
  </image>
  <image id="370" name="rc19-experiment/INDOOR/PLAY_bottom/82549.png" width="640" height="480">
  </image>
  <image id="369" name="rc19-experiment/INDOOR/PLAY_bottom/82546.png" width="640" height="480">
  </image>
  <image id="368" name="rc19-experiment/INDOOR/PLAY_bottom/82542.png" width="640" height="480">
  </image>
  <image id="367" name="rc19-experiment/INDOOR/PLAY_bottom/82539.png" width="640" height="480">
  </image>
  <image id="366" name="rc19-experiment/INDOOR/PLAY_bottom/82536.png" width="640" height="480">
  </image>
  <image id="365" name="rc19-experiment/INDOOR/PLAY_bottom/82532.png" width="640" height="480">
  </image>
  <image id="364" name="rc19-experiment/INDOOR/PLAY_bottom/82529.png" width="640" height="480">
  </image>
  <image id="363" name="rc19-experiment/INDOOR/PLAY_bottom/82525.png" width="640" height="480">
  </image>
  <image id="362" name="rc19-experiment/INDOOR/PLAY_bottom/82522.png" width="640" height="480">
  </image>
  <image id="361" name="rc19-experiment/INDOOR/PLAY_bottom/82518.png" width="640" height="480">
  </image>
  <image id="360" name="rc19-experiment/INDOOR/PLAY_bottom/82514.png" width="640" height="480">
  </image>
  <image id="359" name="rc19-experiment/INDOOR/PLAY_bottom/82511.png" width="640" height="480">
  </image>
  <image id="358" name="rc19-experiment/INDOOR/PLAY_bottom/82508.png" width="640" height="480">
  </image>
  <image id="357" name="rc19-experiment/INDOOR/PLAY_bottom/82505.png" width="640" height="480">
  </image>
  <image id="356" name="rc19-experiment/INDOOR/PLAY_bottom/82501.png" width="640" height="480">
  </image>
  <image id="355" name="rc19-experiment/INDOOR/PLAY_bottom/82498.png" width="640" height="480">
  </image>
  <image id="354" name="rc19-experiment/INDOOR/PLAY_bottom/82494.png" width="640" height="480">
  </image>
  <image id="353" name="rc19-experiment/INDOOR/PLAY_bottom/82490.png" width="640" height="480">
  </image>
  <image id="352" name="rc19-experiment/INDOOR/PLAY_bottom/82487.png" width="640" height="480">
  </image>
  <image id="351" name="rc19-experiment/INDOOR/PLAY_bottom/82484.png" width="640" height="480">
  </image>
  <image id="350" name="rc19-experiment/INDOOR/PLAY_bottom/82481.png" width="640" height="480">
  </image>
  <image id="349" name="rc19-experiment/INDOOR/PLAY_bottom/82477.png" width="640" height="480">
  </image>
  <image id="348" name="rc19-experiment/INDOOR/PLAY_bottom/82474.png" width="640" height="480">
  </image>
  <image id="347" name="rc19-experiment/INDOOR/PLAY_bottom/82471.png" width="640" height="480">
  </image>
  <image id="346" name="rc19-experiment/INDOOR/PLAY_bottom/82468.png" width="640" height="480">
  </image>
  <image id="345" name="rc19-experiment/INDOOR/PLAY_bottom/82465.png" width="640" height="480">
  </image>
  <image id="344" name="rc19-experiment/INDOOR/PLAY_bottom/82462.png" width="640" height="480">
  </image>
  <image id="343" name="rc19-experiment/INDOOR/PLAY_bottom/82459.png" width="640" height="480">
  </image>
  <image id="342" name="rc19-experiment/INDOOR/PLAY_bottom/82455.png" width="640" height="480">
  </image>
  <image id="341" name="rc19-experiment/INDOOR/PLAY_bottom/82452.png" width="640" height="480">
  </image>
  <image id="340" name="rc19-experiment/INDOOR/PLAY_bottom/82449.png" width="640" height="480">
  </image>
  <image id="339" name="rc19-experiment/INDOOR/PLAY_bottom/82446.png" width="640" height="480">
  </image>
  <image id="338" name="rc19-experiment/INDOOR/PLAY_bottom/82442.png" width="640" height="480">
  </image>
  <image id="337" name="rc19-experiment/INDOOR/PLAY_bottom/82439.png" width="640" height="480">
  </image>
  <image id="336" name="rc19-experiment/INDOOR/PLAY_bottom/82436.png" width="640" height="480">
  </image>
  <image id="335" name="rc19-experiment/INDOOR/PLAY_bottom/82433.png" width="640" height="480">
  </image>
  <image id="334" name="rc19-experiment/INDOOR/PLAY_bottom/82430.png" width="640" height="480">
  </image>
  <image id="333" name="rc19-experiment/INDOOR/PLAY_bottom/82427.png" width="640" height="480">
  </image>
  <image id="332" name="rc19-experiment/INDOOR/PLAY_bottom/82424.png" width="640" height="480">
  </image>
  <image id="331" name="rc19-experiment/INDOOR/PLAY_bottom/82421.png" width="640" height="480">
  </image>
  <image id="330" name="rc19-experiment/INDOOR/PLAY_bottom/82418.png" width="640" height="480">
  </image>
  <image id="329" name="rc19-experiment/INDOOR/PLAY_bottom/82415.png" width="640" height="480">
  </image>
  <image id="328" name="rc19-experiment/INDOOR/PLAY_bottom/82411.png" width="640" height="480">
  </image>
  <image id="327" name="rc19-experiment/INDOOR/PLAY_bottom/82408.png" width="640" height="480">
  </image>
  <image id="326" name="rc19-experiment/INDOOR/PLAY_bottom/82405.png" width="640" height="480">
  </image>
  <image id="325" name="rc19-experiment/INDOOR/PLAY_bottom/82401.png" width="640" height="480">
  </image>
  <image id="324" name="rc19-experiment/INDOOR/PLAY_bottom/82398.png" width="640" height="480">
  </image>
  <image id="323" name="rc19-experiment/INDOOR/PLAY_bottom/82395.png" width="640" height="480">
  </image>
  <image id="322" name="rc19-experiment/INDOOR/PLAY_bottom/82392.png" width="640" height="480">
  </image>
  <image id="321" name="rc19-experiment/INDOOR/PLAY_bottom/82389.png" width="640" height="480">
  </image>
  <image id="320" name="rc19-experiment/INDOOR/PLAY_bottom/82385.png" width="640" height="480">
  </image>
  <image id="319" name="rc19-experiment/INDOOR/PLAY_bottom/82382.png" width="640" height="480">
  </image>
  <image id="318" name="rc19-experiment/INDOOR/PLAY_bottom/82379.png" width="640" height="480">
  </image>
  <image id="317" name="rc19-experiment/INDOOR/PLAY_bottom/82375.png" width="640" height="480">
  </image>
  <image id="316" name="rc19-experiment/INDOOR/PLAY_bottom/82372.png" width="640" height="480">
  </image>
  <image id="315" name="rc19-experiment/INDOOR/PLAY_bottom/82368.png" width="640" height="480">
  </image>
  <image id="314" name="rc19-experiment/INDOOR/PLAY_bottom/82365.png" width="640" height="480">
  </image>
  <image id="313" name="rc19-experiment/INDOOR/PLAY_bottom/82361.png" width="640" height="480">
  </image>
  <image id="312" name="rc19-experiment/INDOOR/PLAY_bottom/82358.png" width="640" height="480">
  </image>
  <image id="311" name="rc19-experiment/INDOOR/PLAY_bottom/82355.png" width="640" height="480">
  </image>
  <image id="310" name="rc19-experiment/INDOOR/PLAY_bottom/82351.png" width="640" height="480">
  </image>
  <image id="309" name="rc19-experiment/INDOOR/PLAY_bottom/82348.png" width="640" height="480">
  </image>
  <image id="308" name="rc19-experiment/INDOOR/PLAY_bottom/82345.png" width="640" height="480">
  </image>
  <image id="307" name="rc19-experiment/INDOOR/PLAY_bottom/82342.png" width="640" height="480">
  </image>
  <image id="306" name="rc19-experiment/INDOOR/PLAY_bottom/82339.png" width="640" height="480">
  </image>
  <image id="305" name="rc19-experiment/INDOOR/PLAY_bottom/82336.png" width="640" height="480">
  </image>
  <image id="304" name="rc19-experiment/INDOOR/PLAY_bottom/82333.png" width="640" height="480">
  </image>
  <image id="303" name="rc19-experiment/INDOOR/PLAY_bottom/82329.png" width="640" height="480">
  </image>
  <image id="302" name="rc19-experiment/INDOOR/PLAY_bottom/82326.png" width="640" height="480">
  </image>
  <image id="301" name="rc19-experiment/INDOOR/PLAY_bottom/82322.png" width="640" height="480">
  </image>
  <image id="300" name="rc19-experiment/INDOOR/PLAY_bottom/82319.png" width="640" height="480">
  </image>
  <image id="299" name="rc19-experiment/INDOOR/PLAY_bottom/82315.png" width="640" height="480">
  </image>
  <image id="298" name="rc19-experiment/INDOOR/PLAY_bottom/82312.png" width="640" height="480">
  </image>
  <image id="297" name="rc19-experiment/INDOOR/PLAY_bottom/82309.png" width="640" height="480">
  </image>
  <image id="296" name="rc19-experiment/INDOOR/PLAY_bottom/82306.png" width="640" height="480">
  </image>
  <image id="295" name="rc19-experiment/INDOOR/PLAY_bottom/82303.png" width="640" height="480">
  </image>
  <image id="294" name="rc19-experiment/INDOOR/PLAY_bottom/82300.png" width="640" height="480">
  </image>
  <image id="293" name="rc19-experiment/INDOOR/PLAY_bottom/82297.png" width="640" height="480">
  </image>
  <image id="292" name="rc19-experiment/INDOOR/PLAY_bottom/82293.png" width="640" height="480">
  </image>
  <image id="291" name="rc19-experiment/INDOOR/PLAY_bottom/82289.png" width="640" height="480">
  </image>
  <image id="290" name="rc19-experiment/INDOOR/PLAY_bottom/82286.png" width="640" height="480">
  </image>
  <image id="289" name="rc19-experiment/INDOOR/PLAY_bottom/82282.png" width="640" height="480">
  </image>
  <image id="288" name="rc19-experiment/INDOOR/PLAY_bottom/82279.png" width="640" height="480">
  </image>
  <image id="287" name="rc19-experiment/INDOOR/PLAY_bottom/82276.png" width="640" height="480">
  </image>
  <image id="286" name="rc19-experiment/INDOOR/PLAY_bottom/82272.png" width="640" height="480">
  </image>
  <image id="285" name="rc19-experiment/INDOOR/PLAY_bottom/82269.png" width="640" height="480">
  </image>
  <image id="284" name="rc19-experiment/INDOOR/PLAY_bottom/82265.png" width="640" height="480">
  </image>
  <image id="283" name="rc19-experiment/INDOOR/PLAY_bottom/82262.png" width="640" height="480">
  </image>
  <image id="282" name="rc19-experiment/INDOOR/PLAY_bottom/82258.png" width="640" height="480">
  </image>
  <image id="281" name="rc19-experiment/INDOOR/PLAY_bottom/82255.png" width="640" height="480">
  </image>
  <image id="280" name="rc19-experiment/INDOOR/PLAY_bottom/82251.png" width="640" height="480">
  </image>
  <image id="279" name="rc19-experiment/INDOOR/PLAY_bottom/82248.png" width="640" height="480">
  </image>
  <image id="278" name="rc19-experiment/INDOOR/PLAY_bottom/82245.png" width="640" height="480">
  </image>
  <image id="277" name="rc19-experiment/INDOOR/PLAY_bottom/82242.png" width="640" height="480">
  </image>
  <image id="276" name="rc19-experiment/INDOOR/PLAY_bottom/82238.png" width="640" height="480">
  </image>
  <image id="275" name="rc19-experiment/INDOOR/PLAY_bottom/82235.png" width="640" height="480">
  </image>
  <image id="274" name="rc19-experiment/INDOOR/PLAY_bottom/82232.png" width="640" height="480">
  </image>
  <image id="273" name="rc19-experiment/INDOOR/PLAY_bottom/82228.png" width="640" height="480">
  </image>
  <image id="272" name="rc19-experiment/INDOOR/PLAY_bottom/82224.png" width="640" height="480">
  </image>
  <image id="271" name="rc19-experiment/INDOOR/PLAY_bottom/82221.png" width="640" height="480">
  </image>
  <image id="270" name="rc19-experiment/INDOOR/PLAY_bottom/82218.png" width="640" height="480">
  </image>
  <image id="269" name="rc19-experiment/INDOOR/PLAY_bottom/82215.png" width="640" height="480">
  </image>
  <image id="268" name="rc19-experiment/INDOOR/PLAY_bottom/82211.png" width="640" height="480">
  </image>
  <image id="267" name="rc19-experiment/INDOOR/PLAY_bottom/82208.png" width="640" height="480">
  </image>
  <image id="266" name="rc19-experiment/INDOOR/PLAY_bottom/82204.png" width="640" height="480">
  </image>
  <image id="265" name="rc19-experiment/INDOOR/PLAY_bottom/82201.png" width="640" height="480">
  </image>
  <image id="264" name="rc19-experiment/INDOOR/PLAY_bottom/82198.png" width="640" height="480">
  </image>
  <image id="263" name="rc19-experiment/INDOOR/PLAY_bottom/82194.png" width="640" height="480">
  </image>
  <image id="262" name="rc19-experiment/INDOOR/PLAY_bottom/82191.png" width="640" height="480">
  </image>
  <image id="261" name="rc19-experiment/INDOOR/PLAY_bottom/82187.png" width="640" height="480">
  </image>
  <image id="260" name="rc19-experiment/INDOOR/PLAY_bottom/82184.png" width="640" height="480">
  </image>
  <image id="259" name="rc19-experiment/INDOOR/PLAY_bottom/82181.png" width="640" height="480">
  </image>
  <image id="258" name="rc19-experiment/INDOOR/PLAY_bottom/82177.png" width="640" height="480">
  </image>
  <image id="257" name="rc19-experiment/INDOOR/PLAY_bottom/82174.png" width="640" height="480">
  </image>
  <image id="256" name="rc19-experiment/INDOOR/PLAY_bottom/82171.png" width="640" height="480">
  </image>
  <image id="255" name="rc19-experiment/INDOOR/PLAY_bottom/82167.png" width="640" height="480">
  </image>
  <image id="254" name="rc19-experiment/INDOOR/PLAY_bottom/82164.png" width="640" height="480">
  </image>
  <image id="253" name="rc19-experiment/INDOOR/PLAY_bottom/82160.png" width="640" height="480">
  </image>
  <image id="252" name="rc19-experiment/INDOOR/PLAY_bottom/82157.png" width="640" height="480">
  </image>
  <image id="251" name="rc19-experiment/INDOOR/PLAY_bottom/82154.png" width="640" height="480">
  </image>
  <image id="250" name="rc19-experiment/INDOOR/PLAY_bottom/82150.png" width="640" height="480">
  </image>
  <image id="249" name="rc19-experiment/INDOOR/PLAY_bottom/82147.png" width="640" height="480">
  </image>
  <image id="248" name="rc19-experiment/INDOOR/PLAY_bottom/82144.png" width="640" height="480">
  </image>
  <image id="247" name="rc19-experiment/INDOOR/PLAY_bottom/82140.png" width="640" height="480">
  </image>
  <image id="246" name="rc19-experiment/INDOOR/PLAY_bottom/82136.png" width="640" height="480">
  </image>
  <image id="245" name="rc19-experiment/INDOOR/PLAY_bottom/82133.png" width="640" height="480">
  </image>
  <image id="244" name="rc19-experiment/INDOOR/PLAY_bottom/82130.png" width="640" height="480">
  </image>
  <image id="243" name="rc19-experiment/INDOOR/PLAY_bottom/82127.png" width="640" height="480">
  </image>
  <image id="242" name="rc19-experiment/INDOOR/PLAY_bottom/82124.png" width="640" height="480">
  </image>
  <image id="241" name="rc19-experiment/INDOOR/PLAY_bottom/82120.png" width="640" height="480">
  </image>
  <image id="240" name="rc19-experiment/INDOOR/PLAY_bottom/82117.png" width="640" height="480">
  </image>
  <image id="239" name="rc19-experiment/INDOOR/PLAY_bottom/82113.png" width="640" height="480">
  </image>
  <image id="238" name="rc19-experiment/INDOOR/PLAY_bottom/82110.png" width="640" height="480">
  </image>
  <image id="237" name="rc19-experiment/INDOOR/PLAY_bottom/82107.png" width="640" height="480">
  </image>
  <image id="236" name="rc19-experiment/INDOOR/PLAY_bottom/82104.png" width="640" height="480">
  </image>
  <image id="235" name="rc19-experiment/INDOOR/PLAY_bottom/82100.png" width="640" height="480">
  </image>
  <image id="234" name="rc19-experiment/INDOOR/PLAY_bottom/82097.png" width="640" height="480">
  </image>
  <image id="233" name="rc19-experiment/INDOOR/PLAY_bottom/82093.png" width="640" height="480">
  </image>
  <image id="232" name="rc19-experiment/INDOOR/PLAY_bottom/82090.png" width="640" height="480">
  </image>
  <image id="231" name="rc19-experiment/INDOOR/PLAY_bottom/82087.png" width="640" height="480">
  </image>
  <image id="230" name="rc19-experiment/INDOOR/PLAY_bottom/82083.png" width="640" height="480">
  </image>
  <image id="229" name="rc19-experiment/INDOOR/PLAY_bottom/82080.png" width="640" height="480">
  </image>
  <image id="228" name="rc19-experiment/INDOOR/PLAY_bottom/82077.png" width="640" height="480">
  </image>
  <image id="227" name="rc19-experiment/INDOOR/PLAY_bottom/82073.png" width="640" height="480">
  </image>
  <image id="226" name="rc19-experiment/INDOOR/PLAY_bottom/82070.png" width="640" height="480">
  </image>
  <image id="225" name="rc19-experiment/INDOOR/PLAY_bottom/82067.png" width="640" height="480">
  </image>
  <image id="224" name="rc19-experiment/INDOOR/PLAY_bottom/82063.png" width="640" height="480">
  </image>
  <image id="223" name="rc19-experiment/INDOOR/PLAY_bottom/82060.png" width="640" height="480">
  </image>
  <image id="222" name="rc19-experiment/INDOOR/PLAY_bottom/82057.png" width="640" height="480">
  </image>
  <image id="221" name="rc19-experiment/INDOOR/PLAY_bottom/82053.png" width="640" height="480">
  </image>
  <image id="220" name="rc19-experiment/INDOOR/PLAY_bottom/82050.png" width="640" height="480">
  </image>
  <image id="219" name="rc19-experiment/INDOOR/PLAY_bottom/82047.png" width="640" height="480">
  </image>
  <image id="218" name="rc19-experiment/INDOOR/PLAY_bottom/82043.png" width="640" height="480">
  </image>
  <image id="217" name="rc19-experiment/INDOOR/PLAY_bottom/82040.png" width="640" height="480">
  </image>
  <image id="216" name="rc19-experiment/INDOOR/PLAY_bottom/82037.png" width="640" height="480">
  </image>
  <image id="215" name="rc19-experiment/INDOOR/PLAY_bottom/82034.png" width="640" height="480">
  </image>
  <image id="214" name="rc19-experiment/INDOOR/PLAY_bottom/82031.png" width="640" height="480">
  </image>
  <image id="213" name="rc19-experiment/INDOOR/PLAY_bottom/82027.png" width="640" height="480">
  </image>
  <image id="212" name="rc19-experiment/INDOOR/PLAY_bottom/82023.png" width="640" height="480">
  </image>
  <image id="211" name="rc19-experiment/INDOOR/PLAY_bottom/82020.png" width="640" height="480">
  </image>
  <image id="210" name="rc19-experiment/INDOOR/PLAY_bottom/82016.png" width="640" height="480">
  </image>
  <image id="209" name="rc19-experiment/INDOOR/PLAY_bottom/82013.png" width="640" height="480">
  </image>
  <image id="208" name="rc19-experiment/INDOOR/PLAY_bottom/82010.png" width="640" height="480">
  </image>
  <image id="207" name="rc19-experiment/INDOOR/PLAY_bottom/82007.png" width="640" height="480">
  </image>
  <image id="206" name="rc19-experiment/INDOOR/PLAY_bottom/82003.png" width="640" height="480">
  </image>
  <image id="205" name="rc19-experiment/INDOOR/PLAY_bottom/82000.png" width="640" height="480">
  </image>
  <image id="204" name="rc19-experiment/INDOOR/PLAY_bottom/81996.png" width="640" height="480">
  </image>
  <image id="203" name="rc19-experiment/INDOOR/PLAY_bottom/81993.png" width="640" height="480">
  </image>
  <image id="202" name="rc19-experiment/INDOOR/PLAY_bottom/81990.png" width="640" height="480">
  </image>
  <image id="201" name="rc19-experiment/INDOOR/PLAY_bottom/81987.png" width="640" height="480">
  </image>
  <image id="200" name="rc19-experiment/INDOOR/PLAY_bottom/81984.png" width="640" height="480">
  </image>
  <image id="199" name="rc19-experiment/INDOOR/PLAY_bottom/81981.png" width="640" height="480">
  </image>
  <image id="198" name="rc19-experiment/INDOOR/PLAY_bottom/81978.png" width="640" height="480">
  </image>
  <image id="197" name="rc19-experiment/INDOOR/PLAY_bottom/81975.png" width="640" height="480">
  </image>
  <image id="196" name="rc19-experiment/INDOOR/PLAY_bottom/81972.png" width="640" height="480">
  </image>
  <image id="195" name="rc19-experiment/INDOOR/PLAY_bottom/81969.png" width="640" height="480">
  </image>
  <image id="194" name="rc19-experiment/INDOOR/PLAY_bottom/81965.png" width="640" height="480">
  </image>
  <image id="193" name="rc19-experiment/INDOOR/PLAY_bottom/81961.png" width="640" height="480">
  </image>
  <image id="192" name="rc19-experiment/INDOOR/PLAY_bottom/81958.png" width="640" height="480">
  </image>
  <image id="191" name="rc19-experiment/INDOOR/PLAY_bottom/81955.png" width="640" height="480">
  </image>
  <image id="190" name="rc19-experiment/INDOOR/PLAY_bottom/81952.png" width="640" height="480">
  </image>
  <image id="189" name="rc19-experiment/INDOOR/PLAY_bottom/81949.png" width="640" height="480">
  </image>
  <image id="188" name="rc19-experiment/INDOOR/PLAY_bottom/81945.png" width="640" height="480">
  </image>
  <image id="187" name="rc19-experiment/INDOOR/PLAY_bottom/81942.png" width="640" height="480">
  </image>
  <image id="186" name="rc19-experiment/INDOOR/PLAY_bottom/81939.png" width="640" height="480">
  </image>
  <image id="185" name="rc19-experiment/INDOOR/PLAY_bottom/81935.png" width="640" height="480">
  </image>
  <image id="184" name="rc19-experiment/INDOOR/PLAY_bottom/81932.png" width="640" height="480">
  </image>
  <image id="183" name="rc19-experiment/INDOOR/PLAY_bottom/81929.png" width="640" height="480">
  </image>
  <image id="182" name="rc19-experiment/INDOOR/PLAY_bottom/81925.png" width="640" height="480">
  </image>
  <image id="181" name="rc19-experiment/INDOOR/PLAY_bottom/81922.png" width="640" height="480">
  </image>
  <image id="180" name="rc19-experiment/INDOOR/PLAY_bottom/81918.png" width="640" height="480">
  </image>
  <image id="179" name="rc19-experiment/INDOOR/PLAY_bottom/81915.png" width="640" height="480">
  </image>
  <image id="178" name="rc19-experiment/INDOOR/PLAY_bottom/81912.png" width="640" height="480">
  </image>
  <image id="177" name="rc19-experiment/INDOOR/PLAY_bottom/81909.png" width="640" height="480">
  </image>
  <image id="176" name="rc19-experiment/INDOOR/PLAY_bottom/81905.png" width="640" height="480">
  </image>
  <image id="175" name="rc19-experiment/INDOOR/PLAY_bottom/81902.png" width="640" height="480">
  </image>
  <image id="174" name="rc19-experiment/INDOOR/PLAY_bottom/81898.png" width="640" height="480">
  </image>
  <image id="173" name="rc19-experiment/INDOOR/PLAY_bottom/81895.png" width="640" height="480">
  </image>
  <image id="172" name="rc19-experiment/INDOOR/PLAY_bottom/81891.png" width="640" height="480">
  </image>
  <image id="171" name="rc19-experiment/INDOOR/PLAY_bottom/81888.png" width="640" height="480">
  </image>
  <image id="170" name="rc19-experiment/INDOOR/PLAY_bottom/81885.png" width="640" height="480">
  </image>
  <image id="169" name="rc19-experiment/INDOOR/PLAY_bottom/81882.png" width="640" height="480">
  </image>
  <image id="168" name="rc19-experiment/INDOOR/PLAY_bottom/81879.png" width="640" height="480">
  </image>
  <image id="167" name="rc19-experiment/INDOOR/PLAY_bottom/81876.png" width="640" height="480">
  </image>
  <image id="166" name="rc19-experiment/INDOOR/PLAY_bottom/81873.png" width="640" height="480">
  </image>
  <image id="165" name="rc19-experiment/INDOOR/PLAY_bottom/81870.png" width="640" height="480">
  </image>
  <image id="164" name="rc19-experiment/INDOOR/PLAY_bottom/81867.png" width="640" height="480">
  </image>
  <image id="163" name="rc19-experiment/INDOOR/PLAY_bottom/81863.png" width="640" height="480">
  </image>
  <image id="162" name="rc19-experiment/INDOOR/PLAY_bottom/81860.png" width="640" height="480">
  </image>
  <image id="161" name="rc19-experiment/INDOOR/PLAY_bottom/81857.png" width="640" height="480">
  </image>
  <image id="160" name="rc19-experiment/INDOOR/PLAY_bottom/81854.png" width="640" height="480">
  </image>
  <image id="159" name="rc19-experiment/INDOOR/PLAY_bottom/81851.png" width="640" height="480">
  </image>
  <image id="158" name="rc19-experiment/INDOOR/PLAY_bottom/81848.png" width="640" height="480">
  </image>
  <image id="157" name="rc19-experiment/INDOOR/PLAY_bottom/81845.png" width="640" height="480">
  </image>
  <image id="156" name="rc19-experiment/INDOOR/PLAY_bottom/81842.png" width="640" height="480">
  </image>
  <image id="155" name="rc19-experiment/INDOOR/PLAY_bottom/81838.png" width="640" height="480">
  </image>
  <image id="154" name="rc19-experiment/INDOOR/PLAY_bottom/81835.png" width="640" height="480">
  </image>
  <image id="153" name="rc19-experiment/INDOOR/PLAY_bottom/81832.png" width="640" height="480">
  </image>
  <image id="152" name="rc19-experiment/INDOOR/PLAY_bottom/81828.png" width="640" height="480">
  </image>
  <image id="151" name="rc19-experiment/INDOOR/PLAY_bottom/81824.png" width="640" height="480">
  </image>
  <image id="150" name="rc19-experiment/INDOOR/PLAY_bottom/81821.png" width="640" height="480">
  </image>
  <image id="149" name="rc19-experiment/INDOOR/PLAY_bottom/81818.png" width="640" height="480">
  </image>
  <image id="148" name="rc19-experiment/INDOOR/PLAY_bottom/81815.png" width="640" height="480">
  </image>
  <image id="147" name="rc19-experiment/INDOOR/PLAY_bottom/81812.png" width="640" height="480">
  </image>
  <image id="146" name="rc19-experiment/INDOOR/PLAY_bottom/81809.png" width="640" height="480">
  </image>
  <image id="145" name="rc19-experiment/INDOOR/PLAY_bottom/81805.png" width="640" height="480">
  </image>
  <image id="144" name="rc19-experiment/INDOOR/PLAY_bottom/81802.png" width="640" height="480">
  </image>
  <image id="143" name="rc19-experiment/INDOOR/PLAY_bottom/81799.png" width="640" height="480">
  </image>
  <image id="142" name="rc19-experiment/INDOOR/PLAY_bottom/81796.png" width="640" height="480">
  </image>
  <image id="141" name="rc19-experiment/INDOOR/PLAY_bottom/81793.png" width="640" height="480">
  </image>
  <image id="140" name="rc19-experiment/INDOOR/PLAY_bottom/81789.png" width="640" height="480">
  </image>
  <image id="139" name="rc19-experiment/INDOOR/PLAY_bottom/81786.png" width="640" height="480">
  </image>
  <image id="138" name="rc19-experiment/INDOOR/PLAY_bottom/81783.png" width="640" height="480">
  </image>
  <image id="137" name="rc19-experiment/INDOOR/PLAY_bottom/81780.png" width="640" height="480">
  </image>
  <image id="136" name="rc19-experiment/INDOOR/PLAY_bottom/81776.png" width="640" height="480">
  </image>
  <image id="135" name="rc19-experiment/INDOOR/PLAY_bottom/81773.png" width="640" height="480">
  </image>
  <image id="134" name="rc19-experiment/INDOOR/PLAY_bottom/81770.png" width="640" height="480">
  </image>
  <image id="133" name="rc19-experiment/INDOOR/PLAY_bottom/81767.png" width="640" height="480">
  </image>
  <image id="132" name="rc19-experiment/INDOOR/PLAY_bottom/81764.png" width="640" height="480">
  </image>
  <image id="131" name="rc19-experiment/INDOOR/PLAY_bottom/81761.png" width="640" height="480">
  </image>
  <image id="130" name="rc19-experiment/INDOOR/PLAY_bottom/81757.png" width="640" height="480">
  </image>
  <image id="129" name="rc19-experiment/INDOOR/PLAY_bottom/81753.png" width="640" height="480">
  </image>
  <image id="128" name="rc19-experiment/INDOOR/PLAY_bottom/81750.png" width="640" height="480">
  </image>
  <image id="127" name="rc19-experiment/INDOOR/PLAY_bottom/81747.png" width="640" height="480">
  </image>
  <image id="126" name="rc19-experiment/INDOOR/PLAY_bottom/81744.png" width="640" height="480">
  </image>
  <image id="125" name="rc19-experiment/INDOOR/PLAY_bottom/81741.png" width="640" height="480">
  </image>
  <image id="124" name="rc19-experiment/INDOOR/PLAY_bottom/81737.png" width="640" height="480">
  </image>
  <image id="123" name="rc19-experiment/INDOOR/PLAY_bottom/81733.png" width="640" height="480">
  </image>
  <image id="122" name="rc19-experiment/INDOOR/PLAY_bottom/81731.png" width="640" height="480">
  </image>
  <image id="121" name="rc19-experiment/INDOOR/PLAY_bottom/81728.png" width="640" height="480">
  </image>
  <image id="120" name="rc19-experiment/INDOOR/PLAY_bottom/81725.png" width="640" height="480">
  </image>
  <image id="119" name="rc19-experiment/INDOOR/PLAY_bottom/81721.png" width="640" height="480">
  </image>
  <image id="118" name="rc19-experiment/INDOOR/PLAY_bottom/81718.png" width="640" height="480">
  </image>
  <image id="117" name="rc19-experiment/INDOOR/PLAY_bottom/81715.png" width="640" height="480">
  </image>
  <image id="116" name="rc19-experiment/INDOOR/PLAY_bottom/81712.png" width="640" height="480">
  </image>
  <image id="115" name="rc19-experiment/INDOOR/PLAY_bottom/81709.png" width="640" height="480">
  </image>
  <image id="114" name="rc19-experiment/INDOOR/PLAY_bottom/81705.png" width="640" height="480">
  </image>
  <image id="113" name="rc19-experiment/INDOOR/PLAY_bottom/81702.png" width="640" height="480">
  </image>
  <image id="112" name="rc19-experiment/INDOOR/PLAY_bottom/81698.png" width="640" height="480">
  </image>
  <image id="111" name="rc19-experiment/INDOOR/PLAY_bottom/81695.png" width="640" height="480">
  </image>
  <image id="110" name="rc19-experiment/INDOOR/PLAY_bottom/81691.png" width="640" height="480">
  </image>
  <image id="109" name="rc19-experiment/INDOOR/PLAY_bottom/81688.png" width="640" height="480">
  </image>
  <image id="108" name="rc19-experiment/INDOOR/PLAY_bottom/81685.png" width="640" height="480">
  </image>
  <image id="107" name="rc19-experiment/INDOOR/PLAY_bottom/81681.png" width="640" height="480">
  </image>
  <image id="106" name="rc19-experiment/INDOOR/PLAY_bottom/81678.png" width="640" height="480">
  </image>
  <image id="105" name="rc19-experiment/INDOOR/PLAY_bottom/81674.png" width="640" height="480">
  </image>
  <image id="104" name="rc19-experiment/INDOOR/PLAY_bottom/81671.png" width="640" height="480">
  </image>
  <image id="103" name="rc19-experiment/INDOOR/PLAY_bottom/81668.png" width="640" height="480">
  </image>
  <image id="102" name="rc19-experiment/INDOOR/PLAY_bottom/81664.png" width="640" height="480">
  </image>
  <image id="101" name="rc19-experiment/INDOOR/PLAY_bottom/81660.png" width="640" height="480">
  </image>
  <image id="100" name="rc19-experiment/INDOOR/PLAY_bottom/81657.png" width="640" height="480">
  </image>
  <image id="99" name="rc19-experiment/INDOOR/PLAY_bottom/81654.png" width="640" height="480">
  </image>
  <image id="98" name="rc19-experiment/INDOOR/PLAY_bottom/81651.png" width="640" height="480">
  </image>
  <image id="97" name="rc19-experiment/INDOOR/PLAY_bottom/81648.png" width="640" height="480">
  </image>
  <image id="96" name="rc19-experiment/INDOOR/PLAY_bottom/81645.png" width="640" height="480">
  </image>
  <image id="95" name="rc19-experiment/INDOOR/PLAY_bottom/81641.png" width="640" height="480">
  </image>
  <image id="94" name="rc19-experiment/INDOOR/PLAY_bottom/81637.png" width="640" height="480">
  </image>
  <image id="93" name="rc19-experiment/INDOOR/PLAY_bottom/81633.png" width="640" height="480">
  </image>
  <image id="92" name="rc19-experiment/INDOOR/PLAY_bottom/81630.png" width="640" height="480">
  </image>
  <image id="91" name="rc19-experiment/INDOOR/PLAY_bottom/81627.png" width="640" height="480">
  </image>
  <image id="90" name="rc19-experiment/INDOOR/PLAY_bottom/81624.png" width="640" height="480">
  </image>
  <image id="89" name="rc19-experiment/INDOOR/PLAY_bottom/81621.png" width="640" height="480">
  </image>
  <image id="88" name="rc19-experiment/INDOOR/PLAY_bottom/81618.png" width="640" height="480">
  </image>
  <image id="87" name="rc19-experiment/INDOOR/PLAY_bottom/81614.png" width="640" height="480">
  </image>
  <image id="86" name="rc19-experiment/INDOOR/PLAY_bottom/81611.png" width="640" height="480">
  </image>
  <image id="85" name="rc19-experiment/INDOOR/PLAY_bottom/81608.png" width="640" height="480">
  </image>
  <image id="84" name="rc19-experiment/INDOOR/PLAY_bottom/81605.png" width="640" height="480">
  </image>
  <image id="83" name="rc19-experiment/INDOOR/PLAY_bottom/81602.png" width="640" height="480">
  </image>
  <image id="82" name="rc19-experiment/INDOOR/PLAY_bottom/81599.png" width="640" height="480">
  </image>
  <image id="81" name="rc19-experiment/INDOOR/PLAY_bottom/81596.png" width="640" height="480">
  </image>
  <image id="80" name="rc19-experiment/INDOOR/PLAY_bottom/81593.png" width="640" height="480">
  </image>
  <image id="79" name="rc19-experiment/INDOOR/PLAY_bottom/81589.png" width="640" height="480">
  </image>
  <image id="78" name="rc19-experiment/INDOOR/PLAY_bottom/81586.png" width="640" height="480">
  </image>
  <image id="77" name="rc19-experiment/INDOOR/PLAY_bottom/81583.png" width="640" height="480">
  </image>
  <image id="76" name="rc19-experiment/INDOOR/PLAY_bottom/81580.png" width="640" height="480">
  </image>
  <image id="75" name="rc19-experiment/INDOOR/PLAY_bottom/81577.png" width="640" height="480">
  </image>
  <image id="74" name="rc19-experiment/INDOOR/PLAY_bottom/81574.png" width="640" height="480">
  </image>
  <image id="73" name="rc19-experiment/INDOOR/PLAY_bottom/81571.png" width="640" height="480">
  </image>
  <image id="72" name="rc19-experiment/INDOOR/PLAY_bottom/81568.png" width="640" height="480">
  </image>
  <image id="71" name="rc19-experiment/INDOOR/PLAY_bottom/81564.png" width="640" height="480">
  </image>
  <image id="70" name="rc19-experiment/INDOOR/PLAY_bottom/81561.png" width="640" height="480">
  </image>
  <image id="69" name="rc19-experiment/INDOOR/PLAY_bottom/81558.png" width="640" height="480">
  </image>
  <image id="68" name="rc19-experiment/INDOOR/PLAY_bottom/81555.png" width="640" height="480">
  </image>
  <image id="67" name="rc19-experiment/INDOOR/PLAY_bottom/81551.png" width="640" height="480">
  </image>
  <image id="66" name="rc19-experiment/INDOOR/PLAY_bottom/81548.png" width="640" height="480">
  </image>
  <image id="65" name="rc19-experiment/INDOOR/PLAY_bottom/81545.png" width="640" height="480">
  </image>
  <image id="64" name="rc19-experiment/INDOOR/PLAY_bottom/81541.png" width="640" height="480">
  </image>
  <image id="63" name="rc19-experiment/INDOOR/PLAY_bottom/81538.png" width="640" height="480">
  </image>
  <image id="62" name="rc19-experiment/INDOOR/PLAY_bottom/81535.png" width="640" height="480">
  </image>
  <image id="61" name="rc19-experiment/INDOOR/PLAY_bottom/81531.png" width="640" height="480">
  </image>
  <image id="60" name="rc19-experiment/INDOOR/PLAY_bottom/81528.png" width="640" height="480">
  </image>
  <image id="59" name="rc19-experiment/INDOOR/PLAY_bottom/81525.png" width="640" height="480">
  </image>
  <image id="58" name="rc19-experiment/INDOOR/PLAY_bottom/81521.png" width="640" height="480">
  </image>
  <image id="57" name="rc19-experiment/INDOOR/PLAY_bottom/81518.png" width="640" height="480">
  </image>
  <image id="56" name="rc19-experiment/INDOOR/PLAY_bottom/81514.png" width="640" height="480">
  </image>
  <image id="55" name="rc19-experiment/INDOOR/PLAY_bottom/81511.png" width="640" height="480">
  </image>
  <image id="54" name="rc19-experiment/INDOOR/PLAY_bottom/81508.png" width="640" height="480">
  </image>
  <image id="53" name="rc19-experiment/INDOOR/PLAY_bottom/81505.png" width="640" height="480">
  </image>
  <image id="52" name="rc19-experiment/INDOOR/PLAY_bottom/81501.png" width="640" height="480">
  </image>
  <image id="51" name="rc19-experiment/INDOOR/PLAY_bottom/81498.png" width="640" height="480">
  </image>
  <image id="50" name="rc19-experiment/INDOOR/PLAY_bottom/81495.png" width="640" height="480">
  </image>
  <image id="49" name="rc19-experiment/INDOOR/PLAY_bottom/81491.png" width="640" height="480">
  </image>
  <image id="48" name="rc19-experiment/INDOOR/PLAY_bottom/81488.png" width="640" height="480">
  </image>
  <image id="47" name="rc19-experiment/INDOOR/PLAY_bottom/81484.png" width="640" height="480">
  </image>
  <image id="46" name="rc19-experiment/INDOOR/PLAY_bottom/81481.png" width="640" height="480">
  </image>
  <image id="45" name="rc19-experiment/INDOOR/PLAY_bottom/81478.png" width="640" height="480">
  </image>
  <image id="44" name="rc19-experiment/INDOOR/PLAY_bottom/81474.png" width="640" height="480">
  </image>
  <image id="43" name="rc19-experiment/INDOOR/PLAY_bottom/81471.png" width="640" height="480">
  </image>
  <image id="42" name="rc19-experiment/INDOOR/PLAY_bottom/81467.png" width="640" height="480">
  </image>
  <image id="41" name="rc19-experiment/INDOOR/PLAY_bottom/81464.png" width="640" height="480">
  </image>
  <image id="40" name="rc19-experiment/INDOOR/PLAY_bottom/81460.png" width="640" height="480">
  </image>
  <image id="39" name="rc19-experiment/INDOOR/PLAY_bottom/81457.png" width="640" height="480">
  </image>
  <image id="38" name="rc19-experiment/INDOOR/PLAY_bottom/81454.png" width="640" height="480">
  </image>
  <image id="37" name="rc19-experiment/INDOOR/PLAY_bottom/81450.png" width="640" height="480">
  </image>
  <image id="36" name="rc19-experiment/INDOOR/PLAY_bottom/81447.png" width="640" height="480">
  </image>
  <image id="35" name="rc19-experiment/INDOOR/PLAY_bottom/81443.png" width="640" height="480">
  </image>
  <image id="34" name="rc19-experiment/INDOOR/PLAY_bottom/81440.png" width="640" height="480">
  </image>
  <image id="33" name="rc19-experiment/INDOOR/PLAY_bottom/81437.png" width="640" height="480">
  </image>
  <image id="32" name="rc19-experiment/INDOOR/PLAY_bottom/81433.png" width="640" height="480">
  </image>
  <image id="31" name="rc19-experiment/INDOOR/PLAY_bottom/81430.png" width="640" height="480">
  </image>
  <image id="30" name="rc19-experiment/INDOOR/PLAY_bottom/81426.png" width="640" height="480">
  </image>
  <image id="29" name="rc19-experiment/INDOOR/PLAY_bottom/81423.png" width="640" height="480">
  </image>
  <image id="28" name="rc19-experiment/INDOOR/PLAY_bottom/81419.png" width="640" height="480">
  </image>
  <image id="27" name="rc19-experiment/INDOOR/PLAY_bottom/81416.png" width="640" height="480">
  </image>
  <image id="26" name="rc19-experiment/INDOOR/PLAY_bottom/81413.png" width="640" height="480">
  </image>
  <image id="25" name="rc19-experiment/INDOOR/PLAY_bottom/81409.png" width="640" height="480">
  </image>
  <image id="24" name="rc19-experiment/INDOOR/PLAY_bottom/81406.png" width="640" height="480">
  </image>
  <image id="23" name="rc19-experiment/INDOOR/PLAY_bottom/81402.png" width="640" height="480">
  </image>
  <image id="22" name="rc19-experiment/INDOOR/PLAY_bottom/81399.png" width="640" height="480">
  </image>
  <image id="21" name="rc19-experiment/INDOOR/PLAY_bottom/81395.png" width="640" height="480">
  </image>
  <image id="20" name="rc19-experiment/INDOOR/PLAY_bottom/81392.png" width="640" height="480">
  </image>
  <image id="19" name="rc19-experiment/INDOOR/PLAY_bottom/81389.png" width="640" height="480">
  </image>
  <image id="18" name="rc19-experiment/INDOOR/PLAY_bottom/81386.png" width="640" height="480">
  </image>
  <image id="17" name="rc19-experiment/INDOOR/PLAY_bottom/81382.png" width="640" height="480">
  </image>
  <image id="16" name="rc19-experiment/INDOOR/PLAY_bottom/81379.png" width="640" height="480">
  </image>
  <image id="15" name="rc19-experiment/INDOOR/PLAY_bottom/81376.png" width="640" height="480">
  </image>
  <image id="14" name="rc19-experiment/INDOOR/PLAY_bottom/81372.png" width="640" height="480">
  </image>
  <image id="13" name="rc19-experiment/INDOOR/PLAY_bottom/81369.png" width="640" height="480">
  </image>
  <image id="12" name="rc19-experiment/INDOOR/PLAY_bottom/81366.png" width="640" height="480">
  </image>
  <image id="11" name="rc19-experiment/INDOOR/PLAY_bottom/81362.png" width="640" height="480">
  </image>
  <image id="10" name="rc19-experiment/INDOOR/PLAY_bottom/81359.png" width="640" height="480">
  </image>
  <image id="9" name="rc19-experiment/INDOOR/PLAY_bottom/81355.png" width="640" height="480">
  </image>
  <image id="8" name="rc19-experiment/INDOOR/PLAY_bottom/81352.png" width="640" height="480">
  </image>
  <image id="7" name="rc19-experiment/INDOOR/PLAY_bottom/81348.png" width="640" height="480">
  </image>
  <image id="6" name="rc19-experiment/INDOOR/PLAY_bottom/81345.png" width="640" height="480">
  </image>
  <image id="5" name="rc19-experiment/INDOOR/PLAY_bottom/81342.png" width="640" height="480">
  </image>
  <image id="4" name="rc19-experiment/INDOOR/PLAY_bottom/81338.png" width="640" height="480">
  </image>
  <image id="3" name="rc19-experiment/INDOOR/PLAY_bottom/81335.png" width="640" height="480">
  </image>
  <image id="2" name="rc19-experiment/INDOOR/PLAY_bottom/81332.png" width="640" height="480">
  </image>
  <image id="1" name="rc19-experiment/INDOOR/PLAY_bottom/81328.png" width="640" height="480">
  </image>
  <image id="0" name="rc19-experiment/INDOOR/PLAY_bottom/81325.png" width="640" height="480">
  </image>
</annotations>