<?xml version="1.0" encoding="utf-8"?>
<annotations>
  <version>1.1</version>
  <meta>
    <task>
      <id>31</id>
      <name>RC19Experiments-INDOOR-PLAY_bottom</name>
      <size>419</size>
      <mode>annotation</mode>
      <overlap>0</overlap>
      <bugtracker></bugtracker>
      <created>2020-04-05 10:24:39.247823+00:00</created>
      <updated>2021-03-16 11:29:57.861026+00:00</updated>
      <start_frame>0</start_frame>
      <stop_frame>418</stop_frame>
      <frame_filter></frame_filter>
      <labels>
        <label>
          <name>ball</name>
          <color>#804080</color>
          <attributes>
            <attribute>
              <name>smudge</name>
              <mutable>False</mutable>
              <input_type>checkbox</input_type>
              <default_value>false</default_value>
              <values>false</values>
            </attribute>
          </attributes>
        </label>
      </labels>
      <segments>
        <segment>
          <id>31</id>
          <start>0</start>
          <stop>418</stop>
          <url>httpball.informatik.hu-berlin.de/?id=31</url>
        </segment>
      </segments>
      <owner>
        <username>nao</username>
        <email></email>
      </owner>
      <assignee></assignee>
    </task>
    <dumped>2021-03-16 11:30:04.307515+00:00</dumped>
  </meta>
  <image id="418" name="rc19-experiment/INDOOR/PLAY_bottom/82713.png" width="640" height="480">
  </image>
  <image id="417" name="rc19-experiment/INDOOR/PLAY_bottom/82709.png" width="640" height="480">
  </image>
  <image id="416" name="rc19-experiment/INDOOR/PLAY_bottom/82705.png" width="640" height="480">
  </image>
  <image id="415" name="rc19-experiment/INDOOR/PLAY_bottom/82701.png" width="640" height="480">
  </image>
  <image id="414" name="rc19-experiment/INDOOR/PLAY_bottom/82698.png" width="640" height="480">
  </image>
  <image id="413" name="rc19-experiment/INDOOR/PLAY_bottom/82695.png" width="640" height="480">
  </image>
  <image id="412" name="rc19-experiment/INDOOR/PLAY_bottom/82692.png" width="640" height="480">
  </image>
  <image id="411" name="rc19-experiment/INDOOR/PLAY_bottom/82688.png" width="640" height="480">
  </image>
  <image id="410" name="rc19-experiment/INDOOR/PLAY_bottom/82685.png" width="640" height="480">
  </image>
  <image id="409" name="rc19-experiment/INDOOR/PLAY_bottom/82682.png" width="640" height="480">
  </image>
  <image id="408" name="rc19-experiment/INDOOR/PLAY_bottom/82678.png" width="640" height="480">
  </image>
  <image id="407" name="rc19-experiment/INDOOR/PLAY_bottom/82675.png" width="640" height="480">
  </image>
  <image id="406" name="rc19-experiment/INDOOR/PLAY_bottom/82671.png" width="640" height="480">
  </image>
  <image id="405" name="rc19-experiment/INDOOR/PLAY_bottom/82668.png" width="640" height="480">
  </image>
  <image id="404" name="rc19-experiment/INDOOR/PLAY_bottom/82665.png" width="640" height="480">
  </image>
  <image id="403" name="rc19-experiment/INDOOR/PLAY_bottom/82662.png" width="640" height="480">
  </image>
  <image id="402" name="rc19-experiment/INDOOR/PLAY_bottom/82659.png" width="640" height="480">
  </image>
  <image id="401" name="rc19-experiment/INDOOR/PLAY_bottom/82655.png" width="640" height="480">
  </image>
  <image id="400" name="rc19-experiment/INDOOR/PLAY_bottom/82652.png" width="640" height="480">
  </image>
  <image id="399" name="rc19-experiment/INDOOR/PLAY_bottom/82649.png" width="640" height="480">
  </image>
  <image id="398" name="rc19-experiment/INDOOR/PLAY_bottom/82646.png" width="640" height="480">
  </image>
  <image id="397" name="rc19-experiment/INDOOR/PLAY_bottom/82643.png" width="640" height="480">
  </image>
  <image id="396" name="rc19-experiment/INDOOR/PLAY_bottom/82639.png" width="640" height="480">
  </image>
  <image id="395" name="rc19-experiment/INDOOR/PLAY_bottom/82635.png" width="640" height="480">
  </image>
  <image id="394" name="rc19-experiment/INDOOR/PLAY_bottom/82631.png" width="640" height="480">
  </image>
  <image id="393" name="rc19-experiment/INDOOR/PLAY_bottom/82628.png" width="640" height="480">
  </image>
  <image id="392" name="rc19-experiment/INDOOR/PLAY_bottom/82625.png" width="640" height="480">
  </image>
  <image id="391" name="rc19-experiment/INDOOR/PLAY_bottom/82621.png" width="640" height="480">
    <box label="ball" occluded="0" source="auto" xtl="310.45" ytl="0.49" xbr="359.22" ybr="34.53" z_order="0">
      <attribute name="smudge">false</attribute>
    </box>
  </image>
  <image id="390" name="rc19-experiment/INDOOR/PLAY_bottom/82618.png" width="640" height="480">
    <box label="ball" occluded="0" source="auto" xtl="293.12" ytl="0.25" xbr="339.85" ybr="26.01" z_order="0">
      <attribute name="smudge">false</attribute>
    </box>
  </image>
  <image id="389" name="rc19-experiment/INDOOR/PLAY_bottom/82615.png" width="640" height="480">
  </image>
  <image id="388" name="rc19-experiment/INDOOR/PLAY_bottom/82611.png" width="640" height="480">
  </image>
  <image id="387" name="rc19-experiment/INDOOR/PLAY_bottom/82608.png" width="640" height="480">
  </image>
  <image id="386" name="rc19-experiment/INDOOR/PLAY_bottom/82604.png" width="640" height="480">
  </image>
  <image id="385" name="rc19-experiment/INDOOR/PLAY_bottom/82601.png" width="640" height="480">
  </image>
  <image id="384" name="rc19-experiment/INDOOR/PLAY_bottom/82597.png" width="640" height="480">
    <box label="ball" occluded="0" source="auto" xtl="333.11" ytl="0.48" xbr="421.30" ybr="30.52" z_order="0">
      <attribute name="smudge">false</attribute>
    </box>
  </image>
  <image id="383" name="rc19-experiment/INDOOR/PLAY_bottom/82594.png" width="640" height="480">
    <box label="ball" occluded="0" source="auto" xtl="338.11" ytl="5.02" xbr="458.53" ybr="118.22" z_order="0">
      <attribute name="smudge">false</attribute>
    </box>
  </image>
  <image id="382" name="rc19-experiment/INDOOR/PLAY_bottom/82591.png" width="640" height="480">
    <box label="ball" occluded="0" source="auto" xtl="313.71" ytl="80.35" xbr="449.10" ybr="212.97" z_order="0">
      <attribute name="smudge">false</attribute>
    </box>
  </image>
  <image id="381" name="rc19-experiment/INDOOR/PLAY_bottom/82587.png" width="640" height="480">
    <box label="ball" occluded="0" source="auto" xtl="207.80" ytl="212.10" xbr="361.93" ybr="365.25" z_order="0">
      <attribute name="smudge">false</attribute>
    </box>
  </image>
  <image id="380" name="rc19-experiment/INDOOR/PLAY_bottom/82583.png" width="640" height="480">
    <box label="ball" occluded="0" source="auto" xtl="190.82" ytl="220.86" xbr="343.13" ybr="374.13" z_order="0">
      <attribute name="smudge">false</attribute>
    </box>
  </image>
  <image id="379" name="rc19-experiment/INDOOR/PLAY_bottom/82580.png" width="640" height="480">
    <box label="ball" occluded="0" source="auto" xtl="240.66" ytl="190.16" xbr="391.20" ybr="342.34" z_order="0">
      <attribute name="smudge">false</attribute>
    </box>
  </image>
  <image id="378" name="rc19-experiment/INDOOR/PLAY_bottom/82577.png" width="640" height="480">
    <box label="ball" occluded="0" source="auto" xtl="274.89" ytl="195.73" xbr="424.18" ybr="342.28" z_order="0">
      <attribute name="smudge">false</attribute>
    </box>
  </image>
  <image id="377" name="rc19-experiment/INDOOR/PLAY_bottom/82574.png" width="640" height="480">
    <box label="ball" occluded="0" source="auto" xtl="266.98" ytl="182.03" xbr="412.24" ybr="327.06" z_order="0">
      <attribute name="smudge">false</attribute>
    </box>
  </image>
  <image id="376" name="rc19-experiment/INDOOR/PLAY_bottom/82570.png" width="640" height="480">
    <box label="ball" occluded="0" source="auto" xtl="209.36" ytl="204.09" xbr="354.94" ybr="347.02" z_order="0">
      <attribute name="smudge">false</attribute>
    </box>
  </image>
  <image id="375" name="rc19-experiment/INDOOR/PLAY_bottom/82567.png" width="640" height="480">
    <box label="ball" occluded="0" source="auto" xtl="198.75" ytl="208.45" xbr="346.02" ybr="361.74" z_order="0">
      <attribute name="smudge">false</attribute>
    </box>
  </image>
  <image id="374" name="rc19-experiment/INDOOR/PLAY_bottom/82563.png" width="640" height="480">
    <box label="ball" occluded="0" source="auto" xtl="228.01" ytl="194.28" xbr="377.81" ybr="341.64" z_order="0">
      <attribute name="smudge">false</attribute>
    </box>
  </image>
  <image id="373" name="rc19-experiment/INDOOR/PLAY_bottom/82559.png" width="640" height="480">
    <box label="ball" occluded="0" source="auto" xtl="279.90" ytl="218.70" xbr="429.70" ybr="366.42" z_order="0">
      <attribute name="smudge">false</attribute>
    </box>
  </image>
  <image id="372" name="rc19-experiment/INDOOR/PLAY_bottom/82556.png" width="640" height="480">
    <box label="ball" occluded="0" source="auto" xtl="300.23" ytl="210.05" xbr="452.66" ybr="363.03" z_order="0">
      <attribute name="smudge">false</attribute>
    </box>
  </image>
  <image id="371" name="rc19-experiment/INDOOR/PLAY_bottom/82552.png" width="640" height="480">
    <box label="ball" occluded="0" source="auto" xtl="278.33" ytl="272.63" xbr="436.13" ybr="430.45" z_order="0">
      <attribute name="smudge">false</attribute>
    </box>
  </image>
  <image id="370" name="rc19-experiment/INDOOR/PLAY_bottom/82549.png" width="640" height="480">
    <box label="ball" occluded="0" source="auto" xtl="211.34" ytl="293.41" xbr="370.43" ybr="450.82" z_order="0">
      <attribute name="smudge">false</attribute>
    </box>
  </image>
  <image id="369" name="rc19-experiment/INDOOR/PLAY_bottom/82546.png" width="640" height="480">
    <box label="ball" occluded="0" source="auto" xtl="195.67" ytl="272.62" xbr="355.77" ybr="448.40" z_order="0">
      <attribute name="smudge">false</attribute>
    </box>
  </image>
  <image id="368" name="rc19-experiment/INDOOR/PLAY_bottom/82542.png" width="640" height="480">
    <box label="ball" occluded="0" source="auto" xtl="243.36" ytl="277.34" xbr="410.77" ybr="444.28" z_order="0">
      <attribute name="smudge">false</attribute>
    </box>
  </image>
  <image id="367" name="rc19-experiment/INDOOR/PLAY_bottom/82539.png" width="640" height="480">
    <box label="ball" occluded="0" source="auto" xtl="247.29" ytl="284.67" xbr="417.02" ybr="450.01" z_order="0">
      <attribute name="smudge">false</attribute>
    </box>
  </image>
  <image id="366" name="rc19-experiment/INDOOR/PLAY_bottom/82536.png" width="640" height="480">
    <box label="ball" occluded="0" source="auto" xtl="183.36" ytl="288.09" xbr="362.59" ybr="458.83" z_order="0">
      <attribute name="smudge">false</attribute>
    </box>
  </image>
  <image id="365" name="rc19-experiment/INDOOR/PLAY_bottom/82532.png" width="640" height="480">
    <box label="ball" occluded="0" source="auto" xtl="199.64" ytl="260.69" xbr="359.34" ybr="424.02" z_order="0">
      <attribute name="smudge">false</attribute>
    </box>
  </image>
  <image id="364" name="rc19-experiment/INDOOR/PLAY_bottom/82529.png" width="640" height="480">
    <box label="ball" occluded="0" source="auto" xtl="215.90" ytl="215.44" xbr="373.89" ybr="375.62" z_order="0">
      <attribute name="smudge">false</attribute>
    </box>
  </image>
  <image id="363" name="rc19-experiment/INDOOR/PLAY_bottom/82525.png" width="640" height="480">
    <box label="ball" occluded="0" source="auto" xtl="249.68" ytl="195.93" xbr="407.59" ybr="351.77" z_order="0">
      <attribute name="smudge">false</attribute>
    </box>
  </image>
  <image id="362" name="rc19-experiment/INDOOR/PLAY_bottom/82522.png" width="640" height="480">
    <box label="ball" occluded="0" source="auto" xtl="305.19" ytl="179.92" xbr="453.41" ybr="332.86" z_order="0">
      <attribute name="smudge">false</attribute>
    </box>
  </image>
  <image id="361" name="rc19-experiment/INDOOR/PLAY_bottom/82518.png" width="640" height="480">
    <box label="ball" occluded="0" source="auto" xtl="276.04" ytl="168.50" xbr="427.29" ybr="327.85" z_order="0">
      <attribute name="smudge">false</attribute>
    </box>
  </image>
  <image id="360" name="rc19-experiment/INDOOR/PLAY_bottom/82514.png" width="640" height="480">
    <box label="ball" occluded="0" source="auto" xtl="233.10" ytl="57.36" xbr="377.48" ybr="218.01" z_order="0">
      <attribute name="smudge">false</attribute>
    </box>
  </image>
  <image id="359" name="rc19-experiment/INDOOR/PLAY_bottom/82511.png" width="640" height="480">
    <box label="ball" occluded="0" source="auto" xtl="213.53" ytl="87.52" xbr="350.48" ybr="225.26" z_order="0">
      <attribute name="smudge">false</attribute>
    </box>
  </image>
  <image id="358" name="rc19-experiment/INDOOR/PLAY_bottom/82508.png" width="640" height="480">
    <box label="ball" occluded="0" source="auto" xtl="240.63" ytl="34.76" xbr="375.14" ybr="178.69" z_order="0">
      <attribute name="smudge">false</attribute>
    </box>
  </image>
  <image id="357" name="rc19-experiment/INDOOR/PLAY_bottom/82505.png" width="640" height="480">
    <box label="ball" occluded="0" source="auto" xtl="224.35" ytl="5.13" xbr="356.24" ybr="137.14" z_order="0">
      <attribute name="smudge">false</attribute>
    </box>
  </image>
  <image id="356" name="rc19-experiment/INDOOR/PLAY_bottom/82501.png" width="640" height="480">
    <box label="ball" occluded="0" source="auto" xtl="260.35" ytl="0.00" xbr="385.65" ybr="88.20" z_order="0">
      <attribute name="smudge">false</attribute>
    </box>
  </image>
  <image id="355" name="rc19-experiment/INDOOR/PLAY_bottom/82498.png" width="640" height="480">
    <box label="ball" occluded="0" source="auto" xtl="288.58" ytl="1.22" xbr="407.15" ybr="117.21" z_order="0">
      <attribute name="smudge">false</attribute>
    </box>
  </image>
  <image id="354" name="rc19-experiment/INDOOR/PLAY_bottom/82494.png" width="640" height="480">
    <box label="ball" occluded="0" source="auto" xtl="265.65" ytl="186.15" xbr="370.61" ybr="292.44" z_order="0">
      <attribute name="smudge">false</attribute>
    </box>
  </image>
  <image id="353" name="rc19-experiment/INDOOR/PLAY_bottom/82490.png" width="640" height="480">
    <box label="ball" occluded="0" source="auto" xtl="246.81" ytl="148.97" xbr="348.04" ybr="251.60" z_order="0">
      <attribute name="smudge">false</attribute>
    </box>
  </image>
  <image id="352" name="rc19-experiment/INDOOR/PLAY_bottom/82487.png" width="640" height="480">
    <box label="ball" occluded="0" source="auto" xtl="259.39" ytl="189.21" xbr="354.78" ybr="283.08" z_order="0">
      <attribute name="smudge">false</attribute>
    </box>
  </image>
  <image id="351" name="rc19-experiment/INDOOR/PLAY_bottom/82484.png" width="640" height="480">
    <box label="ball" occluded="0" source="auto" xtl="258.45" ytl="58.64" xbr="352.80" ybr="166.75" z_order="0">
      <attribute name="smudge">false</attribute>
    </box>
  </image>
  <image id="350" name="rc19-experiment/INDOOR/PLAY_bottom/82481.png" width="640" height="480">
    <box label="ball" occluded="0" source="auto" xtl="267.54" ytl="0.35" xbr="362.52" ybr="90.98" z_order="0">
      <attribute name="smudge">false</attribute>
    </box>
  </image>
  <image id="349" name="rc19-experiment/INDOOR/PLAY_bottom/82477.png" width="640" height="480">
    <box label="ball" occluded="0" source="auto" xtl="296.41" ytl="56.85" xbr="384.56" ybr="144.69" z_order="0">
      <attribute name="smudge">false</attribute>
    </box>
  </image>
  <image id="348" name="rc19-experiment/INDOOR/PLAY_bottom/82474.png" width="640" height="480">
    <box label="ball" occluded="0" source="auto" xtl="278.76" ytl="49.47" xbr="366.11" ybr="138.49" z_order="0">
      <attribute name="smudge">false</attribute>
    </box>
  </image>
  <image id="347" name="rc19-experiment/INDOOR/PLAY_bottom/82471.png" width="640" height="480">
    <box label="ball" occluded="0" source="auto" xtl="282.76" ytl="117.62" xbr="365.59" ybr="200.35" z_order="0">
      <attribute name="smudge">false</attribute>
    </box>
  </image>
  <image id="346" name="rc19-experiment/INDOOR/PLAY_bottom/82468.png" width="640" height="480">
    <box label="ball" occluded="0" source="auto" xtl="314.42" ytl="43.84" xbr="396.13" ybr="132.69" z_order="0">
      <attribute name="smudge">false</attribute>
    </box>
  </image>
  <image id="345" name="rc19-experiment/INDOOR/PLAY_bottom/82465.png" width="640" height="480">
    <box label="ball" occluded="0" source="auto" xtl="345.75" ytl="43.74" xbr="425.07" ybr="124.96" z_order="0">
      <attribute name="smudge">false</attribute>
    </box>
  </image>
  <image id="344" name="rc19-experiment/INDOOR/PLAY_bottom/82462.png" width="640" height="480">
    <box label="ball" occluded="0" source="auto" xtl="320.15" ytl="156.90" xbr="394.15" ybr="234.66" z_order="0">
      <attribute name="smudge">false</attribute>
    </box>
  </image>
  <image id="343" name="rc19-experiment/INDOOR/PLAY_bottom/82459.png" width="640" height="480">
    <box label="ball" occluded="0" source="auto" xtl="265.21" ytl="6.40" xbr="338.27" ybr="86.15" z_order="0">
      <attribute name="smudge">false</attribute>
    </box>
  </image>
  <image id="342" name="rc19-experiment/INDOOR/PLAY_bottom/82455.png" width="640" height="480">
    <box label="ball" occluded="0" source="auto" xtl="251.12" ytl="66.81" xbr="318.63" ybr="134.40" z_order="0">
      <attribute name="smudge">false</attribute>
    </box>
  </image>
  <image id="341" name="rc19-experiment/INDOOR/PLAY_bottom/82452.png" width="640" height="480">
    <box label="ball" occluded="0" source="auto" xtl="265.20" ytl="37.67" xbr="330.57" ybr="111.57" z_order="0">
      <attribute name="smudge">false</attribute>
    </box>
  </image>
  <image id="340" name="rc19-experiment/INDOOR/PLAY_bottom/82449.png" width="640" height="480">
    <box label="ball" occluded="0" source="auto" xtl="295.47" ytl="0.00" xbr="364.77" ybr="55.04" z_order="0">
      <attribute name="smudge">false</attribute>
    </box>
  </image>
  <image id="339" name="rc19-experiment/INDOOR/PLAY_bottom/82446.png" width="640" height="480">
    <box label="ball" occluded="0" source="auto" xtl="297.52" ytl="82.82" xbr="360.58" ybr="146.63" z_order="0">
      <attribute name="smudge">false</attribute>
    </box>
  </image>
  <image id="338" name="rc19-experiment/INDOOR/PLAY_bottom/82442.png" width="640" height="480">
    <box label="ball" occluded="0" source="auto" xtl="254.47" ytl="0.00" xbr="320.65" ybr="41.55" z_order="0">
      <attribute name="smudge">false</attribute>
    </box>
  </image>
  <image id="337" name="rc19-experiment/INDOOR/PLAY_bottom/82439.png" width="640" height="480">
    <box label="ball" occluded="0" source="auto" xtl="262.05" ytl="30.35" xbr="326.06" ybr="92.80" z_order="0">
      <attribute name="smudge">false</attribute>
    </box>
  </image>
  <image id="336" name="rc19-experiment/INDOOR/PLAY_bottom/82436.png" width="640" height="480">
    <box label="ball" occluded="0" source="auto" xtl="294.90" ytl="11.07" xbr="356.48" ybr="79.38" z_order="0">
      <attribute name="smudge">false</attribute>
    </box>
  </image>
  <image id="335" name="rc19-experiment/INDOOR/PLAY_bottom/82433.png" width="640" height="480">
    <box label="ball" occluded="0" source="auto" xtl="282.71" ytl="0.67" xbr="339.56" ybr="27.76" z_order="0">
      <attribute name="smudge">false</attribute>
    </box>
  </image>
  <image id="334" name="rc19-experiment/INDOOR/PLAY_bottom/82430.png" width="640" height="480">
    <box label="ball" occluded="0" source="auto" xtl="291.13" ytl="3.53" xbr="350.68" ybr="62.48" z_order="0">
      <attribute name="smudge">false</attribute>
    </box>
  </image>
  <image id="333" name="rc19-experiment/INDOOR/PLAY_bottom/82427.png" width="640" height="480">
    <box label="ball" occluded="0" source="auto" xtl="310.32" ytl="0.38" xbr="362.73" ybr="21.80" z_order="0">
      <attribute name="smudge">false</attribute>
    </box>
  </image>
  <image id="332" name="rc19-experiment/INDOOR/PLAY_bottom/82424.png" width="640" height="480">
  </image>
  <image id="331" name="rc19-experiment/INDOOR/PLAY_bottom/82421.png" width="640" height="480">
    <box label="ball" occluded="0" source="auto" xtl="338.14" ytl="0.00" xbr="396.84" ybr="47.94" z_order="0">
      <attribute name="smudge">false</attribute>
    </box>
  </image>
  <image id="330" name="rc19-experiment/INDOOR/PLAY_bottom/82418.png" width="640" height="480">
  </image>
  <image id="329" name="rc19-experiment/INDOOR/PLAY_bottom/82415.png" width="640" height="480">
    <box label="ball" occluded="0" source="auto" xtl="385.76" ytl="0.07" xbr="443.04" ybr="43.90" z_order="0">
      <attribute name="smudge">false</attribute>
    </box>
  </image>
  <image id="328" name="rc19-experiment/INDOOR/PLAY_bottom/82411.png" width="640" height="480">
    <box label="ball" occluded="0" source="auto" xtl="260.01" ytl="0.01" xbr="301.76" ybr="21.03" z_order="0">
      <attribute name="smudge">false</attribute>
    </box>
  </image>
  <image id="327" name="rc19-experiment/INDOOR/PLAY_bottom/82408.png" width="640" height="480">
  </image>
  <image id="326" name="rc19-experiment/INDOOR/PLAY_bottom/82405.png" width="640" height="480">
    <box label="ball" occluded="0" source="auto" xtl="227.88" ytl="23.88" xbr="281.78" ybr="77.90" z_order="0">
      <attribute name="smudge">false</attribute>
    </box>
  </image>
  <image id="325" name="rc19-experiment/INDOOR/PLAY_bottom/82401.png" width="640" height="480">
    <box label="ball" occluded="0" source="auto" xtl="284.04" ytl="0.09" xbr="338.81" ybr="48.11" z_order="0">
      <attribute name="smudge">false</attribute>
    </box>
  </image>
  <image id="324" name="rc19-experiment/INDOOR/PLAY_bottom/82398.png" width="640" height="480">
    <box label="ball" occluded="0" source="auto" xtl="308.00" ytl="0.00" xbr="364.88" ybr="48.19" z_order="0">
      <attribute name="smudge">false</attribute>
    </box>
  </image>
  <image id="323" name="rc19-experiment/INDOOR/PLAY_bottom/82395.png" width="640" height="480">
    <box label="ball" occluded="0" source="auto" xtl="269.56" ytl="28.13" xbr="325.46" ybr="85.07" z_order="0">
      <attribute name="smudge">false</attribute>
    </box>
  </image>
  <image id="322" name="rc19-experiment/INDOOR/PLAY_bottom/82392.png" width="640" height="480">
    <box label="ball" occluded="0" source="auto" xtl="247.97" ytl="14.27" xbr="306.75" ybr="76.35" z_order="0">
      <attribute name="smudge">false</attribute>
    </box>
  </image>
  <image id="321" name="rc19-experiment/INDOOR/PLAY_bottom/82389.png" width="640" height="480">
    <box label="ball" occluded="0" source="auto" xtl="280.49" ytl="0.68" xbr="340.48" ybr="32.46" z_order="0">
      <attribute name="smudge">false</attribute>
    </box>
  </image>
  <image id="320" name="rc19-experiment/INDOOR/PLAY_bottom/82385.png" width="640" height="480">
    <box label="ball" occluded="0" source="auto" xtl="286.61" ytl="0.09" xbr="350.46" ybr="54.55" z_order="0">
      <attribute name="smudge">false</attribute>
    </box>
  </image>
  <image id="319" name="rc19-experiment/INDOOR/PLAY_bottom/82382.png" width="640" height="480">
    <box label="ball" occluded="0" source="auto" xtl="288.89" ytl="1.04" xbr="353.48" ybr="61.90" z_order="0">
      <attribute name="smudge">false</attribute>
    </box>
  </image>
  <image id="318" name="rc19-experiment/INDOOR/PLAY_bottom/82379.png" width="640" height="480">
    <box label="ball" occluded="0" source="auto" xtl="293.53" ytl="9.50" xbr="361.69" ybr="81.10" z_order="0">
      <attribute name="smudge">false</attribute>
    </box>
  </image>
  <image id="317" name="rc19-experiment/INDOOR/PLAY_bottom/82375.png" width="640" height="480">
    <box label="ball" occluded="0" source="auto" xtl="301.56" ytl="0.39" xbr="371.79" ybr="34.99" z_order="0">
      <attribute name="smudge">false</attribute>
    </box>
  </image>
  <image id="316" name="rc19-experiment/INDOOR/PLAY_bottom/82372.png" width="640" height="480">
    <box label="ball" occluded="0" source="auto" xtl="347.45" ytl="0.03" xbr="425.70" ybr="49.00" z_order="0">
      <attribute name="smudge">false</attribute>
    </box>
  </image>
  <image id="315" name="rc19-experiment/INDOOR/PLAY_bottom/82368.png" width="640" height="480">
    <box label="ball" occluded="0" source="auto" xtl="345.27" ytl="0.14" xbr="420.94" ybr="31.61" z_order="0">
      <attribute name="smudge">false</attribute>
    </box>
  </image>
  <image id="314" name="rc19-experiment/INDOOR/PLAY_bottom/82365.png" width="640" height="480">
  </image>
  <image id="313" name="rc19-experiment/INDOOR/PLAY_bottom/82361.png" width="640" height="480">
  </image>
  <image id="312" name="rc19-experiment/INDOOR/PLAY_bottom/82358.png" width="640" height="480">
    <box label="ball" occluded="0" source="auto" xtl="248.86" ytl="0.00" xbr="346.65" ybr="81.39" z_order="0">
      <attribute name="smudge">false</attribute>
    </box>
  </image>
  <image id="311" name="rc19-experiment/INDOOR/PLAY_bottom/82355.png" width="640" height="480">
    <box label="ball" occluded="0" source="auto" xtl="242.76" ytl="37.81" xbr="351.43" ybr="142.94" z_order="0">
      <attribute name="smudge">false</attribute>
    </box>
  </image>
  <image id="310" name="rc19-experiment/INDOOR/PLAY_bottom/82351.png" width="640" height="480">
    <box label="ball" occluded="0" source="auto" xtl="224.52" ytl="150.24" xbr="346.56" ybr="267.19" z_order="0">
      <attribute name="smudge">false</attribute>
    </box>
  </image>
  <image id="309" name="rc19-experiment/INDOOR/PLAY_bottom/82348.png" width="640" height="480">
    <box label="ball" occluded="0" source="auto" xtl="247.57" ytl="139.70" xbr="388.50" ybr="284.14" z_order="0">
      <attribute name="smudge">false</attribute>
    </box>
  </image>
  <image id="308" name="rc19-experiment/INDOOR/PLAY_bottom/82345.png" width="640" height="480">
    <box label="ball" occluded="0" source="auto" xtl="279.80" ytl="234.71" xbr="441.20" ybr="381.23" z_order="0">
      <attribute name="smudge">false</attribute>
    </box>
  </image>
  <image id="307" name="rc19-experiment/INDOOR/PLAY_bottom/82342.png" width="640" height="480">
    <box label="ball" occluded="0" source="auto" xtl="281.70" ytl="238.04" xbr="438.27" ybr="393.20" z_order="0">
      <attribute name="smudge">false</attribute>
    </box>
  </image>
  <image id="306" name="rc19-experiment/INDOOR/PLAY_bottom/82339.png" width="640" height="480">
    <box label="ball" occluded="0" source="auto" xtl="274.83" ytl="249.54" xbr="429.91" ybr="407.18" z_order="0">
      <attribute name="smudge">false</attribute>
    </box>
  </image>
  <image id="305" name="rc19-experiment/INDOOR/PLAY_bottom/82336.png" width="640" height="480">
    <box label="ball" occluded="0" source="auto" xtl="254.08" ytl="217.29" xbr="407.27" ybr="374.54" z_order="0">
      <attribute name="smudge">false</attribute>
    </box>
  </image>
  <image id="304" name="rc19-experiment/INDOOR/PLAY_bottom/82333.png" width="640" height="480">
    <box label="ball" occluded="0" source="auto" xtl="202.83" ytl="198.53" xbr="356.80" ybr="349.90" z_order="0">
      <attribute name="smudge">false</attribute>
    </box>
  </image>
  <image id="303" name="rc19-experiment/INDOOR/PLAY_bottom/82329.png" width="640" height="480">
    <box label="ball" occluded="0" source="auto" xtl="230.51" ytl="202.51" xbr="390.65" ybr="354.43" z_order="0">
      <attribute name="smudge">false</attribute>
    </box>
  </image>
  <image id="302" name="rc19-experiment/INDOOR/PLAY_bottom/82326.png" width="640" height="480">
    <box label="ball" occluded="0" source="auto" xtl="260.07" ytl="158.37" xbr="408.69" ybr="307.55" z_order="0">
      <attribute name="smudge">false</attribute>
    </box>
  </image>
  <image id="301" name="rc19-experiment/INDOOR/PLAY_bottom/82322.png" width="640" height="480">
    <box label="ball" occluded="0" source="auto" xtl="285.31" ytl="182.63" xbr="427.04" ybr="321.47" z_order="0">
      <attribute name="smudge">false</attribute>
    </box>
  </image>
  <image id="300" name="rc19-experiment/INDOOR/PLAY_bottom/82319.png" width="640" height="480">
    <box label="ball" occluded="0" source="auto" xtl="257.33" ytl="170.46" xbr="398.87" ybr="308.68" z_order="0">
      <attribute name="smudge">false</attribute>
    </box>
  </image>
  <image id="299" name="rc19-experiment/INDOOR/PLAY_bottom/82315.png" width="640" height="480">
    <box label="ball" occluded="0" source="auto" xtl="232.08" ytl="133.17" xbr="371.62" ybr="275.82" z_order="0">
      <attribute name="smudge">false</attribute>
    </box>
  </image>
  <image id="298" name="rc19-experiment/INDOOR/PLAY_bottom/82312.png" width="640" height="480">
    <box label="ball" occluded="0" source="auto" xtl="240.75" ytl="207.59" xbr="377.17" ybr="337.99" z_order="0">
      <attribute name="smudge">false</attribute>
    </box>
  </image>
  <image id="297" name="rc19-experiment/INDOOR/PLAY_bottom/82309.png" width="640" height="480">
    <box label="ball" occluded="0" source="auto" xtl="254.70" ytl="189.09" xbr="389.41" ybr="325.25" z_order="0">
      <attribute name="smudge">false</attribute>
    </box>
  </image>
  <image id="296" name="rc19-experiment/INDOOR/PLAY_bottom/82306.png" width="640" height="480">
    <box label="ball" occluded="0" source="auto" xtl="256.68" ytl="182.01" xbr="390.12" ybr="311.87" z_order="0">
      <attribute name="smudge">false</attribute>
    </box>
  </image>
  <image id="295" name="rc19-experiment/INDOOR/PLAY_bottom/82303.png" width="640" height="480">
    <box label="ball" occluded="0" source="auto" xtl="280.85" ytl="217.67" xbr="410.30" ybr="339.16" z_order="0">
      <attribute name="smudge">false</attribute>
    </box>
  </image>
  <image id="294" name="rc19-experiment/INDOOR/PLAY_bottom/82300.png" width="640" height="480">
    <box label="ball" occluded="0" source="auto" xtl="270.84" ytl="176.77" xbr="395.69" ybr="300.69" z_order="0">
      <attribute name="smudge">false</attribute>
    </box>
  </image>
  <image id="293" name="rc19-experiment/INDOOR/PLAY_bottom/82297.png" width="640" height="480">
    <box label="ball" occluded="0" source="auto" xtl="257.62" ytl="140.17" xbr="375.75" ybr="254.32" z_order="0">
      <attribute name="smudge">false</attribute>
    </box>
  </image>
  <image id="292" name="rc19-experiment/INDOOR/PLAY_bottom/82293.png" width="640" height="480">
    <box label="ball" occluded="0" source="auto" xtl="289.95" ytl="213.29" xbr="405.73" ybr="340.58" z_order="0">
      <attribute name="smudge">false</attribute>
    </box>
  </image>
  <image id="291" name="rc19-experiment/INDOOR/PLAY_bottom/82289.png" width="640" height="480">
    <box label="ball" occluded="0" source="auto" xtl="276.71" ytl="170.99" xbr="384.63" ybr="270.64" z_order="0">
      <attribute name="smudge">false</attribute>
    </box>
  </image>
  <image id="290" name="rc19-experiment/INDOOR/PLAY_bottom/82286.png" width="640" height="480">
    <box label="ball" occluded="0" source="auto" xtl="288.93" ytl="227.59" xbr="395.26" ybr="333.71" z_order="0">
      <attribute name="smudge">false</attribute>
    </box>
  </image>
  <image id="289" name="rc19-experiment/INDOOR/PLAY_bottom/82282.png" width="640" height="480">
    <box label="ball" occluded="0" source="auto" xtl="250.45" ytl="125.33" xbr="349.85" ybr="220.24" z_order="0">
      <attribute name="smudge">false</attribute>
    </box>
  </image>
  <image id="288" name="rc19-experiment/INDOOR/PLAY_bottom/82279.png" width="640" height="480">
    <box label="ball" occluded="0" source="auto" xtl="227.46" ytl="184.99" xbr="324.34" ybr="276.43" z_order="0">
      <attribute name="smudge">false</attribute>
    </box>
  </image>
  <image id="287" name="rc19-experiment/INDOOR/PLAY_bottom/82276.png" width="640" height="480">
    <box label="ball" occluded="0" source="auto" xtl="216.83" ytl="121.15" xbr="311.12" ybr="220.29" z_order="0">
      <attribute name="smudge">false</attribute>
    </box>
  </image>
  <image id="286" name="rc19-experiment/INDOOR/PLAY_bottom/82272.png" width="640" height="480">
    <box label="ball" occluded="0" source="auto" xtl="292.95" ytl="58.44" xbr="386.00" ybr="145.67" z_order="0">
      <attribute name="smudge">false</attribute>
    </box>
  </image>
  <image id="285" name="rc19-experiment/INDOOR/PLAY_bottom/82269.png" width="640" height="480">
    <box label="ball" occluded="0" source="auto" xtl="401.46" ytl="54.03" xbr="499.09" ybr="148.13" z_order="0">
      <attribute name="smudge">false</attribute>
    </box>
  </image>
  <image id="284" name="rc19-experiment/INDOOR/PLAY_bottom/82265.png" width="640" height="480">
    <box label="ball" occluded="0" source="auto" xtl="520.50" ytl="44.44" xbr="617.62" ybr="130.16" z_order="0">
      <attribute name="smudge">false</attribute>
    </box>
  </image>
  <image id="283" name="rc19-experiment/INDOOR/PLAY_bottom/82262.png" width="640" height="480">
  </image>
  <image id="282" name="rc19-experiment/INDOOR/PLAY_bottom/82258.png" width="640" height="480">
  </image>
  <image id="281" name="rc19-experiment/INDOOR/PLAY_bottom/82255.png" width="640" height="480">
  </image>
  <image id="280" name="rc19-experiment/INDOOR/PLAY_bottom/82251.png" width="640" height="480">
  </image>
  <image id="279" name="rc19-experiment/INDOOR/PLAY_bottom/82248.png" width="640" height="480">
  </image>
  <image id="278" name="rc19-experiment/INDOOR/PLAY_bottom/82245.png" width="640" height="480">
  </image>
  <image id="277" name="rc19-experiment/INDOOR/PLAY_bottom/82242.png" width="640" height="480">
  </image>
  <image id="276" name="rc19-experiment/INDOOR/PLAY_bottom/82238.png" width="640" height="480">
  </image>
  <image id="275" name="rc19-experiment/INDOOR/PLAY_bottom/82235.png" width="640" height="480">
    <box label="ball" occluded="0" source="auto" xtl="502.91" ytl="41.32" xbr="586.32" ybr="116.83" z_order="0">
      <attribute name="smudge">false</attribute>
    </box>
  </image>
  <image id="274" name="rc19-experiment/INDOOR/PLAY_bottom/82232.png" width="640" height="480">
    <box label="ball" occluded="0" source="auto" xtl="428.22" ytl="25.48" xbr="505.08" ybr="97.01" z_order="0">
      <attribute name="smudge">false</attribute>
    </box>
  </image>
  <image id="273" name="rc19-experiment/INDOOR/PLAY_bottom/82228.png" width="640" height="480">
    <box label="ball" occluded="0" source="auto" xtl="393.67" ytl="42.05" xbr="462.67" ybr="113.98" z_order="0">
      <attribute name="smudge">false</attribute>
    </box>
  </image>
  <image id="272" name="rc19-experiment/INDOOR/PLAY_bottom/82224.png" width="640" height="480">
    <box label="ball" occluded="0" source="auto" xtl="329.76" ytl="6.45" xbr="399.67" ybr="74.71" z_order="0">
      <attribute name="smudge">false</attribute>
    </box>
  </image>
  <image id="271" name="rc19-experiment/INDOOR/PLAY_bottom/82221.png" width="640" height="480">
    <box label="ball" occluded="0" source="auto" xtl="274.98" ytl="35.04" xbr="346.27" ybr="103.24" z_order="0">
      <attribute name="smudge">false</attribute>
    </box>
  </image>
  <image id="270" name="rc19-experiment/INDOOR/PLAY_bottom/82218.png" width="640" height="480">
    <box label="ball" occluded="0" source="auto" xtl="277.50" ytl="18.12" xbr="340.79" ybr="81.59" z_order="0">
      <attribute name="smudge">false</attribute>
    </box>
  </image>
  <image id="269" name="rc19-experiment/INDOOR/PLAY_bottom/82215.png" width="640" height="480">
    <box label="ball" occluded="0" source="auto" xtl="285.71" ytl="30.61" xbr="347.66" ybr="92.05" z_order="0">
      <attribute name="smudge">false</attribute>
    </box>
  </image>
  <image id="268" name="rc19-experiment/INDOOR/PLAY_bottom/82211.png" width="640" height="480">
    <box label="ball" occluded="0" source="auto" xtl="264.03" ytl="44.26" xbr="323.85" ybr="108.92" z_order="0">
      <attribute name="smudge">false</attribute>
    </box>
  </image>
  <image id="267" name="rc19-experiment/INDOOR/PLAY_bottom/82208.png" width="640" height="480">
    <box label="ball" occluded="0" source="auto" xtl="249.72" ytl="15.95" xbr="309.94" ybr="76.73" z_order="0">
      <attribute name="smudge">false</attribute>
    </box>
  </image>
  <image id="266" name="rc19-experiment/INDOOR/PLAY_bottom/82204.png" width="640" height="480">
    <box label="ball" occluded="0" source="auto" xtl="226.60" ytl="32.28" xbr="287.56" ybr="94.84" z_order="0">
      <attribute name="smudge">false</attribute>
    </box>
  </image>
  <image id="265" name="rc19-experiment/INDOOR/PLAY_bottom/82201.png" width="640" height="480">
    <box label="ball" occluded="0" source="auto" xtl="284.57" ytl="38.18" xbr="343.06" ybr="97.38" z_order="0">
      <attribute name="smudge">false</attribute>
    </box>
  </image>
  <image id="264" name="rc19-experiment/INDOOR/PLAY_bottom/82198.png" width="640" height="480">
    <box label="ball" occluded="0" source="auto" xtl="283.36" ytl="43.32" xbr="342.61" ybr="101.60" z_order="0">
      <attribute name="smudge">false</attribute>
    </box>
  </image>
  <image id="263" name="rc19-experiment/INDOOR/PLAY_bottom/82194.png" width="640" height="480">
    <box label="ball" occluded="0" source="auto" xtl="276.21" ytl="23.95" xbr="339.08" ybr="84.38" z_order="0">
      <attribute name="smudge">false</attribute>
    </box>
  </image>
  <image id="262" name="rc19-experiment/INDOOR/PLAY_bottom/82191.png" width="640" height="480">
    <box label="ball" occluded="0" source="auto" xtl="289.93" ytl="37.14" xbr="350.49" ybr="98.56" z_order="0">
      <attribute name="smudge">false</attribute>
    </box>
  </image>
  <image id="261" name="rc19-experiment/INDOOR/PLAY_bottom/82187.png" width="640" height="480">
    <box label="ball" occluded="0" source="auto" xtl="231.33" ytl="0.90" xbr="296.36" ybr="61.43" z_order="0">
      <attribute name="smudge">false</attribute>
    </box>
  </image>
  <image id="260" name="rc19-experiment/INDOOR/PLAY_bottom/82184.png" width="640" height="480">
    <box label="ball" occluded="0" source="auto" xtl="314.91" ytl="24.69" xbr="381.16" ybr="90.62" z_order="0">
      <attribute name="smudge">false</attribute>
    </box>
  </image>
  <image id="259" name="rc19-experiment/INDOOR/PLAY_bottom/82181.png" width="640" height="480">
    <box label="ball" occluded="0" source="auto" xtl="326.68" ytl="60.83" xbr="391.87" ybr="124.52" z_order="0">
      <attribute name="smudge">false</attribute>
    </box>
  </image>
  <image id="258" name="rc19-experiment/INDOOR/PLAY_bottom/82177.png" width="640" height="480">
    <box label="ball" occluded="0" source="auto" xtl="260.92" ytl="37.50" xbr="325.60" ybr="106.03" z_order="0">
      <attribute name="smudge">false</attribute>
    </box>
  </image>
  <image id="257" name="rc19-experiment/INDOOR/PLAY_bottom/82174.png" width="640" height="480">
    <box label="ball" occluded="0" source="auto" xtl="297.27" ytl="56.19" xbr="365.30" ybr="125.69" z_order="0">
      <attribute name="smudge">false</attribute>
    </box>
  </image>
  <image id="256" name="rc19-experiment/INDOOR/PLAY_bottom/82171.png" width="640" height="480">
    <box label="ball" occluded="0" source="auto" xtl="350.12" ytl="88.36" xbr="420.44" ybr="157.51" z_order="0">
      <attribute name="smudge">false</attribute>
    </box>
  </image>
  <image id="255" name="rc19-experiment/INDOOR/PLAY_bottom/82167.png" width="640" height="480">
    <box label="ball" occluded="0" source="auto" xtl="303.27" ytl="81.80" xbr="376.10" ybr="158.62" z_order="0">
      <attribute name="smudge">false</attribute>
    </box>
  </image>
  <image id="254" name="rc19-experiment/INDOOR/PLAY_bottom/82164.png" width="640" height="480">
    <box label="ball" occluded="0" source="auto" xtl="244.13" ytl="63.29" xbr="321.15" ybr="140.95" z_order="0">
      <attribute name="smudge">false</attribute>
    </box>
  </image>
  <image id="253" name="rc19-experiment/INDOOR/PLAY_bottom/82160.png" width="640" height="480">
    <box label="ball" occluded="0" source="auto" xtl="331.39" ytl="40.06" xbr="413.46" ybr="120.29" z_order="0">
      <attribute name="smudge">false</attribute>
    </box>
  </image>
  <image id="252" name="rc19-experiment/INDOOR/PLAY_bottom/82157.png" width="640" height="480">
    <box label="ball" occluded="0" source="auto" xtl="360.22" ytl="63.02" xbr="443.39" ybr="146.18" z_order="0">
      <attribute name="smudge">false</attribute>
    </box>
  </image>
  <image id="251" name="rc19-experiment/INDOOR/PLAY_bottom/82154.png" width="640" height="480">
    <box label="ball" occluded="0" source="auto" xtl="402.17" ytl="110.23" xbr="488.15" ybr="192.94" z_order="0">
      <attribute name="smudge">false</attribute>
    </box>
  </image>
  <image id="250" name="rc19-experiment/INDOOR/PLAY_bottom/82150.png" width="640" height="480">
    <box label="ball" occluded="0" source="auto" xtl="406.23" ytl="148.00" xbr="497.12" ybr="237.99" z_order="0">
      <attribute name="smudge">false</attribute>
    </box>
  </image>
  <image id="249" name="rc19-experiment/INDOOR/PLAY_bottom/82147.png" width="640" height="480">
    <box label="ball" occluded="0" source="auto" xtl="439.82" ytl="141.68" xbr="536.80" ybr="239.00" z_order="0">
      <attribute name="smudge">false</attribute>
    </box>
  </image>
  <image id="248" name="rc19-experiment/INDOOR/PLAY_bottom/82144.png" width="640" height="480">
    <box label="ball" occluded="0" source="auto" xtl="426.35" ytl="177.22" xbr="526.97" ybr="269.55" z_order="0">
      <attribute name="smudge">false</attribute>
    </box>
  </image>
  <image id="247" name="rc19-experiment/INDOOR/PLAY_bottom/82140.png" width="640" height="480">
    <box label="ball" occluded="0" source="auto" xtl="307.16" ytl="97.76" xbr="404.62" ybr="191.64" z_order="0">
      <attribute name="smudge">false</attribute>
    </box>
  </image>
  <image id="246" name="rc19-experiment/INDOOR/PLAY_bottom/82136.png" width="640" height="480">
    <box label="ball" occluded="0" source="auto" xtl="210.18" ytl="103.78" xbr="301.83" ybr="194.33" z_order="0">
      <attribute name="smudge">false</attribute>
    </box>
  </image>
  <image id="245" name="rc19-experiment/INDOOR/PLAY_bottom/82133.png" width="640" height="480">
    <box label="ball" occluded="0" source="auto" xtl="247.29" ytl="157.63" xbr="337.91" ybr="281.61" z_order="0">
      <attribute name="smudge">false</attribute>
    </box>
  </image>
  <image id="244" name="rc19-experiment/INDOOR/PLAY_bottom/82130.png" width="640" height="480">
    <box label="ball" occluded="0" source="auto" xtl="257.30" ytl="95.96" xbr="343.60" ybr="185.07" z_order="0">
      <attribute name="smudge">false</attribute>
    </box>
  </image>
  <image id="243" name="rc19-experiment/INDOOR/PLAY_bottom/82127.png" width="640" height="480">
    <box label="ball" occluded="0" source="auto" xtl="261.35" ytl="102.38" xbr="347.09" ybr="188.84" z_order="0">
      <attribute name="smudge">false</attribute>
    </box>
  </image>
  <image id="242" name="rc19-experiment/INDOOR/PLAY_bottom/82124.png" width="640" height="480">
    <box label="ball" occluded="0" source="auto" xtl="273.39" ytl="131.30" xbr="354.58" ybr="226.20" z_order="0">
      <attribute name="smudge">false</attribute>
    </box>
  </image>
  <image id="241" name="rc19-experiment/INDOOR/PLAY_bottom/82120.png" width="640" height="480">
    <box label="ball" occluded="0" source="auto" xtl="257.51" ytl="51.91" xbr="338.65" ybr="134.70" z_order="0">
      <attribute name="smudge">false</attribute>
    </box>
  </image>
  <image id="240" name="rc19-experiment/INDOOR/PLAY_bottom/82117.png" width="640" height="480">
    <box label="ball" occluded="0" source="auto" xtl="265.43" ytl="105.91" xbr="343.44" ybr="195.20" z_order="0">
      <attribute name="smudge">false</attribute>
    </box>
  </image>
  <image id="239" name="rc19-experiment/INDOOR/PLAY_bottom/82113.png" width="640" height="480">
    <box label="ball" occluded="0" source="auto" xtl="256.07" ytl="43.00" xbr="333.17" ybr="122.72" z_order="0">
      <attribute name="smudge">false</attribute>
    </box>
  </image>
  <image id="238" name="rc19-experiment/INDOOR/PLAY_bottom/82110.png" width="640" height="480">
    <box label="ball" occluded="0" source="auto" xtl="332.17" ytl="82.10" xbr="407.30" ybr="158.76" z_order="0">
      <attribute name="smudge">false</attribute>
    </box>
  </image>
  <image id="237" name="rc19-experiment/INDOOR/PLAY_bottom/82107.png" width="640" height="480">
    <box label="ball" occluded="0" source="auto" xtl="315.89" ytl="52.22" xbr="389.91" ybr="134.73" z_order="0">
      <attribute name="smudge">false</attribute>
    </box>
  </image>
  <image id="236" name="rc19-experiment/INDOOR/PLAY_bottom/82104.png" width="640" height="480">
    <box label="ball" occluded="0" source="auto" xtl="246.73" ytl="0.74" xbr="323.60" ybr="72.31" z_order="0">
      <attribute name="smudge">false</attribute>
    </box>
  </image>
  <image id="235" name="rc19-experiment/INDOOR/PLAY_bottom/82100.png" width="640" height="480">
    <box label="ball" occluded="0" source="auto" xtl="279.45" ytl="76.51" xbr="348.10" ybr="160.68" z_order="0">
      <attribute name="smudge">false</attribute>
    </box>
  </image>
  <image id="234" name="rc19-experiment/INDOOR/PLAY_bottom/82097.png" width="640" height="480">
    <box label="ball" occluded="0" source="auto" xtl="332.72" ytl="19.80" xbr="399.11" ybr="90.21" z_order="0">
      <attribute name="smudge">false</attribute>
    </box>
  </image>
  <image id="233" name="rc19-experiment/INDOOR/PLAY_bottom/82093.png" width="640" height="480">
    <box label="ball" occluded="0" source="auto" xtl="303.01" ytl="92.01" xbr="366.17" ybr="156.88" z_order="0">
      <attribute name="smudge">false</attribute>
    </box>
  </image>
  <image id="232" name="rc19-experiment/INDOOR/PLAY_bottom/82090.png" width="640" height="480">
    <box label="ball" occluded="0" source="auto" xtl="270.14" ytl="16.88" xbr="332.87" ybr="88.69" z_order="0">
      <attribute name="smudge">false</attribute>
    </box>
  </image>
  <image id="231" name="rc19-experiment/INDOOR/PLAY_bottom/82087.png" width="640" height="480">
    <box label="ball" occluded="0" source="auto" xtl="315.90" ytl="0.18" xbr="380.03" ybr="41.12" z_order="0">
      <attribute name="smudge">false</attribute>
    </box>
  </image>
  <image id="230" name="rc19-experiment/INDOOR/PLAY_bottom/82083.png" width="640" height="480">
    <box label="ball" occluded="0" source="auto" xtl="262.44" ytl="8.84" xbr="321.35" ybr="77.84" z_order="0">
      <attribute name="smudge">false</attribute>
    </box>
  </image>
  <image id="229" name="rc19-experiment/INDOOR/PLAY_bottom/82080.png" width="640" height="480">
  </image>
  <image id="228" name="rc19-experiment/INDOOR/PLAY_bottom/82077.png" width="640" height="480">
    <box label="ball" occluded="0" source="auto" xtl="338.71" ytl="35.10" xbr="393.00" ybr="93.75" z_order="0">
      <attribute name="smudge">false</attribute>
    </box>
  </image>
  <image id="227" name="rc19-experiment/INDOOR/PLAY_bottom/82073.png" width="640" height="480">
    <box label="ball" occluded="0" source="auto" xtl="283.36" ytl="0.00" xbr="340.44" ybr="42.82" z_order="0">
      <attribute name="smudge">false</attribute>
    </box>
  </image>
  <image id="226" name="rc19-experiment/INDOOR/PLAY_bottom/82070.png" width="640" height="480">
  </image>
  <image id="225" name="rc19-experiment/INDOOR/PLAY_bottom/82067.png" width="640" height="480">
    <box label="ball" occluded="0" source="auto" xtl="290.67" ytl="36.61" xbr="341.65" ybr="91.34" z_order="0">
      <attribute name="smudge">false</attribute>
    </box>
  </image>
  <image id="224" name="rc19-experiment/INDOOR/PLAY_bottom/82063.png" width="640" height="480">
  </image>
  <image id="223" name="rc19-experiment/INDOOR/PLAY_bottom/82060.png" width="640" height="480">
    <box label="ball" occluded="0" source="auto" xtl="289.42" ytl="0.28" xbr="344.27" ybr="48.55" z_order="0">
      <attribute name="smudge">false</attribute>
    </box>
  </image>
  <image id="222" name="rc19-experiment/INDOOR/PLAY_bottom/82057.png" width="640" height="480">
  </image>
  <image id="221" name="rc19-experiment/INDOOR/PLAY_bottom/82053.png" width="640" height="480">
  </image>
  <image id="220" name="rc19-experiment/INDOOR/PLAY_bottom/82050.png" width="640" height="480">
    <box label="ball" occluded="0" source="auto" xtl="301.60" ytl="0.32" xbr="345.44" ybr="25.48" z_order="0">
      <attribute name="smudge">false</attribute>
    </box>
  </image>
  <image id="219" name="rc19-experiment/INDOOR/PLAY_bottom/82047.png" width="640" height="480">
  </image>
  <image id="218" name="rc19-experiment/INDOOR/PLAY_bottom/82043.png" width="640" height="480">
    <box label="ball" occluded="0" source="auto" xtl="353.98" ytl="33.22" xbr="403.33" ybr="79.81" z_order="0">
      <attribute name="smudge">false</attribute>
    </box>
  </image>
  <image id="217" name="rc19-experiment/INDOOR/PLAY_bottom/82040.png" width="640" height="480">
  </image>
  <image id="216" name="rc19-experiment/INDOOR/PLAY_bottom/82037.png" width="640" height="480">
  </image>
  <image id="215" name="rc19-experiment/INDOOR/PLAY_bottom/82034.png" width="640" height="480">
    <box label="ball" occluded="0" source="auto" xtl="299.96" ytl="0.79" xbr="345.31" ybr="54.20" z_order="0">
      <attribute name="smudge">false</attribute>
    </box>
  </image>
  <image id="214" name="rc19-experiment/INDOOR/PLAY_bottom/82031.png" width="640" height="480">
  </image>
  <image id="213" name="rc19-experiment/INDOOR/PLAY_bottom/82027.png" width="640" height="480">
    <box label="ball" occluded="0" source="auto" xtl="290.18" ytl="0.00" xbr="342.75" ybr="34.74" z_order="0">
      <attribute name="smudge">false</attribute>
    </box>
  </image>
  <image id="212" name="rc19-experiment/INDOOR/PLAY_bottom/82023.png" width="640" height="480">
    <box label="ball" occluded="0" source="auto" xtl="270.03" ytl="0.02" xbr="323.75" ybr="47.16" z_order="0">
      <attribute name="smudge">false</attribute>
    </box>
  </image>
  <image id="211" name="rc19-experiment/INDOOR/PLAY_bottom/82020.png" width="640" height="480">
  </image>
  <image id="210" name="rc19-experiment/INDOOR/PLAY_bottom/82016.png" width="640" height="480">
    <box label="ball" occluded="0" source="auto" xtl="275.21" ytl="0.48" xbr="333.07" ybr="30.47" z_order="0">
      <attribute name="smudge">false</attribute>
    </box>
  </image>
  <image id="209" name="rc19-experiment/INDOOR/PLAY_bottom/82013.png" width="640" height="480">
    <box label="ball" occluded="0" source="auto" xtl="276.22" ytl="0.38" xbr="334.56" ybr="51.24" z_order="0">
      <attribute name="smudge">false</attribute>
    </box>
  </image>
  <image id="208" name="rc19-experiment/INDOOR/PLAY_bottom/82010.png" width="640" height="480">
    <box label="ball" occluded="0" source="auto" xtl="307.86" ytl="39.03" xbr="366.43" ybr="97.55" z_order="0">
      <attribute name="smudge">false</attribute>
    </box>
  </image>
  <image id="207" name="rc19-experiment/INDOOR/PLAY_bottom/82007.png" width="640" height="480">
    <box label="ball" occluded="0" source="auto" xtl="296.45" ytl="31.98" xbr="358.02" ybr="93.98" z_order="0">
      <attribute name="smudge">false</attribute>
    </box>
  </image>
  <image id="206" name="rc19-experiment/INDOOR/PLAY_bottom/82003.png" width="640" height="480">
  </image>
  <image id="205" name="rc19-experiment/INDOOR/PLAY_bottom/82000.png" width="640" height="480">
  </image>
  <image id="204" name="rc19-experiment/INDOOR/PLAY_bottom/81996.png" width="640" height="480">
  </image>
  <image id="203" name="rc19-experiment/INDOOR/PLAY_bottom/81993.png" width="640" height="480">
  </image>
  <image id="202" name="rc19-experiment/INDOOR/PLAY_bottom/81990.png" width="640" height="480">
  </image>
  <image id="201" name="rc19-experiment/INDOOR/PLAY_bottom/81987.png" width="640" height="480">
    <box label="ball" occluded="0" source="auto" xtl="158.80" ytl="0.00" xbr="262.07" ybr="89.71" z_order="0">
      <attribute name="smudge">false</attribute>
    </box>
  </image>
  <image id="200" name="rc19-experiment/INDOOR/PLAY_bottom/81984.png" width="640" height="480">
    <box label="ball" occluded="0" source="auto" xtl="132.02" ytl="42.79" xbr="248.05" ybr="151.12" z_order="0">
      <attribute name="smudge">false</attribute>
    </box>
  </image>
  <image id="199" name="rc19-experiment/INDOOR/PLAY_bottom/81981.png" width="640" height="480">
    <box label="ball" occluded="0" source="manual" xtl="159.77" ytl="84.12" xbr="300.80" ybr="210.31" z_order="0">
      <attribute name="smudge">false</attribute>
    </box>
  </image>
  <image id="198" name="rc19-experiment/INDOOR/PLAY_bottom/81978.png" width="640" height="480">
    <box label="ball" occluded="0" source="manual" xtl="220.39" ytl="127.42" xbr="369.46" ybr="255.46" z_order="0">
      <attribute name="smudge">false</attribute>
    </box>
  </image>
  <image id="197" name="rc19-experiment/INDOOR/PLAY_bottom/81975.png" width="640" height="480">
    <box label="ball" occluded="0" source="manual" xtl="267.40" ytl="204.12" xbr="434.41" ybr="356.91" z_order="0">
      <attribute name="smudge">false</attribute>
    </box>
  </image>
  <image id="196" name="rc19-experiment/INDOOR/PLAY_bottom/81972.png" width="640" height="480">
    <box label="ball" occluded="0" source="auto" xtl="289.80" ytl="297.53" xbr="469.55" ybr="472.61" z_order="0">
      <attribute name="smudge">false</attribute>
    </box>
  </image>
  <image id="195" name="rc19-experiment/INDOOR/PLAY_bottom/81969.png" width="640" height="480">
    <box label="ball" occluded="0" source="auto" xtl="243.73" ytl="255.53" xbr="407.26" ybr="429.35" z_order="0">
      <attribute name="smudge">false</attribute>
    </box>
  </image>
  <image id="194" name="rc19-experiment/INDOOR/PLAY_bottom/81965.png" width="640" height="480">
    <box label="ball" occluded="0" source="auto" xtl="201.83" ytl="238.65" xbr="355.21" ybr="397.78" z_order="0">
      <attribute name="smudge">false</attribute>
    </box>
  </image>
  <image id="193" name="rc19-experiment/INDOOR/PLAY_bottom/81961.png" width="640" height="480">
    <box label="ball" occluded="0" source="auto" xtl="228.25" ytl="216.81" xbr="378.37" ybr="376.86" z_order="0">
      <attribute name="smudge">false</attribute>
    </box>
  </image>
  <image id="192" name="rc19-experiment/INDOOR/PLAY_bottom/81958.png" width="640" height="480">
    <box label="ball" occluded="0" source="auto" xtl="271.23" ytl="170.78" xbr="415.00" ybr="319.40" z_order="0">
      <attribute name="smudge">false</attribute>
    </box>
  </image>
  <image id="191" name="rc19-experiment/INDOOR/PLAY_bottom/81955.png" width="640" height="480">
    <box label="ball" occluded="0" source="auto" xtl="280.50" ytl="183.19" xbr="424.13" ybr="325.04" z_order="0">
      <attribute name="smudge">false</attribute>
    </box>
  </image>
  <image id="190" name="rc19-experiment/INDOOR/PLAY_bottom/81952.png" width="640" height="480">
    <box label="ball" occluded="0" source="auto" xtl="268.09" ytl="181.81" xbr="408.40" ybr="324.79" z_order="0">
      <attribute name="smudge">false</attribute>
    </box>
  </image>
  <image id="189" name="rc19-experiment/INDOOR/PLAY_bottom/81949.png" width="640" height="480">
    <box label="ball" occluded="0" source="auto" xtl="240.64" ytl="157.47" xbr="380.32" ybr="300.19" z_order="0">
      <attribute name="smudge">false</attribute>
    </box>
  </image>
  <image id="188" name="rc19-experiment/INDOOR/PLAY_bottom/81945.png" width="640" height="480">
    <box label="ball" occluded="0" source="auto" xtl="227.91" ytl="176.05" xbr="367.14" ybr="319.48" z_order="0">
      <attribute name="smudge">false</attribute>
    </box>
  </image>
  <image id="187" name="rc19-experiment/INDOOR/PLAY_bottom/81942.png" width="640" height="480">
    <box label="ball" occluded="0" source="auto" xtl="253.41" ytl="163.82" xbr="392.51" ybr="310.66" z_order="0">
      <attribute name="smudge">false</attribute>
    </box>
  </image>
  <image id="186" name="rc19-experiment/INDOOR/PLAY_bottom/81939.png" width="640" height="480">
    <box label="ball" occluded="0" source="auto" xtl="273.67" ytl="144.18" xbr="411.43" ybr="279.72" z_order="0">
      <attribute name="smudge">false</attribute>
    </box>
  </image>
  <image id="185" name="rc19-experiment/INDOOR/PLAY_bottom/81935.png" width="640" height="480">
    <box label="ball" occluded="0" source="auto" xtl="274.71" ytl="142.99" xbr="413.32" ybr="280.22" z_order="0">
      <attribute name="smudge">false</attribute>
    </box>
  </image>
  <image id="184" name="rc19-experiment/INDOOR/PLAY_bottom/81932.png" width="640" height="480">
    <box label="ball" occluded="0" source="auto" xtl="263.39" ytl="159.58" xbr="400.47" ybr="293.66" z_order="0">
      <attribute name="smudge">false</attribute>
    </box>
  </image>
  <image id="183" name="rc19-experiment/INDOOR/PLAY_bottom/81929.png" width="640" height="480">
    <box label="ball" occluded="0" source="auto" xtl="252.32" ytl="153.24" xbr="390.76" ybr="298.19" z_order="0">
      <attribute name="smudge">false</attribute>
    </box>
  </image>
  <image id="182" name="rc19-experiment/INDOOR/PLAY_bottom/81925.png" width="640" height="480">
    <box label="ball" occluded="0" source="auto" xtl="223.33" ytl="149.36" xbr="373.19" ybr="315.70" z_order="0">
      <attribute name="smudge">false</attribute>
    </box>
  </image>
  <image id="181" name="rc19-experiment/INDOOR/PLAY_bottom/81922.png" width="640" height="480">
    <box label="ball" occluded="0" source="auto" xtl="273.29" ytl="171.60" xbr="412.66" ybr="309.36" z_order="0">
      <attribute name="smudge">false</attribute>
    </box>
  </image>
  <image id="180" name="rc19-experiment/INDOOR/PLAY_bottom/81918.png" width="640" height="480">
    <box label="ball" occluded="0" source="auto" xtl="299.62" ytl="152.97" xbr="447.03" ybr="311.96" z_order="0">
      <attribute name="smudge">false</attribute>
    </box>
  </image>
  <image id="179" name="rc19-experiment/INDOOR/PLAY_bottom/81915.png" width="640" height="480">
    <box label="ball" occluded="0" source="auto" xtl="320.92" ytl="156.48" xbr="470.40" ybr="300.79" z_order="0">
      <attribute name="smudge">false</attribute>
    </box>
  </image>
  <image id="178" name="rc19-experiment/INDOOR/PLAY_bottom/81912.png" width="640" height="480">
    <box label="ball" occluded="0" source="auto" xtl="273.45" ytl="165.60" xbr="424.07" ybr="308.93" z_order="0">
      <attribute name="smudge">false</attribute>
    </box>
  </image>
  <image id="177" name="rc19-experiment/INDOOR/PLAY_bottom/81909.png" width="640" height="480">
    <box label="ball" occluded="0" source="auto" xtl="266.66" ytl="168.56" xbr="418.12" ybr="309.38" z_order="0">
      <attribute name="smudge">false</attribute>
    </box>
  </image>
  <image id="176" name="rc19-experiment/INDOOR/PLAY_bottom/81905.png" width="640" height="480">
    <box label="ball" occluded="0" source="auto" xtl="324.85" ytl="172.94" xbr="473.49" ybr="326.11" z_order="0">
      <attribute name="smudge">false</attribute>
    </box>
  </image>
  <image id="175" name="rc19-experiment/INDOOR/PLAY_bottom/81902.png" width="640" height="480">
    <box label="ball" occluded="0" source="auto" xtl="324.13" ytl="143.46" xbr="469.56" ybr="283.41" z_order="0">
      <attribute name="smudge">false</attribute>
    </box>
  </image>
  <image id="174" name="rc19-experiment/INDOOR/PLAY_bottom/81898.png" width="640" height="480">
    <box label="ball" occluded="0" source="auto" xtl="317.24" ytl="171.20" xbr="461.16" ybr="309.39" z_order="0">
      <attribute name="smudge">false</attribute>
    </box>
  </image>
  <image id="173" name="rc19-experiment/INDOOR/PLAY_bottom/81895.png" width="640" height="480">
    <box label="ball" occluded="0" source="auto" xtl="265.55" ytl="178.95" xbr="407.44" ybr="315.53" z_order="0">
      <attribute name="smudge">false</attribute>
    </box>
  </image>
  <image id="172" name="rc19-experiment/INDOOR/PLAY_bottom/81891.png" width="640" height="480">
    <box label="ball" occluded="0" source="auto" xtl="248.92" ytl="220.70" xbr="393.02" ybr="358.43" z_order="0">
      <attribute name="smudge">false</attribute>
    </box>
  </image>
  <image id="171" name="rc19-experiment/INDOOR/PLAY_bottom/81888.png" width="640" height="480">
    <box label="ball" occluded="0" source="auto" xtl="249.33" ytl="204.01" xbr="395.76" ybr="343.87" z_order="0">
      <attribute name="smudge">false</attribute>
    </box>
  </image>
  <image id="170" name="rc19-experiment/INDOOR/PLAY_bottom/81885.png" width="640" height="480">
    <box label="ball" occluded="0" source="auto" xtl="316.75" ytl="213.16" xbr="463.19" ybr="357.63" z_order="0">
      <attribute name="smudge">false</attribute>
    </box>
  </image>
  <image id="169" name="rc19-experiment/INDOOR/PLAY_bottom/81882.png" width="640" height="480">
    <box label="ball" occluded="0" source="auto" xtl="302.62" ytl="215.47" xbr="452.48" ybr="367.39" z_order="0">
      <attribute name="smudge">false</attribute>
    </box>
  </image>
  <image id="168" name="rc19-experiment/INDOOR/PLAY_bottom/81879.png" width="640" height="480">
    <box label="ball" occluded="0" source="auto" xtl="270.42" ytl="203.53" xbr="427.18" ybr="354.82" z_order="0">
      <attribute name="smudge">false</attribute>
    </box>
  </image>
  <image id="167" name="rc19-experiment/INDOOR/PLAY_bottom/81876.png" width="640" height="480">
    <box label="ball" occluded="0" source="auto" xtl="203.78" ytl="227.81" xbr="357.03" ybr="380.36" z_order="0">
      <attribute name="smudge">false</attribute>
    </box>
  </image>
  <image id="166" name="rc19-experiment/INDOOR/PLAY_bottom/81873.png" width="640" height="480">
    <box label="ball" occluded="0" source="auto" xtl="216.23" ytl="249.19" xbr="368.40" ybr="402.89" z_order="0">
      <attribute name="smudge">false</attribute>
    </box>
  </image>
  <image id="165" name="rc19-experiment/INDOOR/PLAY_bottom/81870.png" width="640" height="480">
    <box label="ball" occluded="0" source="auto" xtl="263.38" ytl="224.57" xbr="418.26" ybr="386.42" z_order="0">
      <attribute name="smudge">false</attribute>
    </box>
  </image>
  <image id="164" name="rc19-experiment/INDOOR/PLAY_bottom/81867.png" width="640" height="480">
    <box label="ball" occluded="0" source="auto" xtl="282.48" ytl="199.62" xbr="433.27" ybr="346.37" z_order="0">
      <attribute name="smudge">false</attribute>
    </box>
  </image>
  <image id="163" name="rc19-experiment/INDOOR/PLAY_bottom/81863.png" width="640" height="480">
    <box label="ball" occluded="0" source="auto" xtl="294.90" ytl="222.82" xbr="448.22" ybr="371.83" z_order="0">
      <attribute name="smudge">false</attribute>
    </box>
  </image>
  <image id="162" name="rc19-experiment/INDOOR/PLAY_bottom/81860.png" width="640" height="480">
    <box label="ball" occluded="0" source="auto" xtl="237.19" ytl="181.24" xbr="388.43" ybr="330.85" z_order="0">
      <attribute name="smudge">false</attribute>
    </box>
  </image>
  <image id="161" name="rc19-experiment/INDOOR/PLAY_bottom/81857.png" width="640" height="480">
    <box label="ball" occluded="0" source="auto" xtl="213.85" ytl="150.49" xbr="369.34" ybr="293.56" z_order="0">
      <attribute name="smudge">false</attribute>
    </box>
  </image>
  <image id="160" name="rc19-experiment/INDOOR/PLAY_bottom/81854.png" width="640" height="480">
    <box label="ball" occluded="0" source="auto" xtl="308.24" ytl="179.46" xbr="460.45" ybr="323.39" z_order="0">
      <attribute name="smudge">false</attribute>
    </box>
  </image>
  <image id="159" name="rc19-experiment/INDOOR/PLAY_bottom/81851.png" width="640" height="480">
    <box label="ball" occluded="0" source="auto" xtl="321.86" ytl="199.99" xbr="465.27" ybr="349.13" z_order="0">
      <attribute name="smudge">false</attribute>
    </box>
  </image>
  <image id="158" name="rc19-experiment/INDOOR/PLAY_bottom/81848.png" width="640" height="480">
    <box label="ball" occluded="0" source="auto" xtl="290.22" ytl="286.50" xbr="430.50" ybr="423.28" z_order="0">
      <attribute name="smudge">false</attribute>
    </box>
  </image>
  <image id="157" name="rc19-experiment/INDOOR/PLAY_bottom/81845.png" width="640" height="480">
    <box label="ball" occluded="0" source="auto" xtl="222.44" ytl="152.35" xbr="361.20" ybr="307.84" z_order="0">
      <attribute name="smudge">false</attribute>
    </box>
  </image>
  <image id="156" name="rc19-experiment/INDOOR/PLAY_bottom/81842.png" width="640" height="480">
    <box label="ball" occluded="0" source="auto" xtl="196.64" ytl="54.53" xbr="332.16" ybr="188.00" z_order="0">
      <attribute name="smudge">false</attribute>
    </box>
  </image>
  <image id="155" name="rc19-experiment/INDOOR/PLAY_bottom/81838.png" width="640" height="480">
    <box label="ball" occluded="0" source="auto" xtl="252.26" ytl="60.37" xbr="384.42" ybr="185.71" z_order="0">
      <attribute name="smudge">false</attribute>
    </box>
  </image>
  <image id="154" name="rc19-experiment/INDOOR/PLAY_bottom/81835.png" width="640" height="480">
    <box label="ball" occluded="0" source="auto" xtl="291.55" ytl="96.11" xbr="417.56" ybr="205.28" z_order="0">
      <attribute name="smudge">false</attribute>
    </box>
  </image>
  <image id="153" name="rc19-experiment/INDOOR/PLAY_bottom/81832.png" width="640" height="480">
    <box label="ball" occluded="0" source="auto" xtl="308.07" ytl="177.48" xbr="429.25" ybr="292.54" z_order="0">
      <attribute name="smudge">false</attribute>
    </box>
  </image>
  <image id="152" name="rc19-experiment/INDOOR/PLAY_bottom/81828.png" width="640" height="480">
    <box label="ball" occluded="0" source="auto" xtl="295.35" ytl="194.92" xbr="414.86" ybr="305.10" z_order="0">
      <attribute name="smudge">false</attribute>
    </box>
  </image>
  <image id="151" name="rc19-experiment/INDOOR/PLAY_bottom/81824.png" width="640" height="480">
    <box label="ball" occluded="0" source="auto" xtl="277.13" ytl="251.62" xbr="393.61" ybr="354.46" z_order="0">
      <attribute name="smudge">false</attribute>
    </box>
  </image>
  <image id="150" name="rc19-experiment/INDOOR/PLAY_bottom/81821.png" width="640" height="480">
    <box label="ball" occluded="0" source="auto" xtl="218.40" ytl="150.52" xbr="322.14" ybr="264.72" z_order="0">
      <attribute name="smudge">false</attribute>
    </box>
  </image>
  <image id="149" name="rc19-experiment/INDOOR/PLAY_bottom/81818.png" width="640" height="480">
    <box label="ball" occluded="0" source="auto" xtl="237.24" ytl="69.23" xbr="340.80" ybr="173.00" z_order="0">
      <attribute name="smudge">false</attribute>
    </box>
  </image>
  <image id="148" name="rc19-experiment/INDOOR/PLAY_bottom/81815.png" width="640" height="480">
    <box label="ball" occluded="0" source="auto" xtl="281.18" ytl="209.24" xbr="377.13" ybr="293.94" z_order="0">
      <attribute name="smudge">false</attribute>
    </box>
  </image>
  <image id="147" name="rc19-experiment/INDOOR/PLAY_bottom/81812.png" width="640" height="480">
    <box label="ball" occluded="0" source="auto" xtl="287.38" ytl="147.82" xbr="383.36" ybr="247.37" z_order="0">
      <attribute name="smudge">false</attribute>
    </box>
  </image>
  <image id="146" name="rc19-experiment/INDOOR/PLAY_bottom/81809.png" width="640" height="480">
    <box label="ball" occluded="0" source="auto" xtl="230.32" ytl="178.51" xbr="317.58" ybr="265.62" z_order="0">
      <attribute name="smudge">false</attribute>
    </box>
  </image>
  <image id="145" name="rc19-experiment/INDOOR/PLAY_bottom/81805.png" width="640" height="480">
    <box label="ball" occluded="0" source="auto" xtl="271.96" ytl="147.77" xbr="360.32" ybr="240.30" z_order="0">
      <attribute name="smudge">false</attribute>
    </box>
  </image>
  <image id="144" name="rc19-experiment/INDOOR/PLAY_bottom/81802.png" width="640" height="480">
    <box label="ball" occluded="0" source="auto" xtl="301.59" ytl="93.35" xbr="388.21" ybr="186.83" z_order="0">
      <attribute name="smudge">false</attribute>
    </box>
  </image>
  <image id="143" name="rc19-experiment/INDOOR/PLAY_bottom/81799.png" width="640" height="480">
    <box label="ball" occluded="0" source="auto" xtl="329.93" ytl="166.42" xbr="413.86" ybr="250.78" z_order="0">
      <attribute name="smudge">false</attribute>
    </box>
  </image>
  <image id="142" name="rc19-experiment/INDOOR/PLAY_bottom/81796.png" width="640" height="480">
    <box label="ball" occluded="0" source="auto" xtl="279.61" ytl="44.19" xbr="365.58" ybr="139.75" z_order="0">
      <attribute name="smudge">false</attribute>
    </box>
  </image>
  <image id="141" name="rc19-experiment/INDOOR/PLAY_bottom/81793.png" width="640" height="480">
    <box label="ball" occluded="0" source="auto" xtl="277.30" ytl="0.38" xbr="362.93" ybr="60.15" z_order="0">
      <attribute name="smudge">false</attribute>
    </box>
  </image>
  <image id="140" name="rc19-experiment/INDOOR/PLAY_bottom/81789.png" width="640" height="480">
    <box label="ball" occluded="0" source="auto" xtl="322.29" ytl="25.94" xbr="399.89" ybr="107.91" z_order="0">
      <attribute name="smudge">false</attribute>
    </box>
  </image>
  <image id="139" name="rc19-experiment/INDOOR/PLAY_bottom/81786.png" width="640" height="480">
    <box label="ball" occluded="0" source="auto" xtl="275.88" ytl="13.58" xbr="355.33" ybr="94.68" z_order="0">
      <attribute name="smudge">false</attribute>
    </box>
  </image>
  <image id="138" name="rc19-experiment/INDOOR/PLAY_bottom/81783.png" width="640" height="480">
    <box label="ball" occluded="0" source="auto" xtl="283.28" ytl="134.58" xbr="353.01" ybr="207.72" z_order="0">
      <attribute name="smudge">false</attribute>
    </box>
  </image>
  <image id="137" name="rc19-experiment/INDOOR/PLAY_bottom/81780.png" width="640" height="480">
    <box label="ball" occluded="0" source="auto" xtl="245.72" ytl="35.18" xbr="316.54" ybr="106.29" z_order="0">
      <attribute name="smudge">false</attribute>
    </box>
  </image>
  <image id="136" name="rc19-experiment/INDOOR/PLAY_bottom/81776.png" width="640" height="480">
    <box label="ball" occluded="0" source="manual" xtl="275.44" ytl="83.50" xbr="341.01" ybr="154.02" z_order="0">
      <attribute name="smudge">false</attribute>
    </box>
  </image>
  <image id="135" name="rc19-experiment/INDOOR/PLAY_bottom/81773.png" width="640" height="480">
    <box label="ball" occluded="0" source="auto" xtl="318.95" ytl="14.62" xbr="385.92" ybr="89.27" z_order="0">
      <attribute name="smudge">false</attribute>
    </box>
  </image>
  <image id="134" name="rc19-experiment/INDOOR/PLAY_bottom/81770.png" width="640" height="480">
    <box label="ball" occluded="0" source="auto" xtl="275.52" ytl="45.58" xbr="341.30" ybr="110.94" z_order="0">
      <attribute name="smudge">false</attribute>
    </box>
  </image>
  <image id="133" name="rc19-experiment/INDOOR/PLAY_bottom/81767.png" width="640" height="480">
    <box label="ball" occluded="0" source="auto" xtl="296.69" ytl="24.76" xbr="359.78" ybr="106.73" z_order="0">
      <attribute name="smudge">false</attribute>
    </box>
  </image>
  <image id="132" name="rc19-experiment/INDOOR/PLAY_bottom/81764.png" width="640" height="480">
    <box label="ball" occluded="0" source="auto" xtl="274.05" ytl="12.87" xbr="337.30" ybr="76.87" z_order="0">
      <attribute name="smudge">false</attribute>
    </box>
  </image>
  <image id="131" name="rc19-experiment/INDOOR/PLAY_bottom/81761.png" width="640" height="480">
    <box label="ball" occluded="0" source="auto" xtl="288.80" ytl="58.86" xbr="349.67" ybr="121.05" z_order="0">
      <attribute name="smudge">false</attribute>
    </box>
  </image>
  <image id="130" name="rc19-experiment/INDOOR/PLAY_bottom/81757.png" width="640" height="480">
    <box label="ball" occluded="0" source="auto" xtl="308.51" ytl="0.23" xbr="372.52" ybr="36.82" z_order="0">
      <attribute name="smudge">false</attribute>
    </box>
  </image>
  <image id="129" name="rc19-experiment/INDOOR/PLAY_bottom/81753.png" width="640" height="480">
    <box label="ball" occluded="0" source="auto" xtl="319.42" ytl="68.58" xbr="377.65" ybr="126.97" z_order="0">
      <attribute name="smudge">false</attribute>
    </box>
  </image>
  <image id="128" name="rc19-experiment/INDOOR/PLAY_bottom/81750.png" width="640" height="480">
    <box label="ball" occluded="0" source="auto" xtl="273.58" ytl="0.62" xbr="337.77" ybr="33.95" z_order="0">
      <attribute name="smudge">false</attribute>
    </box>
  </image>
  <image id="127" name="rc19-experiment/INDOOR/PLAY_bottom/81747.png" width="640" height="480">
    <box label="ball" occluded="0" source="auto" xtl="255.98" ytl="17.65" xbr="312.55" ybr="77.88" z_order="0">
      <attribute name="smudge">false</attribute>
    </box>
  </image>
  <image id="126" name="rc19-experiment/INDOOR/PLAY_bottom/81744.png" width="640" height="480">
    <box label="ball" occluded="0" source="auto" xtl="252.79" ytl="18.83" xbr="313.93" ybr="74.99" z_order="0">
      <attribute name="smudge">false</attribute>
    </box>
  </image>
  <image id="125" name="rc19-experiment/INDOOR/PLAY_bottom/81741.png" width="640" height="480">
  </image>
  <image id="124" name="rc19-experiment/INDOOR/PLAY_bottom/81737.png" width="640" height="480">
    <box label="ball" occluded="0" source="auto" xtl="312.81" ytl="11.58" xbr="367.56" ybr="64.89" z_order="0">
      <attribute name="smudge">false</attribute>
    </box>
  </image>
  <image id="123" name="rc19-experiment/INDOOR/PLAY_bottom/81733.png" width="640" height="480">
    <box label="ball" occluded="0" source="auto" xtl="279.92" ytl="0.26" xbr="326.75" ybr="19.20" z_order="0">
      <attribute name="smudge">false</attribute>
    </box>
  </image>
  <image id="122" name="rc19-experiment/INDOOR/PLAY_bottom/81731.png" width="640" height="480">
    <box label="ball" occluded="0" source="auto" xtl="344.37" ytl="0.32" xbr="394.41" ybr="24.15" z_order="0">
      <attribute name="smudge">false</attribute>
    </box>
  </image>
  <image id="121" name="rc19-experiment/INDOOR/PLAY_bottom/81728.png" width="640" height="480">
  </image>
  <image id="120" name="rc19-experiment/INDOOR/PLAY_bottom/81725.png" width="640" height="480">
  </image>
  <image id="119" name="rc19-experiment/INDOOR/PLAY_bottom/81721.png" width="640" height="480">
    <box label="ball" occluded="0" source="manual" xtl="306.99" ytl="0.00" xbr="357.71" ybr="37.11" z_order="0">
      <attribute name="smudge">false</attribute>
    </box>
  </image>
  <image id="118" name="rc19-experiment/INDOOR/PLAY_bottom/81718.png" width="640" height="480">
  </image>
  <image id="117" name="rc19-experiment/INDOOR/PLAY_bottom/81715.png" width="640" height="480">
    <box label="ball" occluded="0" source="auto" xtl="301.88" ytl="0.70" xbr="349.10" ybr="23.38" z_order="0">
      <attribute name="smudge">false</attribute>
    </box>
  </image>
  <image id="116" name="rc19-experiment/INDOOR/PLAY_bottom/81712.png" width="640" height="480">
  </image>
  <image id="115" name="rc19-experiment/INDOOR/PLAY_bottom/81709.png" width="640" height="480">
  </image>
  <image id="114" name="rc19-experiment/INDOOR/PLAY_bottom/81705.png" width="640" height="480">
  </image>
  <image id="113" name="rc19-experiment/INDOOR/PLAY_bottom/81702.png" width="640" height="480">
  </image>
  <image id="112" name="rc19-experiment/INDOOR/PLAY_bottom/81698.png" width="640" height="480">
  </image>
  <image id="111" name="rc19-experiment/INDOOR/PLAY_bottom/81695.png" width="640" height="480">
  </image>
  <image id="110" name="rc19-experiment/INDOOR/PLAY_bottom/81691.png" width="640" height="480">
  </image>
  <image id="109" name="rc19-experiment/INDOOR/PLAY_bottom/81688.png" width="640" height="480">
  </image>
  <image id="108" name="rc19-experiment/INDOOR/PLAY_bottom/81685.png" width="640" height="480">
  </image>
  <image id="107" name="rc19-experiment/INDOOR/PLAY_bottom/81681.png" width="640" height="480">
  </image>
  <image id="106" name="rc19-experiment/INDOOR/PLAY_bottom/81678.png" width="640" height="480">
  </image>
  <image id="105" name="rc19-experiment/INDOOR/PLAY_bottom/81674.png" width="640" height="480">
  </image>
  <image id="104" name="rc19-experiment/INDOOR/PLAY_bottom/81671.png" width="640" height="480">
  </image>
  <image id="103" name="rc19-experiment/INDOOR/PLAY_bottom/81668.png" width="640" height="480">
  </image>
  <image id="102" name="rc19-experiment/INDOOR/PLAY_bottom/81664.png" width="640" height="480">
  </image>
  <image id="101" name="rc19-experiment/INDOOR/PLAY_bottom/81660.png" width="640" height="480">
  </image>
  <image id="100" name="rc19-experiment/INDOOR/PLAY_bottom/81657.png" width="640" height="480">
  </image>
  <image id="99" name="rc19-experiment/INDOOR/PLAY_bottom/81654.png" width="640" height="480">
  </image>
  <image id="98" name="rc19-experiment/INDOOR/PLAY_bottom/81651.png" width="640" height="480">
  </image>
  <image id="97" name="rc19-experiment/INDOOR/PLAY_bottom/81648.png" width="640" height="480">
  </image>
  <image id="96" name="rc19-experiment/INDOOR/PLAY_bottom/81645.png" width="640" height="480">
  </image>
  <image id="95" name="rc19-experiment/INDOOR/PLAY_bottom/81641.png" width="640" height="480">
  </image>
  <image id="94" name="rc19-experiment/INDOOR/PLAY_bottom/81637.png" width="640" height="480">
  </image>
  <image id="93" name="rc19-experiment/INDOOR/PLAY_bottom/81633.png" width="640" height="480">
  </image>
  <image id="92" name="rc19-experiment/INDOOR/PLAY_bottom/81630.png" width="640" height="480">
  </image>
  <image id="91" name="rc19-experiment/INDOOR/PLAY_bottom/81627.png" width="640" height="480">
  </image>
  <image id="90" name="rc19-experiment/INDOOR/PLAY_bottom/81624.png" width="640" height="480">
  </image>
  <image id="89" name="rc19-experiment/INDOOR/PLAY_bottom/81621.png" width="640" height="480">
  </image>
  <image id="88" name="rc19-experiment/INDOOR/PLAY_bottom/81618.png" width="640" height="480">
  </image>
  <image id="87" name="rc19-experiment/INDOOR/PLAY_bottom/81614.png" width="640" height="480">
  </image>
  <image id="86" name="rc19-experiment/INDOOR/PLAY_bottom/81611.png" width="640" height="480">
  </image>
  <image id="85" name="rc19-experiment/INDOOR/PLAY_bottom/81608.png" width="640" height="480">
  </image>
  <image id="84" name="rc19-experiment/INDOOR/PLAY_bottom/81605.png" width="640" height="480">
  </image>
  <image id="83" name="rc19-experiment/INDOOR/PLAY_bottom/81602.png" width="640" height="480">
  </image>
  <image id="82" name="rc19-experiment/INDOOR/PLAY_bottom/81599.png" width="640" height="480">
  </image>
  <image id="81" name="rc19-experiment/INDOOR/PLAY_bottom/81596.png" width="640" height="480">
  </image>
  <image id="80" name="rc19-experiment/INDOOR/PLAY_bottom/81593.png" width="640" height="480">
  </image>
  <image id="79" name="rc19-experiment/INDOOR/PLAY_bottom/81589.png" width="640" height="480">
  </image>
  <image id="78" name="rc19-experiment/INDOOR/PLAY_bottom/81586.png" width="640" height="480">
  </image>
  <image id="77" name="rc19-experiment/INDOOR/PLAY_bottom/81583.png" width="640" height="480">
  </image>
  <image id="76" name="rc19-experiment/INDOOR/PLAY_bottom/81580.png" width="640" height="480">
  </image>
  <image id="75" name="rc19-experiment/INDOOR/PLAY_bottom/81577.png" width="640" height="480">
  </image>
  <image id="74" name="rc19-experiment/INDOOR/PLAY_bottom/81574.png" width="640" height="480">
  </image>
  <image id="73" name="rc19-experiment/INDOOR/PLAY_bottom/81571.png" width="640" height="480">
    <box label="ball" occluded="0" source="auto" xtl="257.91" ytl="0.67" xbr="305.48" ybr="27.78" z_order="0">
      <attribute name="smudge">false</attribute>
    </box>
  </image>
  <image id="72" name="rc19-experiment/INDOOR/PLAY_bottom/81568.png" width="640" height="480">
  </image>
  <image id="71" name="rc19-experiment/INDOOR/PLAY_bottom/81564.png" width="640" height="480">
    <box label="ball" occluded="0" source="auto" xtl="221.78" ytl="0.08" xbr="263.08" ybr="18.26" z_order="0">
      <attribute name="smudge">false</attribute>
    </box>
  </image>
  <image id="70" name="rc19-experiment/INDOOR/PLAY_bottom/81561.png" width="640" height="480">
  </image>
  <image id="69" name="rc19-experiment/INDOOR/PLAY_bottom/81558.png" width="640" height="480">
  </image>
  <image id="68" name="rc19-experiment/INDOOR/PLAY_bottom/81555.png" width="640" height="480">
    <box label="ball" occluded="0" source="auto" xtl="223.11" ytl="0.05" xbr="268.60" ybr="23.53" z_order="0">
      <attribute name="smudge">false</attribute>
    </box>
  </image>
  <image id="67" name="rc19-experiment/INDOOR/PLAY_bottom/81551.png" width="640" height="480">
  </image>
  <image id="66" name="rc19-experiment/INDOOR/PLAY_bottom/81548.png" width="640" height="480">
  </image>
  <image id="65" name="rc19-experiment/INDOOR/PLAY_bottom/81545.png" width="640" height="480">
    <box label="ball" occluded="0" source="auto" xtl="211.85" ytl="0.64" xbr="257.91" ybr="24.50" z_order="0">
      <attribute name="smudge">false</attribute>
    </box>
  </image>
  <image id="64" name="rc19-experiment/INDOOR/PLAY_bottom/81541.png" width="640" height="480">
  </image>
  <image id="63" name="rc19-experiment/INDOOR/PLAY_bottom/81538.png" width="640" height="480">
  </image>
  <image id="62" name="rc19-experiment/INDOOR/PLAY_bottom/81535.png" width="640" height="480">
    <box label="ball" occluded="0" source="auto" xtl="281.08" ytl="15.32" xbr="325.15" ybr="64.52" z_order="0">
      <attribute name="smudge">false</attribute>
    </box>
  </image>
  <image id="61" name="rc19-experiment/INDOOR/PLAY_bottom/81531.png" width="640" height="480">
  </image>
  <image id="60" name="rc19-experiment/INDOOR/PLAY_bottom/81528.png" width="640" height="480">
    <box label="ball" occluded="0" source="auto" xtl="325.71" ytl="9.79" xbr="368.95" ybr="53.45" z_order="0">
      <attribute name="smudge">false</attribute>
    </box>
  </image>
  <image id="59" name="rc19-experiment/INDOOR/PLAY_bottom/81525.png" width="640" height="480">
    <box label="ball" occluded="0" source="auto" xtl="336.78" ytl="0.29" xbr="383.24" ybr="39.78" z_order="0">
      <attribute name="smudge">false</attribute>
    </box>
  </image>
  <image id="58" name="rc19-experiment/INDOOR/PLAY_bottom/81521.png" width="640" height="480">
  </image>
  <image id="57" name="rc19-experiment/INDOOR/PLAY_bottom/81518.png" width="640" height="480">
    <box label="ball" occluded="0" source="auto" xtl="306.14" ytl="0.22" xbr="357.95" ybr="29.79" z_order="0">
      <attribute name="smudge">false</attribute>
    </box>
  </image>
  <image id="56" name="rc19-experiment/INDOOR/PLAY_bottom/81514.png" width="640" height="480">
  </image>
  <image id="55" name="rc19-experiment/INDOOR/PLAY_bottom/81511.png" width="640" height="480">
    <box label="ball" occluded="0" source="auto" xtl="269.12" ytl="20.00" xbr="324.37" ybr="75.96" z_order="0">
      <attribute name="smudge">false</attribute>
    </box>
  </image>
  <image id="54" name="rc19-experiment/INDOOR/PLAY_bottom/81508.png" width="640" height="480">
    <box label="ball" occluded="0" source="auto" xtl="289.13" ytl="27.09" xbr="346.19" ybr="86.30" z_order="0">
      <attribute name="smudge">false</attribute>
    </box>
  </image>
  <image id="53" name="rc19-experiment/INDOOR/PLAY_bottom/81505.png" width="640" height="480">
    <box label="ball" occluded="0" source="auto" xtl="318.13" ytl="0.29" xbr="381.53" ybr="55.95" z_order="0">
      <attribute name="smudge">false</attribute>
    </box>
  </image>
  <image id="52" name="rc19-experiment/INDOOR/PLAY_bottom/81501.png" width="640" height="480">
  </image>
  <image id="51" name="rc19-experiment/INDOOR/PLAY_bottom/81498.png" width="640" height="480">
  </image>
  <image id="50" name="rc19-experiment/INDOOR/PLAY_bottom/81495.png" width="640" height="480">
  </image>
  <image id="49" name="rc19-experiment/INDOOR/PLAY_bottom/81491.png" width="640" height="480">
  </image>
  <image id="48" name="rc19-experiment/INDOOR/PLAY_bottom/81488.png" width="640" height="480">
    <box label="ball" occluded="0" source="auto" xtl="343.06" ytl="0.57" xbr="445.76" ybr="59.51" z_order="0">
      <attribute name="smudge">false</attribute>
    </box>
  </image>
  <image id="47" name="rc19-experiment/INDOOR/PLAY_bottom/81484.png" width="640" height="480">
    <box label="ball" occluded="0" source="auto" xtl="355.29" ytl="78.44" xbr="471.26" ybr="187.70" z_order="0">
      <attribute name="smudge">false</attribute>
    </box>
  </image>
  <image id="46" name="rc19-experiment/INDOOR/PLAY_bottom/81481.png" width="640" height="480">
    <box label="ball" occluded="0" source="auto" xtl="302.81" ytl="107.58" xbr="443.62" ybr="235.93" z_order="0">
      <attribute name="smudge">false</attribute>
    </box>
  </image>
  <image id="45" name="rc19-experiment/INDOOR/PLAY_bottom/81478.png" width="640" height="480">
    <box label="ball" occluded="0" source="auto" xtl="217.91" ytl="175.58" xbr="370.48" ybr="333.96" z_order="0">
      <attribute name="smudge">false</attribute>
    </box>
  </image>
  <image id="44" name="rc19-experiment/INDOOR/PLAY_bottom/81474.png" width="640" height="480">
    <box label="ball" occluded="0" source="auto" xtl="177.70" ytl="279.38" xbr="337.48" ybr="450.04" z_order="0">
      <attribute name="smudge">false</attribute>
    </box>
  </image>
  <image id="43" name="rc19-experiment/INDOOR/PLAY_bottom/81471.png" width="640" height="480">
    <box label="ball" occluded="0" source="auto" xtl="216.03" ytl="241.13" xbr="377.14" ybr="404.81" z_order="0">
      <attribute name="smudge">false</attribute>
    </box>
  </image>
  <image id="42" name="rc19-experiment/INDOOR/PLAY_bottom/81467.png" width="640" height="480">
    <box label="ball" occluded="0" source="auto" xtl="281.48" ytl="263.90" xbr="441.75" ybr="427.95" z_order="0">
      <attribute name="smudge">false</attribute>
    </box>
  </image>
  <image id="41" name="rc19-experiment/INDOOR/PLAY_bottom/81464.png" width="640" height="480">
    <box label="ball" occluded="0" source="auto" xtl="298.66" ytl="280.08" xbr="460.15" ybr="449.45" z_order="0">
      <attribute name="smudge">false</attribute>
    </box>
  </image>
  <image id="40" name="rc19-experiment/INDOOR/PLAY_bottom/81460.png" width="640" height="480">
    <box label="ball" occluded="0" source="auto" xtl="250.87" ytl="261.73" xbr="411.09" ybr="426.75" z_order="0">
      <attribute name="smudge">false</attribute>
    </box>
  </image>
  <image id="39" name="rc19-experiment/INDOOR/PLAY_bottom/81457.png" width="640" height="480">
    <box label="ball" occluded="0" source="auto" xtl="210.12" ytl="262.24" xbr="368.71" ybr="424.84" z_order="0">
      <attribute name="smudge">false</attribute>
    </box>
  </image>
  <image id="38" name="rc19-experiment/INDOOR/PLAY_bottom/81454.png" width="640" height="480">
    <box label="ball" occluded="0" source="auto" xtl="207.29" ytl="267.82" xbr="365.84" ybr="426.38" z_order="0">
      <attribute name="smudge">false</attribute>
    </box>
  </image>
  <image id="37" name="rc19-experiment/INDOOR/PLAY_bottom/81450.png" width="640" height="480">
    <box label="ball" occluded="0" source="auto" xtl="236.75" ytl="260.11" xbr="394.36" ybr="421.38" z_order="0">
      <attribute name="smudge">false</attribute>
    </box>
  </image>
  <image id="36" name="rc19-experiment/INDOOR/PLAY_bottom/81447.png" width="640" height="480">
    <box label="ball" occluded="0" source="auto" xtl="264.61" ytl="224.29" xbr="418.24" ybr="387.06" z_order="0">
      <attribute name="smudge">false</attribute>
    </box>
  </image>
  <image id="35" name="rc19-experiment/INDOOR/PLAY_bottom/81443.png" width="640" height="480">
    <box label="ball" occluded="0" source="auto" xtl="270.99" ytl="186.96" xbr="423.33" ybr="334.44" z_order="0">
      <attribute name="smudge">false</attribute>
    </box>
  </image>
  <image id="34" name="rc19-experiment/INDOOR/PLAY_bottom/81440.png" width="640" height="480">
    <box label="ball" occluded="0" source="auto" xtl="258.36" ytl="256.70" xbr="410.07" ybr="410.95" z_order="0">
      <attribute name="smudge">false</attribute>
    </box>
  </image>
  <image id="33" name="rc19-experiment/INDOOR/PLAY_bottom/81437.png" width="640" height="480">
    <box label="ball" occluded="0" source="auto" xtl="223.12" ytl="252.19" xbr="373.76" ybr="403.24" z_order="0">
      <attribute name="smudge">false</attribute>
    </box>
  </image>
  <image id="32" name="rc19-experiment/INDOOR/PLAY_bottom/81433.png" width="640" height="480">
    <box label="ball" occluded="0" source="auto" xtl="184.95" ytl="226.32" xbr="337.62" ybr="379.60" z_order="0">
      <attribute name="smudge">false</attribute>
    </box>
  </image>
  <image id="31" name="rc19-experiment/INDOOR/PLAY_bottom/81430.png" width="640" height="480">
    <box label="ball" occluded="0" source="auto" xtl="238.76" ytl="186.44" xbr="391.17" ybr="337.66" z_order="0">
      <attribute name="smudge">false</attribute>
    </box>
  </image>
  <image id="30" name="rc19-experiment/INDOOR/PLAY_bottom/81426.png" width="640" height="480">
    <box label="ball" occluded="0" source="auto" xtl="295.16" ytl="192.11" xbr="444.18" ybr="338.33" z_order="0">
      <attribute name="smudge">false</attribute>
    </box>
  </image>
  <image id="29" name="rc19-experiment/INDOOR/PLAY_bottom/81423.png" width="640" height="480">
    <box label="ball" occluded="0" source="auto" xtl="300.22" ytl="199.02" xbr="443.36" ybr="343.51" z_order="0">
      <attribute name="smudge">false</attribute>
    </box>
  </image>
  <image id="28" name="rc19-experiment/INDOOR/PLAY_bottom/81419.png" width="640" height="480">
    <box label="ball" occluded="0" source="auto" xtl="240.86" ytl="164.66" xbr="381.52" ybr="297.41" z_order="0">
      <attribute name="smudge">false</attribute>
    </box>
  </image>
  <image id="27" name="rc19-experiment/INDOOR/PLAY_bottom/81416.png" width="640" height="480">
    <box label="ball" occluded="0" source="auto" xtl="240.80" ytl="205.02" xbr="382.52" ybr="338.95" z_order="0">
      <attribute name="smudge">false</attribute>
    </box>
  </image>
  <image id="26" name="rc19-experiment/INDOOR/PLAY_bottom/81413.png" width="640" height="480">
    <box label="ball" occluded="0" source="auto" xtl="257.66" ytl="176.76" xbr="391.96" ybr="318.57" z_order="0">
      <attribute name="smudge">false</attribute>
    </box>
  </image>
  <image id="25" name="rc19-experiment/INDOOR/PLAY_bottom/81409.png" width="640" height="480">
    <box label="ball" occluded="0" source="auto" xtl="207.13" ytl="144.34" xbr="331.97" ybr="270.86" z_order="0">
      <attribute name="smudge">false</attribute>
    </box>
  </image>
  <image id="24" name="rc19-experiment/INDOOR/PLAY_bottom/81406.png" width="640" height="480">
    <box label="ball" occluded="0" source="auto" xtl="218.20" ytl="253.22" xbr="341.24" ybr="371.88" z_order="0">
      <attribute name="smudge">false</attribute>
    </box>
  </image>
  <image id="23" name="rc19-experiment/INDOOR/PLAY_bottom/81402.png" width="640" height="480">
    <box label="ball" occluded="0" source="auto" xtl="246.17" ytl="168.77" xbr="358.95" ybr="281.10" z_order="0">
      <attribute name="smudge">false</attribute>
    </box>
  </image>
  <image id="22" name="rc19-experiment/INDOOR/PLAY_bottom/81399.png" width="640" height="480">
    <box label="ball" occluded="0" source="auto" xtl="303.13" ytl="199.82" xbr="410.87" ybr="307.52" z_order="0">
      <attribute name="smudge">false</attribute>
    </box>
  </image>
  <image id="21" name="rc19-experiment/INDOOR/PLAY_bottom/81395.png" width="640" height="480">
    <box label="ball" occluded="0" source="auto" xtl="275.28" ytl="193.63" xbr="379.47" ybr="303.91" z_order="0">
      <attribute name="smudge">false</attribute>
    </box>
  </image>
  <image id="20" name="rc19-experiment/INDOOR/PLAY_bottom/81392.png" width="640" height="480">
    <box label="ball" occluded="0" source="auto" xtl="248.68" ytl="148.82" xbr="349.13" ybr="247.94" z_order="0">
      <attribute name="smudge">false</attribute>
    </box>
  </image>
  <image id="19" name="rc19-experiment/INDOOR/PLAY_bottom/81389.png" width="640" height="480">
    <box label="ball" occluded="0" source="auto" xtl="293.65" ytl="190.46" xbr="391.34" ybr="304.76" z_order="0">
      <attribute name="smudge">false</attribute>
    </box>
  </image>
  <image id="18" name="rc19-experiment/INDOOR/PLAY_bottom/81386.png" width="640" height="480">
    <box label="ball" occluded="0" source="auto" xtl="310.26" ytl="130.59" xbr="404.54" ybr="224.87" z_order="0">
      <attribute name="smudge">false</attribute>
    </box>
  </image>
  <image id="17" name="rc19-experiment/INDOOR/PLAY_bottom/81382.png" width="640" height="480">
    <box label="ball" occluded="0" source="auto" xtl="308.42" ytl="180.50" xbr="400.56" ybr="271.35" z_order="0">
      <attribute name="smudge">false</attribute>
    </box>
  </image>
  <image id="16" name="rc19-experiment/INDOOR/PLAY_bottom/81379.png" width="640" height="480">
    <box label="ball" occluded="0" source="auto" xtl="247.74" ytl="126.73" xbr="341.55" ybr="221.69" z_order="0">
      <attribute name="smudge">false</attribute>
    </box>
  </image>
  <image id="15" name="rc19-experiment/INDOOR/PLAY_bottom/81376.png" width="640" height="480">
    <box label="ball" occluded="0" source="auto" xtl="252.22" ytl="60.14" xbr="345.05" ybr="157.87" z_order="0">
      <attribute name="smudge">false</attribute>
    </box>
  </image>
  <image id="14" name="rc19-experiment/INDOOR/PLAY_bottom/81372.png" width="640" height="480">
    <box label="ball" occluded="0" source="auto" xtl="340.11" ytl="65.36" xbr="425.73" ybr="168.98" z_order="0">
      <attribute name="smudge">false</attribute>
    </box>
  </image>
  <image id="13" name="rc19-experiment/INDOOR/PLAY_bottom/81369.png" width="640" height="480">
    <box label="ball" occluded="0" source="auto" xtl="290.99" ytl="66.98" xbr="373.57" ybr="149.23" z_order="0">
      <attribute name="smudge">false</attribute>
    </box>
  </image>
  <image id="12" name="rc19-experiment/INDOOR/PLAY_bottom/81366.png" width="640" height="480">
    <box label="ball" occluded="0" source="auto" xtl="262.83" ytl="99.48" xbr="344.06" ybr="183.17" z_order="0">
      <attribute name="smudge">false</attribute>
    </box>
  </image>
  <image id="11" name="rc19-experiment/INDOOR/PLAY_bottom/81362.png" width="640" height="480">
    <box label="ball" occluded="0" source="auto" xtl="260.05" ytl="53.64" xbr="341.64" ybr="144.34" z_order="0">
      <attribute name="smudge">false</attribute>
    </box>
  </image>
  <image id="10" name="rc19-experiment/INDOOR/PLAY_bottom/81359.png" width="640" height="480">
    <box label="ball" occluded="0" source="auto" xtl="261.06" ytl="10.75" xbr="342.56" ybr="96.48" z_order="0">
      <attribute name="smudge">false</attribute>
    </box>
  </image>
  <image id="9" name="rc19-experiment/INDOOR/PLAY_bottom/81355.png" width="640" height="480">
    <box label="ball" occluded="0" source="auto" xtl="233.87" ytl="62.06" xbr="311.16" ybr="143.36" z_order="0">
      <attribute name="smudge">false</attribute>
    </box>
  </image>
  <image id="8" name="rc19-experiment/INDOOR/PLAY_bottom/81352.png" width="640" height="480">
    <box label="ball" occluded="0" source="auto" xtl="234.78" ytl="28.34" xbr="311.04" ybr="104.32" z_order="0">
      <attribute name="smudge">false</attribute>
    </box>
  </image>
  <image id="7" name="rc19-experiment/INDOOR/PLAY_bottom/81348.png" width="640" height="480">
    <box label="ball" occluded="0" source="auto" xtl="283.72" ytl="92.67" xbr="352.76" ybr="163.00" z_order="0">
      <attribute name="smudge">false</attribute>
    </box>
  </image>
  <image id="6" name="rc19-experiment/INDOOR/PLAY_bottom/81345.png" width="640" height="480">
    <box label="ball" occluded="0" source="auto" xtl="256.48" ytl="53.09" xbr="327.62" ybr="128.34" z_order="0">
      <attribute name="smudge">false</attribute>
    </box>
  </image>
  <image id="5" name="rc19-experiment/INDOOR/PLAY_bottom/81342.png" width="640" height="480">
    <box label="ball" occluded="0" source="auto" xtl="232.59" ytl="55.18" xbr="301.73" ybr="123.66" z_order="0">
      <attribute name="smudge">false</attribute>
    </box>
  </image>
  <image id="4" name="rc19-experiment/INDOOR/PLAY_bottom/81338.png" width="640" height="480">
    <box label="ball" occluded="0" source="auto" xtl="219.71" ytl="29.95" xbr="288.74" ybr="100.09" z_order="0">
      <attribute name="smudge">false</attribute>
    </box>
  </image>
  <image id="3" name="rc19-experiment/INDOOR/PLAY_bottom/81335.png" width="640" height="480">
    <box label="ball" occluded="0" source="auto" xtl="268.25" ytl="53.47" xbr="334.81" ybr="121.39" z_order="0">
      <attribute name="smudge">false</attribute>
    </box>
  </image>
  <image id="2" name="rc19-experiment/INDOOR/PLAY_bottom/81332.png" width="640" height="480">
    <box label="ball" occluded="0" source="auto" xtl="234.00" ytl="45.07" xbr="302.16" ybr="115.53" z_order="0">
      <attribute name="smudge">false</attribute>
    </box>
  </image>
  <image id="1" name="rc19-experiment/INDOOR/PLAY_bottom/81328.png" width="640" height="480">
    <box label="ball" occluded="0" source="auto" xtl="235.74" ytl="46.56" xbr="301.12" ybr="113.92" z_order="0">
      <attribute name="smudge">false</attribute>
    </box>
  </image>
  <image id="0" name="rc19-experiment/INDOOR/PLAY_bottom/81325.png" width="640" height="480">
    <box label="ball" occluded="0" source="auto" xtl="226.47" ytl="80.54" xbr="291.80" ybr="147.32" z_order="0">
      <attribute name="smudge">false</attribute>
    </box>
  </image>
</annotations>