<?xml version="1.0" encoding="utf-8"?>
<annotations>
  <version>1.1</version>
  <meta>
    <task>
      <id>14</id>
      <name>RC19Experiments-OUTDOOR5-top</name>
      <size>147</size>
      <mode>annotation</mode>
      <overlap>0</overlap>
      <bugtracker></bugtracker>
      <created>2020-04-05 09:51:11.702115+00:00</created>
      <updated>2020-04-05 09:51:11.702161+00:00</updated>
      <start_frame>0</start_frame>
      <stop_frame>146</stop_frame>
      <frame_filter></frame_filter>
      <labels>
        <label>
          <name>ball</name>
          <color>#804080</color>
          <attributes>
            <attribute>
              <name>smudge</name>
              <mutable>False</mutable>
              <input_type>checkbox</input_type>
              <default_value>false</default_value>
              <values>false</values>
            </attribute>
          </attributes>
        </label>
      </labels>
      <segments>
        <segment>
          <id>14</id>
          <start>0</start>
          <stop>146</stop>
          <url>httpball.informatik.hu-berlin.de/?id=14</url>
        </segment>
      </segments>
      <owner>
        <username>nao</username>
        <email></email>
      </owner>
      <assignee></assignee>
    </task>
    <dumped>2021-01-20 09:52:38.094415+00:00</dumped>
  </meta>
  <image id="146" name="rc19-experiment/OUTDOOR5-top/19267.png" width="640" height="480">
  </image>
  <image id="145" name="rc19-experiment/OUTDOOR5-top/19264.png" width="640" height="480">
  </image>
  <image id="144" name="rc19-experiment/OUTDOOR5-top/19261.png" width="640" height="480">
  </image>
  <image id="143" name="rc19-experiment/OUTDOOR5-top/19258.png" width="640" height="480">
  </image>
  <image id="142" name="rc19-experiment/OUTDOOR5-top/19255.png" width="640" height="480">
  </image>
  <image id="141" name="rc19-experiment/OUTDOOR5-top/19252.png" width="640" height="480">
  </image>
  <image id="140" name="rc19-experiment/OUTDOOR5-top/19249.png" width="640" height="480">
  </image>
  <image id="139" name="rc19-experiment/OUTDOOR5-top/19246.png" width="640" height="480">
  </image>
  <image id="138" name="rc19-experiment/OUTDOOR5-top/19243.png" width="640" height="480">
  </image>
  <image id="137" name="rc19-experiment/OUTDOOR5-top/19240.png" width="640" height="480">
  </image>
  <image id="136" name="rc19-experiment/OUTDOOR5-top/19237.png" width="640" height="480">
  </image>
  <image id="135" name="rc19-experiment/OUTDOOR5-top/19234.png" width="640" height="480">
  </image>
  <image id="134" name="rc19-experiment/OUTDOOR5-top/19232.png" width="640" height="480">
  </image>
  <image id="133" name="rc19-experiment/OUTDOOR5-top/19229.png" width="640" height="480">
  </image>
  <image id="132" name="rc19-experiment/OUTDOOR5-top/19226.png" width="640" height="480">
  </image>
  <image id="131" name="rc19-experiment/OUTDOOR5-top/19223.png" width="640" height="480">
  </image>
  <image id="130" name="rc19-experiment/OUTDOOR5-top/19220.png" width="640" height="480">
  </image>
  <image id="129" name="rc19-experiment/OUTDOOR5-top/19218.png" width="640" height="480">
  </image>
  <image id="128" name="rc19-experiment/OUTDOOR5-top/19215.png" width="640" height="480">
  </image>
  <image id="127" name="rc19-experiment/OUTDOOR5-top/19212.png" width="640" height="480">
  </image>
  <image id="126" name="rc19-experiment/OUTDOOR5-top/19209.png" width="640" height="480">
  </image>
  <image id="125" name="rc19-experiment/OUTDOOR5-top/19206.png" width="640" height="480">
  </image>
  <image id="124" name="rc19-experiment/OUTDOOR5-top/19203.png" width="640" height="480">
  </image>
  <image id="123" name="rc19-experiment/OUTDOOR5-top/19200.png" width="640" height="480">
  </image>
  <image id="122" name="rc19-experiment/OUTDOOR5-top/19197.png" width="640" height="480">
  </image>
  <image id="121" name="rc19-experiment/OUTDOOR5-top/19194.png" width="640" height="480">
  </image>
  <image id="120" name="rc19-experiment/OUTDOOR5-top/19191.png" width="640" height="480">
  </image>
  <image id="119" name="rc19-experiment/OUTDOOR5-top/19188.png" width="640" height="480">
  </image>
  <image id="118" name="rc19-experiment/OUTDOOR5-top/19185.png" width="640" height="480">
  </image>
  <image id="117" name="rc19-experiment/OUTDOOR5-top/19182.png" width="640" height="480">
  </image>
  <image id="116" name="rc19-experiment/OUTDOOR5-top/19179.png" width="640" height="480">
  </image>
  <image id="115" name="rc19-experiment/OUTDOOR5-top/19176.png" width="640" height="480">
  </image>
  <image id="114" name="rc19-experiment/OUTDOOR5-top/19172.png" width="640" height="480">
  </image>
  <image id="113" name="rc19-experiment/OUTDOOR5-top/19169.png" width="640" height="480">
  </image>
  <image id="112" name="rc19-experiment/OUTDOOR5-top/19166.png" width="640" height="480">
  </image>
  <image id="111" name="rc19-experiment/OUTDOOR5-top/19163.png" width="640" height="480">
  </image>
  <image id="110" name="rc19-experiment/OUTDOOR5-top/19160.png" width="640" height="480">
  </image>
  <image id="109" name="rc19-experiment/OUTDOOR5-top/19157.png" width="640" height="480">
  </image>
  <image id="108" name="rc19-experiment/OUTDOOR5-top/19154.png" width="640" height="480">
  </image>
  <image id="107" name="rc19-experiment/OUTDOOR5-top/19151.png" width="640" height="480">
  </image>
  <image id="106" name="rc19-experiment/OUTDOOR5-top/19148.png" width="640" height="480">
  </image>
  <image id="105" name="rc19-experiment/OUTDOOR5-top/19145.png" width="640" height="480">
  </image>
  <image id="104" name="rc19-experiment/OUTDOOR5-top/19142.png" width="640" height="480">
  </image>
  <image id="103" name="rc19-experiment/OUTDOOR5-top/19139.png" width="640" height="480">
  </image>
  <image id="102" name="rc19-experiment/OUTDOOR5-top/19136.png" width="640" height="480">
  </image>
  <image id="101" name="rc19-experiment/OUTDOOR5-top/19132.png" width="640" height="480">
  </image>
  <image id="100" name="rc19-experiment/OUTDOOR5-top/19128.png" width="640" height="480">
  </image>
  <image id="99" name="rc19-experiment/OUTDOOR5-top/19125.png" width="640" height="480">
  </image>
  <image id="98" name="rc19-experiment/OUTDOOR5-top/19121.png" width="640" height="480">
  </image>
  <image id="97" name="rc19-experiment/OUTDOOR5-top/19117.png" width="640" height="480">
  </image>
  <image id="96" name="rc19-experiment/OUTDOOR5-top/19114.png" width="640" height="480">
  </image>
  <image id="95" name="rc19-experiment/OUTDOOR5-top/19111.png" width="640" height="480">
  </image>
  <image id="94" name="rc19-experiment/OUTDOOR5-top/19108.png" width="640" height="480">
  </image>
  <image id="93" name="rc19-experiment/OUTDOOR5-top/19105.png" width="640" height="480">
  </image>
  <image id="92" name="rc19-experiment/OUTDOOR5-top/19101.png" width="640" height="480">
  </image>
  <image id="91" name="rc19-experiment/OUTDOOR5-top/19098.png" width="640" height="480">
  </image>
  <image id="90" name="rc19-experiment/OUTDOOR5-top/19095.png" width="640" height="480">
  </image>
  <image id="89" name="rc19-experiment/OUTDOOR5-top/19091.png" width="640" height="480">
  </image>
  <image id="88" name="rc19-experiment/OUTDOOR5-top/19088.png" width="640" height="480">
  </image>
  <image id="87" name="rc19-experiment/OUTDOOR5-top/19085.png" width="640" height="480">
  </image>
  <image id="86" name="rc19-experiment/OUTDOOR5-top/19082.png" width="640" height="480">
  </image>
  <image id="85" name="rc19-experiment/OUTDOOR5-top/19078.png" width="640" height="480">
  </image>
  <image id="84" name="rc19-experiment/OUTDOOR5-top/19074.png" width="640" height="480">
  </image>
  <image id="83" name="rc19-experiment/OUTDOOR5-top/19071.png" width="640" height="480">
  </image>
  <image id="82" name="rc19-experiment/OUTDOOR5-top/19068.png" width="640" height="480">
  </image>
  <image id="81" name="rc19-experiment/OUTDOOR5-top/19065.png" width="640" height="480">
  </image>
  <image id="80" name="rc19-experiment/OUTDOOR5-top/19061.png" width="640" height="480">
  </image>
  <image id="79" name="rc19-experiment/OUTDOOR5-top/19058.png" width="640" height="480">
  </image>
  <image id="78" name="rc19-experiment/OUTDOOR5-top/19055.png" width="640" height="480">
  </image>
  <image id="77" name="rc19-experiment/OUTDOOR5-top/19052.png" width="640" height="480">
  </image>
  <image id="76" name="rc19-experiment/OUTDOOR5-top/19049.png" width="640" height="480">
  </image>
  <image id="75" name="rc19-experiment/OUTDOOR5-top/19046.png" width="640" height="480">
  </image>
  <image id="74" name="rc19-experiment/OUTDOOR5-top/19042.png" width="640" height="480">
  </image>
  <image id="73" name="rc19-experiment/OUTDOOR5-top/19039.png" width="640" height="480">
  </image>
  <image id="72" name="rc19-experiment/OUTDOOR5-top/19036.png" width="640" height="480">
  </image>
  <image id="71" name="rc19-experiment/OUTDOOR5-top/19032.png" width="640" height="480">
  </image>
  <image id="70" name="rc19-experiment/OUTDOOR5-top/19028.png" width="640" height="480">
  </image>
  <image id="69" name="rc19-experiment/OUTDOOR5-top/19025.png" width="640" height="480">
  </image>
  <image id="68" name="rc19-experiment/OUTDOOR5-top/19022.png" width="640" height="480">
  </image>
  <image id="67" name="rc19-experiment/OUTDOOR5-top/19018.png" width="640" height="480">
  </image>
  <image id="66" name="rc19-experiment/OUTDOOR5-top/19015.png" width="640" height="480">
  </image>
  <image id="65" name="rc19-experiment/OUTDOOR5-top/19012.png" width="640" height="480">
  </image>
  <image id="64" name="rc19-experiment/OUTDOOR5-top/19009.png" width="640" height="480">
  </image>
  <image id="63" name="rc19-experiment/OUTDOOR5-top/19006.png" width="640" height="480">
  </image>
  <image id="62" name="rc19-experiment/OUTDOOR5-top/19002.png" width="640" height="480">
  </image>
  <image id="61" name="rc19-experiment/OUTDOOR5-top/18999.png" width="640" height="480">
  </image>
  <image id="60" name="rc19-experiment/OUTDOOR5-top/18996.png" width="640" height="480">
  </image>
  <image id="59" name="rc19-experiment/OUTDOOR5-top/18992.png" width="640" height="480">
  </image>
  <image id="58" name="rc19-experiment/OUTDOOR5-top/18989.png" width="640" height="480">
  </image>
  <image id="57" name="rc19-experiment/OUTDOOR5-top/18986.png" width="640" height="480">
  </image>
  <image id="56" name="rc19-experiment/OUTDOOR5-top/18983.png" width="640" height="480">
  </image>
  <image id="55" name="rc19-experiment/OUTDOOR5-top/18980.png" width="640" height="480">
  </image>
  <image id="54" name="rc19-experiment/OUTDOOR5-top/18977.png" width="640" height="480">
  </image>
  <image id="53" name="rc19-experiment/OUTDOOR5-top/18974.png" width="640" height="480">
  </image>
  <image id="52" name="rc19-experiment/OUTDOOR5-top/18971.png" width="640" height="480">
  </image>
  <image id="51" name="rc19-experiment/OUTDOOR5-top/18967.png" width="640" height="480">
  </image>
  <image id="50" name="rc19-experiment/OUTDOOR5-top/18963.png" width="640" height="480">
  </image>
  <image id="49" name="rc19-experiment/OUTDOOR5-top/18960.png" width="640" height="480">
  </image>
  <image id="48" name="rc19-experiment/OUTDOOR5-top/18957.png" width="640" height="480">
  </image>
  <image id="47" name="rc19-experiment/OUTDOOR5-top/18954.png" width="640" height="480">
  </image>
  <image id="46" name="rc19-experiment/OUTDOOR5-top/18950.png" width="640" height="480">
  </image>
  <image id="45" name="rc19-experiment/OUTDOOR5-top/18947.png" width="640" height="480">
  </image>
  <image id="44" name="rc19-experiment/OUTDOOR5-top/18944.png" width="640" height="480">
  </image>
  <image id="43" name="rc19-experiment/OUTDOOR5-top/18940.png" width="640" height="480">
  </image>
  <image id="42" name="rc19-experiment/OUTDOOR5-top/18937.png" width="640" height="480">
  </image>
  <image id="41" name="rc19-experiment/OUTDOOR5-top/18934.png" width="640" height="480">
  </image>
  <image id="40" name="rc19-experiment/OUTDOOR5-top/18930.png" width="640" height="480">
  </image>
  <image id="39" name="rc19-experiment/OUTDOOR5-top/18927.png" width="640" height="480">
  </image>
  <image id="38" name="rc19-experiment/OUTDOOR5-top/18923.png" width="640" height="480">
  </image>
  <image id="37" name="rc19-experiment/OUTDOOR5-top/18920.png" width="640" height="480">
  </image>
  <image id="36" name="rc19-experiment/OUTDOOR5-top/18916.png" width="640" height="480">
  </image>
  <image id="35" name="rc19-experiment/OUTDOOR5-top/18913.png" width="640" height="480">
  </image>
  <image id="34" name="rc19-experiment/OUTDOOR5-top/18909.png" width="640" height="480">
  </image>
  <image id="33" name="rc19-experiment/OUTDOOR5-top/18906.png" width="640" height="480">
  </image>
  <image id="32" name="rc19-experiment/OUTDOOR5-top/18902.png" width="640" height="480">
  </image>
  <image id="31" name="rc19-experiment/OUTDOOR5-top/18899.png" width="640" height="480">
  </image>
  <image id="30" name="rc19-experiment/OUTDOOR5-top/18896.png" width="640" height="480">
  </image>
  <image id="29" name="rc19-experiment/OUTDOOR5-top/18893.png" width="640" height="480">
  </image>
  <image id="28" name="rc19-experiment/OUTDOOR5-top/18890.png" width="640" height="480">
  </image>
  <image id="27" name="rc19-experiment/OUTDOOR5-top/18887.png" width="640" height="480">
  </image>
  <image id="26" name="rc19-experiment/OUTDOOR5-top/18883.png" width="640" height="480">
  </image>
  <image id="25" name="rc19-experiment/OUTDOOR5-top/18879.png" width="640" height="480">
  </image>
  <image id="24" name="rc19-experiment/OUTDOOR5-top/18876.png" width="640" height="480">
  </image>
  <image id="23" name="rc19-experiment/OUTDOOR5-top/18872.png" width="640" height="480">
  </image>
  <image id="22" name="rc19-experiment/OUTDOOR5-top/18869.png" width="640" height="480">
  </image>
  <image id="21" name="rc19-experiment/OUTDOOR5-top/18865.png" width="640" height="480">
  </image>
  <image id="20" name="rc19-experiment/OUTDOOR5-top/18862.png" width="640" height="480">
  </image>
  <image id="19" name="rc19-experiment/OUTDOOR5-top/18859.png" width="640" height="480">
  </image>
  <image id="18" name="rc19-experiment/OUTDOOR5-top/18856.png" width="640" height="480">
  </image>
  <image id="17" name="rc19-experiment/OUTDOOR5-top/18853.png" width="640" height="480">
  </image>
  <image id="16" name="rc19-experiment/OUTDOOR5-top/18850.png" width="640" height="480">
  </image>
  <image id="15" name="rc19-experiment/OUTDOOR5-top/18846.png" width="640" height="480">
  </image>
  <image id="14" name="rc19-experiment/OUTDOOR5-top/18842.png" width="640" height="480">
  </image>
  <image id="13" name="rc19-experiment/OUTDOOR5-top/18839.png" width="640" height="480">
  </image>
  <image id="12" name="rc19-experiment/OUTDOOR5-top/18836.png" width="640" height="480">
  </image>
  <image id="11" name="rc19-experiment/OUTDOOR5-top/18832.png" width="640" height="480">
  </image>
  <image id="10" name="rc19-experiment/OUTDOOR5-top/18829.png" width="640" height="480">
  </image>
  <image id="9" name="rc19-experiment/OUTDOOR5-top/18825.png" width="640" height="480">
  </image>
  <image id="8" name="rc19-experiment/OUTDOOR5-top/18821.png" width="640" height="480">
  </image>
  <image id="7" name="rc19-experiment/OUTDOOR5-top/18818.png" width="640" height="480">
  </image>
  <image id="6" name="rc19-experiment/OUTDOOR5-top/18815.png" width="640" height="480">
  </image>
  <image id="5" name="rc19-experiment/OUTDOOR5-top/18811.png" width="640" height="480">
  </image>
  <image id="4" name="rc19-experiment/OUTDOOR5-top/18808.png" width="640" height="480">
  </image>
  <image id="3" name="rc19-experiment/OUTDOOR5-top/18805.png" width="640" height="480">
  </image>
  <image id="2" name="rc19-experiment/OUTDOOR5-top/18802.png" width="640" height="480">
  </image>
  <image id="1" name="rc19-experiment/OUTDOOR5-top/18798.png" width="640" height="480">
  </image>
  <image id="0" name="rc19-experiment/OUTDOOR5-top/18795.png" width="640" height="480">
  </image>
</annotations>