<?xml version="1.0" encoding="utf-8"?>
<annotations>
  <version>1.1</version>
  <meta>
    <task>
      <id>9</id>
      <name>RC19Experiments-OUTDOOR3-bottom</name>
      <size>242</size>
      <mode>annotation</mode>
      <overlap>0</overlap>
      <bugtracker></bugtracker>
      <created>2020-04-05 09:46:06.809574+00:00</created>
      <updated>2020-04-05 09:46:06.809609+00:00</updated>
      <start_frame>0</start_frame>
      <stop_frame>241</stop_frame>
      <frame_filter></frame_filter>
      <labels>
        <label>
          <name>ball</name>
          <color>#804080</color>
          <attributes>
            <attribute>
              <name>smudge</name>
              <mutable>False</mutable>
              <input_type>checkbox</input_type>
              <default_value>false</default_value>
              <values>false</values>
            </attribute>
          </attributes>
        </label>
      </labels>
      <segments>
        <segment>
          <id>9</id>
          <start>0</start>
          <stop>241</stop>
          <url>httpball.informatik.hu-berlin.de/?id=9</url>
        </segment>
      </segments>
      <owner>
        <username>nao</username>
        <email></email>
      </owner>
      <assignee></assignee>
    </task>
    <dumped>2021-01-20 09:51:24.651574+00:00</dumped>
  </meta>
  <image id="241" name="rc19-experiment/OUTDOOR3-bottom/9695.png" width="640" height="480">
  </image>
  <image id="240" name="rc19-experiment/OUTDOOR3-bottom/9692.png" width="640" height="480">
  </image>
  <image id="239" name="rc19-experiment/OUTDOOR3-bottom/9689.png" width="640" height="480">
  </image>
  <image id="238" name="rc19-experiment/OUTDOOR3-bottom/9686.png" width="640" height="480">
  </image>
  <image id="237" name="rc19-experiment/OUTDOOR3-bottom/9683.png" width="640" height="480">
  </image>
  <image id="236" name="rc19-experiment/OUTDOOR3-bottom/9680.png" width="640" height="480">
  </image>
  <image id="235" name="rc19-experiment/OUTDOOR3-bottom/9677.png" width="640" height="480">
  </image>
  <image id="234" name="rc19-experiment/OUTDOOR3-bottom/9674.png" width="640" height="480">
  </image>
  <image id="233" name="rc19-experiment/OUTDOOR3-bottom/9671.png" width="640" height="480">
  </image>
  <image id="232" name="rc19-experiment/OUTDOOR3-bottom/9668.png" width="640" height="480">
  </image>
  <image id="231" name="rc19-experiment/OUTDOOR3-bottom/9665.png" width="640" height="480">
  </image>
  <image id="230" name="rc19-experiment/OUTDOOR3-bottom/9662.png" width="640" height="480">
  </image>
  <image id="229" name="rc19-experiment/OUTDOOR3-bottom/9659.png" width="640" height="480">
  </image>
  <image id="228" name="rc19-experiment/OUTDOOR3-bottom/9656.png" width="640" height="480">
  </image>
  <image id="227" name="rc19-experiment/OUTDOOR3-bottom/9653.png" width="640" height="480">
  </image>
  <image id="226" name="rc19-experiment/OUTDOOR3-bottom/9650.png" width="640" height="480">
  </image>
  <image id="225" name="rc19-experiment/OUTDOOR3-bottom/9647.png" width="640" height="480">
  </image>
  <image id="224" name="rc19-experiment/OUTDOOR3-bottom/9644.png" width="640" height="480">
  </image>
  <image id="223" name="rc19-experiment/OUTDOOR3-bottom/9641.png" width="640" height="480">
  </image>
  <image id="222" name="rc19-experiment/OUTDOOR3-bottom/9638.png" width="640" height="480">
  </image>
  <image id="221" name="rc19-experiment/OUTDOOR3-bottom/9635.png" width="640" height="480">
  </image>
  <image id="220" name="rc19-experiment/OUTDOOR3-bottom/9631.png" width="640" height="480">
  </image>
  <image id="219" name="rc19-experiment/OUTDOOR3-bottom/9627.png" width="640" height="480">
  </image>
  <image id="218" name="rc19-experiment/OUTDOOR3-bottom/9624.png" width="640" height="480">
  </image>
  <image id="217" name="rc19-experiment/OUTDOOR3-bottom/9621.png" width="640" height="480">
  </image>
  <image id="216" name="rc19-experiment/OUTDOOR3-bottom/9618.png" width="640" height="480">
  </image>
  <image id="215" name="rc19-experiment/OUTDOOR3-bottom/9615.png" width="640" height="480">
  </image>
  <image id="214" name="rc19-experiment/OUTDOOR3-bottom/9612.png" width="640" height="480">
  </image>
  <image id="213" name="rc19-experiment/OUTDOOR3-bottom/9609.png" width="640" height="480">
  </image>
  <image id="212" name="rc19-experiment/OUTDOOR3-bottom/9606.png" width="640" height="480">
  </image>
  <image id="211" name="rc19-experiment/OUTDOOR3-bottom/9603.png" width="640" height="480">
  </image>
  <image id="210" name="rc19-experiment/OUTDOOR3-bottom/9600.png" width="640" height="480">
  </image>
  <image id="209" name="rc19-experiment/OUTDOOR3-bottom/9597.png" width="640" height="480">
  </image>
  <image id="208" name="rc19-experiment/OUTDOOR3-bottom/9594.png" width="640" height="480">
  </image>
  <image id="207" name="rc19-experiment/OUTDOOR3-bottom/9591.png" width="640" height="480">
  </image>
  <image id="206" name="rc19-experiment/OUTDOOR3-bottom/9587.png" width="640" height="480">
  </image>
  <image id="205" name="rc19-experiment/OUTDOOR3-bottom/9584.png" width="640" height="480">
  </image>
  <image id="204" name="rc19-experiment/OUTDOOR3-bottom/9581.png" width="640" height="480">
  </image>
  <image id="203" name="rc19-experiment/OUTDOOR3-bottom/9578.png" width="640" height="480">
  </image>
  <image id="202" name="rc19-experiment/OUTDOOR3-bottom/9575.png" width="640" height="480">
  </image>
  <image id="201" name="rc19-experiment/OUTDOOR3-bottom/9572.png" width="640" height="480">
  </image>
  <image id="200" name="rc19-experiment/OUTDOOR3-bottom/9569.png" width="640" height="480">
  </image>
  <image id="199" name="rc19-experiment/OUTDOOR3-bottom/9566.png" width="640" height="480">
  </image>
  <image id="198" name="rc19-experiment/OUTDOOR3-bottom/9563.png" width="640" height="480">
  </image>
  <image id="197" name="rc19-experiment/OUTDOOR3-bottom/9560.png" width="640" height="480">
  </image>
  <image id="196" name="rc19-experiment/OUTDOOR3-bottom/9557.png" width="640" height="480">
  </image>
  <image id="195" name="rc19-experiment/OUTDOOR3-bottom/9554.png" width="640" height="480">
  </image>
  <image id="194" name="rc19-experiment/OUTDOOR3-bottom/9551.png" width="640" height="480">
  </image>
  <image id="193" name="rc19-experiment/OUTDOOR3-bottom/9548.png" width="640" height="480">
  </image>
  <image id="192" name="rc19-experiment/OUTDOOR3-bottom/9545.png" width="640" height="480">
  </image>
  <image id="191" name="rc19-experiment/OUTDOOR3-bottom/9541.png" width="640" height="480">
  </image>
  <image id="190" name="rc19-experiment/OUTDOOR3-bottom/9537.png" width="640" height="480">
  </image>
  <image id="189" name="rc19-experiment/OUTDOOR3-bottom/9534.png" width="640" height="480">
  </image>
  <image id="188" name="rc19-experiment/OUTDOOR3-bottom/9531.png" width="640" height="480">
  </image>
  <image id="187" name="rc19-experiment/OUTDOOR3-bottom/9528.png" width="640" height="480">
  </image>
  <image id="186" name="rc19-experiment/OUTDOOR3-bottom/9525.png" width="640" height="480">
  </image>
  <image id="185" name="rc19-experiment/OUTDOOR3-bottom/9522.png" width="640" height="480">
  </image>
  <image id="184" name="rc19-experiment/OUTDOOR3-bottom/9519.png" width="640" height="480">
  </image>
  <image id="183" name="rc19-experiment/OUTDOOR3-bottom/9516.png" width="640" height="480">
  </image>
  <image id="182" name="rc19-experiment/OUTDOOR3-bottom/9513.png" width="640" height="480">
  </image>
  <image id="181" name="rc19-experiment/OUTDOOR3-bottom/9510.png" width="640" height="480">
  </image>
  <image id="180" name="rc19-experiment/OUTDOOR3-bottom/9507.png" width="640" height="480">
  </image>
  <image id="179" name="rc19-experiment/OUTDOOR3-bottom/9504.png" width="640" height="480">
  </image>
  <image id="178" name="rc19-experiment/OUTDOOR3-bottom/9501.png" width="640" height="480">
  </image>
  <image id="177" name="rc19-experiment/OUTDOOR3-bottom/9498.png" width="640" height="480">
  </image>
  <image id="176" name="rc19-experiment/OUTDOOR3-bottom/9495.png" width="640" height="480">
  </image>
  <image id="175" name="rc19-experiment/OUTDOOR3-bottom/9492.png" width="640" height="480">
  </image>
  <image id="174" name="rc19-experiment/OUTDOOR3-bottom/9489.png" width="640" height="480">
  </image>
  <image id="173" name="rc19-experiment/OUTDOOR3-bottom/9486.png" width="640" height="480">
  </image>
  <image id="172" name="rc19-experiment/OUTDOOR3-bottom/9483.png" width="640" height="480">
  </image>
  <image id="171" name="rc19-experiment/OUTDOOR3-bottom/9480.png" width="640" height="480">
  </image>
  <image id="170" name="rc19-experiment/OUTDOOR3-bottom/9477.png" width="640" height="480">
  </image>
  <image id="169" name="rc19-experiment/OUTDOOR3-bottom/9474.png" width="640" height="480">
  </image>
  <image id="168" name="rc19-experiment/OUTDOOR3-bottom/9471.png" width="640" height="480">
  </image>
  <image id="167" name="rc19-experiment/OUTDOOR3-bottom/9468.png" width="640" height="480">
  </image>
  <image id="166" name="rc19-experiment/OUTDOOR3-bottom/9465.png" width="640" height="480">
  </image>
  <image id="165" name="rc19-experiment/OUTDOOR3-bottom/9462.png" width="640" height="480">
  </image>
  <image id="164" name="rc19-experiment/OUTDOOR3-bottom/9459.png" width="640" height="480">
  </image>
  <image id="163" name="rc19-experiment/OUTDOOR3-bottom/9456.png" width="640" height="480">
  </image>
  <image id="162" name="rc19-experiment/OUTDOOR3-bottom/9453.png" width="640" height="480">
  </image>
  <image id="161" name="rc19-experiment/OUTDOOR3-bottom/9450.png" width="640" height="480">
  </image>
  <image id="160" name="rc19-experiment/OUTDOOR3-bottom/9447.png" width="640" height="480">
  </image>
  <image id="159" name="rc19-experiment/OUTDOOR3-bottom/9444.png" width="640" height="480">
  </image>
  <image id="158" name="rc19-experiment/OUTDOOR3-bottom/9440.png" width="640" height="480">
  </image>
  <image id="157" name="rc19-experiment/OUTDOOR3-bottom/9437.png" width="640" height="480">
  </image>
  <image id="156" name="rc19-experiment/OUTDOOR3-bottom/9434.png" width="640" height="480">
  </image>
  <image id="155" name="rc19-experiment/OUTDOOR3-bottom/9431.png" width="640" height="480">
  </image>
  <image id="154" name="rc19-experiment/OUTDOOR3-bottom/9428.png" width="640" height="480">
  </image>
  <image id="153" name="rc19-experiment/OUTDOOR3-bottom/9425.png" width="640" height="480">
  </image>
  <image id="152" name="rc19-experiment/OUTDOOR3-bottom/9422.png" width="640" height="480">
  </image>
  <image id="151" name="rc19-experiment/OUTDOOR3-bottom/9419.png" width="640" height="480">
  </image>
  <image id="150" name="rc19-experiment/OUTDOOR3-bottom/9416.png" width="640" height="480">
  </image>
  <image id="149" name="rc19-experiment/OUTDOOR3-bottom/9413.png" width="640" height="480">
  </image>
  <image id="148" name="rc19-experiment/OUTDOOR3-bottom/9409.png" width="640" height="480">
  </image>
  <image id="147" name="rc19-experiment/OUTDOOR3-bottom/9406.png" width="640" height="480">
  </image>
  <image id="146" name="rc19-experiment/OUTDOOR3-bottom/9403.png" width="640" height="480">
  </image>
  <image id="145" name="rc19-experiment/OUTDOOR3-bottom/9400.png" width="640" height="480">
  </image>
  <image id="144" name="rc19-experiment/OUTDOOR3-bottom/9397.png" width="640" height="480">
  </image>
  <image id="143" name="rc19-experiment/OUTDOOR3-bottom/9394.png" width="640" height="480">
  </image>
  <image id="142" name="rc19-experiment/OUTDOOR3-bottom/9391.png" width="640" height="480">
  </image>
  <image id="141" name="rc19-experiment/OUTDOOR3-bottom/9388.png" width="640" height="480">
  </image>
  <image id="140" name="rc19-experiment/OUTDOOR3-bottom/9384.png" width="640" height="480">
  </image>
  <image id="139" name="rc19-experiment/OUTDOOR3-bottom/9381.png" width="640" height="480">
  </image>
  <image id="138" name="rc19-experiment/OUTDOOR3-bottom/9378.png" width="640" height="480">
  </image>
  <image id="137" name="rc19-experiment/OUTDOOR3-bottom/9374.png" width="640" height="480">
  </image>
  <image id="136" name="rc19-experiment/OUTDOOR3-bottom/9371.png" width="640" height="480">
  </image>
  <image id="135" name="rc19-experiment/OUTDOOR3-bottom/9368.png" width="640" height="480">
  </image>
  <image id="134" name="rc19-experiment/OUTDOOR3-bottom/9365.png" width="640" height="480">
  </image>
  <image id="133" name="rc19-experiment/OUTDOOR3-bottom/9362.png" width="640" height="480">
  </image>
  <image id="132" name="rc19-experiment/OUTDOOR3-bottom/9359.png" width="640" height="480">
  </image>
  <image id="131" name="rc19-experiment/OUTDOOR3-bottom/9356.png" width="640" height="480">
  </image>
  <image id="130" name="rc19-experiment/OUTDOOR3-bottom/9353.png" width="640" height="480">
  </image>
  <image id="129" name="rc19-experiment/OUTDOOR3-bottom/9350.png" width="640" height="480">
  </image>
  <image id="128" name="rc19-experiment/OUTDOOR3-bottom/9347.png" width="640" height="480">
  </image>
  <image id="127" name="rc19-experiment/OUTDOOR3-bottom/9344.png" width="640" height="480">
  </image>
  <image id="126" name="rc19-experiment/OUTDOOR3-bottom/9341.png" width="640" height="480">
  </image>
  <image id="125" name="rc19-experiment/OUTDOOR3-bottom/9338.png" width="640" height="480">
  </image>
  <image id="124" name="rc19-experiment/OUTDOOR3-bottom/9335.png" width="640" height="480">
  </image>
  <image id="123" name="rc19-experiment/OUTDOOR3-bottom/9332.png" width="640" height="480">
  </image>
  <image id="122" name="rc19-experiment/OUTDOOR3-bottom/9329.png" width="640" height="480">
  </image>
  <image id="121" name="rc19-experiment/OUTDOOR3-bottom/9326.png" width="640" height="480">
  </image>
  <image id="120" name="rc19-experiment/OUTDOOR3-bottom/9323.png" width="640" height="480">
  </image>
  <image id="119" name="rc19-experiment/OUTDOOR3-bottom/9320.png" width="640" height="480">
  </image>
  <image id="118" name="rc19-experiment/OUTDOOR3-bottom/9317.png" width="640" height="480">
  </image>
  <image id="117" name="rc19-experiment/OUTDOOR3-bottom/9314.png" width="640" height="480">
  </image>
  <image id="116" name="rc19-experiment/OUTDOOR3-bottom/9311.png" width="640" height="480">
  </image>
  <image id="115" name="rc19-experiment/OUTDOOR3-bottom/9308.png" width="640" height="480">
  </image>
  <image id="114" name="rc19-experiment/OUTDOOR3-bottom/9305.png" width="640" height="480">
  </image>
  <image id="113" name="rc19-experiment/OUTDOOR3-bottom/9302.png" width="640" height="480">
  </image>
  <image id="112" name="rc19-experiment/OUTDOOR3-bottom/9300.png" width="640" height="480">
  </image>
  <image id="111" name="rc19-experiment/OUTDOOR3-bottom/9297.png" width="640" height="480">
  </image>
  <image id="110" name="rc19-experiment/OUTDOOR3-bottom/9294.png" width="640" height="480">
  </image>
  <image id="109" name="rc19-experiment/OUTDOOR3-bottom/9291.png" width="640" height="480">
  </image>
  <image id="108" name="rc19-experiment/OUTDOOR3-bottom/9289.png" width="640" height="480">
  </image>
  <image id="107" name="rc19-experiment/OUTDOOR3-bottom/9286.png" width="640" height="480">
  </image>
  <image id="106" name="rc19-experiment/OUTDOOR3-bottom/9283.png" width="640" height="480">
  </image>
  <image id="105" name="rc19-experiment/OUTDOOR3-bottom/9281.png" width="640" height="480">
  </image>
  <image id="104" name="rc19-experiment/OUTDOOR3-bottom/9279.png" width="640" height="480">
  </image>
  <image id="103" name="rc19-experiment/OUTDOOR3-bottom/9276.png" width="640" height="480">
  </image>
  <image id="102" name="rc19-experiment/OUTDOOR3-bottom/9273.png" width="640" height="480">
  </image>
  <image id="101" name="rc19-experiment/OUTDOOR3-bottom/9270.png" width="640" height="480">
  </image>
  <image id="100" name="rc19-experiment/OUTDOOR3-bottom/9267.png" width="640" height="480">
  </image>
  <image id="99" name="rc19-experiment/OUTDOOR3-bottom/9264.png" width="640" height="480">
  </image>
  <image id="98" name="rc19-experiment/OUTDOOR3-bottom/9261.png" width="640" height="480">
  </image>
  <image id="97" name="rc19-experiment/OUTDOOR3-bottom/9258.png" width="640" height="480">
  </image>
  <image id="96" name="rc19-experiment/OUTDOOR3-bottom/9255.png" width="640" height="480">
  </image>
  <image id="95" name="rc19-experiment/OUTDOOR3-bottom/9251.png" width="640" height="480">
  </image>
  <image id="94" name="rc19-experiment/OUTDOOR3-bottom/9248.png" width="640" height="480">
  </image>
  <image id="93" name="rc19-experiment/OUTDOOR3-bottom/9245.png" width="640" height="480">
  </image>
  <image id="92" name="rc19-experiment/OUTDOOR3-bottom/9242.png" width="640" height="480">
  </image>
  <image id="91" name="rc19-experiment/OUTDOOR3-bottom/9239.png" width="640" height="480">
  </image>
  <image id="90" name="rc19-experiment/OUTDOOR3-bottom/9236.png" width="640" height="480">
  </image>
  <image id="89" name="rc19-experiment/OUTDOOR3-bottom/9233.png" width="640" height="480">
  </image>
  <image id="88" name="rc19-experiment/OUTDOOR3-bottom/9230.png" width="640" height="480">
  </image>
  <image id="87" name="rc19-experiment/OUTDOOR3-bottom/9227.png" width="640" height="480">
  </image>
  <image id="86" name="rc19-experiment/OUTDOOR3-bottom/9224.png" width="640" height="480">
  </image>
  <image id="85" name="rc19-experiment/OUTDOOR3-bottom/9221.png" width="640" height="480">
  </image>
  <image id="84" name="rc19-experiment/OUTDOOR3-bottom/9218.png" width="640" height="480">
  </image>
  <image id="83" name="rc19-experiment/OUTDOOR3-bottom/9215.png" width="640" height="480">
  </image>
  <image id="82" name="rc19-experiment/OUTDOOR3-bottom/9211.png" width="640" height="480">
  </image>
  <image id="81" name="rc19-experiment/OUTDOOR3-bottom/9208.png" width="640" height="480">
  </image>
  <image id="80" name="rc19-experiment/OUTDOOR3-bottom/9205.png" width="640" height="480">
  </image>
  <image id="79" name="rc19-experiment/OUTDOOR3-bottom/9202.png" width="640" height="480">
  </image>
  <image id="78" name="rc19-experiment/OUTDOOR3-bottom/9199.png" width="640" height="480">
  </image>
  <image id="77" name="rc19-experiment/OUTDOOR3-bottom/9196.png" width="640" height="480">
  </image>
  <image id="76" name="rc19-experiment/OUTDOOR3-bottom/9193.png" width="640" height="480">
  </image>
  <image id="75" name="rc19-experiment/OUTDOOR3-bottom/9190.png" width="640" height="480">
  </image>
  <image id="74" name="rc19-experiment/OUTDOOR3-bottom/9187.png" width="640" height="480">
  </image>
  <image id="73" name="rc19-experiment/OUTDOOR3-bottom/9183.png" width="640" height="480">
  </image>
  <image id="72" name="rc19-experiment/OUTDOOR3-bottom/9180.png" width="640" height="480">
  </image>
  <image id="71" name="rc19-experiment/OUTDOOR3-bottom/9177.png" width="640" height="480">
  </image>
  <image id="70" name="rc19-experiment/OUTDOOR3-bottom/9174.png" width="640" height="480">
  </image>
  <image id="69" name="rc19-experiment/OUTDOOR3-bottom/9170.png" width="640" height="480">
  </image>
  <image id="68" name="rc19-experiment/OUTDOOR3-bottom/9167.png" width="640" height="480">
  </image>
  <image id="67" name="rc19-experiment/OUTDOOR3-bottom/9164.png" width="640" height="480">
  </image>
  <image id="66" name="rc19-experiment/OUTDOOR3-bottom/9160.png" width="640" height="480">
  </image>
  <image id="65" name="rc19-experiment/OUTDOOR3-bottom/9157.png" width="640" height="480">
  </image>
  <image id="64" name="rc19-experiment/OUTDOOR3-bottom/9153.png" width="640" height="480">
  </image>
  <image id="63" name="rc19-experiment/OUTDOOR3-bottom/9149.png" width="640" height="480">
  </image>
  <image id="62" name="rc19-experiment/OUTDOOR3-bottom/9146.png" width="640" height="480">
  </image>
  <image id="61" name="rc19-experiment/OUTDOOR3-bottom/9143.png" width="640" height="480">
  </image>
  <image id="60" name="rc19-experiment/OUTDOOR3-bottom/9140.png" width="640" height="480">
  </image>
  <image id="59" name="rc19-experiment/OUTDOOR3-bottom/9137.png" width="640" height="480">
  </image>
  <image id="58" name="rc19-experiment/OUTDOOR3-bottom/9134.png" width="640" height="480">
  </image>
  <image id="57" name="rc19-experiment/OUTDOOR3-bottom/9131.png" width="640" height="480">
  </image>
  <image id="56" name="rc19-experiment/OUTDOOR3-bottom/9128.png" width="640" height="480">
  </image>
  <image id="55" name="rc19-experiment/OUTDOOR3-bottom/9125.png" width="640" height="480">
  </image>
  <image id="54" name="rc19-experiment/OUTDOOR3-bottom/9122.png" width="640" height="480">
  </image>
  <image id="53" name="rc19-experiment/OUTDOOR3-bottom/9119.png" width="640" height="480">
  </image>
  <image id="52" name="rc19-experiment/OUTDOOR3-bottom/9115.png" width="640" height="480">
  </image>
  <image id="51" name="rc19-experiment/OUTDOOR3-bottom/9112.png" width="640" height="480">
  </image>
  <image id="50" name="rc19-experiment/OUTDOOR3-bottom/9109.png" width="640" height="480">
  </image>
  <image id="49" name="rc19-experiment/OUTDOOR3-bottom/9106.png" width="640" height="480">
  </image>
  <image id="48" name="rc19-experiment/OUTDOOR3-bottom/9103.png" width="640" height="480">
  </image>
  <image id="47" name="rc19-experiment/OUTDOOR3-bottom/9100.png" width="640" height="480">
  </image>
  <image id="46" name="rc19-experiment/OUTDOOR3-bottom/9096.png" width="640" height="480">
  </image>
  <image id="45" name="rc19-experiment/OUTDOOR3-bottom/9093.png" width="640" height="480">
  </image>
  <image id="44" name="rc19-experiment/OUTDOOR3-bottom/9090.png" width="640" height="480">
  </image>
  <image id="43" name="rc19-experiment/OUTDOOR3-bottom/9087.png" width="640" height="480">
  </image>
  <image id="42" name="rc19-experiment/OUTDOOR3-bottom/9084.png" width="640" height="480">
  </image>
  <image id="41" name="rc19-experiment/OUTDOOR3-bottom/9080.png" width="640" height="480">
  </image>
  <image id="40" name="rc19-experiment/OUTDOOR3-bottom/9077.png" width="640" height="480">
  </image>
  <image id="39" name="rc19-experiment/OUTDOOR3-bottom/9073.png" width="640" height="480">
  </image>
  <image id="38" name="rc19-experiment/OUTDOOR3-bottom/9070.png" width="640" height="480">
  </image>
  <image id="37" name="rc19-experiment/OUTDOOR3-bottom/9067.png" width="640" height="480">
  </image>
  <image id="36" name="rc19-experiment/OUTDOOR3-bottom/9064.png" width="640" height="480">
  </image>
  <image id="35" name="rc19-experiment/OUTDOOR3-bottom/9061.png" width="640" height="480">
  </image>
  <image id="34" name="rc19-experiment/OUTDOOR3-bottom/9058.png" width="640" height="480">
  </image>
  <image id="33" name="rc19-experiment/OUTDOOR3-bottom/9055.png" width="640" height="480">
  </image>
  <image id="32" name="rc19-experiment/OUTDOOR3-bottom/9051.png" width="640" height="480">
  </image>
  <image id="31" name="rc19-experiment/OUTDOOR3-bottom/9048.png" width="640" height="480">
  </image>
  <image id="30" name="rc19-experiment/OUTDOOR3-bottom/9045.png" width="640" height="480">
  </image>
  <image id="29" name="rc19-experiment/OUTDOOR3-bottom/9042.png" width="640" height="480">
  </image>
  <image id="28" name="rc19-experiment/OUTDOOR3-bottom/9039.png" width="640" height="480">
  </image>
  <image id="27" name="rc19-experiment/OUTDOOR3-bottom/9036.png" width="640" height="480">
  </image>
  <image id="26" name="rc19-experiment/OUTDOOR3-bottom/9033.png" width="640" height="480">
  </image>
  <image id="25" name="rc19-experiment/OUTDOOR3-bottom/9030.png" width="640" height="480">
  </image>
  <image id="24" name="rc19-experiment/OUTDOOR3-bottom/9027.png" width="640" height="480">
  </image>
  <image id="23" name="rc19-experiment/OUTDOOR3-bottom/9024.png" width="640" height="480">
  </image>
  <image id="22" name="rc19-experiment/OUTDOOR3-bottom/9021.png" width="640" height="480">
  </image>
  <image id="21" name="rc19-experiment/OUTDOOR3-bottom/9018.png" width="640" height="480">
  </image>
  <image id="20" name="rc19-experiment/OUTDOOR3-bottom/9015.png" width="640" height="480">
  </image>
  <image id="19" name="rc19-experiment/OUTDOOR3-bottom/9012.png" width="640" height="480">
  </image>
  <image id="18" name="rc19-experiment/OUTDOOR3-bottom/9009.png" width="640" height="480">
  </image>
  <image id="17" name="rc19-experiment/OUTDOOR3-bottom/9006.png" width="640" height="480">
  </image>
  <image id="16" name="rc19-experiment/OUTDOOR3-bottom/9003.png" width="640" height="480">
  </image>
  <image id="15" name="rc19-experiment/OUTDOOR3-bottom/8999.png" width="640" height="480">
  </image>
  <image id="14" name="rc19-experiment/OUTDOOR3-bottom/8996.png" width="640" height="480">
  </image>
  <image id="13" name="rc19-experiment/OUTDOOR3-bottom/8993.png" width="640" height="480">
  </image>
  <image id="12" name="rc19-experiment/OUTDOOR3-bottom/8989.png" width="640" height="480">
  </image>
  <image id="11" name="rc19-experiment/OUTDOOR3-bottom/8986.png" width="640" height="480">
  </image>
  <image id="10" name="rc19-experiment/OUTDOOR3-bottom/8983.png" width="640" height="480">
  </image>
  <image id="9" name="rc19-experiment/OUTDOOR3-bottom/8980.png" width="640" height="480">
  </image>
  <image id="8" name="rc19-experiment/OUTDOOR3-bottom/8977.png" width="640" height="480">
  </image>
  <image id="7" name="rc19-experiment/OUTDOOR3-bottom/8973.png" width="640" height="480">
  </image>
  <image id="6" name="rc19-experiment/OUTDOOR3-bottom/8970.png" width="640" height="480">
  </image>
  <image id="5" name="rc19-experiment/OUTDOOR3-bottom/8967.png" width="640" height="480">
  </image>
  <image id="4" name="rc19-experiment/OUTDOOR3-bottom/8963.png" width="640" height="480">
  </image>
  <image id="3" name="rc19-experiment/OUTDOOR3-bottom/8960.png" width="640" height="480">
  </image>
  <image id="2" name="rc19-experiment/OUTDOOR3-bottom/8957.png" width="640" height="480">
  </image>
  <image id="1" name="rc19-experiment/OUTDOOR3-bottom/8954.png" width="640" height="480">
  </image>
  <image id="0" name="rc19-experiment/OUTDOOR3-bottom/8950.png" width="640" height="480">
  </image>
</annotations>