<?xml version="1.0" encoding="utf-8"?>
<annotations>
  <version>1.1</version>
  <meta>
    <task>
      <id>41</id>
      <name>RC19Experiments-INDOOR-PLAY3_TILL_FALL_bottom</name>
      <size>354</size>
      <mode>annotation</mode>
      <overlap>0</overlap>
      <bugtracker></bugtracker>
      <created>2020-04-05 10:42:17.720500+00:00</created>
      <updated>2021-03-13 11:00:21.286260+00:00</updated>
      <start_frame>0</start_frame>
      <stop_frame>353</stop_frame>
      <frame_filter></frame_filter>
      <labels>
        <label>
          <name>ball</name>
          <color>#804080</color>
          <attributes>
            <attribute>
              <name>smudge</name>
              <mutable>False</mutable>
              <input_type>checkbox</input_type>
              <default_value>false</default_value>
              <values>false</values>
            </attribute>
          </attributes>
        </label>
      </labels>
      <segments>
        <segment>
          <id>41</id>
          <start>0</start>
          <stop>353</stop>
          <url>httpball.informatik.hu-berlin.de/?id=41</url>
        </segment>
      </segments>
      <owner>
        <username>nao</username>
        <email></email>
      </owner>
      <assignee></assignee>
    </task>
    <dumped>2021-03-13 11:00:25.833145+00:00</dumped>
  </meta>
  <image id="353" name="rc19-experiment/INDOOR/PLAY3_TILL_FALL_bottom/103444.png" width="640" height="480">
  </image>
  <image id="352" name="rc19-experiment/INDOOR/PLAY3_TILL_FALL_bottom/103441.png" width="640" height="480">
  </image>
  <image id="351" name="rc19-experiment/INDOOR/PLAY3_TILL_FALL_bottom/103438.png" width="640" height="480">
  </image>
  <image id="350" name="rc19-experiment/INDOOR/PLAY3_TILL_FALL_bottom/103435.png" width="640" height="480">
  </image>
  <image id="349" name="rc19-experiment/INDOOR/PLAY3_TILL_FALL_bottom/103431.png" width="640" height="480">
  </image>
  <image id="348" name="rc19-experiment/INDOOR/PLAY3_TILL_FALL_bottom/103428.png" width="640" height="480">
    <box label="ball" occluded="0" source="auto" xtl="329.03" ytl="0.20" xbr="380.36" ybr="43.43" z_order="0">
      <attribute name="smudge">false</attribute>
    </box>
  </image>
  <image id="347" name="rc19-experiment/INDOOR/PLAY3_TILL_FALL_bottom/103425.png" width="640" height="480">
    <box label="ball" occluded="0" source="auto" xtl="345.36" ytl="141.48" xbr="389.66" ybr="190.98" z_order="0">
      <attribute name="smudge">false</attribute>
    </box>
  </image>
  <image id="346" name="rc19-experiment/INDOOR/PLAY3_TILL_FALL_bottom/103422.png" width="640" height="480">
    <box label="ball" occluded="0" source="auto" xtl="348.62" ytl="329.58" xbr="392.58" ybr="373.48" z_order="0">
      <attribute name="smudge">false</attribute>
    </box>
  </image>
  <image id="345" name="rc19-experiment/INDOOR/PLAY3_TILL_FALL_bottom/103419.png" width="640" height="480">
  </image>
  <image id="344" name="rc19-experiment/INDOOR/PLAY3_TILL_FALL_bottom/103416.png" width="640" height="480">
  </image>
  <image id="343" name="rc19-experiment/INDOOR/PLAY3_TILL_FALL_bottom/103412.png" width="640" height="480">
  </image>
  <image id="342" name="rc19-experiment/INDOOR/PLAY3_TILL_FALL_bottom/103409.png" width="640" height="480">
  </image>
  <image id="341" name="rc19-experiment/INDOOR/PLAY3_TILL_FALL_bottom/103406.png" width="640" height="480">
  </image>
  <image id="340" name="rc19-experiment/INDOOR/PLAY3_TILL_FALL_bottom/103403.png" width="640" height="480">
  </image>
  <image id="339" name="rc19-experiment/INDOOR/PLAY3_TILL_FALL_bottom/103399.png" width="640" height="480">
  </image>
  <image id="338" name="rc19-experiment/INDOOR/PLAY3_TILL_FALL_bottom/103396.png" width="640" height="480">
  </image>
  <image id="337" name="rc19-experiment/INDOOR/PLAY3_TILL_FALL_bottom/103392.png" width="640" height="480">
  </image>
  <image id="336" name="rc19-experiment/INDOOR/PLAY3_TILL_FALL_bottom/103389.png" width="640" height="480">
  </image>
  <image id="335" name="rc19-experiment/INDOOR/PLAY3_TILL_FALL_bottom/103386.png" width="640" height="480">
  </image>
  <image id="334" name="rc19-experiment/INDOOR/PLAY3_TILL_FALL_bottom/103383.png" width="640" height="480">
  </image>
  <image id="333" name="rc19-experiment/INDOOR/PLAY3_TILL_FALL_bottom/103380.png" width="640" height="480">
  </image>
  <image id="332" name="rc19-experiment/INDOOR/PLAY3_TILL_FALL_bottom/103377.png" width="640" height="480">
  </image>
  <image id="331" name="rc19-experiment/INDOOR/PLAY3_TILL_FALL_bottom/103374.png" width="640" height="480">
  </image>
  <image id="330" name="rc19-experiment/INDOOR/PLAY3_TILL_FALL_bottom/103371.png" width="640" height="480">
  </image>
  <image id="329" name="rc19-experiment/INDOOR/PLAY3_TILL_FALL_bottom/103367.png" width="640" height="480">
  </image>
  <image id="328" name="rc19-experiment/INDOOR/PLAY3_TILL_FALL_bottom/103364.png" width="640" height="480">
  </image>
  <image id="327" name="rc19-experiment/INDOOR/PLAY3_TILL_FALL_bottom/103361.png" width="640" height="480">
  </image>
  <image id="326" name="rc19-experiment/INDOOR/PLAY3_TILL_FALL_bottom/103357.png" width="640" height="480">
  </image>
  <image id="325" name="rc19-experiment/INDOOR/PLAY3_TILL_FALL_bottom/103354.png" width="640" height="480">
  </image>
  <image id="324" name="rc19-experiment/INDOOR/PLAY3_TILL_FALL_bottom/103350.png" width="640" height="480">
  </image>
  <image id="323" name="rc19-experiment/INDOOR/PLAY3_TILL_FALL_bottom/103347.png" width="640" height="480">
  </image>
  <image id="322" name="rc19-experiment/INDOOR/PLAY3_TILL_FALL_bottom/103344.png" width="640" height="480">
    <box label="ball" occluded="0" source="auto" xtl="291.03" ytl="360.80" xbr="335.06" ybr="408.10" z_order="0">
      <attribute name="smudge">false</attribute>
    </box>
  </image>
  <image id="321" name="rc19-experiment/INDOOR/PLAY3_TILL_FALL_bottom/103341.png" width="640" height="480">
    <box label="ball" occluded="0" source="auto" xtl="308.73" ytl="268.07" xbr="353.98" ybr="312.63" z_order="0">
      <attribute name="smudge">false</attribute>
    </box>
  </image>
  <image id="320" name="rc19-experiment/INDOOR/PLAY3_TILL_FALL_bottom/103337.png" width="640" height="480">
    <box label="ball" occluded="0" source="auto" xtl="319.41" ytl="90.90" xbr="367.28" ybr="139.45" z_order="0">
      <attribute name="smudge">false</attribute>
    </box>
  </image>
  <image id="319" name="rc19-experiment/INDOOR/PLAY3_TILL_FALL_bottom/103333.png" width="640" height="480">
    <box label="ball" occluded="0" source="auto" xtl="423.31" ytl="5.35" xbr="479.62" ybr="65.86" z_order="0">
      <attribute name="smudge">false</attribute>
    </box>
  </image>
  <image id="318" name="rc19-experiment/INDOOR/PLAY3_TILL_FALL_bottom/103330.png" width="640" height="480">
    <box label="ball" occluded="0" source="auto" xtl="465.65" ytl="0.25" xbr="520.19" ybr="41.97" z_order="0">
      <attribute name="smudge">false</attribute>
    </box>
  </image>
  <image id="317" name="rc19-experiment/INDOOR/PLAY3_TILL_FALL_bottom/103327.png" width="640" height="480">
  </image>
  <image id="316" name="rc19-experiment/INDOOR/PLAY3_TILL_FALL_bottom/103323.png" width="640" height="480">
    <box label="ball" occluded="0" source="auto" xtl="421.89" ytl="90.76" xbr="468.34" ybr="134.15" z_order="0">
      <attribute name="smudge">false</attribute>
    </box>
  </image>
  <image id="315" name="rc19-experiment/INDOOR/PLAY3_TILL_FALL_bottom/103320.png" width="640" height="480">
    <box label="ball" occluded="0" source="auto" xtl="403.47" ytl="108.54" xbr="452.96" ybr="155.63" z_order="0">
      <attribute name="smudge">false</attribute>
    </box>
  </image>
  <image id="314" name="rc19-experiment/INDOOR/PLAY3_TILL_FALL_bottom/103316.png" width="640" height="480">
    <box label="ball" occluded="0" source="auto" xtl="342.36" ytl="72.21" xbr="393.17" ybr="116.95" z_order="0">
      <attribute name="smudge">false</attribute>
    </box>
  </image>
  <image id="313" name="rc19-experiment/INDOOR/PLAY3_TILL_FALL_bottom/103313.png" width="640" height="480">
    <box label="ball" occluded="0" source="auto" xtl="262.52" ytl="91.12" xbr="313.93" ybr="137.19" z_order="0">
      <attribute name="smudge">false</attribute>
    </box>
  </image>
  <image id="312" name="rc19-experiment/INDOOR/PLAY3_TILL_FALL_bottom/103310.png" width="640" height="480">
    <box label="ball" occluded="0" source="auto" xtl="219.62" ytl="61.42" xbr="270.12" ybr="117.21" z_order="0">
      <attribute name="smudge">false</attribute>
    </box>
  </image>
  <image id="311" name="rc19-experiment/INDOOR/PLAY3_TILL_FALL_bottom/103307.png" width="640" height="480">
    <box label="ball" occluded="0" source="auto" xtl="295.21" ytl="0.52" xbr="348.16" ybr="28.52" z_order="0">
      <attribute name="smudge">false</attribute>
    </box>
  </image>
  <image id="310" name="rc19-experiment/INDOOR/PLAY3_TILL_FALL_bottom/103304.png" width="640" height="480">
    <box label="ball" occluded="0" source="auto" xtl="410.78" ytl="59.17" xbr="464.94" ybr="110.24" z_order="0">
      <attribute name="smudge">false</attribute>
    </box>
  </image>
  <image id="309" name="rc19-experiment/INDOOR/PLAY3_TILL_FALL_bottom/103301.png" width="640" height="480">
    <box label="ball" occluded="0" source="auto" xtl="390.45" ytl="58.05" xbr="446.79" ybr="114.62" z_order="0">
      <attribute name="smudge">false</attribute>
    </box>
  </image>
  <image id="308" name="rc19-experiment/INDOOR/PLAY3_TILL_FALL_bottom/103298.png" width="640" height="480">
    <box label="ball" occluded="0" source="auto" xtl="354.67" ytl="1.21" xbr="409.49" ybr="53.87" z_order="0">
      <attribute name="smudge">false</attribute>
    </box>
  </image>
  <image id="307" name="rc19-experiment/INDOOR/PLAY3_TILL_FALL_bottom/103295.png" width="640" height="480">
    <box label="ball" occluded="0" source="auto" xtl="315.86" ytl="68.86" xbr="370.38" ybr="123.93" z_order="0">
      <attribute name="smudge">false</attribute>
    </box>
  </image>
  <image id="306" name="rc19-experiment/INDOOR/PLAY3_TILL_FALL_bottom/103291.png" width="640" height="480">
    <box label="ball" occluded="0" source="auto" xtl="326.59" ytl="36.67" xbr="384.43" ybr="94.42" z_order="0">
      <attribute name="smudge">false</attribute>
    </box>
  </image>
  <image id="305" name="rc19-experiment/INDOOR/PLAY3_TILL_FALL_bottom/103288.png" width="640" height="480">
    <box label="ball" occluded="0" source="auto" xtl="334.32" ytl="36.96" xbr="395.59" ybr="99.63" z_order="0">
      <attribute name="smudge">false</attribute>
    </box>
  </image>
  <image id="304" name="rc19-experiment/INDOOR/PLAY3_TILL_FALL_bottom/103285.png" width="640" height="480">
    <box label="ball" occluded="0" source="auto" xtl="317.53" ytl="74.24" xbr="379.51" ybr="135.68" z_order="0">
      <attribute name="smudge">false</attribute>
    </box>
  </image>
  <image id="303" name="rc19-experiment/INDOOR/PLAY3_TILL_FALL_bottom/103281.png" width="640" height="480">
    <box label="ball" occluded="0" source="auto" xtl="199.28" ytl="40.06" xbr="269.23" ybr="110.15" z_order="0">
      <attribute name="smudge">false</attribute>
    </box>
  </image>
  <image id="302" name="rc19-experiment/INDOOR/PLAY3_TILL_FALL_bottom/103278.png" width="640" height="480">
    <box label="ball" occluded="0" source="auto" xtl="157.25" ytl="51.20" xbr="228.51" ybr="139.27" z_order="0">
      <attribute name="smudge">false</attribute>
    </box>
  </image>
  <image id="301" name="rc19-experiment/INDOOR/PLAY3_TILL_FALL_bottom/103275.png" width="640" height="480">
  </image>
  <image id="300" name="rc19-experiment/INDOOR/PLAY3_TILL_FALL_bottom/103271.png" width="640" height="480">
    <box label="ball" occluded="0" source="auto" xtl="357.31" ytl="0.19" xbr="441.69" ybr="64.13" z_order="0">
      <attribute name="smudge">false</attribute>
    </box>
  </image>
  <image id="299" name="rc19-experiment/INDOOR/PLAY3_TILL_FALL_bottom/103268.png" width="640" height="480">
    <box label="ball" occluded="0" source="auto" xtl="347.39" ytl="0.50" xbr="441.82" ybr="84.43" z_order="0">
      <attribute name="smudge">false</attribute>
    </box>
  </image>
  <image id="298" name="rc19-experiment/INDOOR/PLAY3_TILL_FALL_bottom/103265.png" width="640" height="480">
    <box label="ball" occluded="0" source="auto" xtl="360.63" ytl="41.28" xbr="462.08" ybr="139.16" z_order="0">
      <attribute name="smudge">false</attribute>
    </box>
  </image>
  <image id="297" name="rc19-experiment/INDOOR/PLAY3_TILL_FALL_bottom/103262.png" width="640" height="480">
    <box label="ball" occluded="0" source="auto" xtl="330.95" ytl="48.73" xbr="447.24" ybr="157.29" z_order="0">
      <attribute name="smudge">false</attribute>
    </box>
  </image>
  <image id="296" name="rc19-experiment/INDOOR/PLAY3_TILL_FALL_bottom/103258.png" width="640" height="480">
    <box label="ball" occluded="0" source="auto" xtl="264.88" ytl="157.71" xbr="398.73" ybr="277.33" z_order="0">
      <attribute name="smudge">false</attribute>
    </box>
  </image>
  <image id="295" name="rc19-experiment/INDOOR/PLAY3_TILL_FALL_bottom/103255.png" width="640" height="480">
    <box label="ball" occluded="0" source="auto" xtl="212.31" ytl="169.85" xbr="365.75" ybr="309.21" z_order="0">
      <attribute name="smudge">false</attribute>
    </box>
  </image>
  <image id="294" name="rc19-experiment/INDOOR/PLAY3_TILL_FALL_bottom/103251.png" width="640" height="480">
    <box label="ball" occluded="0" source="auto" xtl="159.87" ytl="301.77" xbr="328.38" ybr="431.39" z_order="0">
      <attribute name="smudge">false</attribute>
    </box>
  </image>
  <image id="293" name="rc19-experiment/INDOOR/PLAY3_TILL_FALL_bottom/103248.png" width="640" height="480">
    <box label="ball" occluded="0" source="auto" xtl="178.50" ytl="302.32" xbr="342.71" ybr="470.52" z_order="0">
      <attribute name="smudge">false</attribute>
    </box>
  </image>
  <image id="292" name="rc19-experiment/INDOOR/PLAY3_TILL_FALL_bottom/103245.png" width="640" height="480">
    <box label="ball" occluded="0" source="auto" xtl="208.14" ytl="281.95" xbr="371.31" ybr="452.27" z_order="0">
      <attribute name="smudge">false</attribute>
    </box>
  </image>
  <image id="291" name="rc19-experiment/INDOOR/PLAY3_TILL_FALL_bottom/103242.png" width="640" height="480">
    <box label="ball" occluded="0" source="auto" xtl="271.50" ytl="269.68" xbr="434.09" ybr="435.01" z_order="0">
      <attribute name="smudge">false</attribute>
    </box>
  </image>
  <image id="290" name="rc19-experiment/INDOOR/PLAY3_TILL_FALL_bottom/103239.png" width="640" height="480">
    <box label="ball" occluded="0" source="auto" xtl="290.45" ytl="272.37" xbr="450.31" ybr="432.35" z_order="0">
      <attribute name="smudge">false</attribute>
    </box>
  </image>
  <image id="289" name="rc19-experiment/INDOOR/PLAY3_TILL_FALL_bottom/103236.png" width="640" height="480">
    <box label="ball" occluded="0" source="auto" xtl="224.23" ytl="288.27" xbr="397.99" ybr="463.33" z_order="0">
      <attribute name="smudge">false</attribute>
    </box>
  </image>
  <image id="288" name="rc19-experiment/INDOOR/PLAY3_TILL_FALL_bottom/103233.png" width="640" height="480">
    <box label="ball" occluded="0" source="auto" xtl="166.11" ytl="276.34" xbr="329.28" ybr="448.31" z_order="0">
      <attribute name="smudge">false</attribute>
    </box>
  </image>
  <image id="287" name="rc19-experiment/INDOOR/PLAY3_TILL_FALL_bottom/103230.png" width="640" height="480">
    <box label="ball" occluded="0" source="auto" xtl="165.13" ytl="255.65" xbr="322.67" ybr="426.07" z_order="0">
      <attribute name="smudge">false</attribute>
    </box>
  </image>
  <image id="286" name="rc19-experiment/INDOOR/PLAY3_TILL_FALL_bottom/103227.png" width="640" height="480">
    <box label="ball" occluded="0" source="auto" xtl="249.20" ytl="176.52" xbr="408.27" ybr="338.49" z_order="0">
      <attribute name="smudge">false</attribute>
    </box>
  </image>
  <image id="285" name="rc19-experiment/INDOOR/PLAY3_TILL_FALL_bottom/103223.png" width="640" height="480">
    <box label="ball" occluded="0" source="auto" xtl="255.80" ytl="219.65" xbr="406.78" ybr="364.36" z_order="0">
      <attribute name="smudge">false</attribute>
    </box>
  </image>
  <image id="284" name="rc19-experiment/INDOOR/PLAY3_TILL_FALL_bottom/103220.png" width="640" height="480">
    <box label="ball" occluded="0" source="auto" xtl="216.41" ytl="212.40" xbr="362.50" ybr="361.51" z_order="0">
      <attribute name="smudge">false</attribute>
    </box>
  </image>
  <image id="283" name="rc19-experiment/INDOOR/PLAY3_TILL_FALL_bottom/103217.png" width="640" height="480">
    <box label="ball" occluded="0" source="auto" xtl="227.15" ytl="164.10" xbr="366.04" ybr="317.11" z_order="0">
      <attribute name="smudge">false</attribute>
    </box>
  </image>
  <image id="282" name="rc19-experiment/INDOOR/PLAY3_TILL_FALL_bottom/103214.png" width="640" height="480">
    <box label="ball" occluded="0" source="auto" xtl="246.84" ytl="166.68" xbr="380.22" ybr="312.86" z_order="0">
      <attribute name="smudge">false</attribute>
    </box>
  </image>
  <image id="281" name="rc19-experiment/INDOOR/PLAY3_TILL_FALL_bottom/103211.png" width="640" height="480">
    <box label="ball" occluded="0" source="auto" xtl="289.37" ytl="33.82" xbr="422.93" ybr="168.81" z_order="0">
      <attribute name="smudge">false</attribute>
    </box>
  </image>
  <image id="280" name="rc19-experiment/INDOOR/PLAY3_TILL_FALL_bottom/103208.png" width="640" height="480">
    <box label="ball" occluded="0" source="auto" xtl="304.45" ytl="0.34" xbr="433.78" ybr="119.34" z_order="0">
      <attribute name="smudge">false</attribute>
    </box>
  </image>
  <image id="279" name="rc19-experiment/INDOOR/PLAY3_TILL_FALL_bottom/103204.png" width="640" height="480">
    <box label="ball" occluded="0" source="auto" xtl="256.63" ytl="80.41" xbr="378.93" ybr="195.80" z_order="0">
      <attribute name="smudge">false</attribute>
    </box>
  </image>
  <image id="278" name="rc19-experiment/INDOOR/PLAY3_TILL_FALL_bottom/103201.png" width="640" height="480">
    <box label="ball" occluded="0" source="auto" xtl="229.13" ytl="102.53" xbr="345.43" ybr="214.29" z_order="0">
      <attribute name="smudge">false</attribute>
    </box>
  </image>
  <image id="277" name="rc19-experiment/INDOOR/PLAY3_TILL_FALL_bottom/103198.png" width="640" height="480">
    <box label="ball" occluded="0" source="auto" xtl="232.42" ytl="212.00" xbr="344.69" ybr="319.59" z_order="0">
      <attribute name="smudge">false</attribute>
    </box>
  </image>
  <image id="276" name="rc19-experiment/INDOOR/PLAY3_TILL_FALL_bottom/103195.png" width="640" height="480">
    <box label="ball" occluded="0" source="auto" xtl="290.12" ytl="186.76" xbr="400.04" ybr="299.09" z_order="0">
      <attribute name="smudge">false</attribute>
    </box>
  </image>
  <image id="275" name="rc19-experiment/INDOOR/PLAY3_TILL_FALL_bottom/103192.png" width="640" height="480">
    <box label="ball" occluded="0" source="auto" xtl="275.83" ytl="215.43" xbr="382.85" ybr="319.03" z_order="0">
      <attribute name="smudge">false</attribute>
    </box>
  </image>
  <image id="274" name="rc19-experiment/INDOOR/PLAY3_TILL_FALL_bottom/103189.png" width="640" height="480">
    <box label="ball" occluded="0" source="auto" xtl="246.00" ytl="144.53" xbr="349.76" ybr="249.77" z_order="0">
      <attribute name="smudge">false</attribute>
    </box>
  </image>
  <image id="273" name="rc19-experiment/INDOOR/PLAY3_TILL_FALL_bottom/103185.png" width="640" height="480">
    <box label="ball" occluded="0" source="auto" xtl="256.81" ytl="161.96" xbr="354.28" ybr="256.60" z_order="0">
      <attribute name="smudge">false</attribute>
    </box>
  </image>
  <image id="272" name="rc19-experiment/INDOOR/PLAY3_TILL_FALL_bottom/103181.png" width="640" height="480">
    <box label="ball" occluded="0" source="auto" xtl="224.52" ytl="179.40" xbr="317.69" ybr="284.99" z_order="0">
      <attribute name="smudge">false</attribute>
    </box>
  </image>
  <image id="271" name="rc19-experiment/INDOOR/PLAY3_TILL_FALL_bottom/103178.png" width="640" height="480">
    <box label="ball" occluded="0" source="auto" xtl="242.23" ytl="139.72" xbr="333.73" ybr="232.71" z_order="0">
      <attribute name="smudge">false</attribute>
    </box>
  </image>
  <image id="270" name="rc19-experiment/INDOOR/PLAY3_TILL_FALL_bottom/103175.png" width="640" height="480">
    <box label="ball" occluded="0" source="auto" xtl="270.35" ytl="191.70" xbr="360.66" ybr="282.74" z_order="0">
      <attribute name="smudge">false</attribute>
    </box>
  </image>
  <image id="269" name="rc19-experiment/INDOOR/PLAY3_TILL_FALL_bottom/103172.png" width="640" height="480">
    <box label="ball" occluded="0" source="auto" xtl="261.06" ytl="111.89" xbr="352.04" ybr="206.22" z_order="0">
      <attribute name="smudge">false</attribute>
    </box>
  </image>
  <image id="268" name="rc19-experiment/INDOOR/PLAY3_TILL_FALL_bottom/103169.png" width="640" height="480">
    <box label="ball" occluded="0" source="auto" xtl="254.96" ytl="150.01" xbr="343.61" ybr="239.51" z_order="0">
      <attribute name="smudge">false</attribute>
    </box>
  </image>
  <image id="267" name="rc19-experiment/INDOOR/PLAY3_TILL_FALL_bottom/103166.png" width="640" height="480">
    <box label="ball" occluded="0" source="auto" xtl="276.69" ytl="157.79" xbr="366.03" ybr="259.72" z_order="0">
      <attribute name="smudge">false</attribute>
    </box>
  </image>
  <image id="266" name="rc19-experiment/INDOOR/PLAY3_TILL_FALL_bottom/103163.png" width="640" height="480">
    <box label="ball" occluded="0" source="auto" xtl="254.79" ytl="78.69" xbr="344.11" ybr="166.43" z_order="0">
      <attribute name="smudge">false</attribute>
    </box>
  </image>
  <image id="265" name="rc19-experiment/INDOOR/PLAY3_TILL_FALL_bottom/103159.png" width="640" height="480">
    <box label="ball" occluded="0" source="auto" xtl="305.03" ytl="164.44" xbr="391.53" ybr="260.33" z_order="0">
      <attribute name="smudge">false</attribute>
    </box>
  </image>
  <image id="264" name="rc19-experiment/INDOOR/PLAY3_TILL_FALL_bottom/103156.png" width="640" height="480">
    <box label="ball" occluded="0" source="auto" xtl="272.62" ytl="99.13" xbr="359.55" ybr="188.70" z_order="0">
      <attribute name="smudge">false</attribute>
    </box>
  </image>
  <image id="263" name="rc19-experiment/INDOOR/PLAY3_TILL_FALL_bottom/103152.png" width="640" height="480">
    <box label="ball" occluded="0" source="auto" xtl="332.90" ytl="90.87" xbr="426.43" ybr="174.73" z_order="0">
      <attribute name="smudge">false</attribute>
    </box>
  </image>
  <image id="262" name="rc19-experiment/INDOOR/PLAY3_TILL_FALL_bottom/103149.png" width="640" height="480">
    <box label="ball" occluded="0" source="auto" xtl="387.65" ytl="104.75" xbr="472.05" ybr="202.83" z_order="0">
      <attribute name="smudge">false</attribute>
    </box>
  </image>
  <image id="261" name="rc19-experiment/INDOOR/PLAY3_TILL_FALL_bottom/103145.png" width="640" height="480">
    <box label="ball" occluded="0" source="auto" xtl="292.46" ytl="32.81" xbr="378.26" ybr="118.57" z_order="0">
      <attribute name="smudge">false</attribute>
    </box>
  </image>
  <image id="260" name="rc19-experiment/INDOOR/PLAY3_TILL_FALL_bottom/103142.png" width="640" height="480">
    <box label="ball" occluded="0" source="auto" xtl="289.44" ytl="131.61" xbr="364.21" ybr="211.52" z_order="0">
      <attribute name="smudge">false</attribute>
    </box>
  </image>
  <image id="259" name="rc19-experiment/INDOOR/PLAY3_TILL_FALL_bottom/103139.png" width="640" height="480">
    <box label="ball" occluded="0" source="auto" xtl="242.41" ytl="28.59" xbr="318.32" ybr="109.18" z_order="0">
      <attribute name="smudge">false</attribute>
    </box>
  </image>
  <image id="258" name="rc19-experiment/INDOOR/PLAY3_TILL_FALL_bottom/103135.png" width="640" height="480">
    <box label="ball" occluded="0" source="auto" xtl="283.45" ytl="62.68" xbr="358.88" ybr="137.55" z_order="0">
      <attribute name="smudge">false</attribute>
    </box>
  </image>
  <image id="257" name="rc19-experiment/INDOOR/PLAY3_TILL_FALL_bottom/103132.png" width="640" height="480">
    <box label="ball" occluded="0" source="auto" xtl="304.26" ytl="32.55" xbr="378.62" ybr="110.11" z_order="0">
      <attribute name="smudge">false</attribute>
    </box>
  </image>
  <image id="256" name="rc19-experiment/INDOOR/PLAY3_TILL_FALL_bottom/103128.png" width="640" height="480">
    <box label="ball" occluded="0" source="auto" xtl="288.80" ytl="42.34" xbr="357.26" ybr="110.42" z_order="0">
      <attribute name="smudge">false</attribute>
    </box>
  </image>
  <image id="255" name="rc19-experiment/INDOOR/PLAY3_TILL_FALL_bottom/103125.png" width="640" height="480">
    <box label="ball" occluded="0" source="auto" xtl="273.54" ytl="0.27" xbr="344.27" ybr="70.59" z_order="0">
      <attribute name="smudge">false</attribute>
    </box>
  </image>
  <image id="254" name="rc19-experiment/INDOOR/PLAY3_TILL_FALL_bottom/103121.png" width="640" height="480">
    <box label="ball" occluded="0" source="auto" xtl="337.64" ytl="0.00" xbr="407.12" ybr="38.47" z_order="0">
      <attribute name="smudge">false</attribute>
    </box>
  </image>
  <image id="253" name="rc19-experiment/INDOOR/PLAY3_TILL_FALL_bottom/103118.png" width="640" height="480">
    <box label="ball" occluded="0" source="auto" xtl="333.87" ytl="108.10" xbr="396.14" ybr="164.67" z_order="0">
      <attribute name="smudge">false</attribute>
    </box>
  </image>
  <image id="252" name="rc19-experiment/INDOOR/PLAY3_TILL_FALL_bottom/103114.png" width="640" height="480">
    <box label="ball" occluded="0" source="auto" xtl="281.50" ytl="0.43" xbr="342.49" ybr="29.43" z_order="0">
      <attribute name="smudge">false</attribute>
    </box>
  </image>
  <image id="251" name="rc19-experiment/INDOOR/PLAY3_TILL_FALL_bottom/103111.png" width="640" height="480">
    <box label="ball" occluded="0" source="auto" xtl="296.50" ytl="34.84" xbr="356.29" ybr="93.40" z_order="0">
      <attribute name="smudge">false</attribute>
    </box>
  </image>
  <image id="250" name="rc19-experiment/INDOOR/PLAY3_TILL_FALL_bottom/103107.png" width="640" height="480">
  </image>
  <image id="249" name="rc19-experiment/INDOOR/PLAY3_TILL_FALL_bottom/103104.png" width="640" height="480">
    <box label="ball" occluded="0" source="auto" xtl="320.19" ytl="21.09" xbr="375.07" ybr="76.91" z_order="0">
      <attribute name="smudge">false</attribute>
    </box>
  </image>
  <image id="248" name="rc19-experiment/INDOOR/PLAY3_TILL_FALL_bottom/103101.png" width="640" height="480">
    <box label="ball" occluded="0" source="auto" xtl="324.99" ytl="0.03" xbr="381.99" ybr="49.47" z_order="0">
      <attribute name="smudge">false</attribute>
    </box>
  </image>
  <image id="247" name="rc19-experiment/INDOOR/PLAY3_TILL_FALL_bottom/103097.png" width="640" height="480">
    <box label="ball" occluded="0" source="auto" xtl="291.37" ytl="0.02" xbr="341.52" ybr="21.33" z_order="0">
      <attribute name="smudge">false</attribute>
    </box>
  </image>
  <image id="246" name="rc19-experiment/INDOOR/PLAY3_TILL_FALL_bottom/103094.png" width="640" height="480">
    <box label="ball" occluded="0" source="auto" xtl="299.47" ytl="26.49" xbr="350.50" ybr="87.07" z_order="0">
      <attribute name="smudge">false</attribute>
    </box>
  </image>
  <image id="245" name="rc19-experiment/INDOOR/PLAY3_TILL_FALL_bottom/103091.png" width="640" height="480">
  </image>
  <image id="244" name="rc19-experiment/INDOOR/PLAY3_TILL_FALL_bottom/103087.png" width="640" height="480">
    <box label="ball" occluded="0" source="auto" xtl="313.14" ytl="0.38" xbr="365.42" ybr="46.60" z_order="0">
      <attribute name="smudge">false</attribute>
    </box>
  </image>
  <image id="243" name="rc19-experiment/INDOOR/PLAY3_TILL_FALL_bottom/103084.png" width="640" height="480">
  </image>
  <image id="242" name="rc19-experiment/INDOOR/PLAY3_TILL_FALL_bottom/103080.png" width="640" height="480">
    <box label="ball" occluded="0" source="auto" xtl="307.15" ytl="0.45" xbr="350.48" ybr="21.53" z_order="0">
      <attribute name="smudge">false</attribute>
    </box>
  </image>
  <image id="241" name="rc19-experiment/INDOOR/PLAY3_TILL_FALL_bottom/103077.png" width="640" height="480">
  </image>
  <image id="240" name="rc19-experiment/INDOOR/PLAY3_TILL_FALL_bottom/103073.png" width="640" height="480">
  </image>
  <image id="239" name="rc19-experiment/INDOOR/PLAY3_TILL_FALL_bottom/103070.png" width="640" height="480">
    <box label="ball" occluded="0" source="auto" xtl="368.77" ytl="8.86" xbr="415.62" ybr="62.35" z_order="0">
      <attribute name="smudge">false</attribute>
    </box>
  </image>
  <image id="238" name="rc19-experiment/INDOOR/PLAY3_TILL_FALL_bottom/103067.png" width="640" height="480">
  </image>
  <image id="237" name="rc19-experiment/INDOOR/PLAY3_TILL_FALL_bottom/103063.png" width="640" height="480">
  </image>
  <image id="236" name="rc19-experiment/INDOOR/PLAY3_TILL_FALL_bottom/103060.png" width="640" height="480">
  </image>
  <image id="235" name="rc19-experiment/INDOOR/PLAY3_TILL_FALL_bottom/103057.png" width="640" height="480">
  </image>
  <image id="234" name="rc19-experiment/INDOOR/PLAY3_TILL_FALL_bottom/103054.png" width="640" height="480">
  </image>
  <image id="233" name="rc19-experiment/INDOOR/PLAY3_TILL_FALL_bottom/103050.png" width="640" height="480">
  </image>
  <image id="232" name="rc19-experiment/INDOOR/PLAY3_TILL_FALL_bottom/103046.png" width="640" height="480">
  </image>
  <image id="231" name="rc19-experiment/INDOOR/PLAY3_TILL_FALL_bottom/103042.png" width="640" height="480">
  </image>
  <image id="230" name="rc19-experiment/INDOOR/PLAY3_TILL_FALL_bottom/103039.png" width="640" height="480">
    <box label="ball" occluded="0" source="auto" xtl="322.19" ytl="0.36" xbr="363.95" ybr="22.77" z_order="0">
      <attribute name="smudge">false</attribute>
    </box>
  </image>
  <image id="229" name="rc19-experiment/INDOOR/PLAY3_TILL_FALL_bottom/103036.png" width="640" height="480">
  </image>
  <image id="228" name="rc19-experiment/INDOOR/PLAY3_TILL_FALL_bottom/103032.png" width="640" height="480">
  </image>
  <image id="227" name="rc19-experiment/INDOOR/PLAY3_TILL_FALL_bottom/103029.png" width="640" height="480">
  </image>
  <image id="226" name="rc19-experiment/INDOOR/PLAY3_TILL_FALL_bottom/103025.png" width="640" height="480">
  </image>
  <image id="225" name="rc19-experiment/INDOOR/PLAY3_TILL_FALL_bottom/103022.png" width="640" height="480">
  </image>
  <image id="224" name="rc19-experiment/INDOOR/PLAY3_TILL_FALL_bottom/103019.png" width="640" height="480">
    <box label="ball" occluded="0" source="auto" xtl="286.79" ytl="1.87" xbr="331.04" ybr="47.69" z_order="0">
      <attribute name="smudge">false</attribute>
    </box>
  </image>
  <image id="223" name="rc19-experiment/INDOOR/PLAY3_TILL_FALL_bottom/103015.png" width="640" height="480">
  </image>
  <image id="222" name="rc19-experiment/INDOOR/PLAY3_TILL_FALL_bottom/103011.png" width="640" height="480">
  </image>
  <image id="221" name="rc19-experiment/INDOOR/PLAY3_TILL_FALL_bottom/103008.png" width="640" height="480">
  </image>
  <image id="220" name="rc19-experiment/INDOOR/PLAY3_TILL_FALL_bottom/103005.png" width="640" height="480">
  </image>
  <image id="219" name="rc19-experiment/INDOOR/PLAY3_TILL_FALL_bottom/103001.png" width="640" height="480">
  </image>
  <image id="218" name="rc19-experiment/INDOOR/PLAY3_TILL_FALL_bottom/102998.png" width="640" height="480">
  </image>
  <image id="217" name="rc19-experiment/INDOOR/PLAY3_TILL_FALL_bottom/102995.png" width="640" height="480">
  </image>
  <image id="216" name="rc19-experiment/INDOOR/PLAY3_TILL_FALL_bottom/102991.png" width="640" height="480">
  </image>
  <image id="215" name="rc19-experiment/INDOOR/PLAY3_TILL_FALL_bottom/102988.png" width="640" height="480">
  </image>
  <image id="214" name="rc19-experiment/INDOOR/PLAY3_TILL_FALL_bottom/102985.png" width="640" height="480">
    <box label="ball" occluded="0" source="auto" xtl="17.78" ytl="40.00" xbr="62.18" ybr="82.78" z_order="0">
      <attribute name="smudge">false</attribute>
    </box>
  </image>
  <image id="213" name="rc19-experiment/INDOOR/PLAY3_TILL_FALL_bottom/102982.png" width="640" height="480">
  </image>
  <image id="212" name="rc19-experiment/INDOOR/PLAY3_TILL_FALL_bottom/102979.png" width="640" height="480">
  </image>
  <image id="211" name="rc19-experiment/INDOOR/PLAY3_TILL_FALL_bottom/102976.png" width="640" height="480">
  </image>
  <image id="210" name="rc19-experiment/INDOOR/PLAY3_TILL_FALL_bottom/102973.png" width="640" height="480">
  </image>
  <image id="209" name="rc19-experiment/INDOOR/PLAY3_TILL_FALL_bottom/102970.png" width="640" height="480">
  </image>
  <image id="208" name="rc19-experiment/INDOOR/PLAY3_TILL_FALL_bottom/102966.png" width="640" height="480">
  </image>
  <image id="207" name="rc19-experiment/INDOOR/PLAY3_TILL_FALL_bottom/102963.png" width="640" height="480">
  </image>
  <image id="206" name="rc19-experiment/INDOOR/PLAY3_TILL_FALL_bottom/102959.png" width="640" height="480">
  </image>
  <image id="205" name="rc19-experiment/INDOOR/PLAY3_TILL_FALL_bottom/102956.png" width="640" height="480">
  </image>
  <image id="204" name="rc19-experiment/INDOOR/PLAY3_TILL_FALL_bottom/102953.png" width="640" height="480">
  </image>
  <image id="203" name="rc19-experiment/INDOOR/PLAY3_TILL_FALL_bottom/102949.png" width="640" height="480">
  </image>
  <image id="202" name="rc19-experiment/INDOOR/PLAY3_TILL_FALL_bottom/102946.png" width="640" height="480">
  </image>
  <image id="201" name="rc19-experiment/INDOOR/PLAY3_TILL_FALL_bottom/102943.png" width="640" height="480">
  </image>
  <image id="200" name="rc19-experiment/INDOOR/PLAY3_TILL_FALL_bottom/102940.png" width="640" height="480">
  </image>
  <image id="199" name="rc19-experiment/INDOOR/PLAY3_TILL_FALL_bottom/102937.png" width="640" height="480">
  </image>
  <image id="198" name="rc19-experiment/INDOOR/PLAY3_TILL_FALL_bottom/102934.png" width="640" height="480">
  </image>
  <image id="197" name="rc19-experiment/INDOOR/PLAY3_TILL_FALL_bottom/102931.png" width="640" height="480">
  </image>
  <image id="196" name="rc19-experiment/INDOOR/PLAY3_TILL_FALL_bottom/102927.png" width="640" height="480">
  </image>
  <image id="195" name="rc19-experiment/INDOOR/PLAY3_TILL_FALL_bottom/102924.png" width="640" height="480">
  </image>
  <image id="194" name="rc19-experiment/INDOOR/PLAY3_TILL_FALL_bottom/102921.png" width="640" height="480">
  </image>
  <image id="193" name="rc19-experiment/INDOOR/PLAY3_TILL_FALL_bottom/102918.png" width="640" height="480">
  </image>
  <image id="192" name="rc19-experiment/INDOOR/PLAY3_TILL_FALL_bottom/102914.png" width="640" height="480">
  </image>
  <image id="191" name="rc19-experiment/INDOOR/PLAY3_TILL_FALL_bottom/102911.png" width="640" height="480">
  </image>
  <image id="190" name="rc19-experiment/INDOOR/PLAY3_TILL_FALL_bottom/102908.png" width="640" height="480">
  </image>
  <image id="189" name="rc19-experiment/INDOOR/PLAY3_TILL_FALL_bottom/102905.png" width="640" height="480">
  </image>
  <image id="188" name="rc19-experiment/INDOOR/PLAY3_TILL_FALL_bottom/102902.png" width="640" height="480">
    <box label="ball" occluded="0" source="auto" xtl="443.14" ytl="0.96" xbr="482.56" ybr="25.55" z_order="0">
      <attribute name="smudge">false</attribute>
    </box>
  </image>
  <image id="187" name="rc19-experiment/INDOOR/PLAY3_TILL_FALL_bottom/102899.png" width="640" height="480">
  </image>
  <image id="186" name="rc19-experiment/INDOOR/PLAY3_TILL_FALL_bottom/102895.png" width="640" height="480">
  </image>
  <image id="185" name="rc19-experiment/INDOOR/PLAY3_TILL_FALL_bottom/102891.png" width="640" height="480">
  </image>
  <image id="184" name="rc19-experiment/INDOOR/PLAY3_TILL_FALL_bottom/102888.png" width="640" height="480">
  </image>
  <image id="183" name="rc19-experiment/INDOOR/PLAY3_TILL_FALL_bottom/102885.png" width="640" height="480">
  </image>
  <image id="182" name="rc19-experiment/INDOOR/PLAY3_TILL_FALL_bottom/102881.png" width="640" height="480">
  </image>
  <image id="181" name="rc19-experiment/INDOOR/PLAY3_TILL_FALL_bottom/102878.png" width="640" height="480">
  </image>
  <image id="180" name="rc19-experiment/INDOOR/PLAY3_TILL_FALL_bottom/102875.png" width="640" height="480">
    <box label="ball" occluded="0" source="auto" xtl="215.36" ytl="0.39" xbr="249.36" ybr="29.80" z_order="0">
      <attribute name="smudge">false</attribute>
    </box>
  </image>
  <image id="179" name="rc19-experiment/INDOOR/PLAY3_TILL_FALL_bottom/102871.png" width="640" height="480">
  </image>
  <image id="178" name="rc19-experiment/INDOOR/PLAY3_TILL_FALL_bottom/102868.png" width="640" height="480">
  </image>
  <image id="177" name="rc19-experiment/INDOOR/PLAY3_TILL_FALL_bottom/102864.png" width="640" height="480">
  </image>
  <image id="176" name="rc19-experiment/INDOOR/PLAY3_TILL_FALL_bottom/102861.png" width="640" height="480">
  </image>
  <image id="175" name="rc19-experiment/INDOOR/PLAY3_TILL_FALL_bottom/102857.png" width="640" height="480">
  </image>
  <image id="174" name="rc19-experiment/INDOOR/PLAY3_TILL_FALL_bottom/102854.png" width="640" height="480">
  </image>
  <image id="173" name="rc19-experiment/INDOOR/PLAY3_TILL_FALL_bottom/102851.png" width="640" height="480">
  </image>
  <image id="172" name="rc19-experiment/INDOOR/PLAY3_TILL_FALL_bottom/102847.png" width="640" height="480">
  </image>
  <image id="171" name="rc19-experiment/INDOOR/PLAY3_TILL_FALL_bottom/102844.png" width="640" height="480">
  </image>
  <image id="170" name="rc19-experiment/INDOOR/PLAY3_TILL_FALL_bottom/102841.png" width="640" height="480">
  </image>
  <image id="169" name="rc19-experiment/INDOOR/PLAY3_TILL_FALL_bottom/102837.png" width="640" height="480">
  </image>
  <image id="168" name="rc19-experiment/INDOOR/PLAY3_TILL_FALL_bottom/102833.png" width="640" height="480">
  </image>
  <image id="167" name="rc19-experiment/INDOOR/PLAY3_TILL_FALL_bottom/102830.png" width="640" height="480">
  </image>
  <image id="166" name="rc19-experiment/INDOOR/PLAY3_TILL_FALL_bottom/102827.png" width="640" height="480">
  </image>
  <image id="165" name="rc19-experiment/INDOOR/PLAY3_TILL_FALL_bottom/102823.png" width="640" height="480">
  </image>
  <image id="164" name="rc19-experiment/INDOOR/PLAY3_TILL_FALL_bottom/102820.png" width="640" height="480">
  </image>
  <image id="163" name="rc19-experiment/INDOOR/PLAY3_TILL_FALL_bottom/102817.png" width="640" height="480">
  </image>
  <image id="162" name="rc19-experiment/INDOOR/PLAY3_TILL_FALL_bottom/102813.png" width="640" height="480">
  </image>
  <image id="161" name="rc19-experiment/INDOOR/PLAY3_TILL_FALL_bottom/102810.png" width="640" height="480">
  </image>
  <image id="160" name="rc19-experiment/INDOOR/PLAY3_TILL_FALL_bottom/102806.png" width="640" height="480">
  </image>
  <image id="159" name="rc19-experiment/INDOOR/PLAY3_TILL_FALL_bottom/102803.png" width="640" height="480">
  </image>
  <image id="158" name="rc19-experiment/INDOOR/PLAY3_TILL_FALL_bottom/102799.png" width="640" height="480">
  </image>
  <image id="157" name="rc19-experiment/INDOOR/PLAY3_TILL_FALL_bottom/102796.png" width="640" height="480">
  </image>
  <image id="156" name="rc19-experiment/INDOOR/PLAY3_TILL_FALL_bottom/102793.png" width="640" height="480">
  </image>
  <image id="155" name="rc19-experiment/INDOOR/PLAY3_TILL_FALL_bottom/102789.png" width="640" height="480">
  </image>
  <image id="154" name="rc19-experiment/INDOOR/PLAY3_TILL_FALL_bottom/102786.png" width="640" height="480">
  </image>
  <image id="153" name="rc19-experiment/INDOOR/PLAY3_TILL_FALL_bottom/102782.png" width="640" height="480">
  </image>
  <image id="152" name="rc19-experiment/INDOOR/PLAY3_TILL_FALL_bottom/102779.png" width="640" height="480">
  </image>
  <image id="151" name="rc19-experiment/INDOOR/PLAY3_TILL_FALL_bottom/102776.png" width="640" height="480">
  </image>
  <image id="150" name="rc19-experiment/INDOOR/PLAY3_TILL_FALL_bottom/102773.png" width="640" height="480">
  </image>
  <image id="149" name="rc19-experiment/INDOOR/PLAY3_TILL_FALL_bottom/102769.png" width="640" height="480">
  </image>
  <image id="148" name="rc19-experiment/INDOOR/PLAY3_TILL_FALL_bottom/102765.png" width="640" height="480">
  </image>
  <image id="147" name="rc19-experiment/INDOOR/PLAY3_TILL_FALL_bottom/102762.png" width="640" height="480">
  </image>
  <image id="146" name="rc19-experiment/INDOOR/PLAY3_TILL_FALL_bottom/102758.png" width="640" height="480">
  </image>
  <image id="145" name="rc19-experiment/INDOOR/PLAY3_TILL_FALL_bottom/102754.png" width="640" height="480">
  </image>
  <image id="144" name="rc19-experiment/INDOOR/PLAY3_TILL_FALL_bottom/102751.png" width="640" height="480">
  </image>
  <image id="143" name="rc19-experiment/INDOOR/PLAY3_TILL_FALL_bottom/102748.png" width="640" height="480">
  </image>
  <image id="142" name="rc19-experiment/INDOOR/PLAY3_TILL_FALL_bottom/102745.png" width="640" height="480">
  </image>
  <image id="141" name="rc19-experiment/INDOOR/PLAY3_TILL_FALL_bottom/102742.png" width="640" height="480">
  </image>
  <image id="140" name="rc19-experiment/INDOOR/PLAY3_TILL_FALL_bottom/102738.png" width="640" height="480">
  </image>
  <image id="139" name="rc19-experiment/INDOOR/PLAY3_TILL_FALL_bottom/102735.png" width="640" height="480">
    <box label="ball" occluded="0" source="auto" xtl="81.29" ytl="88.37" xbr="250.10" ybr="229.97" z_order="0">
      <attribute name="smudge">false</attribute>
    </box>
  </image>
  <image id="138" name="rc19-experiment/INDOOR/PLAY3_TILL_FALL_bottom/102732.png" width="640" height="480">
    <box label="ball" occluded="0" source="auto" xtl="220.47" ytl="221.62" xbr="355.77" ybr="349.32" z_order="0">
      <attribute name="smudge">false</attribute>
    </box>
  </image>
  <image id="137" name="rc19-experiment/INDOOR/PLAY3_TILL_FALL_bottom/102728.png" width="640" height="480">
    <box label="ball" occluded="0" source="auto" xtl="249.79" ytl="131.16" xbr="382.22" ybr="258.86" z_order="0">
      <attribute name="smudge">false</attribute>
    </box>
  </image>
  <image id="136" name="rc19-experiment/INDOOR/PLAY3_TILL_FALL_bottom/102725.png" width="640" height="480">
    <box label="ball" occluded="0" source="auto" xtl="268.79" ytl="25.50" xbr="401.38" ybr="148.21" z_order="0">
      <attribute name="smudge">false</attribute>
    </box>
  </image>
  <image id="135" name="rc19-experiment/INDOOR/PLAY3_TILL_FALL_bottom/102721.png" width="640" height="480">
    <box label="ball" occluded="0" source="auto" xtl="227.19" ytl="0.66" xbr="358.69" ybr="105.83" z_order="0">
      <attribute name="smudge">false</attribute>
    </box>
  </image>
  <image id="134" name="rc19-experiment/INDOOR/PLAY3_TILL_FALL_bottom/102718.png" width="640" height="480">
    <box label="ball" occluded="0" source="auto" xtl="189.52" ytl="0.91" xbr="315.40" ybr="71.73" z_order="0">
      <attribute name="smudge">false</attribute>
    </box>
  </image>
  <image id="133" name="rc19-experiment/INDOOR/PLAY3_TILL_FALL_bottom/102715.png" width="640" height="480">
    <box label="ball" occluded="0" source="auto" xtl="244.61" ytl="35.86" xbr="359.06" ybr="144.18" z_order="0">
      <attribute name="smudge">false</attribute>
    </box>
  </image>
  <image id="132" name="rc19-experiment/INDOOR/PLAY3_TILL_FALL_bottom/102711.png" width="640" height="480">
    <box label="ball" occluded="0" source="auto" xtl="318.07" ytl="88.45" xbr="431.21" ybr="199.77" z_order="0">
      <attribute name="smudge">false</attribute>
    </box>
  </image>
  <image id="131" name="rc19-experiment/INDOOR/PLAY3_TILL_FALL_bottom/102707.png" width="640" height="480">
    <box label="ball" occluded="0" source="auto" xtl="295.26" ytl="132.44" xbr="400.90" ybr="236.89" z_order="0">
      <attribute name="smudge">false</attribute>
    </box>
  </image>
  <image id="130" name="rc19-experiment/INDOOR/PLAY3_TILL_FALL_bottom/102704.png" width="640" height="480">
    <box label="ball" occluded="0" source="auto" xtl="279.67" ytl="79.06" xbr="383.24" ybr="184.14" z_order="0">
      <attribute name="smudge">false</attribute>
    </box>
  </image>
  <image id="129" name="rc19-experiment/INDOOR/PLAY3_TILL_FALL_bottom/102701.png" width="640" height="480">
    <box label="ball" occluded="0" source="auto" xtl="310.34" ytl="62.89" xbr="411.15" ybr="158.88" z_order="0">
      <attribute name="smudge">false</attribute>
    </box>
  </image>
  <image id="128" name="rc19-experiment/INDOOR/PLAY3_TILL_FALL_bottom/102698.png" width="640" height="480">
    <box label="ball" occluded="0" source="auto" xtl="314.88" ytl="82.30" xbr="410.18" ybr="187.74" z_order="0">
      <attribute name="smudge">false</attribute>
    </box>
  </image>
  <image id="127" name="rc19-experiment/INDOOR/PLAY3_TILL_FALL_bottom/102694.png" width="640" height="480">
    <box label="ball" occluded="0" source="auto" xtl="311.03" ytl="43.70" xbr="403.29" ybr="139.95" z_order="0">
      <attribute name="smudge">false</attribute>
    </box>
  </image>
  <image id="126" name="rc19-experiment/INDOOR/PLAY3_TILL_FALL_bottom/102691.png" width="640" height="480">
    <box label="ball" occluded="0" source="auto" xtl="298.78" ytl="188.51" xbr="381.95" ybr="269.80" z_order="0">
      <attribute name="smudge">false</attribute>
    </box>
  </image>
  <image id="125" name="rc19-experiment/INDOOR/PLAY3_TILL_FALL_bottom/102687.png" width="640" height="480">
    <box label="ball" occluded="0" source="auto" xtl="191.70" ytl="106.31" xbr="274.23" ybr="190.16" z_order="0">
      <attribute name="smudge">false</attribute>
    </box>
  </image>
  <image id="124" name="rc19-experiment/INDOOR/PLAY3_TILL_FALL_bottom/102684.png" width="640" height="480">
    <box label="ball" occluded="0" source="auto" xtl="204.20" ytl="119.69" xbr="285.36" ybr="205.91" z_order="0">
      <attribute name="smudge">false</attribute>
    </box>
  </image>
  <image id="123" name="rc19-experiment/INDOOR/PLAY3_TILL_FALL_bottom/102680.png" width="640" height="480">
    <box label="ball" occluded="0" source="auto" xtl="347.27" ytl="4.72" xbr="435.09" ybr="97.71" z_order="0">
      <attribute name="smudge">false</attribute>
    </box>
  </image>
  <image id="122" name="rc19-experiment/INDOOR/PLAY3_TILL_FALL_bottom/102677.png" width="640" height="480">
    <box label="ball" occluded="0" source="auto" xtl="399.56" ytl="1.32" xbr="480.67" ybr="82.06" z_order="0">
      <attribute name="smudge">false</attribute>
    </box>
  </image>
  <image id="121" name="rc19-experiment/INDOOR/PLAY3_TILL_FALL_bottom/102673.png" width="640" height="480">
    <box label="ball" occluded="0" source="auto" xtl="499.90" ytl="0.36" xbr="582.39" ybr="33.14" z_order="0">
      <attribute name="smudge">false</attribute>
    </box>
  </image>
  <image id="120" name="rc19-experiment/INDOOR/PLAY3_TILL_FALL_bottom/102670.png" width="640" height="480">
  </image>
  <image id="119" name="rc19-experiment/INDOOR/PLAY3_TILL_FALL_bottom/102667.png" width="640" height="480">
  </image>
  <image id="118" name="rc19-experiment/INDOOR/PLAY3_TILL_FALL_bottom/102664.png" width="640" height="480">
  </image>
  <image id="117" name="rc19-experiment/INDOOR/PLAY3_TILL_FALL_bottom/102660.png" width="640" height="480">
  </image>
  <image id="116" name="rc19-experiment/INDOOR/PLAY3_TILL_FALL_bottom/102656.png" width="640" height="480">
  </image>
  <image id="115" name="rc19-experiment/INDOOR/PLAY3_TILL_FALL_bottom/102653.png" width="640" height="480">
  </image>
  <image id="114" name="rc19-experiment/INDOOR/PLAY3_TILL_FALL_bottom/102650.png" width="640" height="480">
  </image>
  <image id="113" name="rc19-experiment/INDOOR/PLAY3_TILL_FALL_bottom/102646.png" width="640" height="480">
  </image>
  <image id="112" name="rc19-experiment/INDOOR/PLAY3_TILL_FALL_bottom/102643.png" width="640" height="480">
  </image>
  <image id="111" name="rc19-experiment/INDOOR/PLAY3_TILL_FALL_bottom/102639.png" width="640" height="480">
  </image>
  <image id="110" name="rc19-experiment/INDOOR/PLAY3_TILL_FALL_bottom/102636.png" width="640" height="480">
    <box label="ball" occluded="0" source="auto" xtl="415.22" ytl="0.04" xbr="482.72" ybr="47.87" z_order="0">
      <attribute name="smudge">false</attribute>
    </box>
  </image>
  <image id="109" name="rc19-experiment/INDOOR/PLAY3_TILL_FALL_bottom/102632.png" width="640" height="480">
    <box label="ball" occluded="0" source="auto" xtl="380.05" ytl="0.57" xbr="436.11" ybr="24.76" z_order="0">
      <attribute name="smudge">false</attribute>
    </box>
  </image>
  <image id="108" name="rc19-experiment/INDOOR/PLAY3_TILL_FALL_bottom/102629.png" width="640" height="480">
  </image>
  <image id="107" name="rc19-experiment/INDOOR/PLAY3_TILL_FALL_bottom/102626.png" width="640" height="480">
    <box label="ball" occluded="0" source="auto" xtl="260.81" ytl="14.30" xbr="319.54" ybr="75.03" z_order="0">
      <attribute name="smudge">false</attribute>
    </box>
  </image>
  <image id="106" name="rc19-experiment/INDOOR/PLAY3_TILL_FALL_bottom/102623.png" width="640" height="480">
    <box label="ball" occluded="0" source="auto" xtl="261.39" ytl="0.15" xbr="322.25" ybr="35.42" z_order="0">
      <attribute name="smudge">false</attribute>
    </box>
  </image>
  <image id="105" name="rc19-experiment/INDOOR/PLAY3_TILL_FALL_bottom/102619.png" width="640" height="480">
    <box label="ball" occluded="0" source="auto" xtl="250.51" ytl="58.42" xbr="308.14" ybr="115.07" z_order="0">
      <attribute name="smudge">false</attribute>
    </box>
  </image>
  <image id="104" name="rc19-experiment/INDOOR/PLAY3_TILL_FALL_bottom/102616.png" width="640" height="480">
    <box label="ball" occluded="0" source="auto" xtl="250.33" ytl="31.41" xbr="309.94" ybr="92.59" z_order="0">
      <attribute name="smudge">false</attribute>
    </box>
  </image>
  <image id="103" name="rc19-experiment/INDOOR/PLAY3_TILL_FALL_bottom/102613.png" width="640" height="480">
    <box label="ball" occluded="0" source="auto" xtl="304.79" ytl="2.43" xbr="364.03" ybr="62.91" z_order="0">
      <attribute name="smudge">false</attribute>
    </box>
  </image>
  <image id="102" name="rc19-experiment/INDOOR/PLAY3_TILL_FALL_bottom/102609.png" width="640" height="480">
    <box label="ball" occluded="0" source="auto" xtl="249.91" ytl="0.78" xbr="314.41" ybr="56.77" z_order="0">
      <attribute name="smudge">false</attribute>
    </box>
  </image>
  <image id="101" name="rc19-experiment/INDOOR/PLAY3_TILL_FALL_bottom/102606.png" width="640" height="480">
    <box label="ball" occluded="0" source="auto" xtl="231.58" ytl="0.17" xbr="295.58" ybr="46.97" z_order="0">
      <attribute name="smudge">false</attribute>
    </box>
  </image>
  <image id="100" name="rc19-experiment/INDOOR/PLAY3_TILL_FALL_bottom/102602.png" width="640" height="480">
    <box label="ball" occluded="0" source="auto" xtl="259.44" ytl="20.44" xbr="321.97" ybr="82.95" z_order="0">
      <attribute name="smudge">false</attribute>
    </box>
  </image>
  <image id="99" name="rc19-experiment/INDOOR/PLAY3_TILL_FALL_bottom/102599.png" width="640" height="480">
    <box label="ball" occluded="0" source="auto" xtl="265.27" ytl="8.39" xbr="328.91" ybr="76.20" z_order="0">
      <attribute name="smudge">false</attribute>
    </box>
  </image>
  <image id="98" name="rc19-experiment/INDOOR/PLAY3_TILL_FALL_bottom/102595.png" width="640" height="480">
    <box label="ball" occluded="0" source="auto" xtl="302.47" ytl="13.73" xbr="368.78" ybr="77.29" z_order="0">
      <attribute name="smudge">false</attribute>
    </box>
  </image>
  <image id="97" name="rc19-experiment/INDOOR/PLAY3_TILL_FALL_bottom/102592.png" width="640" height="480">
    <box label="ball" occluded="0" source="auto" xtl="315.16" ytl="59.91" xbr="379.84" ybr="124.33" z_order="0">
      <attribute name="smudge">false</attribute>
    </box>
  </image>
  <image id="96" name="rc19-experiment/INDOOR/PLAY3_TILL_FALL_bottom/102589.png" width="640" height="480">
    <box label="ball" occluded="0" source="auto" xtl="310.56" ytl="41.35" xbr="379.27" ybr="113.33" z_order="0">
      <attribute name="smudge">false</attribute>
    </box>
  </image>
  <image id="95" name="rc19-experiment/INDOOR/PLAY3_TILL_FALL_bottom/102585.png" width="640" height="480">
    <box label="ball" occluded="0" source="auto" xtl="296.47" ytl="65.40" xbr="366.80" ybr="135.17" z_order="0">
      <attribute name="smudge">false</attribute>
    </box>
  </image>
  <image id="94" name="rc19-experiment/INDOOR/PLAY3_TILL_FALL_bottom/102582.png" width="640" height="480">
    <box label="ball" occluded="0" source="auto" xtl="304.91" ytl="110.89" xbr="376.43" ybr="184.53" z_order="0">
      <attribute name="smudge">false</attribute>
    </box>
  </image>
  <image id="93" name="rc19-experiment/INDOOR/PLAY3_TILL_FALL_bottom/102578.png" width="640" height="480">
    <box label="ball" occluded="0" source="auto" xtl="287.68" ytl="109.09" xbr="366.78" ybr="190.74" z_order="0">
      <attribute name="smudge">false</attribute>
    </box>
  </image>
  <image id="92" name="rc19-experiment/INDOOR/PLAY3_TILL_FALL_bottom/102575.png" width="640" height="480">
    <box label="ball" occluded="0" source="auto" xtl="311.13" ytl="57.58" xbr="394.97" ybr="140.65" z_order="0">
      <attribute name="smudge">false</attribute>
    </box>
  </image>
  <image id="91" name="rc19-experiment/INDOOR/PLAY3_TILL_FALL_bottom/102571.png" width="640" height="480">
    <box label="ball" occluded="0" source="auto" xtl="386.76" ytl="89.33" xbr="484.05" ybr="183.88" z_order="0">
      <attribute name="smudge">false</attribute>
    </box>
  </image>
  <image id="90" name="rc19-experiment/INDOOR/PLAY3_TILL_FALL_bottom/102568.png" width="640" height="480">
    <box label="ball" occluded="0" source="auto" xtl="423.07" ytl="107.56" xbr="524.37" ybr="203.95" z_order="0">
      <attribute name="smudge">false</attribute>
    </box>
  </image>
  <image id="89" name="rc19-experiment/INDOOR/PLAY3_TILL_FALL_bottom/102565.png" width="640" height="480">
    <box label="ball" occluded="0" source="auto" xtl="451.68" ytl="140.62" xbr="562.53" ybr="242.61" z_order="0">
      <attribute name="smudge">false</attribute>
    </box>
  </image>
  <image id="88" name="rc19-experiment/INDOOR/PLAY3_TILL_FALL_bottom/102561.png" width="640" height="480">
    <box label="ball" occluded="0" source="auto" xtl="464.32" ytl="188.46" xbr="597.80" ybr="302.70" z_order="0">
      <attribute name="smudge">false</attribute>
    </box>
  </image>
  <image id="87" name="rc19-experiment/INDOOR/PLAY3_TILL_FALL_bottom/102558.png" width="640" height="480">
    <box label="ball" occluded="0" source="manual" xtl="358.95" ytl="190.52" xbr="480.80" ybr="306.80" z_order="0">
      <attribute name="smudge">false</attribute>
    </box>
  </image>
  <image id="86" name="rc19-experiment/INDOOR/PLAY3_TILL_FALL_bottom/102554.png" width="640" height="480">
    <box label="ball" occluded="0" source="manual" xtl="266.78" ytl="212.17" xbr="380.60" ybr="322.89" z_order="0">
      <attribute name="smudge">false</attribute>
    </box>
  </image>
  <image id="85" name="rc19-experiment/INDOOR/PLAY3_TILL_FALL_bottom/102551.png" width="640" height="480">
    <box label="ball" occluded="0" source="manual" xtl="275.44" ytl="161.44" xbr="389.26" ybr="282.06" z_order="0">
      <attribute name="smudge">false</attribute>
    </box>
  </image>
  <image id="84" name="rc19-experiment/INDOOR/PLAY3_TILL_FALL_bottom/102548.png" width="640" height="480">
    <box label="ball" occluded="0" source="auto" xtl="247.76" ytl="133.82" xbr="364.56" ybr="244.97" z_order="0">
      <attribute name="smudge">false</attribute>
    </box>
  </image>
  <image id="83" name="rc19-experiment/INDOOR/PLAY3_TILL_FALL_bottom/102545.png" width="640" height="480">
    <box label="ball" occluded="0" source="auto" xtl="242.46" ytl="244.74" xbr="358.34" ybr="360.77" z_order="0">
      <attribute name="smudge">false</attribute>
    </box>
  </image>
  <image id="82" name="rc19-experiment/INDOOR/PLAY3_TILL_FALL_bottom/102541.png" width="640" height="480">
    <box label="ball" occluded="0" source="auto" xtl="272.90" ytl="183.11" xbr="386.00" ybr="294.77" z_order="0">
      <attribute name="smudge">false</attribute>
    </box>
  </image>
  <image id="81" name="rc19-experiment/INDOOR/PLAY3_TILL_FALL_bottom/102537.png" width="640" height="480">
    <box label="ball" occluded="0" source="auto" xtl="268.87" ytl="177.62" xbr="382.63" ybr="284.15" z_order="0">
      <attribute name="smudge">false</attribute>
    </box>
  </image>
  <image id="80" name="rc19-experiment/INDOOR/PLAY3_TILL_FALL_bottom/102534.png" width="640" height="480">
    <box label="ball" occluded="0" source="auto" xtl="212.95" ytl="195.98" xbr="324.17" ybr="304.04" z_order="0">
      <attribute name="smudge">false</attribute>
    </box>
  </image>
  <image id="79" name="rc19-experiment/INDOOR/PLAY3_TILL_FALL_bottom/102531.png" width="640" height="480">
    <box label="ball" occluded="0" source="auto" xtl="201.59" ytl="176.33" xbr="315.90" ybr="281.61" z_order="0">
      <attribute name="smudge">false</attribute>
    </box>
  </image>
  <image id="78" name="rc19-experiment/INDOOR/PLAY3_TILL_FALL_bottom/102528.png" width="640" height="480">
    <box label="ball" occluded="0" source="auto" xtl="200.58" ytl="226.58" xbr="311.92" ybr="329.21" z_order="0">
      <attribute name="smudge">false</attribute>
    </box>
  </image>
  <image id="77" name="rc19-experiment/INDOOR/PLAY3_TILL_FALL_bottom/102524.png" width="640" height="480">
    <box label="ball" occluded="0" source="auto" xtl="273.69" ytl="171.79" xbr="376.26" ybr="276.29" z_order="0">
      <attribute name="smudge">false</attribute>
    </box>
  </image>
  <image id="76" name="rc19-experiment/INDOOR/PLAY3_TILL_FALL_bottom/102521.png" width="640" height="480">
    <box label="ball" occluded="0" source="auto" xtl="306.62" ytl="206.27" xbr="408.12" ybr="301.63" z_order="0">
      <attribute name="smudge">false</attribute>
    </box>
  </image>
  <image id="75" name="rc19-experiment/INDOOR/PLAY3_TILL_FALL_bottom/102518.png" width="640" height="480">
    <box label="ball" occluded="0" source="auto" xtl="276.21" ytl="196.90" xbr="377.86" ybr="299.09" z_order="0">
      <attribute name="smudge">false</attribute>
    </box>
  </image>
  <image id="74" name="rc19-experiment/INDOOR/PLAY3_TILL_FALL_bottom/102515.png" width="640" height="480">
    <box label="ball" occluded="0" source="auto" xtl="269.85" ytl="124.64" xbr="368.09" ybr="221.24" z_order="0">
      <attribute name="smudge">false</attribute>
    </box>
  </image>
  <image id="73" name="rc19-experiment/INDOOR/PLAY3_TILL_FALL_bottom/102511.png" width="640" height="480">
    <box label="ball" occluded="0" source="auto" xtl="283.01" ytl="222.94" xbr="378.30" ybr="315.70" z_order="0">
      <attribute name="smudge">false</attribute>
    </box>
  </image>
  <image id="72" name="rc19-experiment/INDOOR/PLAY3_TILL_FALL_bottom/102508.png" width="640" height="480">
    <box label="ball" occluded="0" source="auto" xtl="257.12" ytl="194.25" xbr="350.15" ybr="292.17" z_order="0">
      <attribute name="smudge">false</attribute>
    </box>
  </image>
  <image id="71" name="rc19-experiment/INDOOR/PLAY3_TILL_FALL_bottom/102504.png" width="640" height="480">
    <box label="ball" occluded="0" source="auto" xtl="300.41" ytl="121.50" xbr="393.53" ybr="215.45" z_order="0">
      <attribute name="smudge">false</attribute>
    </box>
  </image>
  <image id="70" name="rc19-experiment/INDOOR/PLAY3_TILL_FALL_bottom/102501.png" width="640" height="480">
    <box label="ball" occluded="0" source="auto" xtl="311.16" ytl="187.99" xbr="403.96" ybr="276.66" z_order="0">
      <attribute name="smudge">false</attribute>
    </box>
  </image>
  <image id="69" name="rc19-experiment/INDOOR/PLAY3_TILL_FALL_bottom/102498.png" width="640" height="480">
    <box label="ball" occluded="0" source="auto" xtl="246.08" ytl="157.74" xbr="344.49" ybr="251.61" z_order="0">
      <attribute name="smudge">false</attribute>
    </box>
  </image>
  <image id="68" name="rc19-experiment/INDOOR/PLAY3_TILL_FALL_bottom/102494.png" width="640" height="480">
    <box label="ball" occluded="0" source="auto" xtl="196.71" ytl="176.00" xbr="289.57" ybr="265.09" z_order="0">
      <attribute name="smudge">false</attribute>
    </box>
  </image>
  <image id="67" name="rc19-experiment/INDOOR/PLAY3_TILL_FALL_bottom/102490.png" width="640" height="480">
    <box label="ball" occluded="0" source="auto" xtl="306.64" ytl="111.21" xbr="395.69" ybr="203.12" z_order="0">
      <attribute name="smudge">false</attribute>
    </box>
  </image>
  <image id="66" name="rc19-experiment/INDOOR/PLAY3_TILL_FALL_bottom/102487.png" width="640" height="480">
    <box label="ball" occluded="0" source="auto" xtl="308.08" ytl="107.49" xbr="394.64" ybr="191.42" z_order="0">
      <attribute name="smudge">false</attribute>
    </box>
  </image>
  <image id="65" name="rc19-experiment/INDOOR/PLAY3_TILL_FALL_bottom/102484.png" width="640" height="480">
    <box label="ball" occluded="0" source="auto" xtl="275.25" ytl="133.90" xbr="361.56" ybr="221.18" z_order="0">
      <attribute name="smudge">false</attribute>
    </box>
  </image>
  <image id="64" name="rc19-experiment/INDOOR/PLAY3_TILL_FALL_bottom/102481.png" width="640" height="480">
    <box label="ball" occluded="0" source="auto" xtl="255.40" ytl="44.13" xbr="337.68" ybr="127.38" z_order="0">
      <attribute name="smudge">false</attribute>
    </box>
  </image>
  <image id="63" name="rc19-experiment/INDOOR/PLAY3_TILL_FALL_bottom/102477.png" width="640" height="480">
    <box label="ball" occluded="0" source="auto" xtl="285.99" ytl="143.37" xbr="363.32" ybr="218.03" z_order="0">
      <attribute name="smudge">false</attribute>
    </box>
  </image>
  <image id="62" name="rc19-experiment/INDOOR/PLAY3_TILL_FALL_bottom/102474.png" width="640" height="480">
    <box label="ball" occluded="0" source="auto" xtl="295.69" ytl="58.76" xbr="373.77" ybr="140.60" z_order="0">
      <attribute name="smudge">false</attribute>
    </box>
  </image>
  <image id="61" name="rc19-experiment/INDOOR/PLAY3_TILL_FALL_bottom/102470.png" width="640" height="480">
    <box label="ball" occluded="0" source="auto" xtl="310.74" ytl="93.07" xbr="381.11" ybr="163.33" z_order="0">
      <attribute name="smudge">false</attribute>
    </box>
  </image>
  <image id="60" name="rc19-experiment/INDOOR/PLAY3_TILL_FALL_bottom/102467.png" width="640" height="480">
    <box label="ball" occluded="0" source="auto" xtl="278.26" ytl="53.40" xbr="354.36" ybr="139.55" z_order="0">
      <attribute name="smudge">false</attribute>
    </box>
  </image>
  <image id="59" name="rc19-experiment/INDOOR/PLAY3_TILL_FALL_bottom/102464.png" width="640" height="480">
    <box label="ball" occluded="0" source="auto" xtl="234.64" ytl="39.30" xbr="304.32" ybr="108.26" z_order="0">
      <attribute name="smudge">false</attribute>
    </box>
  </image>
  <image id="58" name="rc19-experiment/INDOOR/PLAY3_TILL_FALL_bottom/102460.png" width="640" height="480">
    <box label="ball" occluded="0" source="auto" xtl="277.41" ytl="60.73" xbr="349.68" ybr="130.41" z_order="0">
      <attribute name="smudge">false</attribute>
    </box>
  </image>
  <image id="57" name="rc19-experiment/INDOOR/PLAY3_TILL_FALL_bottom/102456.png" width="640" height="480">
    <box label="ball" occluded="0" source="auto" xtl="333.27" ytl="1.10" xbr="401.45" ybr="65.18" z_order="0">
      <attribute name="smudge">false</attribute>
    </box>
  </image>
  <image id="56" name="rc19-experiment/INDOOR/PLAY3_TILL_FALL_bottom/102453.png" width="640" height="480">
    <box label="ball" occluded="0" source="auto" xtl="328.65" ytl="76.54" xbr="393.60" ybr="139.19" z_order="0">
      <attribute name="smudge">false</attribute>
    </box>
  </image>
  <image id="55" name="rc19-experiment/INDOOR/PLAY3_TILL_FALL_bottom/102450.png" width="640" height="480">
    <box label="ball" occluded="0" source="auto" xtl="294.26" ytl="1.34" xbr="361.49" ybr="70.14" z_order="0">
      <attribute name="smudge">false</attribute>
    </box>
  </image>
  <image id="54" name="rc19-experiment/INDOOR/PLAY3_TILL_FALL_bottom/102447.png" width="640" height="480">
    <box label="ball" occluded="0" source="auto" xtl="242.02" ytl="0.58" xbr="307.71" ybr="32.88" z_order="0">
      <attribute name="smudge">false</attribute>
    </box>
  </image>
  <image id="53" name="rc19-experiment/INDOOR/PLAY3_TILL_FALL_bottom/102443.png" width="640" height="480">
  </image>
  <image id="52" name="rc19-experiment/INDOOR/PLAY3_TILL_FALL_bottom/102440.png" width="640" height="480">
  </image>
  <image id="51" name="rc19-experiment/INDOOR/PLAY3_TILL_FALL_bottom/102436.png" width="640" height="480">
  </image>
  <image id="50" name="rc19-experiment/INDOOR/PLAY3_TILL_FALL_bottom/102433.png" width="640" height="480">
  </image>
  <image id="49" name="rc19-experiment/INDOOR/PLAY3_TILL_FALL_bottom/102429.png" width="640" height="480">
  </image>
  <image id="48" name="rc19-experiment/INDOOR/PLAY3_TILL_FALL_bottom/102426.png" width="640" height="480">
  </image>
  <image id="47" name="rc19-experiment/INDOOR/PLAY3_TILL_FALL_bottom/102423.png" width="640" height="480">
  </image>
  <image id="46" name="rc19-experiment/INDOOR/PLAY3_TILL_FALL_bottom/102419.png" width="640" height="480">
  </image>
  <image id="45" name="rc19-experiment/INDOOR/PLAY3_TILL_FALL_bottom/102416.png" width="640" height="480">
  </image>
  <image id="44" name="rc19-experiment/INDOOR/PLAY3_TILL_FALL_bottom/102412.png" width="640" height="480">
  </image>
  <image id="43" name="rc19-experiment/INDOOR/PLAY3_TILL_FALL_bottom/102409.png" width="640" height="480">
  </image>
  <image id="42" name="rc19-experiment/INDOOR/PLAY3_TILL_FALL_bottom/102405.png" width="640" height="480">
  </image>
  <image id="41" name="rc19-experiment/INDOOR/PLAY3_TILL_FALL_bottom/102402.png" width="640" height="480">
  </image>
  <image id="40" name="rc19-experiment/INDOOR/PLAY3_TILL_FALL_bottom/102398.png" width="640" height="480">
  </image>
  <image id="39" name="rc19-experiment/INDOOR/PLAY3_TILL_FALL_bottom/102395.png" width="640" height="480">
  </image>
  <image id="38" name="rc19-experiment/INDOOR/PLAY3_TILL_FALL_bottom/102392.png" width="640" height="480">
  </image>
  <image id="37" name="rc19-experiment/INDOOR/PLAY3_TILL_FALL_bottom/102388.png" width="640" height="480">
  </image>
  <image id="36" name="rc19-experiment/INDOOR/PLAY3_TILL_FALL_bottom/102385.png" width="640" height="480">
  </image>
  <image id="35" name="rc19-experiment/INDOOR/PLAY3_TILL_FALL_bottom/102382.png" width="640" height="480">
    <box label="ball" occluded="0" source="auto" xtl="158.55" ytl="0.30" xbr="205.56" ybr="26.43" z_order="0">
      <attribute name="smudge">false</attribute>
    </box>
  </image>
  <image id="34" name="rc19-experiment/INDOOR/PLAY3_TILL_FALL_bottom/102378.png" width="640" height="480">
  </image>
  <image id="33" name="rc19-experiment/INDOOR/PLAY3_TILL_FALL_bottom/102375.png" width="640" height="480">
    <box label="ball" occluded="0" source="auto" xtl="249.98" ytl="0.32" xbr="289.50" ybr="21.62" z_order="0">
      <attribute name="smudge">false</attribute>
    </box>
  </image>
  <image id="32" name="rc19-experiment/INDOOR/PLAY3_TILL_FALL_bottom/102371.png" width="640" height="480">
  </image>
  <image id="31" name="rc19-experiment/INDOOR/PLAY3_TILL_FALL_bottom/102368.png" width="640" height="480">
  </image>
  <image id="30" name="rc19-experiment/INDOOR/PLAY3_TILL_FALL_bottom/102364.png" width="640" height="480">
    <box label="ball" occluded="0" source="auto" xtl="283.68" ytl="0.11" xbr="327.70" ybr="46.69" z_order="0">
      <attribute name="smudge">false</attribute>
    </box>
  </image>
  <image id="29" name="rc19-experiment/INDOOR/PLAY3_TILL_FALL_bottom/102361.png" width="640" height="480">
  </image>
  <image id="28" name="rc19-experiment/INDOOR/PLAY3_TILL_FALL_bottom/102358.png" width="640" height="480">
  </image>
  <image id="27" name="rc19-experiment/INDOOR/PLAY3_TILL_FALL_bottom/102354.png" width="640" height="480">
  </image>
  <image id="26" name="rc19-experiment/INDOOR/PLAY3_TILL_FALL_bottom/102351.png" width="640" height="480">
  </image>
  <image id="25" name="rc19-experiment/INDOOR/PLAY3_TILL_FALL_bottom/102347.png" width="640" height="480">
  </image>
  <image id="24" name="rc19-experiment/INDOOR/PLAY3_TILL_FALL_bottom/102344.png" width="640" height="480">
  </image>
  <image id="23" name="rc19-experiment/INDOOR/PLAY3_TILL_FALL_bottom/102341.png" width="640" height="480">
  </image>
  <image id="22" name="rc19-experiment/INDOOR/PLAY3_TILL_FALL_bottom/102337.png" width="640" height="480">
  </image>
  <image id="21" name="rc19-experiment/INDOOR/PLAY3_TILL_FALL_bottom/102334.png" width="640" height="480">
  </image>
  <image id="20" name="rc19-experiment/INDOOR/PLAY3_TILL_FALL_bottom/102330.png" width="640" height="480">
  </image>
  <image id="19" name="rc19-experiment/INDOOR/PLAY3_TILL_FALL_bottom/102327.png" width="640" height="480">
  </image>
  <image id="18" name="rc19-experiment/INDOOR/PLAY3_TILL_FALL_bottom/102324.png" width="640" height="480">
    <box label="ball" occluded="0" source="auto" xtl="330.24" ytl="0.38" xbr="363.88" ybr="16.89" z_order="0">
      <attribute name="smudge">false</attribute>
    </box>
  </image>
  <image id="17" name="rc19-experiment/INDOOR/PLAY3_TILL_FALL_bottom/102320.png" width="640" height="480">
  </image>
  <image id="16" name="rc19-experiment/INDOOR/PLAY3_TILL_FALL_bottom/102316.png" width="640" height="480">
  </image>
  <image id="15" name="rc19-experiment/INDOOR/PLAY3_TILL_FALL_bottom/102313.png" width="640" height="480">
  </image>
  <image id="14" name="rc19-experiment/INDOOR/PLAY3_TILL_FALL_bottom/102310.png" width="640" height="480">
  </image>
  <image id="13" name="rc19-experiment/INDOOR/PLAY3_TILL_FALL_bottom/102307.png" width="640" height="480">
  </image>
  <image id="12" name="rc19-experiment/INDOOR/PLAY3_TILL_FALL_bottom/102303.png" width="640" height="480">
  </image>
  <image id="11" name="rc19-experiment/INDOOR/PLAY3_TILL_FALL_bottom/102300.png" width="640" height="480">
  </image>
  <image id="10" name="rc19-experiment/INDOOR/PLAY3_TILL_FALL_bottom/102297.png" width="640" height="480">
  </image>
  <image id="9" name="rc19-experiment/INDOOR/PLAY3_TILL_FALL_bottom/102293.png" width="640" height="480">
  </image>
  <image id="8" name="rc19-experiment/INDOOR/PLAY3_TILL_FALL_bottom/102290.png" width="640" height="480">
  </image>
  <image id="7" name="rc19-experiment/INDOOR/PLAY3_TILL_FALL_bottom/102286.png" width="640" height="480">
  </image>
  <image id="6" name="rc19-experiment/INDOOR/PLAY3_TILL_FALL_bottom/102283.png" width="640" height="480">
  </image>
  <image id="5" name="rc19-experiment/INDOOR/PLAY3_TILL_FALL_bottom/102280.png" width="640" height="480">
  </image>
  <image id="4" name="rc19-experiment/INDOOR/PLAY3_TILL_FALL_bottom/102276.png" width="640" height="480">
  </image>
  <image id="3" name="rc19-experiment/INDOOR/PLAY3_TILL_FALL_bottom/102272.png" width="640" height="480">
  </image>
  <image id="2" name="rc19-experiment/INDOOR/PLAY3_TILL_FALL_bottom/102269.png" width="640" height="480">
  </image>
  <image id="1" name="rc19-experiment/INDOOR/PLAY3_TILL_FALL_bottom/102266.png" width="640" height="480">
  </image>
  <image id="0" name="rc19-experiment/INDOOR/PLAY3_TILL_FALL_bottom/102262.png" width="640" height="480">
  </image>
</annotations>