<?xml version="1.0" encoding="utf-8"?>
<annotations>
  <version>1.1</version>
  <meta>
    <task>
      <id>28</id>
      <name>RC19Experiments-INDOOR-SET_CIRCLE_RANDOM_GO_top</name>
      <size>424</size>
      <mode>annotation</mode>
      <overlap>0</overlap>
      <bugtracker></bugtracker>
      <created>2020-04-05 10:22:07.559418+00:00</created>
      <updated>2020-04-05 10:22:07.559475+00:00</updated>
      <start_frame>0</start_frame>
      <stop_frame>423</stop_frame>
      <frame_filter></frame_filter>
      <labels>
        <label>
          <name>ball</name>
          <color>#804080</color>
          <attributes>
            <attribute>
              <name>smudge</name>
              <mutable>False</mutable>
              <input_type>checkbox</input_type>
              <default_value>false</default_value>
              <values>false</values>
            </attribute>
          </attributes>
        </label>
      </labels>
      <segments>
        <segment>
          <id>28</id>
          <start>0</start>
          <stop>423</stop>
          <url>httpball.informatik.hu-berlin.de/?id=28</url>
        </segment>
      </segments>
      <owner>
        <username>nao</username>
        <email></email>
      </owner>
      <assignee></assignee>
    </task>
    <dumped>2021-01-20 09:59:11.745030+00:00</dumped>
  </meta>
  <image id="423" name="rc19-experiment/INDOOR/SET_CIRCLE_RANDOM_GO_top/49900.png" width="640" height="480">
  </image>
  <image id="422" name="rc19-experiment/INDOOR/SET_CIRCLE_RANDOM_GO_top/49897.png" width="640" height="480">
  </image>
  <image id="421" name="rc19-experiment/INDOOR/SET_CIRCLE_RANDOM_GO_top/49894.png" width="640" height="480">
  </image>
  <image id="420" name="rc19-experiment/INDOOR/SET_CIRCLE_RANDOM_GO_top/49890.png" width="640" height="480">
  </image>
  <image id="419" name="rc19-experiment/INDOOR/SET_CIRCLE_RANDOM_GO_top/49887.png" width="640" height="480">
  </image>
  <image id="418" name="rc19-experiment/INDOOR/SET_CIRCLE_RANDOM_GO_top/49884.png" width="640" height="480">
  </image>
  <image id="417" name="rc19-experiment/INDOOR/SET_CIRCLE_RANDOM_GO_top/49880.png" width="640" height="480">
  </image>
  <image id="416" name="rc19-experiment/INDOOR/SET_CIRCLE_RANDOM_GO_top/49877.png" width="640" height="480">
  </image>
  <image id="415" name="rc19-experiment/INDOOR/SET_CIRCLE_RANDOM_GO_top/49874.png" width="640" height="480">
  </image>
  <image id="414" name="rc19-experiment/INDOOR/SET_CIRCLE_RANDOM_GO_top/49870.png" width="640" height="480">
  </image>
  <image id="413" name="rc19-experiment/INDOOR/SET_CIRCLE_RANDOM_GO_top/49867.png" width="640" height="480">
  </image>
  <image id="412" name="rc19-experiment/INDOOR/SET_CIRCLE_RANDOM_GO_top/49863.png" width="640" height="480">
  </image>
  <image id="411" name="rc19-experiment/INDOOR/SET_CIRCLE_RANDOM_GO_top/49860.png" width="640" height="480">
  </image>
  <image id="410" name="rc19-experiment/INDOOR/SET_CIRCLE_RANDOM_GO_top/49857.png" width="640" height="480">
  </image>
  <image id="409" name="rc19-experiment/INDOOR/SET_CIRCLE_RANDOM_GO_top/49853.png" width="640" height="480">
  </image>
  <image id="408" name="rc19-experiment/INDOOR/SET_CIRCLE_RANDOM_GO_top/49849.png" width="640" height="480">
  </image>
  <image id="407" name="rc19-experiment/INDOOR/SET_CIRCLE_RANDOM_GO_top/49846.png" width="640" height="480">
  </image>
  <image id="406" name="rc19-experiment/INDOOR/SET_CIRCLE_RANDOM_GO_top/49843.png" width="640" height="480">
  </image>
  <image id="405" name="rc19-experiment/INDOOR/SET_CIRCLE_RANDOM_GO_top/49840.png" width="640" height="480">
  </image>
  <image id="404" name="rc19-experiment/INDOOR/SET_CIRCLE_RANDOM_GO_top/49836.png" width="640" height="480">
  </image>
  <image id="403" name="rc19-experiment/INDOOR/SET_CIRCLE_RANDOM_GO_top/49833.png" width="640" height="480">
  </image>
  <image id="402" name="rc19-experiment/INDOOR/SET_CIRCLE_RANDOM_GO_top/49830.png" width="640" height="480">
  </image>
  <image id="401" name="rc19-experiment/INDOOR/SET_CIRCLE_RANDOM_GO_top/49827.png" width="640" height="480">
  </image>
  <image id="400" name="rc19-experiment/INDOOR/SET_CIRCLE_RANDOM_GO_top/49824.png" width="640" height="480">
  </image>
  <image id="399" name="rc19-experiment/INDOOR/SET_CIRCLE_RANDOM_GO_top/49821.png" width="640" height="480">
  </image>
  <image id="398" name="rc19-experiment/INDOOR/SET_CIRCLE_RANDOM_GO_top/49817.png" width="640" height="480">
  </image>
  <image id="397" name="rc19-experiment/INDOOR/SET_CIRCLE_RANDOM_GO_top/49814.png" width="640" height="480">
  </image>
  <image id="396" name="rc19-experiment/INDOOR/SET_CIRCLE_RANDOM_GO_top/49811.png" width="640" height="480">
  </image>
  <image id="395" name="rc19-experiment/INDOOR/SET_CIRCLE_RANDOM_GO_top/49807.png" width="640" height="480">
  </image>
  <image id="394" name="rc19-experiment/INDOOR/SET_CIRCLE_RANDOM_GO_top/49804.png" width="640" height="480">
  </image>
  <image id="393" name="rc19-experiment/INDOOR/SET_CIRCLE_RANDOM_GO_top/49801.png" width="640" height="480">
  </image>
  <image id="392" name="rc19-experiment/INDOOR/SET_CIRCLE_RANDOM_GO_top/49798.png" width="640" height="480">
  </image>
  <image id="391" name="rc19-experiment/INDOOR/SET_CIRCLE_RANDOM_GO_top/49795.png" width="640" height="480">
  </image>
  <image id="390" name="rc19-experiment/INDOOR/SET_CIRCLE_RANDOM_GO_top/49792.png" width="640" height="480">
  </image>
  <image id="389" name="rc19-experiment/INDOOR/SET_CIRCLE_RANDOM_GO_top/49788.png" width="640" height="480">
  </image>
  <image id="388" name="rc19-experiment/INDOOR/SET_CIRCLE_RANDOM_GO_top/49785.png" width="640" height="480">
  </image>
  <image id="387" name="rc19-experiment/INDOOR/SET_CIRCLE_RANDOM_GO_top/49782.png" width="640" height="480">
  </image>
  <image id="386" name="rc19-experiment/INDOOR/SET_CIRCLE_RANDOM_GO_top/49778.png" width="640" height="480">
  </image>
  <image id="385" name="rc19-experiment/INDOOR/SET_CIRCLE_RANDOM_GO_top/49775.png" width="640" height="480">
  </image>
  <image id="384" name="rc19-experiment/INDOOR/SET_CIRCLE_RANDOM_GO_top/49771.png" width="640" height="480">
  </image>
  <image id="383" name="rc19-experiment/INDOOR/SET_CIRCLE_RANDOM_GO_top/49768.png" width="640" height="480">
  </image>
  <image id="382" name="rc19-experiment/INDOOR/SET_CIRCLE_RANDOM_GO_top/49765.png" width="640" height="480">
  </image>
  <image id="381" name="rc19-experiment/INDOOR/SET_CIRCLE_RANDOM_GO_top/49762.png" width="640" height="480">
  </image>
  <image id="380" name="rc19-experiment/INDOOR/SET_CIRCLE_RANDOM_GO_top/49758.png" width="640" height="480">
  </image>
  <image id="379" name="rc19-experiment/INDOOR/SET_CIRCLE_RANDOM_GO_top/49755.png" width="640" height="480">
  </image>
  <image id="378" name="rc19-experiment/INDOOR/SET_CIRCLE_RANDOM_GO_top/49751.png" width="640" height="480">
  </image>
  <image id="377" name="rc19-experiment/INDOOR/SET_CIRCLE_RANDOM_GO_top/49747.png" width="640" height="480">
  </image>
  <image id="376" name="rc19-experiment/INDOOR/SET_CIRCLE_RANDOM_GO_top/49744.png" width="640" height="480">
  </image>
  <image id="375" name="rc19-experiment/INDOOR/SET_CIRCLE_RANDOM_GO_top/49741.png" width="640" height="480">
  </image>
  <image id="374" name="rc19-experiment/INDOOR/SET_CIRCLE_RANDOM_GO_top/49738.png" width="640" height="480">
  </image>
  <image id="373" name="rc19-experiment/INDOOR/SET_CIRCLE_RANDOM_GO_top/49734.png" width="640" height="480">
  </image>
  <image id="372" name="rc19-experiment/INDOOR/SET_CIRCLE_RANDOM_GO_top/49731.png" width="640" height="480">
  </image>
  <image id="371" name="rc19-experiment/INDOOR/SET_CIRCLE_RANDOM_GO_top/49727.png" width="640" height="480">
  </image>
  <image id="370" name="rc19-experiment/INDOOR/SET_CIRCLE_RANDOM_GO_top/49724.png" width="640" height="480">
  </image>
  <image id="369" name="rc19-experiment/INDOOR/SET_CIRCLE_RANDOM_GO_top/49720.png" width="640" height="480">
  </image>
  <image id="368" name="rc19-experiment/INDOOR/SET_CIRCLE_RANDOM_GO_top/49716.png" width="640" height="480">
  </image>
  <image id="367" name="rc19-experiment/INDOOR/SET_CIRCLE_RANDOM_GO_top/49713.png" width="640" height="480">
  </image>
  <image id="366" name="rc19-experiment/INDOOR/SET_CIRCLE_RANDOM_GO_top/49709.png" width="640" height="480">
  </image>
  <image id="365" name="rc19-experiment/INDOOR/SET_CIRCLE_RANDOM_GO_top/49706.png" width="640" height="480">
  </image>
  <image id="364" name="rc19-experiment/INDOOR/SET_CIRCLE_RANDOM_GO_top/49703.png" width="640" height="480">
  </image>
  <image id="363" name="rc19-experiment/INDOOR/SET_CIRCLE_RANDOM_GO_top/49700.png" width="640" height="480">
  </image>
  <image id="362" name="rc19-experiment/INDOOR/SET_CIRCLE_RANDOM_GO_top/49696.png" width="640" height="480">
  </image>
  <image id="361" name="rc19-experiment/INDOOR/SET_CIRCLE_RANDOM_GO_top/49693.png" width="640" height="480">
  </image>
  <image id="360" name="rc19-experiment/INDOOR/SET_CIRCLE_RANDOM_GO_top/49689.png" width="640" height="480">
  </image>
  <image id="359" name="rc19-experiment/INDOOR/SET_CIRCLE_RANDOM_GO_top/49686.png" width="640" height="480">
  </image>
  <image id="358" name="rc19-experiment/INDOOR/SET_CIRCLE_RANDOM_GO_top/49683.png" width="640" height="480">
  </image>
  <image id="357" name="rc19-experiment/INDOOR/SET_CIRCLE_RANDOM_GO_top/49679.png" width="640" height="480">
  </image>
  <image id="356" name="rc19-experiment/INDOOR/SET_CIRCLE_RANDOM_GO_top/49675.png" width="640" height="480">
  </image>
  <image id="355" name="rc19-experiment/INDOOR/SET_CIRCLE_RANDOM_GO_top/49672.png" width="640" height="480">
  </image>
  <image id="354" name="rc19-experiment/INDOOR/SET_CIRCLE_RANDOM_GO_top/49669.png" width="640" height="480">
  </image>
  <image id="353" name="rc19-experiment/INDOOR/SET_CIRCLE_RANDOM_GO_top/49665.png" width="640" height="480">
  </image>
  <image id="352" name="rc19-experiment/INDOOR/SET_CIRCLE_RANDOM_GO_top/49662.png" width="640" height="480">
  </image>
  <image id="351" name="rc19-experiment/INDOOR/SET_CIRCLE_RANDOM_GO_top/49659.png" width="640" height="480">
  </image>
  <image id="350" name="rc19-experiment/INDOOR/SET_CIRCLE_RANDOM_GO_top/49655.png" width="640" height="480">
  </image>
  <image id="349" name="rc19-experiment/INDOOR/SET_CIRCLE_RANDOM_GO_top/49652.png" width="640" height="480">
  </image>
  <image id="348" name="rc19-experiment/INDOOR/SET_CIRCLE_RANDOM_GO_top/49648.png" width="640" height="480">
  </image>
  <image id="347" name="rc19-experiment/INDOOR/SET_CIRCLE_RANDOM_GO_top/49645.png" width="640" height="480">
  </image>
  <image id="346" name="rc19-experiment/INDOOR/SET_CIRCLE_RANDOM_GO_top/49642.png" width="640" height="480">
  </image>
  <image id="345" name="rc19-experiment/INDOOR/SET_CIRCLE_RANDOM_GO_top/49638.png" width="640" height="480">
  </image>
  <image id="344" name="rc19-experiment/INDOOR/SET_CIRCLE_RANDOM_GO_top/49635.png" width="640" height="480">
  </image>
  <image id="343" name="rc19-experiment/INDOOR/SET_CIRCLE_RANDOM_GO_top/49631.png" width="640" height="480">
  </image>
  <image id="342" name="rc19-experiment/INDOOR/SET_CIRCLE_RANDOM_GO_top/49628.png" width="640" height="480">
  </image>
  <image id="341" name="rc19-experiment/INDOOR/SET_CIRCLE_RANDOM_GO_top/49624.png" width="640" height="480">
  </image>
  <image id="340" name="rc19-experiment/INDOOR/SET_CIRCLE_RANDOM_GO_top/49621.png" width="640" height="480">
  </image>
  <image id="339" name="rc19-experiment/INDOOR/SET_CIRCLE_RANDOM_GO_top/49618.png" width="640" height="480">
  </image>
  <image id="338" name="rc19-experiment/INDOOR/SET_CIRCLE_RANDOM_GO_top/49615.png" width="640" height="480">
  </image>
  <image id="337" name="rc19-experiment/INDOOR/SET_CIRCLE_RANDOM_GO_top/49611.png" width="640" height="480">
  </image>
  <image id="336" name="rc19-experiment/INDOOR/SET_CIRCLE_RANDOM_GO_top/49608.png" width="640" height="480">
  </image>
  <image id="335" name="rc19-experiment/INDOOR/SET_CIRCLE_RANDOM_GO_top/49604.png" width="640" height="480">
  </image>
  <image id="334" name="rc19-experiment/INDOOR/SET_CIRCLE_RANDOM_GO_top/49601.png" width="640" height="480">
  </image>
  <image id="333" name="rc19-experiment/INDOOR/SET_CIRCLE_RANDOM_GO_top/49598.png" width="640" height="480">
  </image>
  <image id="332" name="rc19-experiment/INDOOR/SET_CIRCLE_RANDOM_GO_top/49595.png" width="640" height="480">
  </image>
  <image id="331" name="rc19-experiment/INDOOR/SET_CIRCLE_RANDOM_GO_top/49591.png" width="640" height="480">
  </image>
  <image id="330" name="rc19-experiment/INDOOR/SET_CIRCLE_RANDOM_GO_top/49588.png" width="640" height="480">
  </image>
  <image id="329" name="rc19-experiment/INDOOR/SET_CIRCLE_RANDOM_GO_top/49584.png" width="640" height="480">
  </image>
  <image id="328" name="rc19-experiment/INDOOR/SET_CIRCLE_RANDOM_GO_top/49581.png" width="640" height="480">
  </image>
  <image id="327" name="rc19-experiment/INDOOR/SET_CIRCLE_RANDOM_GO_top/49578.png" width="640" height="480">
  </image>
  <image id="326" name="rc19-experiment/INDOOR/SET_CIRCLE_RANDOM_GO_top/49574.png" width="640" height="480">
  </image>
  <image id="325" name="rc19-experiment/INDOOR/SET_CIRCLE_RANDOM_GO_top/49571.png" width="640" height="480">
  </image>
  <image id="324" name="rc19-experiment/INDOOR/SET_CIRCLE_RANDOM_GO_top/49568.png" width="640" height="480">
  </image>
  <image id="323" name="rc19-experiment/INDOOR/SET_CIRCLE_RANDOM_GO_top/49564.png" width="640" height="480">
  </image>
  <image id="322" name="rc19-experiment/INDOOR/SET_CIRCLE_RANDOM_GO_top/49561.png" width="640" height="480">
  </image>
  <image id="321" name="rc19-experiment/INDOOR/SET_CIRCLE_RANDOM_GO_top/49558.png" width="640" height="480">
  </image>
  <image id="320" name="rc19-experiment/INDOOR/SET_CIRCLE_RANDOM_GO_top/49554.png" width="640" height="480">
  </image>
  <image id="319" name="rc19-experiment/INDOOR/SET_CIRCLE_RANDOM_GO_top/49551.png" width="640" height="480">
  </image>
  <image id="318" name="rc19-experiment/INDOOR/SET_CIRCLE_RANDOM_GO_top/49547.png" width="640" height="480">
  </image>
  <image id="317" name="rc19-experiment/INDOOR/SET_CIRCLE_RANDOM_GO_top/49544.png" width="640" height="480">
  </image>
  <image id="316" name="rc19-experiment/INDOOR/SET_CIRCLE_RANDOM_GO_top/49541.png" width="640" height="480">
  </image>
  <image id="315" name="rc19-experiment/INDOOR/SET_CIRCLE_RANDOM_GO_top/49538.png" width="640" height="480">
  </image>
  <image id="314" name="rc19-experiment/INDOOR/SET_CIRCLE_RANDOM_GO_top/49534.png" width="640" height="480">
  </image>
  <image id="313" name="rc19-experiment/INDOOR/SET_CIRCLE_RANDOM_GO_top/49531.png" width="640" height="480">
  </image>
  <image id="312" name="rc19-experiment/INDOOR/SET_CIRCLE_RANDOM_GO_top/49528.png" width="640" height="480">
  </image>
  <image id="311" name="rc19-experiment/INDOOR/SET_CIRCLE_RANDOM_GO_top/49524.png" width="640" height="480">
  </image>
  <image id="310" name="rc19-experiment/INDOOR/SET_CIRCLE_RANDOM_GO_top/49521.png" width="640" height="480">
  </image>
  <image id="309" name="rc19-experiment/INDOOR/SET_CIRCLE_RANDOM_GO_top/49518.png" width="640" height="480">
  </image>
  <image id="308" name="rc19-experiment/INDOOR/SET_CIRCLE_RANDOM_GO_top/49514.png" width="640" height="480">
  </image>
  <image id="307" name="rc19-experiment/INDOOR/SET_CIRCLE_RANDOM_GO_top/49511.png" width="640" height="480">
  </image>
  <image id="306" name="rc19-experiment/INDOOR/SET_CIRCLE_RANDOM_GO_top/49507.png" width="640" height="480">
  </image>
  <image id="305" name="rc19-experiment/INDOOR/SET_CIRCLE_RANDOM_GO_top/49504.png" width="640" height="480">
  </image>
  <image id="304" name="rc19-experiment/INDOOR/SET_CIRCLE_RANDOM_GO_top/49500.png" width="640" height="480">
  </image>
  <image id="303" name="rc19-experiment/INDOOR/SET_CIRCLE_RANDOM_GO_top/49497.png" width="640" height="480">
  </image>
  <image id="302" name="rc19-experiment/INDOOR/SET_CIRCLE_RANDOM_GO_top/49494.png" width="640" height="480">
  </image>
  <image id="301" name="rc19-experiment/INDOOR/SET_CIRCLE_RANDOM_GO_top/49491.png" width="640" height="480">
  </image>
  <image id="300" name="rc19-experiment/INDOOR/SET_CIRCLE_RANDOM_GO_top/49487.png" width="640" height="480">
  </image>
  <image id="299" name="rc19-experiment/INDOOR/SET_CIRCLE_RANDOM_GO_top/49484.png" width="640" height="480">
  </image>
  <image id="298" name="rc19-experiment/INDOOR/SET_CIRCLE_RANDOM_GO_top/49481.png" width="640" height="480">
  </image>
  <image id="297" name="rc19-experiment/INDOOR/SET_CIRCLE_RANDOM_GO_top/49477.png" width="640" height="480">
  </image>
  <image id="296" name="rc19-experiment/INDOOR/SET_CIRCLE_RANDOM_GO_top/49474.png" width="640" height="480">
  </image>
  <image id="295" name="rc19-experiment/INDOOR/SET_CIRCLE_RANDOM_GO_top/49471.png" width="640" height="480">
  </image>
  <image id="294" name="rc19-experiment/INDOOR/SET_CIRCLE_RANDOM_GO_top/49468.png" width="640" height="480">
  </image>
  <image id="293" name="rc19-experiment/INDOOR/SET_CIRCLE_RANDOM_GO_top/49464.png" width="640" height="480">
  </image>
  <image id="292" name="rc19-experiment/INDOOR/SET_CIRCLE_RANDOM_GO_top/49460.png" width="640" height="480">
  </image>
  <image id="291" name="rc19-experiment/INDOOR/SET_CIRCLE_RANDOM_GO_top/49457.png" width="640" height="480">
  </image>
  <image id="290" name="rc19-experiment/INDOOR/SET_CIRCLE_RANDOM_GO_top/49453.png" width="640" height="480">
  </image>
  <image id="289" name="rc19-experiment/INDOOR/SET_CIRCLE_RANDOM_GO_top/49450.png" width="640" height="480">
  </image>
  <image id="288" name="rc19-experiment/INDOOR/SET_CIRCLE_RANDOM_GO_top/49446.png" width="640" height="480">
  </image>
  <image id="287" name="rc19-experiment/INDOOR/SET_CIRCLE_RANDOM_GO_top/49443.png" width="640" height="480">
  </image>
  <image id="286" name="rc19-experiment/INDOOR/SET_CIRCLE_RANDOM_GO_top/49440.png" width="640" height="480">
  </image>
  <image id="285" name="rc19-experiment/INDOOR/SET_CIRCLE_RANDOM_GO_top/49436.png" width="640" height="480">
  </image>
  <image id="284" name="rc19-experiment/INDOOR/SET_CIRCLE_RANDOM_GO_top/49433.png" width="640" height="480">
  </image>
  <image id="283" name="rc19-experiment/INDOOR/SET_CIRCLE_RANDOM_GO_top/49430.png" width="640" height="480">
  </image>
  <image id="282" name="rc19-experiment/INDOOR/SET_CIRCLE_RANDOM_GO_top/49426.png" width="640" height="480">
  </image>
  <image id="281" name="rc19-experiment/INDOOR/SET_CIRCLE_RANDOM_GO_top/49423.png" width="640" height="480">
  </image>
  <image id="280" name="rc19-experiment/INDOOR/SET_CIRCLE_RANDOM_GO_top/49419.png" width="640" height="480">
  </image>
  <image id="279" name="rc19-experiment/INDOOR/SET_CIRCLE_RANDOM_GO_top/49416.png" width="640" height="480">
  </image>
  <image id="278" name="rc19-experiment/INDOOR/SET_CIRCLE_RANDOM_GO_top/49413.png" width="640" height="480">
  </image>
  <image id="277" name="rc19-experiment/INDOOR/SET_CIRCLE_RANDOM_GO_top/49409.png" width="640" height="480">
  </image>
  <image id="276" name="rc19-experiment/INDOOR/SET_CIRCLE_RANDOM_GO_top/49406.png" width="640" height="480">
  </image>
  <image id="275" name="rc19-experiment/INDOOR/SET_CIRCLE_RANDOM_GO_top/49402.png" width="640" height="480">
  </image>
  <image id="274" name="rc19-experiment/INDOOR/SET_CIRCLE_RANDOM_GO_top/49399.png" width="640" height="480">
  </image>
  <image id="273" name="rc19-experiment/INDOOR/SET_CIRCLE_RANDOM_GO_top/49395.png" width="640" height="480">
  </image>
  <image id="272" name="rc19-experiment/INDOOR/SET_CIRCLE_RANDOM_GO_top/49392.png" width="640" height="480">
  </image>
  <image id="271" name="rc19-experiment/INDOOR/SET_CIRCLE_RANDOM_GO_top/49389.png" width="640" height="480">
  </image>
  <image id="270" name="rc19-experiment/INDOOR/SET_CIRCLE_RANDOM_GO_top/49385.png" width="640" height="480">
  </image>
  <image id="269" name="rc19-experiment/INDOOR/SET_CIRCLE_RANDOM_GO_top/49382.png" width="640" height="480">
  </image>
  <image id="268" name="rc19-experiment/INDOOR/SET_CIRCLE_RANDOM_GO_top/49378.png" width="640" height="480">
  </image>
  <image id="267" name="rc19-experiment/INDOOR/SET_CIRCLE_RANDOM_GO_top/49374.png" width="640" height="480">
  </image>
  <image id="266" name="rc19-experiment/INDOOR/SET_CIRCLE_RANDOM_GO_top/49371.png" width="640" height="480">
  </image>
  <image id="265" name="rc19-experiment/INDOOR/SET_CIRCLE_RANDOM_GO_top/49368.png" width="640" height="480">
  </image>
  <image id="264" name="rc19-experiment/INDOOR/SET_CIRCLE_RANDOM_GO_top/49364.png" width="640" height="480">
  </image>
  <image id="263" name="rc19-experiment/INDOOR/SET_CIRCLE_RANDOM_GO_top/49361.png" width="640" height="480">
  </image>
  <image id="262" name="rc19-experiment/INDOOR/SET_CIRCLE_RANDOM_GO_top/49358.png" width="640" height="480">
  </image>
  <image id="261" name="rc19-experiment/INDOOR/SET_CIRCLE_RANDOM_GO_top/49355.png" width="640" height="480">
  </image>
  <image id="260" name="rc19-experiment/INDOOR/SET_CIRCLE_RANDOM_GO_top/49351.png" width="640" height="480">
  </image>
  <image id="259" name="rc19-experiment/INDOOR/SET_CIRCLE_RANDOM_GO_top/49348.png" width="640" height="480">
  </image>
  <image id="258" name="rc19-experiment/INDOOR/SET_CIRCLE_RANDOM_GO_top/49344.png" width="640" height="480">
  </image>
  <image id="257" name="rc19-experiment/INDOOR/SET_CIRCLE_RANDOM_GO_top/49341.png" width="640" height="480">
  </image>
  <image id="256" name="rc19-experiment/INDOOR/SET_CIRCLE_RANDOM_GO_top/49337.png" width="640" height="480">
  </image>
  <image id="255" name="rc19-experiment/INDOOR/SET_CIRCLE_RANDOM_GO_top/49334.png" width="640" height="480">
  </image>
  <image id="254" name="rc19-experiment/INDOOR/SET_CIRCLE_RANDOM_GO_top/49331.png" width="640" height="480">
  </image>
  <image id="253" name="rc19-experiment/INDOOR/SET_CIRCLE_RANDOM_GO_top/49327.png" width="640" height="480">
  </image>
  <image id="252" name="rc19-experiment/INDOOR/SET_CIRCLE_RANDOM_GO_top/49324.png" width="640" height="480">
  </image>
  <image id="251" name="rc19-experiment/INDOOR/SET_CIRCLE_RANDOM_GO_top/49320.png" width="640" height="480">
  </image>
  <image id="250" name="rc19-experiment/INDOOR/SET_CIRCLE_RANDOM_GO_top/49317.png" width="640" height="480">
  </image>
  <image id="249" name="rc19-experiment/INDOOR/SET_CIRCLE_RANDOM_GO_top/49314.png" width="640" height="480">
  </image>
  <image id="248" name="rc19-experiment/INDOOR/SET_CIRCLE_RANDOM_GO_top/49310.png" width="640" height="480">
  </image>
  <image id="247" name="rc19-experiment/INDOOR/SET_CIRCLE_RANDOM_GO_top/49306.png" width="640" height="480">
  </image>
  <image id="246" name="rc19-experiment/INDOOR/SET_CIRCLE_RANDOM_GO_top/49303.png" width="640" height="480">
  </image>
  <image id="245" name="rc19-experiment/INDOOR/SET_CIRCLE_RANDOM_GO_top/49300.png" width="640" height="480">
  </image>
  <image id="244" name="rc19-experiment/INDOOR/SET_CIRCLE_RANDOM_GO_top/49296.png" width="640" height="480">
  </image>
  <image id="243" name="rc19-experiment/INDOOR/SET_CIRCLE_RANDOM_GO_top/49293.png" width="640" height="480">
  </image>
  <image id="242" name="rc19-experiment/INDOOR/SET_CIRCLE_RANDOM_GO_top/49290.png" width="640" height="480">
  </image>
  <image id="241" name="rc19-experiment/INDOOR/SET_CIRCLE_RANDOM_GO_top/49286.png" width="640" height="480">
  </image>
  <image id="240" name="rc19-experiment/INDOOR/SET_CIRCLE_RANDOM_GO_top/49283.png" width="640" height="480">
  </image>
  <image id="239" name="rc19-experiment/INDOOR/SET_CIRCLE_RANDOM_GO_top/49279.png" width="640" height="480">
  </image>
  <image id="238" name="rc19-experiment/INDOOR/SET_CIRCLE_RANDOM_GO_top/49276.png" width="640" height="480">
  </image>
  <image id="237" name="rc19-experiment/INDOOR/SET_CIRCLE_RANDOM_GO_top/49272.png" width="640" height="480">
  </image>
  <image id="236" name="rc19-experiment/INDOOR/SET_CIRCLE_RANDOM_GO_top/49269.png" width="640" height="480">
  </image>
  <image id="235" name="rc19-experiment/INDOOR/SET_CIRCLE_RANDOM_GO_top/49266.png" width="640" height="480">
  </image>
  <image id="234" name="rc19-experiment/INDOOR/SET_CIRCLE_RANDOM_GO_top/49262.png" width="640" height="480">
  </image>
  <image id="233" name="rc19-experiment/INDOOR/SET_CIRCLE_RANDOM_GO_top/49259.png" width="640" height="480">
  </image>
  <image id="232" name="rc19-experiment/INDOOR/SET_CIRCLE_RANDOM_GO_top/49255.png" width="640" height="480">
  </image>
  <image id="231" name="rc19-experiment/INDOOR/SET_CIRCLE_RANDOM_GO_top/49252.png" width="640" height="480">
  </image>
  <image id="230" name="rc19-experiment/INDOOR/SET_CIRCLE_RANDOM_GO_top/49249.png" width="640" height="480">
  </image>
  <image id="229" name="rc19-experiment/INDOOR/SET_CIRCLE_RANDOM_GO_top/49245.png" width="640" height="480">
  </image>
  <image id="228" name="rc19-experiment/INDOOR/SET_CIRCLE_RANDOM_GO_top/49242.png" width="640" height="480">
  </image>
  <image id="227" name="rc19-experiment/INDOOR/SET_CIRCLE_RANDOM_GO_top/49239.png" width="640" height="480">
  </image>
  <image id="226" name="rc19-experiment/INDOOR/SET_CIRCLE_RANDOM_GO_top/49235.png" width="640" height="480">
  </image>
  <image id="225" name="rc19-experiment/INDOOR/SET_CIRCLE_RANDOM_GO_top/49232.png" width="640" height="480">
  </image>
  <image id="224" name="rc19-experiment/INDOOR/SET_CIRCLE_RANDOM_GO_top/49228.png" width="640" height="480">
  </image>
  <image id="223" name="rc19-experiment/INDOOR/SET_CIRCLE_RANDOM_GO_top/49225.png" width="640" height="480">
  </image>
  <image id="222" name="rc19-experiment/INDOOR/SET_CIRCLE_RANDOM_GO_top/49221.png" width="640" height="480">
  </image>
  <image id="221" name="rc19-experiment/INDOOR/SET_CIRCLE_RANDOM_GO_top/49218.png" width="640" height="480">
  </image>
  <image id="220" name="rc19-experiment/INDOOR/SET_CIRCLE_RANDOM_GO_top/49214.png" width="640" height="480">
  </image>
  <image id="219" name="rc19-experiment/INDOOR/SET_CIRCLE_RANDOM_GO_top/49211.png" width="640" height="480">
  </image>
  <image id="218" name="rc19-experiment/INDOOR/SET_CIRCLE_RANDOM_GO_top/49208.png" width="640" height="480">
  </image>
  <image id="217" name="rc19-experiment/INDOOR/SET_CIRCLE_RANDOM_GO_top/49204.png" width="640" height="480">
  </image>
  <image id="216" name="rc19-experiment/INDOOR/SET_CIRCLE_RANDOM_GO_top/49201.png" width="640" height="480">
  </image>
  <image id="215" name="rc19-experiment/INDOOR/SET_CIRCLE_RANDOM_GO_top/49197.png" width="640" height="480">
  </image>
  <image id="214" name="rc19-experiment/INDOOR/SET_CIRCLE_RANDOM_GO_top/49194.png" width="640" height="480">
  </image>
  <image id="213" name="rc19-experiment/INDOOR/SET_CIRCLE_RANDOM_GO_top/49191.png" width="640" height="480">
  </image>
  <image id="212" name="rc19-experiment/INDOOR/SET_CIRCLE_RANDOM_GO_top/49187.png" width="640" height="480">
  </image>
  <image id="211" name="rc19-experiment/INDOOR/SET_CIRCLE_RANDOM_GO_top/49184.png" width="640" height="480">
  </image>
  <image id="210" name="rc19-experiment/INDOOR/SET_CIRCLE_RANDOM_GO_top/49181.png" width="640" height="480">
  </image>
  <image id="209" name="rc19-experiment/INDOOR/SET_CIRCLE_RANDOM_GO_top/49177.png" width="640" height="480">
  </image>
  <image id="208" name="rc19-experiment/INDOOR/SET_CIRCLE_RANDOM_GO_top/49173.png" width="640" height="480">
  </image>
  <image id="207" name="rc19-experiment/INDOOR/SET_CIRCLE_RANDOM_GO_top/49170.png" width="640" height="480">
  </image>
  <image id="206" name="rc19-experiment/INDOOR/SET_CIRCLE_RANDOM_GO_top/49167.png" width="640" height="480">
  </image>
  <image id="205" name="rc19-experiment/INDOOR/SET_CIRCLE_RANDOM_GO_top/49163.png" width="640" height="480">
  </image>
  <image id="204" name="rc19-experiment/INDOOR/SET_CIRCLE_RANDOM_GO_top/49160.png" width="640" height="480">
  </image>
  <image id="203" name="rc19-experiment/INDOOR/SET_CIRCLE_RANDOM_GO_top/49157.png" width="640" height="480">
  </image>
  <image id="202" name="rc19-experiment/INDOOR/SET_CIRCLE_RANDOM_GO_top/49153.png" width="640" height="480">
  </image>
  <image id="201" name="rc19-experiment/INDOOR/SET_CIRCLE_RANDOM_GO_top/49149.png" width="640" height="480">
  </image>
  <image id="200" name="rc19-experiment/INDOOR/SET_CIRCLE_RANDOM_GO_top/49146.png" width="640" height="480">
  </image>
  <image id="199" name="rc19-experiment/INDOOR/SET_CIRCLE_RANDOM_GO_top/49143.png" width="640" height="480">
  </image>
  <image id="198" name="rc19-experiment/INDOOR/SET_CIRCLE_RANDOM_GO_top/49140.png" width="640" height="480">
  </image>
  <image id="197" name="rc19-experiment/INDOOR/SET_CIRCLE_RANDOM_GO_top/49136.png" width="640" height="480">
  </image>
  <image id="196" name="rc19-experiment/INDOOR/SET_CIRCLE_RANDOM_GO_top/49132.png" width="640" height="480">
  </image>
  <image id="195" name="rc19-experiment/INDOOR/SET_CIRCLE_RANDOM_GO_top/49129.png" width="640" height="480">
  </image>
  <image id="194" name="rc19-experiment/INDOOR/SET_CIRCLE_RANDOM_GO_top/49126.png" width="640" height="480">
  </image>
  <image id="193" name="rc19-experiment/INDOOR/SET_CIRCLE_RANDOM_GO_top/49123.png" width="640" height="480">
  </image>
  <image id="192" name="rc19-experiment/INDOOR/SET_CIRCLE_RANDOM_GO_top/49120.png" width="640" height="480">
  </image>
  <image id="191" name="rc19-experiment/INDOOR/SET_CIRCLE_RANDOM_GO_top/49116.png" width="640" height="480">
  </image>
  <image id="190" name="rc19-experiment/INDOOR/SET_CIRCLE_RANDOM_GO_top/49113.png" width="640" height="480">
  </image>
  <image id="189" name="rc19-experiment/INDOOR/SET_CIRCLE_RANDOM_GO_top/49109.png" width="640" height="480">
  </image>
  <image id="188" name="rc19-experiment/INDOOR/SET_CIRCLE_RANDOM_GO_top/49106.png" width="640" height="480">
  </image>
  <image id="187" name="rc19-experiment/INDOOR/SET_CIRCLE_RANDOM_GO_top/49102.png" width="640" height="480">
  </image>
  <image id="186" name="rc19-experiment/INDOOR/SET_CIRCLE_RANDOM_GO_top/49099.png" width="640" height="480">
  </image>
  <image id="185" name="rc19-experiment/INDOOR/SET_CIRCLE_RANDOM_GO_top/49096.png" width="640" height="480">
  </image>
  <image id="184" name="rc19-experiment/INDOOR/SET_CIRCLE_RANDOM_GO_top/49092.png" width="640" height="480">
  </image>
  <image id="183" name="rc19-experiment/INDOOR/SET_CIRCLE_RANDOM_GO_top/49089.png" width="640" height="480">
  </image>
  <image id="182" name="rc19-experiment/INDOOR/SET_CIRCLE_RANDOM_GO_top/49085.png" width="640" height="480">
  </image>
  <image id="181" name="rc19-experiment/INDOOR/SET_CIRCLE_RANDOM_GO_top/49082.png" width="640" height="480">
  </image>
  <image id="180" name="rc19-experiment/INDOOR/SET_CIRCLE_RANDOM_GO_top/49079.png" width="640" height="480">
  </image>
  <image id="179" name="rc19-experiment/INDOOR/SET_CIRCLE_RANDOM_GO_top/49075.png" width="640" height="480">
  </image>
  <image id="178" name="rc19-experiment/INDOOR/SET_CIRCLE_RANDOM_GO_top/49072.png" width="640" height="480">
  </image>
  <image id="177" name="rc19-experiment/INDOOR/SET_CIRCLE_RANDOM_GO_top/49069.png" width="640" height="480">
  </image>
  <image id="176" name="rc19-experiment/INDOOR/SET_CIRCLE_RANDOM_GO_top/49065.png" width="640" height="480">
  </image>
  <image id="175" name="rc19-experiment/INDOOR/SET_CIRCLE_RANDOM_GO_top/49062.png" width="640" height="480">
  </image>
  <image id="174" name="rc19-experiment/INDOOR/SET_CIRCLE_RANDOM_GO_top/49058.png" width="640" height="480">
  </image>
  <image id="173" name="rc19-experiment/INDOOR/SET_CIRCLE_RANDOM_GO_top/49055.png" width="640" height="480">
  </image>
  <image id="172" name="rc19-experiment/INDOOR/SET_CIRCLE_RANDOM_GO_top/49052.png" width="640" height="480">
  </image>
  <image id="171" name="rc19-experiment/INDOOR/SET_CIRCLE_RANDOM_GO_top/49049.png" width="640" height="480">
  </image>
  <image id="170" name="rc19-experiment/INDOOR/SET_CIRCLE_RANDOM_GO_top/49045.png" width="640" height="480">
  </image>
  <image id="169" name="rc19-experiment/INDOOR/SET_CIRCLE_RANDOM_GO_top/49041.png" width="640" height="480">
  </image>
  <image id="168" name="rc19-experiment/INDOOR/SET_CIRCLE_RANDOM_GO_top/49038.png" width="640" height="480">
  </image>
  <image id="167" name="rc19-experiment/INDOOR/SET_CIRCLE_RANDOM_GO_top/49035.png" width="640" height="480">
  </image>
  <image id="166" name="rc19-experiment/INDOOR/SET_CIRCLE_RANDOM_GO_top/49031.png" width="640" height="480">
  </image>
  <image id="165" name="rc19-experiment/INDOOR/SET_CIRCLE_RANDOM_GO_top/49027.png" width="640" height="480">
  </image>
  <image id="164" name="rc19-experiment/INDOOR/SET_CIRCLE_RANDOM_GO_top/49024.png" width="640" height="480">
  </image>
  <image id="163" name="rc19-experiment/INDOOR/SET_CIRCLE_RANDOM_GO_top/49021.png" width="640" height="480">
  </image>
  <image id="162" name="rc19-experiment/INDOOR/SET_CIRCLE_RANDOM_GO_top/49018.png" width="640" height="480">
  </image>
  <image id="161" name="rc19-experiment/INDOOR/SET_CIRCLE_RANDOM_GO_top/49015.png" width="640" height="480">
  </image>
  <image id="160" name="rc19-experiment/INDOOR/SET_CIRCLE_RANDOM_GO_top/49011.png" width="640" height="480">
  </image>
  <image id="159" name="rc19-experiment/INDOOR/SET_CIRCLE_RANDOM_GO_top/49008.png" width="640" height="480">
  </image>
  <image id="158" name="rc19-experiment/INDOOR/SET_CIRCLE_RANDOM_GO_top/49004.png" width="640" height="480">
  </image>
  <image id="157" name="rc19-experiment/INDOOR/SET_CIRCLE_RANDOM_GO_top/49001.png" width="640" height="480">
  </image>
  <image id="156" name="rc19-experiment/INDOOR/SET_CIRCLE_RANDOM_GO_top/48998.png" width="640" height="480">
  </image>
  <image id="155" name="rc19-experiment/INDOOR/SET_CIRCLE_RANDOM_GO_top/48994.png" width="640" height="480">
  </image>
  <image id="154" name="rc19-experiment/INDOOR/SET_CIRCLE_RANDOM_GO_top/48991.png" width="640" height="480">
  </image>
  <image id="153" name="rc19-experiment/INDOOR/SET_CIRCLE_RANDOM_GO_top/48987.png" width="640" height="480">
  </image>
  <image id="152" name="rc19-experiment/INDOOR/SET_CIRCLE_RANDOM_GO_top/48984.png" width="640" height="480">
  </image>
  <image id="151" name="rc19-experiment/INDOOR/SET_CIRCLE_RANDOM_GO_top/48981.png" width="640" height="480">
  </image>
  <image id="150" name="rc19-experiment/INDOOR/SET_CIRCLE_RANDOM_GO_top/48977.png" width="640" height="480">
  </image>
  <image id="149" name="rc19-experiment/INDOOR/SET_CIRCLE_RANDOM_GO_top/48974.png" width="640" height="480">
  </image>
  <image id="148" name="rc19-experiment/INDOOR/SET_CIRCLE_RANDOM_GO_top/48970.png" width="640" height="480">
  </image>
  <image id="147" name="rc19-experiment/INDOOR/SET_CIRCLE_RANDOM_GO_top/48967.png" width="640" height="480">
  </image>
  <image id="146" name="rc19-experiment/INDOOR/SET_CIRCLE_RANDOM_GO_top/48963.png" width="640" height="480">
  </image>
  <image id="145" name="rc19-experiment/INDOOR/SET_CIRCLE_RANDOM_GO_top/48960.png" width="640" height="480">
  </image>
  <image id="144" name="rc19-experiment/INDOOR/SET_CIRCLE_RANDOM_GO_top/48956.png" width="640" height="480">
  </image>
  <image id="143" name="rc19-experiment/INDOOR/SET_CIRCLE_RANDOM_GO_top/48953.png" width="640" height="480">
  </image>
  <image id="142" name="rc19-experiment/INDOOR/SET_CIRCLE_RANDOM_GO_top/48949.png" width="640" height="480">
  </image>
  <image id="141" name="rc19-experiment/INDOOR/SET_CIRCLE_RANDOM_GO_top/48946.png" width="640" height="480">
  </image>
  <image id="140" name="rc19-experiment/INDOOR/SET_CIRCLE_RANDOM_GO_top/48943.png" width="640" height="480">
  </image>
  <image id="139" name="rc19-experiment/INDOOR/SET_CIRCLE_RANDOM_GO_top/48940.png" width="640" height="480">
  </image>
  <image id="138" name="rc19-experiment/INDOOR/SET_CIRCLE_RANDOM_GO_top/48936.png" width="640" height="480">
  </image>
  <image id="137" name="rc19-experiment/INDOOR/SET_CIRCLE_RANDOM_GO_top/48932.png" width="640" height="480">
  </image>
  <image id="136" name="rc19-experiment/INDOOR/SET_CIRCLE_RANDOM_GO_top/48929.png" width="640" height="480">
  </image>
  <image id="135" name="rc19-experiment/INDOOR/SET_CIRCLE_RANDOM_GO_top/48925.png" width="640" height="480">
  </image>
  <image id="134" name="rc19-experiment/INDOOR/SET_CIRCLE_RANDOM_GO_top/48922.png" width="640" height="480">
  </image>
  <image id="133" name="rc19-experiment/INDOOR/SET_CIRCLE_RANDOM_GO_top/48919.png" width="640" height="480">
  </image>
  <image id="132" name="rc19-experiment/INDOOR/SET_CIRCLE_RANDOM_GO_top/48916.png" width="640" height="480">
  </image>
  <image id="131" name="rc19-experiment/INDOOR/SET_CIRCLE_RANDOM_GO_top/48912.png" width="640" height="480">
  </image>
  <image id="130" name="rc19-experiment/INDOOR/SET_CIRCLE_RANDOM_GO_top/48909.png" width="640" height="480">
  </image>
  <image id="129" name="rc19-experiment/INDOOR/SET_CIRCLE_RANDOM_GO_top/48905.png" width="640" height="480">
  </image>
  <image id="128" name="rc19-experiment/INDOOR/SET_CIRCLE_RANDOM_GO_top/48902.png" width="640" height="480">
  </image>
  <image id="127" name="rc19-experiment/INDOOR/SET_CIRCLE_RANDOM_GO_top/48898.png" width="640" height="480">
  </image>
  <image id="126" name="rc19-experiment/INDOOR/SET_CIRCLE_RANDOM_GO_top/48895.png" width="640" height="480">
  </image>
  <image id="125" name="rc19-experiment/INDOOR/SET_CIRCLE_RANDOM_GO_top/48892.png" width="640" height="480">
  </image>
  <image id="124" name="rc19-experiment/INDOOR/SET_CIRCLE_RANDOM_GO_top/48888.png" width="640" height="480">
  </image>
  <image id="123" name="rc19-experiment/INDOOR/SET_CIRCLE_RANDOM_GO_top/48885.png" width="640" height="480">
  </image>
  <image id="122" name="rc19-experiment/INDOOR/SET_CIRCLE_RANDOM_GO_top/48881.png" width="640" height="480">
  </image>
  <image id="121" name="rc19-experiment/INDOOR/SET_CIRCLE_RANDOM_GO_top/48878.png" width="640" height="480">
  </image>
  <image id="120" name="rc19-experiment/INDOOR/SET_CIRCLE_RANDOM_GO_top/48875.png" width="640" height="480">
  </image>
  <image id="119" name="rc19-experiment/INDOOR/SET_CIRCLE_RANDOM_GO_top/48871.png" width="640" height="480">
  </image>
  <image id="118" name="rc19-experiment/INDOOR/SET_CIRCLE_RANDOM_GO_top/48867.png" width="640" height="480">
  </image>
  <image id="117" name="rc19-experiment/INDOOR/SET_CIRCLE_RANDOM_GO_top/48864.png" width="640" height="480">
  </image>
  <image id="116" name="rc19-experiment/INDOOR/SET_CIRCLE_RANDOM_GO_top/48861.png" width="640" height="480">
  </image>
  <image id="115" name="rc19-experiment/INDOOR/SET_CIRCLE_RANDOM_GO_top/48857.png" width="640" height="480">
  </image>
  <image id="114" name="rc19-experiment/INDOOR/SET_CIRCLE_RANDOM_GO_top/48853.png" width="640" height="480">
  </image>
  <image id="113" name="rc19-experiment/INDOOR/SET_CIRCLE_RANDOM_GO_top/48850.png" width="640" height="480">
  </image>
  <image id="112" name="rc19-experiment/INDOOR/SET_CIRCLE_RANDOM_GO_top/48847.png" width="640" height="480">
  </image>
  <image id="111" name="rc19-experiment/INDOOR/SET_CIRCLE_RANDOM_GO_top/48844.png" width="640" height="480">
  </image>
  <image id="110" name="rc19-experiment/INDOOR/SET_CIRCLE_RANDOM_GO_top/48840.png" width="640" height="480">
  </image>
  <image id="109" name="rc19-experiment/INDOOR/SET_CIRCLE_RANDOM_GO_top/48837.png" width="640" height="480">
  </image>
  <image id="108" name="rc19-experiment/INDOOR/SET_CIRCLE_RANDOM_GO_top/48833.png" width="640" height="480">
  </image>
  <image id="107" name="rc19-experiment/INDOOR/SET_CIRCLE_RANDOM_GO_top/48829.png" width="640" height="480">
  </image>
  <image id="106" name="rc19-experiment/INDOOR/SET_CIRCLE_RANDOM_GO_top/48826.png" width="640" height="480">
  </image>
  <image id="105" name="rc19-experiment/INDOOR/SET_CIRCLE_RANDOM_GO_top/48823.png" width="640" height="480">
  </image>
  <image id="104" name="rc19-experiment/INDOOR/SET_CIRCLE_RANDOM_GO_top/48819.png" width="640" height="480">
  </image>
  <image id="103" name="rc19-experiment/INDOOR/SET_CIRCLE_RANDOM_GO_top/48816.png" width="640" height="480">
  </image>
  <image id="102" name="rc19-experiment/INDOOR/SET_CIRCLE_RANDOM_GO_top/48813.png" width="640" height="480">
  </image>
  <image id="101" name="rc19-experiment/INDOOR/SET_CIRCLE_RANDOM_GO_top/48809.png" width="640" height="480">
  </image>
  <image id="100" name="rc19-experiment/INDOOR/SET_CIRCLE_RANDOM_GO_top/48806.png" width="640" height="480">
  </image>
  <image id="99" name="rc19-experiment/INDOOR/SET_CIRCLE_RANDOM_GO_top/48803.png" width="640" height="480">
  </image>
  <image id="98" name="rc19-experiment/INDOOR/SET_CIRCLE_RANDOM_GO_top/48799.png" width="640" height="480">
  </image>
  <image id="97" name="rc19-experiment/INDOOR/SET_CIRCLE_RANDOM_GO_top/48796.png" width="640" height="480">
  </image>
  <image id="96" name="rc19-experiment/INDOOR/SET_CIRCLE_RANDOM_GO_top/48793.png" width="640" height="480">
  </image>
  <image id="95" name="rc19-experiment/INDOOR/SET_CIRCLE_RANDOM_GO_top/48790.png" width="640" height="480">
  </image>
  <image id="94" name="rc19-experiment/INDOOR/SET_CIRCLE_RANDOM_GO_top/48787.png" width="640" height="480">
  </image>
  <image id="93" name="rc19-experiment/INDOOR/SET_CIRCLE_RANDOM_GO_top/48784.png" width="640" height="480">
  </image>
  <image id="92" name="rc19-experiment/INDOOR/SET_CIRCLE_RANDOM_GO_top/48781.png" width="640" height="480">
  </image>
  <image id="91" name="rc19-experiment/INDOOR/SET_CIRCLE_RANDOM_GO_top/48778.png" width="640" height="480">
  </image>
  <image id="90" name="rc19-experiment/INDOOR/SET_CIRCLE_RANDOM_GO_top/48775.png" width="640" height="480">
  </image>
  <image id="89" name="rc19-experiment/INDOOR/SET_CIRCLE_RANDOM_GO_top/48772.png" width="640" height="480">
  </image>
  <image id="88" name="rc19-experiment/INDOOR/SET_CIRCLE_RANDOM_GO_top/48769.png" width="640" height="480">
  </image>
  <image id="87" name="rc19-experiment/INDOOR/SET_CIRCLE_RANDOM_GO_top/48766.png" width="640" height="480">
  </image>
  <image id="86" name="rc19-experiment/INDOOR/SET_CIRCLE_RANDOM_GO_top/48763.png" width="640" height="480">
  </image>
  <image id="85" name="rc19-experiment/INDOOR/SET_CIRCLE_RANDOM_GO_top/48760.png" width="640" height="480">
  </image>
  <image id="84" name="rc19-experiment/INDOOR/SET_CIRCLE_RANDOM_GO_top/48756.png" width="640" height="480">
  </image>
  <image id="83" name="rc19-experiment/INDOOR/SET_CIRCLE_RANDOM_GO_top/48753.png" width="640" height="480">
  </image>
  <image id="82" name="rc19-experiment/INDOOR/SET_CIRCLE_RANDOM_GO_top/48750.png" width="640" height="480">
  </image>
  <image id="81" name="rc19-experiment/INDOOR/SET_CIRCLE_RANDOM_GO_top/48746.png" width="640" height="480">
  </image>
  <image id="80" name="rc19-experiment/INDOOR/SET_CIRCLE_RANDOM_GO_top/48743.png" width="640" height="480">
  </image>
  <image id="79" name="rc19-experiment/INDOOR/SET_CIRCLE_RANDOM_GO_top/48740.png" width="640" height="480">
  </image>
  <image id="78" name="rc19-experiment/INDOOR/SET_CIRCLE_RANDOM_GO_top/48736.png" width="640" height="480">
  </image>
  <image id="77" name="rc19-experiment/INDOOR/SET_CIRCLE_RANDOM_GO_top/48733.png" width="640" height="480">
  </image>
  <image id="76" name="rc19-experiment/INDOOR/SET_CIRCLE_RANDOM_GO_top/48729.png" width="640" height="480">
  </image>
  <image id="75" name="rc19-experiment/INDOOR/SET_CIRCLE_RANDOM_GO_top/48726.png" width="640" height="480">
  </image>
  <image id="74" name="rc19-experiment/INDOOR/SET_CIRCLE_RANDOM_GO_top/48722.png" width="640" height="480">
  </image>
  <image id="73" name="rc19-experiment/INDOOR/SET_CIRCLE_RANDOM_GO_top/48719.png" width="640" height="480">
  </image>
  <image id="72" name="rc19-experiment/INDOOR/SET_CIRCLE_RANDOM_GO_top/48715.png" width="640" height="480">
  </image>
  <image id="71" name="rc19-experiment/INDOOR/SET_CIRCLE_RANDOM_GO_top/48712.png" width="640" height="480">
  </image>
  <image id="70" name="rc19-experiment/INDOOR/SET_CIRCLE_RANDOM_GO_top/48708.png" width="640" height="480">
  </image>
  <image id="69" name="rc19-experiment/INDOOR/SET_CIRCLE_RANDOM_GO_top/48705.png" width="640" height="480">
  </image>
  <image id="68" name="rc19-experiment/INDOOR/SET_CIRCLE_RANDOM_GO_top/48702.png" width="640" height="480">
  </image>
  <image id="67" name="rc19-experiment/INDOOR/SET_CIRCLE_RANDOM_GO_top/48699.png" width="640" height="480">
  </image>
  <image id="66" name="rc19-experiment/INDOOR/SET_CIRCLE_RANDOM_GO_top/48696.png" width="640" height="480">
  </image>
  <image id="65" name="rc19-experiment/INDOOR/SET_CIRCLE_RANDOM_GO_top/48693.png" width="640" height="480">
  </image>
  <image id="64" name="rc19-experiment/INDOOR/SET_CIRCLE_RANDOM_GO_top/48689.png" width="640" height="480">
  </image>
  <image id="63" name="rc19-experiment/INDOOR/SET_CIRCLE_RANDOM_GO_top/48686.png" width="640" height="480">
  </image>
  <image id="62" name="rc19-experiment/INDOOR/SET_CIRCLE_RANDOM_GO_top/48683.png" width="640" height="480">
  </image>
  <image id="61" name="rc19-experiment/INDOOR/SET_CIRCLE_RANDOM_GO_top/48680.png" width="640" height="480">
  </image>
  <image id="60" name="rc19-experiment/INDOOR/SET_CIRCLE_RANDOM_GO_top/48676.png" width="640" height="480">
  </image>
  <image id="59" name="rc19-experiment/INDOOR/SET_CIRCLE_RANDOM_GO_top/48672.png" width="640" height="480">
  </image>
  <image id="58" name="rc19-experiment/INDOOR/SET_CIRCLE_RANDOM_GO_top/48669.png" width="640" height="480">
  </image>
  <image id="57" name="rc19-experiment/INDOOR/SET_CIRCLE_RANDOM_GO_top/48666.png" width="640" height="480">
  </image>
  <image id="56" name="rc19-experiment/INDOOR/SET_CIRCLE_RANDOM_GO_top/48662.png" width="640" height="480">
  </image>
  <image id="55" name="rc19-experiment/INDOOR/SET_CIRCLE_RANDOM_GO_top/48659.png" width="640" height="480">
  </image>
  <image id="54" name="rc19-experiment/INDOOR/SET_CIRCLE_RANDOM_GO_top/48656.png" width="640" height="480">
  </image>
  <image id="53" name="rc19-experiment/INDOOR/SET_CIRCLE_RANDOM_GO_top/48652.png" width="640" height="480">
  </image>
  <image id="52" name="rc19-experiment/INDOOR/SET_CIRCLE_RANDOM_GO_top/48649.png" width="640" height="480">
  </image>
  <image id="51" name="rc19-experiment/INDOOR/SET_CIRCLE_RANDOM_GO_top/48645.png" width="640" height="480">
  </image>
  <image id="50" name="rc19-experiment/INDOOR/SET_CIRCLE_RANDOM_GO_top/48642.png" width="640" height="480">
  </image>
  <image id="49" name="rc19-experiment/INDOOR/SET_CIRCLE_RANDOM_GO_top/48639.png" width="640" height="480">
  </image>
  <image id="48" name="rc19-experiment/INDOOR/SET_CIRCLE_RANDOM_GO_top/48635.png" width="640" height="480">
  </image>
  <image id="47" name="rc19-experiment/INDOOR/SET_CIRCLE_RANDOM_GO_top/48632.png" width="640" height="480">
  </image>
  <image id="46" name="rc19-experiment/INDOOR/SET_CIRCLE_RANDOM_GO_top/48628.png" width="640" height="480">
  </image>
  <image id="45" name="rc19-experiment/INDOOR/SET_CIRCLE_RANDOM_GO_top/48625.png" width="640" height="480">
  </image>
  <image id="44" name="rc19-experiment/INDOOR/SET_CIRCLE_RANDOM_GO_top/48622.png" width="640" height="480">
  </image>
  <image id="43" name="rc19-experiment/INDOOR/SET_CIRCLE_RANDOM_GO_top/48618.png" width="640" height="480">
  </image>
  <image id="42" name="rc19-experiment/INDOOR/SET_CIRCLE_RANDOM_GO_top/48615.png" width="640" height="480">
  </image>
  <image id="41" name="rc19-experiment/INDOOR/SET_CIRCLE_RANDOM_GO_top/48611.png" width="640" height="480">
  </image>
  <image id="40" name="rc19-experiment/INDOOR/SET_CIRCLE_RANDOM_GO_top/48607.png" width="640" height="480">
  </image>
  <image id="39" name="rc19-experiment/INDOOR/SET_CIRCLE_RANDOM_GO_top/48604.png" width="640" height="480">
  </image>
  <image id="38" name="rc19-experiment/INDOOR/SET_CIRCLE_RANDOM_GO_top/48601.png" width="640" height="480">
  </image>
  <image id="37" name="rc19-experiment/INDOOR/SET_CIRCLE_RANDOM_GO_top/48597.png" width="640" height="480">
  </image>
  <image id="36" name="rc19-experiment/INDOOR/SET_CIRCLE_RANDOM_GO_top/48594.png" width="640" height="480">
  </image>
  <image id="35" name="rc19-experiment/INDOOR/SET_CIRCLE_RANDOM_GO_top/48591.png" width="640" height="480">
  </image>
  <image id="34" name="rc19-experiment/INDOOR/SET_CIRCLE_RANDOM_GO_top/48588.png" width="640" height="480">
  </image>
  <image id="33" name="rc19-experiment/INDOOR/SET_CIRCLE_RANDOM_GO_top/48584.png" width="640" height="480">
  </image>
  <image id="32" name="rc19-experiment/INDOOR/SET_CIRCLE_RANDOM_GO_top/48581.png" width="640" height="480">
  </image>
  <image id="31" name="rc19-experiment/INDOOR/SET_CIRCLE_RANDOM_GO_top/48577.png" width="640" height="480">
  </image>
  <image id="30" name="rc19-experiment/INDOOR/SET_CIRCLE_RANDOM_GO_top/48574.png" width="640" height="480">
  </image>
  <image id="29" name="rc19-experiment/INDOOR/SET_CIRCLE_RANDOM_GO_top/48571.png" width="640" height="480">
  </image>
  <image id="28" name="rc19-experiment/INDOOR/SET_CIRCLE_RANDOM_GO_top/48567.png" width="640" height="480">
  </image>
  <image id="27" name="rc19-experiment/INDOOR/SET_CIRCLE_RANDOM_GO_top/48563.png" width="640" height="480">
  </image>
  <image id="26" name="rc19-experiment/INDOOR/SET_CIRCLE_RANDOM_GO_top/48560.png" width="640" height="480">
  </image>
  <image id="25" name="rc19-experiment/INDOOR/SET_CIRCLE_RANDOM_GO_top/48557.png" width="640" height="480">
  </image>
  <image id="24" name="rc19-experiment/INDOOR/SET_CIRCLE_RANDOM_GO_top/48553.png" width="640" height="480">
  </image>
  <image id="23" name="rc19-experiment/INDOOR/SET_CIRCLE_RANDOM_GO_top/48550.png" width="640" height="480">
  </image>
  <image id="22" name="rc19-experiment/INDOOR/SET_CIRCLE_RANDOM_GO_top/48546.png" width="640" height="480">
  </image>
  <image id="21" name="rc19-experiment/INDOOR/SET_CIRCLE_RANDOM_GO_top/48543.png" width="640" height="480">
  </image>
  <image id="20" name="rc19-experiment/INDOOR/SET_CIRCLE_RANDOM_GO_top/48540.png" width="640" height="480">
  </image>
  <image id="19" name="rc19-experiment/INDOOR/SET_CIRCLE_RANDOM_GO_top/48537.png" width="640" height="480">
  </image>
  <image id="18" name="rc19-experiment/INDOOR/SET_CIRCLE_RANDOM_GO_top/48533.png" width="640" height="480">
  </image>
  <image id="17" name="rc19-experiment/INDOOR/SET_CIRCLE_RANDOM_GO_top/48530.png" width="640" height="480">
  </image>
  <image id="16" name="rc19-experiment/INDOOR/SET_CIRCLE_RANDOM_GO_top/48527.png" width="640" height="480">
  </image>
  <image id="15" name="rc19-experiment/INDOOR/SET_CIRCLE_RANDOM_GO_top/48523.png" width="640" height="480">
  </image>
  <image id="14" name="rc19-experiment/INDOOR/SET_CIRCLE_RANDOM_GO_top/48520.png" width="640" height="480">
  </image>
  <image id="13" name="rc19-experiment/INDOOR/SET_CIRCLE_RANDOM_GO_top/48516.png" width="640" height="480">
  </image>
  <image id="12" name="rc19-experiment/INDOOR/SET_CIRCLE_RANDOM_GO_top/48513.png" width="640" height="480">
  </image>
  <image id="11" name="rc19-experiment/INDOOR/SET_CIRCLE_RANDOM_GO_top/48509.png" width="640" height="480">
  </image>
  <image id="10" name="rc19-experiment/INDOOR/SET_CIRCLE_RANDOM_GO_top/48506.png" width="640" height="480">
  </image>
  <image id="9" name="rc19-experiment/INDOOR/SET_CIRCLE_RANDOM_GO_top/48503.png" width="640" height="480">
  </image>
  <image id="8" name="rc19-experiment/INDOOR/SET_CIRCLE_RANDOM_GO_top/48499.png" width="640" height="480">
  </image>
  <image id="7" name="rc19-experiment/INDOOR/SET_CIRCLE_RANDOM_GO_top/48495.png" width="640" height="480">
  </image>
  <image id="6" name="rc19-experiment/INDOOR/SET_CIRCLE_RANDOM_GO_top/48492.png" width="640" height="480">
  </image>
  <image id="5" name="rc19-experiment/INDOOR/SET_CIRCLE_RANDOM_GO_top/48489.png" width="640" height="480">
  </image>
  <image id="4" name="rc19-experiment/INDOOR/SET_CIRCLE_RANDOM_GO_top/48486.png" width="640" height="480">
  </image>
  <image id="3" name="rc19-experiment/INDOOR/SET_CIRCLE_RANDOM_GO_top/48482.png" width="640" height="480">
  </image>
  <image id="2" name="rc19-experiment/INDOOR/SET_CIRCLE_RANDOM_GO_top/48479.png" width="640" height="480">
  </image>
  <image id="1" name="rc19-experiment/INDOOR/SET_CIRCLE_RANDOM_GO_top/48475.png" width="640" height="480">
  </image>
  <image id="0" name="rc19-experiment/INDOOR/SET_CIRCLE_RANDOM_GO_top/48472.png" width="640" height="480">
  </image>
</annotations>