<?xml version="1.0" encoding="utf-8"?>
<annotations>
  <version>1.1</version>
  <meta>
    <task>
      <id>28</id>
      <name>RC19Experiments-INDOOR-SET_CIRCLE_RANDOM_GO_top</name>
      <size>424</size>
      <mode>annotation</mode>
      <overlap>0</overlap>
      <bugtracker></bugtracker>
      <created>2020-04-05 10:22:07.559418+00:00</created>
      <updated>2021-03-16 19:08:58.971645+00:00</updated>
      <start_frame>0</start_frame>
      <stop_frame>423</stop_frame>
      <frame_filter></frame_filter>
      <labels>
        <label>
          <name>ball</name>
          <color>#804080</color>
          <attributes>
            <attribute>
              <name>smudge</name>
              <mutable>False</mutable>
              <input_type>checkbox</input_type>
              <default_value>false</default_value>
              <values>false</values>
            </attribute>
          </attributes>
        </label>
      </labels>
      <segments>
        <segment>
          <id>28</id>
          <start>0</start>
          <stop>423</stop>
          <url>httpball.informatik.hu-berlin.de/?id=28</url>
        </segment>
      </segments>
      <owner>
        <username>nao</username>
        <email></email>
      </owner>
      <assignee></assignee>
    </task>
    <dumped>2021-03-16 19:09:23.897097+00:00</dumped>
  </meta>
  <image id="423" name="rc19-experiment/INDOOR/SET_CIRCLE_RANDOM_GO_top/49900.png" width="640" height="480">
    <box label="ball" occluded="0" source="manual" xtl="318.12" ytl="51.96" xbr="336.06" ybr="69.28" z_order="0">
      <attribute name="smudge">false</attribute>
    </box>
  </image>
  <image id="422" name="rc19-experiment/INDOOR/SET_CIRCLE_RANDOM_GO_top/49897.png" width="640" height="480">
    <box label="ball" occluded="0" source="manual" xtl="326.78" ytl="50.72" xbr="346.58" ybr="69.28" z_order="0">
      <attribute name="smudge">false</attribute>
    </box>
  </image>
  <image id="421" name="rc19-experiment/INDOOR/SET_CIRCLE_RANDOM_GO_top/49894.png" width="640" height="480">
    <box label="ball" occluded="0" source="manual" xtl="256.25" ytl="59.00" xbr="275.43" ybr="78.42" z_order="0">
      <attribute name="smudge">false</attribute>
    </box>
  </image>
  <image id="420" name="rc19-experiment/INDOOR/SET_CIRCLE_RANDOM_GO_top/49890.png" width="640" height="480">
    <box label="ball" occluded="0" source="manual" xtl="198.91" ytl="56.77" xbr="215.01" ybr="73.57" z_order="0">
      <attribute name="smudge">false</attribute>
    </box>
  </image>
  <image id="419" name="rc19-experiment/INDOOR/SET_CIRCLE_RANDOM_GO_top/49887.png" width="640" height="480">
    <box label="ball" occluded="0" source="manual" xtl="241.78" ytl="55.63" xbr="259.48" ybr="73.43" z_order="0">
      <attribute name="smudge">false</attribute>
    </box>
  </image>
  <image id="418" name="rc19-experiment/INDOOR/SET_CIRCLE_RANDOM_GO_top/49884.png" width="640" height="480">
    <box label="ball" occluded="0" source="manual" xtl="311.15" ytl="84.27" xbr="328.05" ybr="99.47" z_order="0">
      <attribute name="smudge">false</attribute>
    </box>
  </image>
  <image id="417" name="rc19-experiment/INDOOR/SET_CIRCLE_RANDOM_GO_top/49880.png" width="640" height="480">
    <box label="ball" occluded="0" source="manual" xtl="294.79" ytl="87.76" xbr="312.09" ybr="102.96" z_order="0">
      <attribute name="smudge">false</attribute>
    </box>
  </image>
  <image id="416" name="rc19-experiment/INDOOR/SET_CIRCLE_RANDOM_GO_top/49877.png" width="640" height="480">
    <box label="ball" occluded="0" source="manual" xtl="270.99" ytl="81.71" xbr="287.89" ybr="97.50" z_order="0">
      <attribute name="smudge">false</attribute>
    </box>
  </image>
  <image id="415" name="rc19-experiment/INDOOR/SET_CIRCLE_RANDOM_GO_top/49874.png" width="640" height="480">
    <box label="ball" occluded="0" source="manual" xtl="253.02" ytl="119.19" xbr="273.12" ybr="137.09" z_order="0">
      <attribute name="smudge">false</attribute>
    </box>
  </image>
  <image id="414" name="rc19-experiment/INDOOR/SET_CIRCLE_RANDOM_GO_top/49870.png" width="640" height="480">
    <box label="ball" occluded="0" source="manual" xtl="242.40" ytl="132.70" xbr="260.20" ybr="148.70" z_order="0">
      <attribute name="smudge">false</attribute>
    </box>
  </image>
  <image id="413" name="rc19-experiment/INDOOR/SET_CIRCLE_RANDOM_GO_top/49867.png" width="640" height="480">
    <box label="ball" occluded="0" source="manual" xtl="251.40" ytl="119.11" xbr="268.60" ybr="135.81" z_order="0">
      <attribute name="smudge">false</attribute>
    </box>
  </image>
  <image id="412" name="rc19-experiment/INDOOR/SET_CIRCLE_RANDOM_GO_top/49863.png" width="640" height="480">
    <box label="ball" occluded="0" source="manual" xtl="259.24" ytl="144.71" xbr="277.44" ybr="161.91" z_order="0">
      <attribute name="smudge">false</attribute>
    </box>
  </image>
  <image id="411" name="rc19-experiment/INDOOR/SET_CIRCLE_RANDOM_GO_top/49860.png" width="640" height="480">
    <box label="ball" occluded="0" source="manual" xtl="256.98" ytl="173.86" xbr="271.85" ybr="188.36" z_order="0">
      <attribute name="smudge">false</attribute>
    </box>
  </image>
  <image id="410" name="rc19-experiment/INDOOR/SET_CIRCLE_RANDOM_GO_top/49857.png" width="640" height="480">
    <box label="ball" occluded="0" source="manual" xtl="313.92" ytl="152.65" xbr="329.39" ybr="168.35" z_order="0">
      <attribute name="smudge">false</attribute>
    </box>
  </image>
  <image id="409" name="rc19-experiment/INDOOR/SET_CIRCLE_RANDOM_GO_top/49853.png" width="640" height="480">
    <box label="ball" occluded="0" source="manual" xtl="285.06" ytl="226.24" xbr="301.56" ybr="242.24" z_order="0">
      <attribute name="smudge">false</attribute>
    </box>
  </image>
  <image id="408" name="rc19-experiment/INDOOR/SET_CIRCLE_RANDOM_GO_top/49849.png" width="640" height="480">
  </image>
  <image id="407" name="rc19-experiment/INDOOR/SET_CIRCLE_RANDOM_GO_top/49846.png" width="640" height="480">
    <box label="ball" occluded="0" source="manual" xtl="251.14" ytl="346.04" xbr="267.44" ybr="361.64" z_order="0">
      <attribute name="smudge">false</attribute>
    </box>
  </image>
  <image id="406" name="rc19-experiment/INDOOR/SET_CIRCLE_RANDOM_GO_top/49843.png" width="640" height="480">
    <box label="ball" occluded="0" source="manual" xtl="300.10" ytl="277.17" xbr="315.81" ybr="291.55" z_order="0">
      <attribute name="smudge">false</attribute>
    </box>
  </image>
  <image id="405" name="rc19-experiment/INDOOR/SET_CIRCLE_RANDOM_GO_top/49840.png" width="640" height="480">
    <box label="ball" occluded="0" source="manual" xtl="317.80" ytl="271.61" xbr="334.93" ybr="286.46" z_order="0">
      <attribute name="smudge">false</attribute>
    </box>
  </image>
  <image id="404" name="rc19-experiment/INDOOR/SET_CIRCLE_RANDOM_GO_top/49836.png" width="640" height="480">
  </image>
  <image id="403" name="rc19-experiment/INDOOR/SET_CIRCLE_RANDOM_GO_top/49833.png" width="640" height="480">
  </image>
  <image id="402" name="rc19-experiment/INDOOR/SET_CIRCLE_RANDOM_GO_top/49830.png" width="640" height="480">
  </image>
  <image id="401" name="rc19-experiment/INDOOR/SET_CIRCLE_RANDOM_GO_top/49827.png" width="640" height="480">
  </image>
  <image id="400" name="rc19-experiment/INDOOR/SET_CIRCLE_RANDOM_GO_top/49824.png" width="640" height="480">
  </image>
  <image id="399" name="rc19-experiment/INDOOR/SET_CIRCLE_RANDOM_GO_top/49821.png" width="640" height="480">
  </image>
  <image id="398" name="rc19-experiment/INDOOR/SET_CIRCLE_RANDOM_GO_top/49817.png" width="640" height="480">
  </image>
  <image id="397" name="rc19-experiment/INDOOR/SET_CIRCLE_RANDOM_GO_top/49814.png" width="640" height="480">
  </image>
  <image id="396" name="rc19-experiment/INDOOR/SET_CIRCLE_RANDOM_GO_top/49811.png" width="640" height="480">
  </image>
  <image id="395" name="rc19-experiment/INDOOR/SET_CIRCLE_RANDOM_GO_top/49807.png" width="640" height="480">
  </image>
  <image id="394" name="rc19-experiment/INDOOR/SET_CIRCLE_RANDOM_GO_top/49804.png" width="640" height="480">
  </image>
  <image id="393" name="rc19-experiment/INDOOR/SET_CIRCLE_RANDOM_GO_top/49801.png" width="640" height="480">
  </image>
  <image id="392" name="rc19-experiment/INDOOR/SET_CIRCLE_RANDOM_GO_top/49798.png" width="640" height="480">
  </image>
  <image id="391" name="rc19-experiment/INDOOR/SET_CIRCLE_RANDOM_GO_top/49795.png" width="640" height="480">
  </image>
  <image id="390" name="rc19-experiment/INDOOR/SET_CIRCLE_RANDOM_GO_top/49792.png" width="640" height="480">
  </image>
  <image id="389" name="rc19-experiment/INDOOR/SET_CIRCLE_RANDOM_GO_top/49788.png" width="640" height="480">
  </image>
  <image id="388" name="rc19-experiment/INDOOR/SET_CIRCLE_RANDOM_GO_top/49785.png" width="640" height="480">
    <box label="ball" occluded="0" source="auto" xtl="38.23" ytl="443.62" xbr="116.54" ybr="480.00" z_order="0">
      <attribute name="smudge">false</attribute>
    </box>
  </image>
  <image id="387" name="rc19-experiment/INDOOR/SET_CIRCLE_RANDOM_GO_top/49782.png" width="640" height="480">
  </image>
  <image id="386" name="rc19-experiment/INDOOR/SET_CIRCLE_RANDOM_GO_top/49778.png" width="640" height="480">
    <box label="ball" occluded="0" source="auto" xtl="171.53" ytl="452.47" xbr="232.82" ybr="479.89" z_order="0">
      <attribute name="smudge">false</attribute>
    </box>
    <box label="ball" occluded="0" source="manual" xtl="175.73" ytl="275.09" xbr="186.28" ybr="287.92" z_order="0">
      <attribute name="smudge">false</attribute>
    </box>
  </image>
  <image id="385" name="rc19-experiment/INDOOR/SET_CIRCLE_RANDOM_GO_top/49775.png" width="640" height="480">
    <box label="ball" occluded="0" source="auto" xtl="167.57" ytl="442.51" xbr="230.30" ybr="480.00" z_order="0">
      <attribute name="smudge">false</attribute>
    </box>
    <box label="ball" occluded="0" source="manual" xtl="177.60" ytl="273.37" xbr="191.23" ybr="286.91" z_order="0">
      <attribute name="smudge">false</attribute>
    </box>
  </image>
  <image id="384" name="rc19-experiment/INDOOR/SET_CIRCLE_RANDOM_GO_top/49771.png" width="640" height="480">
    <box label="ball" occluded="0" source="manual" xtl="240.67" ytl="278.61" xbr="254.67" ybr="290.81" z_order="0">
      <attribute name="smudge">false</attribute>
    </box>
    <box label="ball" occluded="0" source="auto" xtl="241.67" ytl="442.85" xbr="302.25" ybr="480.00" z_order="0">
      <attribute name="smudge">false</attribute>
    </box>
  </image>
  <image id="383" name="rc19-experiment/INDOOR/SET_CIRCLE_RANDOM_GO_top/49768.png" width="640" height="480">
    <box label="ball" occluded="0" source="manual" xtl="246.57" ytl="266.40" xbr="258.77" ybr="277.70" z_order="0">
      <attribute name="smudge">false</attribute>
    </box>
    <box label="ball" occluded="0" source="auto" xtl="258.69" ytl="420.69" xbr="319.18" ybr="480.00" z_order="0">
      <attribute name="smudge">false</attribute>
    </box>
  </image>
  <image id="382" name="rc19-experiment/INDOOR/SET_CIRCLE_RANDOM_GO_top/49765.png" width="640" height="480">
    <box label="ball" occluded="0" source="auto" xtl="292.21" ytl="451.43" xbr="348.14" ybr="480.00" z_order="0">
      <attribute name="smudge">false</attribute>
    </box>
  </image>
  <image id="381" name="rc19-experiment/INDOOR/SET_CIRCLE_RANDOM_GO_top/49762.png" width="640" height="480">
    <box label="ball" occluded="0" source="manual" xtl="293.43" ytl="256.59" xbr="306.52" ybr="267.38" z_order="0">
      <attribute name="smudge">false</attribute>
    </box>
    <box label="ball" occluded="0" source="auto" xtl="298.54" ytl="405.86" xbr="354.11" ybr="462.29" z_order="0">
      <attribute name="smudge">false</attribute>
    </box>
  </image>
  <image id="380" name="rc19-experiment/INDOOR/SET_CIRCLE_RANDOM_GO_top/49758.png" width="640" height="480">
    <box label="ball" occluded="0" source="manual" xtl="271.77" ytl="324.55" xbr="284.47" ybr="336.55" z_order="0">
      <attribute name="smudge">false</attribute>
    </box>
  </image>
  <image id="379" name="rc19-experiment/INDOOR/SET_CIRCLE_RANDOM_GO_top/49755.png" width="640" height="480">
    <box label="ball" occluded="0" source="manual" xtl="288.40" ytl="419.58" xbr="345.47" ybr="479.99" z_order="0">
      <attribute name="smudge">false</attribute>
    </box>
  </image>
  <image id="378" name="rc19-experiment/INDOOR/SET_CIRCLE_RANDOM_GO_top/49751.png" width="640" height="480">
    <box label="ball" occluded="0" source="auto" xtl="334.01" ytl="427.63" xbr="387.22" ybr="480.00" z_order="0">
      <attribute name="smudge">false</attribute>
    </box>
  </image>
  <image id="377" name="rc19-experiment/INDOOR/SET_CIRCLE_RANDOM_GO_top/49747.png" width="640" height="480">
    <box label="ball" occluded="0" source="auto" xtl="272.35" ytl="379.12" xbr="323.70" ybr="430.75" z_order="0">
      <attribute name="smudge">false</attribute>
    </box>
    <box label="ball" occluded="0" source="manual" xtl="265.40" ytl="245.10" xbr="277.40" ybr="257.20" z_order="0">
      <attribute name="smudge">false</attribute>
    </box>
  </image>
  <image id="376" name="rc19-experiment/INDOOR/SET_CIRCLE_RANDOM_GO_top/49744.png" width="640" height="480">
    <box label="ball" occluded="0" source="auto" xtl="296.31" ytl="377.21" xbr="345.19" ybr="423.45" z_order="0">
      <attribute name="smudge">false</attribute>
    </box>
  </image>
  <image id="375" name="rc19-experiment/INDOOR/SET_CIRCLE_RANDOM_GO_top/49741.png" width="640" height="480">
  </image>
  <image id="374" name="rc19-experiment/INDOOR/SET_CIRCLE_RANDOM_GO_top/49738.png" width="640" height="480">
    <box label="ball" occluded="0" source="auto" xtl="327.97" ytl="357.68" xbr="374.88" ybr="406.49" z_order="0">
      <attribute name="smudge">false</attribute>
    </box>
    <box label="ball" occluded="0" source="manual" xtl="305.28" ytl="232.95" xbr="317.28" ybr="245.15" z_order="0">
      <attribute name="smudge">false</attribute>
    </box>
  </image>
  <image id="373" name="rc19-experiment/INDOOR/SET_CIRCLE_RANDOM_GO_top/49734.png" width="640" height="480">
    <box label="ball" occluded="0" source="auto" xtl="305.09" ytl="414.50" xbr="351.21" ybr="458.34" z_order="0">
      <attribute name="smudge">false</attribute>
    </box>
  </image>
  <image id="372" name="rc19-experiment/INDOOR/SET_CIRCLE_RANDOM_GO_top/49731.png" width="640" height="480">
    <box label="ball" occluded="0" source="auto" xtl="290.33" ytl="368.91" xbr="334.95" ybr="416.43" z_order="0">
      <attribute name="smudge">false</attribute>
    </box>
    <box label="ball" occluded="0" source="manual" xtl="276.02" ytl="250.54" xbr="286.92" ybr="261.84" z_order="0">
      <attribute name="smudge">false</attribute>
    </box>
  </image>
  <image id="371" name="rc19-experiment/INDOOR/SET_CIRCLE_RANDOM_GO_top/49727.png" width="640" height="480">
    <box label="ball" occluded="0" source="auto" xtl="351.26" ytl="400.46" xbr="393.42" ybr="443.62" z_order="0">
      <attribute name="smudge">false</attribute>
    </box>
  </image>
  <image id="370" name="rc19-experiment/INDOOR/SET_CIRCLE_RANDOM_GO_top/49724.png" width="640" height="480">
    <box label="ball" occluded="0" source="auto" xtl="337.81" ytl="413.36" xbr="382.71" ybr="465.81" z_order="0">
      <attribute name="smudge">false</attribute>
    </box>
  </image>
  <image id="369" name="rc19-experiment/INDOOR/SET_CIRCLE_RANDOM_GO_top/49720.png" width="640" height="480">
    <box label="ball" occluded="0" source="auto" xtl="273.93" ytl="330.30" xbr="315.12" ybr="369.98" z_order="0">
      <attribute name="smudge">false</attribute>
    </box>
  </image>
  <image id="368" name="rc19-experiment/INDOOR/SET_CIRCLE_RANDOM_GO_top/49716.png" width="640" height="480">
    <box label="ball" occluded="0" source="auto" xtl="308.39" ytl="358.11" xbr="349.22" ybr="401.79" z_order="0">
      <attribute name="smudge">false</attribute>
    </box>
  </image>
  <image id="367" name="rc19-experiment/INDOOR/SET_CIRCLE_RANDOM_GO_top/49713.png" width="640" height="480">
    <box label="ball" occluded="0" source="auto" xtl="340.90" ytl="337.24" xbr="380.39" ybr="374.33" z_order="0">
      <attribute name="smudge">false</attribute>
    </box>
  </image>
  <image id="366" name="rc19-experiment/INDOOR/SET_CIRCLE_RANDOM_GO_top/49709.png" width="640" height="480">
    <box label="ball" occluded="0" source="auto" xtl="342.60" ytl="433.22" xbr="383.07" ybr="479.59" z_order="0">
      <attribute name="smudge">false</attribute>
    </box>
  </image>
  <image id="365" name="rc19-experiment/INDOOR/SET_CIRCLE_RANDOM_GO_top/49706.png" width="640" height="480">
    <box label="ball" occluded="0" source="auto" xtl="328.52" ytl="341.85" xbr="365.65" ybr="380.45" z_order="0">
      <attribute name="smudge">false</attribute>
    </box>
  </image>
  <image id="364" name="rc19-experiment/INDOOR/SET_CIRCLE_RANDOM_GO_top/49703.png" width="640" height="480">
    <box label="ball" occluded="0" source="auto" xtl="319.25" ytl="393.99" xbr="356.40" ybr="429.99" z_order="0">
      <attribute name="smudge">false</attribute>
    </box>
  </image>
  <image id="363" name="rc19-experiment/INDOOR/SET_CIRCLE_RANDOM_GO_top/49700.png" width="640" height="480">
    <box label="ball" occluded="0" source="auto" xtl="310.56" ytl="336.13" xbr="348.84" ybr="374.86" z_order="0">
      <attribute name="smudge">false</attribute>
    </box>
  </image>
  <image id="362" name="rc19-experiment/INDOOR/SET_CIRCLE_RANDOM_GO_top/49696.png" width="640" height="480">
    <box label="ball" occluded="0" source="auto" xtl="324.63" ytl="356.53" xbr="364.15" ybr="394.43" z_order="0">
      <attribute name="smudge">false</attribute>
    </box>
  </image>
  <image id="361" name="rc19-experiment/INDOOR/SET_CIRCLE_RANDOM_GO_top/49693.png" width="640" height="480">
    <box label="ball" occluded="0" source="auto" xtl="329.77" ytl="409.58" xbr="369.34" ybr="451.59" z_order="0">
      <attribute name="smudge">false</attribute>
    </box>
  </image>
  <image id="360" name="rc19-experiment/INDOOR/SET_CIRCLE_RANDOM_GO_top/49689.png" width="640" height="480">
    <box label="ball" occluded="0" source="auto" xtl="297.82" ytl="294.64" xbr="334.70" ybr="332.04" z_order="0">
      <attribute name="smudge">false</attribute>
    </box>
  </image>
  <image id="359" name="rc19-experiment/INDOOR/SET_CIRCLE_RANDOM_GO_top/49686.png" width="640" height="480">
    <box label="ball" occluded="0" source="auto" xtl="342.66" ytl="358.07" xbr="380.87" ybr="397.49" z_order="0">
      <attribute name="smudge">false</attribute>
    </box>
  </image>
  <image id="358" name="rc19-experiment/INDOOR/SET_CIRCLE_RANDOM_GO_top/49683.png" width="640" height="480">
    <box label="ball" occluded="0" source="auto" xtl="398.34" ytl="313.88" xbr="438.07" ybr="354.82" z_order="0">
      <attribute name="smudge">false</attribute>
    </box>
  </image>
  <image id="357" name="rc19-experiment/INDOOR/SET_CIRCLE_RANDOM_GO_top/49679.png" width="640" height="480">
    <box label="ball" occluded="0" source="auto" xtl="374.73" ytl="357.36" xbr="414.06" ybr="396.24" z_order="0">
      <attribute name="smudge">false</attribute>
    </box>
  </image>
  <image id="356" name="rc19-experiment/INDOOR/SET_CIRCLE_RANDOM_GO_top/49675.png" width="640" height="480">
    <box label="ball" occluded="0" source="auto" xtl="325.52" ytl="387.06" xbr="365.73" ybr="433.32" z_order="0">
      <attribute name="smudge">false</attribute>
    </box>
  </image>
  <image id="355" name="rc19-experiment/INDOOR/SET_CIRCLE_RANDOM_GO_top/49672.png" width="640" height="480">
    <box label="ball" occluded="0" source="auto" xtl="325.04" ytl="350.44" xbr="365.27" ybr="389.07" z_order="0">
      <attribute name="smudge">false</attribute>
    </box>
  </image>
  <image id="354" name="rc19-experiment/INDOOR/SET_CIRCLE_RANDOM_GO_top/49669.png" width="640" height="480">
    <box label="ball" occluded="0" source="auto" xtl="281.20" ytl="416.93" xbr="321.56" ybr="457.27" z_order="0">
      <attribute name="smudge">false</attribute>
    </box>
  </image>
  <image id="353" name="rc19-experiment/INDOOR/SET_CIRCLE_RANDOM_GO_top/49665.png" width="640" height="480">
    <box label="ball" occluded="0" source="auto" xtl="289.38" ytl="364.77" xbr="333.44" ybr="405.57" z_order="0">
      <attribute name="smudge">false</attribute>
    </box>
  </image>
  <image id="352" name="rc19-experiment/INDOOR/SET_CIRCLE_RANDOM_GO_top/49662.png" width="640" height="480">
    <box label="ball" occluded="0" source="auto" xtl="334.92" ytl="430.23" xbr="379.80" ybr="479.03" z_order="0">
      <attribute name="smudge">false</attribute>
    </box>
  </image>
  <image id="351" name="rc19-experiment/INDOOR/SET_CIRCLE_RANDOM_GO_top/49659.png" width="640" height="480">
    <box label="ball" occluded="0" source="auto" xtl="302.47" ytl="400.54" xbr="349.72" ybr="452.04" z_order="0">
      <attribute name="smudge">false</attribute>
    </box>
  </image>
  <image id="350" name="rc19-experiment/INDOOR/SET_CIRCLE_RANDOM_GO_top/49655.png" width="640" height="480">
    <box label="ball" occluded="0" source="auto" xtl="314.66" ytl="457.99" xbr="362.97" ybr="479.71" z_order="0">
      <attribute name="smudge">false</attribute>
    </box>
  </image>
  <image id="349" name="rc19-experiment/INDOOR/SET_CIRCLE_RANDOM_GO_top/49652.png" width="640" height="480">
    <box label="ball" occluded="0" source="auto" xtl="318.70" ytl="438.93" xbr="373.83" ybr="480.00" z_order="0">
      <attribute name="smudge">false</attribute>
    </box>
  </image>
  <image id="348" name="rc19-experiment/INDOOR/SET_CIRCLE_RANDOM_GO_top/49648.png" width="640" height="480">
    <box label="ball" occluded="0" source="auto" xtl="294.90" ytl="335.26" xbr="353.51" ybr="396.54" z_order="0">
      <attribute name="smudge">false</attribute>
    </box>
  </image>
  <image id="347" name="rc19-experiment/INDOOR/SET_CIRCLE_RANDOM_GO_top/49645.png" width="640" height="480">
    <box label="ball" occluded="0" source="auto" xtl="274.15" ytl="279.65" xbr="334.63" ybr="343.57" z_order="0">
      <attribute name="smudge">false</attribute>
    </box>
  </image>
  <image id="346" name="rc19-experiment/INDOOR/SET_CIRCLE_RANDOM_GO_top/49642.png" width="640" height="480">
    <box label="ball" occluded="0" source="auto" xtl="262.71" ytl="256.32" xbr="330.58" ybr="326.66" z_order="0">
      <attribute name="smudge">false</attribute>
    </box>
  </image>
  <image id="345" name="rc19-experiment/INDOOR/SET_CIRCLE_RANDOM_GO_top/49638.png" width="640" height="480">
    <box label="ball" occluded="0" source="auto" xtl="270.34" ytl="287.06" xbr="346.84" ybr="362.88" z_order="0">
      <attribute name="smudge">false</attribute>
    </box>
  </image>
  <image id="344" name="rc19-experiment/INDOOR/SET_CIRCLE_RANDOM_GO_top/49635.png" width="640" height="480">
    <box label="ball" occluded="0" source="auto" xtl="298.28" ytl="330.30" xbr="378.76" ybr="413.32" z_order="0">
      <attribute name="smudge">false</attribute>
    </box>
  </image>
  <image id="343" name="rc19-experiment/INDOOR/SET_CIRCLE_RANDOM_GO_top/49631.png" width="640" height="480">
    <box label="ball" occluded="0" source="auto" xtl="267.05" ytl="424.33" xbr="369.04" ybr="478.83" z_order="0">
      <attribute name="smudge">false</attribute>
    </box>
  </image>
  <image id="342" name="rc19-experiment/INDOOR/SET_CIRCLE_RANDOM_GO_top/49628.png" width="640" height="480">
  </image>
  <image id="341" name="rc19-experiment/INDOOR/SET_CIRCLE_RANDOM_GO_top/49624.png" width="640" height="480">
  </image>
  <image id="340" name="rc19-experiment/INDOOR/SET_CIRCLE_RANDOM_GO_top/49621.png" width="640" height="480">
  </image>
  <image id="339" name="rc19-experiment/INDOOR/SET_CIRCLE_RANDOM_GO_top/49618.png" width="640" height="480">
  </image>
  <image id="338" name="rc19-experiment/INDOOR/SET_CIRCLE_RANDOM_GO_top/49615.png" width="640" height="480">
  </image>
  <image id="337" name="rc19-experiment/INDOOR/SET_CIRCLE_RANDOM_GO_top/49611.png" width="640" height="480">
  </image>
  <image id="336" name="rc19-experiment/INDOOR/SET_CIRCLE_RANDOM_GO_top/49608.png" width="640" height="480">
  </image>
  <image id="335" name="rc19-experiment/INDOOR/SET_CIRCLE_RANDOM_GO_top/49604.png" width="640" height="480">
  </image>
  <image id="334" name="rc19-experiment/INDOOR/SET_CIRCLE_RANDOM_GO_top/49601.png" width="640" height="480">
  </image>
  <image id="333" name="rc19-experiment/INDOOR/SET_CIRCLE_RANDOM_GO_top/49598.png" width="640" height="480">
  </image>
  <image id="332" name="rc19-experiment/INDOOR/SET_CIRCLE_RANDOM_GO_top/49595.png" width="640" height="480">
  </image>
  <image id="331" name="rc19-experiment/INDOOR/SET_CIRCLE_RANDOM_GO_top/49591.png" width="640" height="480">
  </image>
  <image id="330" name="rc19-experiment/INDOOR/SET_CIRCLE_RANDOM_GO_top/49588.png" width="640" height="480">
  </image>
  <image id="329" name="rc19-experiment/INDOOR/SET_CIRCLE_RANDOM_GO_top/49584.png" width="640" height="480">
  </image>
  <image id="328" name="rc19-experiment/INDOOR/SET_CIRCLE_RANDOM_GO_top/49581.png" width="640" height="480">
  </image>
  <image id="327" name="rc19-experiment/INDOOR/SET_CIRCLE_RANDOM_GO_top/49578.png" width="640" height="480">
  </image>
  <image id="326" name="rc19-experiment/INDOOR/SET_CIRCLE_RANDOM_GO_top/49574.png" width="640" height="480">
  </image>
  <image id="325" name="rc19-experiment/INDOOR/SET_CIRCLE_RANDOM_GO_top/49571.png" width="640" height="480">
  </image>
  <image id="324" name="rc19-experiment/INDOOR/SET_CIRCLE_RANDOM_GO_top/49568.png" width="640" height="480">
  </image>
  <image id="323" name="rc19-experiment/INDOOR/SET_CIRCLE_RANDOM_GO_top/49564.png" width="640" height="480">
  </image>
  <image id="322" name="rc19-experiment/INDOOR/SET_CIRCLE_RANDOM_GO_top/49561.png" width="640" height="480">
  </image>
  <image id="321" name="rc19-experiment/INDOOR/SET_CIRCLE_RANDOM_GO_top/49558.png" width="640" height="480">
  </image>
  <image id="320" name="rc19-experiment/INDOOR/SET_CIRCLE_RANDOM_GO_top/49554.png" width="640" height="480">
  </image>
  <image id="319" name="rc19-experiment/INDOOR/SET_CIRCLE_RANDOM_GO_top/49551.png" width="640" height="480">
  </image>
  <image id="318" name="rc19-experiment/INDOOR/SET_CIRCLE_RANDOM_GO_top/49547.png" width="640" height="480">
  </image>
  <image id="317" name="rc19-experiment/INDOOR/SET_CIRCLE_RANDOM_GO_top/49544.png" width="640" height="480">
  </image>
  <image id="316" name="rc19-experiment/INDOOR/SET_CIRCLE_RANDOM_GO_top/49541.png" width="640" height="480">
  </image>
  <image id="315" name="rc19-experiment/INDOOR/SET_CIRCLE_RANDOM_GO_top/49538.png" width="640" height="480">
  </image>
  <image id="314" name="rc19-experiment/INDOOR/SET_CIRCLE_RANDOM_GO_top/49534.png" width="640" height="480">
  </image>
  <image id="313" name="rc19-experiment/INDOOR/SET_CIRCLE_RANDOM_GO_top/49531.png" width="640" height="480">
  </image>
  <image id="312" name="rc19-experiment/INDOOR/SET_CIRCLE_RANDOM_GO_top/49528.png" width="640" height="480">
  </image>
  <image id="311" name="rc19-experiment/INDOOR/SET_CIRCLE_RANDOM_GO_top/49524.png" width="640" height="480">
  </image>
  <image id="310" name="rc19-experiment/INDOOR/SET_CIRCLE_RANDOM_GO_top/49521.png" width="640" height="480">
  </image>
  <image id="309" name="rc19-experiment/INDOOR/SET_CIRCLE_RANDOM_GO_top/49518.png" width="640" height="480">
  </image>
  <image id="308" name="rc19-experiment/INDOOR/SET_CIRCLE_RANDOM_GO_top/49514.png" width="640" height="480">
  </image>
  <image id="307" name="rc19-experiment/INDOOR/SET_CIRCLE_RANDOM_GO_top/49511.png" width="640" height="480">
  </image>
  <image id="306" name="rc19-experiment/INDOOR/SET_CIRCLE_RANDOM_GO_top/49507.png" width="640" height="480">
  </image>
  <image id="305" name="rc19-experiment/INDOOR/SET_CIRCLE_RANDOM_GO_top/49504.png" width="640" height="480">
  </image>
  <image id="304" name="rc19-experiment/INDOOR/SET_CIRCLE_RANDOM_GO_top/49500.png" width="640" height="480">
  </image>
  <image id="303" name="rc19-experiment/INDOOR/SET_CIRCLE_RANDOM_GO_top/49497.png" width="640" height="480">
  </image>
  <image id="302" name="rc19-experiment/INDOOR/SET_CIRCLE_RANDOM_GO_top/49494.png" width="640" height="480">
  </image>
  <image id="301" name="rc19-experiment/INDOOR/SET_CIRCLE_RANDOM_GO_top/49491.png" width="640" height="480">
  </image>
  <image id="300" name="rc19-experiment/INDOOR/SET_CIRCLE_RANDOM_GO_top/49487.png" width="640" height="480">
  </image>
  <image id="299" name="rc19-experiment/INDOOR/SET_CIRCLE_RANDOM_GO_top/49484.png" width="640" height="480">
  </image>
  <image id="298" name="rc19-experiment/INDOOR/SET_CIRCLE_RANDOM_GO_top/49481.png" width="640" height="480">
  </image>
  <image id="297" name="rc19-experiment/INDOOR/SET_CIRCLE_RANDOM_GO_top/49477.png" width="640" height="480">
  </image>
  <image id="296" name="rc19-experiment/INDOOR/SET_CIRCLE_RANDOM_GO_top/49474.png" width="640" height="480">
  </image>
  <image id="295" name="rc19-experiment/INDOOR/SET_CIRCLE_RANDOM_GO_top/49471.png" width="640" height="480">
  </image>
  <image id="294" name="rc19-experiment/INDOOR/SET_CIRCLE_RANDOM_GO_top/49468.png" width="640" height="480">
  </image>
  <image id="293" name="rc19-experiment/INDOOR/SET_CIRCLE_RANDOM_GO_top/49464.png" width="640" height="480">
  </image>
  <image id="292" name="rc19-experiment/INDOOR/SET_CIRCLE_RANDOM_GO_top/49460.png" width="640" height="480">
  </image>
  <image id="291" name="rc19-experiment/INDOOR/SET_CIRCLE_RANDOM_GO_top/49457.png" width="640" height="480">
  </image>
  <image id="290" name="rc19-experiment/INDOOR/SET_CIRCLE_RANDOM_GO_top/49453.png" width="640" height="480">
  </image>
  <image id="289" name="rc19-experiment/INDOOR/SET_CIRCLE_RANDOM_GO_top/49450.png" width="640" height="480">
  </image>
  <image id="288" name="rc19-experiment/INDOOR/SET_CIRCLE_RANDOM_GO_top/49446.png" width="640" height="480">
  </image>
  <image id="287" name="rc19-experiment/INDOOR/SET_CIRCLE_RANDOM_GO_top/49443.png" width="640" height="480">
  </image>
  <image id="286" name="rc19-experiment/INDOOR/SET_CIRCLE_RANDOM_GO_top/49440.png" width="640" height="480">
  </image>
  <image id="285" name="rc19-experiment/INDOOR/SET_CIRCLE_RANDOM_GO_top/49436.png" width="640" height="480">
  </image>
  <image id="284" name="rc19-experiment/INDOOR/SET_CIRCLE_RANDOM_GO_top/49433.png" width="640" height="480">
  </image>
  <image id="283" name="rc19-experiment/INDOOR/SET_CIRCLE_RANDOM_GO_top/49430.png" width="640" height="480">
  </image>
  <image id="282" name="rc19-experiment/INDOOR/SET_CIRCLE_RANDOM_GO_top/49426.png" width="640" height="480">
  </image>
  <image id="281" name="rc19-experiment/INDOOR/SET_CIRCLE_RANDOM_GO_top/49423.png" width="640" height="480">
  </image>
  <image id="280" name="rc19-experiment/INDOOR/SET_CIRCLE_RANDOM_GO_top/49419.png" width="640" height="480">
  </image>
  <image id="279" name="rc19-experiment/INDOOR/SET_CIRCLE_RANDOM_GO_top/49416.png" width="640" height="480">
  </image>
  <image id="278" name="rc19-experiment/INDOOR/SET_CIRCLE_RANDOM_GO_top/49413.png" width="640" height="480">
  </image>
  <image id="277" name="rc19-experiment/INDOOR/SET_CIRCLE_RANDOM_GO_top/49409.png" width="640" height="480">
  </image>
  <image id="276" name="rc19-experiment/INDOOR/SET_CIRCLE_RANDOM_GO_top/49406.png" width="640" height="480">
  </image>
  <image id="275" name="rc19-experiment/INDOOR/SET_CIRCLE_RANDOM_GO_top/49402.png" width="640" height="480">
    <box label="ball" occluded="0" source="auto" xtl="175.53" ytl="420.84" xbr="306.42" ybr="480.00" z_order="0">
      <attribute name="smudge">false</attribute>
    </box>
  </image>
  <image id="274" name="rc19-experiment/INDOOR/SET_CIRCLE_RANDOM_GO_top/49399.png" width="640" height="480">
  </image>
  <image id="273" name="rc19-experiment/INDOOR/SET_CIRCLE_RANDOM_GO_top/49395.png" width="640" height="480">
    <box label="ball" occluded="0" source="auto" xtl="295.83" ytl="443.85" xbr="403.17" ybr="479.78" z_order="0">
      <attribute name="smudge">false</attribute>
    </box>
  </image>
  <image id="272" name="rc19-experiment/INDOOR/SET_CIRCLE_RANDOM_GO_top/49392.png" width="640" height="480">
    <box label="ball" occluded="0" source="auto" xtl="298.00" ytl="438.96" xbr="401.11" ybr="478.91" z_order="0">
      <attribute name="smudge">false</attribute>
    </box>
  </image>
  <image id="271" name="rc19-experiment/INDOOR/SET_CIRCLE_RANDOM_GO_top/49389.png" width="640" height="480">
    <box label="ball" occluded="0" source="auto" xtl="269.74" ytl="311.18" xbr="380.70" ybr="422.47" z_order="0">
      <attribute name="smudge">false</attribute>
    </box>
  </image>
  <image id="270" name="rc19-experiment/INDOOR/SET_CIRCLE_RANDOM_GO_top/49385.png" width="640" height="480">
    <box label="ball" occluded="0" source="auto" xtl="290.67" ytl="439.12" xbr="391.05" ybr="479.20" z_order="0">
      <attribute name="smudge">false</attribute>
    </box>
  </image>
  <image id="269" name="rc19-experiment/INDOOR/SET_CIRCLE_RANDOM_GO_top/49382.png" width="640" height="480">
  </image>
  <image id="268" name="rc19-experiment/INDOOR/SET_CIRCLE_RANDOM_GO_top/49378.png" width="640" height="480">
  </image>
  <image id="267" name="rc19-experiment/INDOOR/SET_CIRCLE_RANDOM_GO_top/49374.png" width="640" height="480">
  </image>
  <image id="266" name="rc19-experiment/INDOOR/SET_CIRCLE_RANDOM_GO_top/49371.png" width="640" height="480">
  </image>
  <image id="265" name="rc19-experiment/INDOOR/SET_CIRCLE_RANDOM_GO_top/49368.png" width="640" height="480">
  </image>
  <image id="264" name="rc19-experiment/INDOOR/SET_CIRCLE_RANDOM_GO_top/49364.png" width="640" height="480">
  </image>
  <image id="263" name="rc19-experiment/INDOOR/SET_CIRCLE_RANDOM_GO_top/49361.png" width="640" height="480">
  </image>
  <image id="262" name="rc19-experiment/INDOOR/SET_CIRCLE_RANDOM_GO_top/49358.png" width="640" height="480">
  </image>
  <image id="261" name="rc19-experiment/INDOOR/SET_CIRCLE_RANDOM_GO_top/49355.png" width="640" height="480">
  </image>
  <image id="260" name="rc19-experiment/INDOOR/SET_CIRCLE_RANDOM_GO_top/49351.png" width="640" height="480">
  </image>
  <image id="259" name="rc19-experiment/INDOOR/SET_CIRCLE_RANDOM_GO_top/49348.png" width="640" height="480">
    <box label="ball" occluded="0" source="auto" xtl="260.05" ytl="435.63" xbr="335.30" ybr="480.00" z_order="0">
      <attribute name="smudge">false</attribute>
    </box>
  </image>
  <image id="258" name="rc19-experiment/INDOOR/SET_CIRCLE_RANDOM_GO_top/49344.png" width="640" height="480">
  </image>
  <image id="257" name="rc19-experiment/INDOOR/SET_CIRCLE_RANDOM_GO_top/49341.png" width="640" height="480">
  </image>
  <image id="256" name="rc19-experiment/INDOOR/SET_CIRCLE_RANDOM_GO_top/49337.png" width="640" height="480">
    <box label="ball" occluded="0" source="auto" xtl="340.41" ytl="425.46" xbr="415.40" ybr="480.00" z_order="0">
      <attribute name="smudge">false</attribute>
    </box>
  </image>
  <image id="255" name="rc19-experiment/INDOOR/SET_CIRCLE_RANDOM_GO_top/49334.png" width="640" height="480">
    <box label="ball" occluded="0" source="auto" xtl="430.08" ytl="375.89" xbr="507.28" ybr="451.10" z_order="0">
      <attribute name="smudge">false</attribute>
    </box>
  </image>
  <image id="254" name="rc19-experiment/INDOOR/SET_CIRCLE_RANDOM_GO_top/49331.png" width="640" height="480">
    <box label="ball" occluded="0" source="auto" xtl="570.30" ytl="334.63" xbr="639.15" ybr="401.71" z_order="0">
      <attribute name="smudge">false</attribute>
    </box>
  </image>
  <image id="253" name="rc19-experiment/INDOOR/SET_CIRCLE_RANDOM_GO_top/49327.png" width="640" height="480">
  </image>
  <image id="252" name="rc19-experiment/INDOOR/SET_CIRCLE_RANDOM_GO_top/49324.png" width="640" height="480">
  </image>
  <image id="251" name="rc19-experiment/INDOOR/SET_CIRCLE_RANDOM_GO_top/49320.png" width="640" height="480">
  </image>
  <image id="250" name="rc19-experiment/INDOOR/SET_CIRCLE_RANDOM_GO_top/49317.png" width="640" height="480">
  </image>
  <image id="249" name="rc19-experiment/INDOOR/SET_CIRCLE_RANDOM_GO_top/49314.png" width="640" height="480">
  </image>
  <image id="248" name="rc19-experiment/INDOOR/SET_CIRCLE_RANDOM_GO_top/49310.png" width="640" height="480">
  </image>
  <image id="247" name="rc19-experiment/INDOOR/SET_CIRCLE_RANDOM_GO_top/49306.png" width="640" height="480">
  </image>
  <image id="246" name="rc19-experiment/INDOOR/SET_CIRCLE_RANDOM_GO_top/49303.png" width="640" height="480">
  </image>
  <image id="245" name="rc19-experiment/INDOOR/SET_CIRCLE_RANDOM_GO_top/49300.png" width="640" height="480">
  </image>
  <image id="244" name="rc19-experiment/INDOOR/SET_CIRCLE_RANDOM_GO_top/49296.png" width="640" height="480">
  </image>
  <image id="243" name="rc19-experiment/INDOOR/SET_CIRCLE_RANDOM_GO_top/49293.png" width="640" height="480">
    <box label="ball" occluded="0" source="auto" xtl="548.26" ytl="368.45" xbr="612.36" ybr="429.00" z_order="0">
      <attribute name="smudge">false</attribute>
    </box>
  </image>
  <image id="242" name="rc19-experiment/INDOOR/SET_CIRCLE_RANDOM_GO_top/49290.png" width="640" height="480">
    <box label="ball" occluded="0" source="auto" xtl="513.26" ytl="352.99" xbr="565.83" ybr="402.52" z_order="0">
      <attribute name="smudge">false</attribute>
    </box>
  </image>
  <image id="241" name="rc19-experiment/INDOOR/SET_CIRCLE_RANDOM_GO_top/49286.png" width="640" height="480">
    <box label="ball" occluded="0" source="auto" xtl="432.93" ytl="355.51" xbr="480.59" ybr="404.89" z_order="0">
      <attribute name="smudge">false</attribute>
    </box>
  </image>
  <image id="240" name="rc19-experiment/INDOOR/SET_CIRCLE_RANDOM_GO_top/49283.png" width="640" height="480">
    <box label="ball" occluded="0" source="auto" xtl="354.01" ytl="315.23" xbr="401.52" ybr="359.99" z_order="0">
      <attribute name="smudge">false</attribute>
    </box>
  </image>
  <image id="239" name="rc19-experiment/INDOOR/SET_CIRCLE_RANDOM_GO_top/49279.png" width="640" height="480">
    <box label="ball" occluded="0" source="auto" xtl="349.10" ytl="400.75" xbr="394.57" ybr="448.03" z_order="0">
      <attribute name="smudge">false</attribute>
    </box>
  </image>
  <image id="238" name="rc19-experiment/INDOOR/SET_CIRCLE_RANDOM_GO_top/49276.png" width="640" height="480">
    <box label="ball" occluded="0" source="auto" xtl="279.60" ytl="320.99" xbr="322.93" ybr="363.76" z_order="0">
      <attribute name="smudge">false</attribute>
    </box>
  </image>
  <image id="237" name="rc19-experiment/INDOOR/SET_CIRCLE_RANDOM_GO_top/49272.png" width="640" height="480">
    <box label="ball" occluded="0" source="auto" xtl="262.21" ytl="380.18" xbr="307.46" ybr="423.45" z_order="0">
      <attribute name="smudge">false</attribute>
    </box>
  </image>
  <image id="236" name="rc19-experiment/INDOOR/SET_CIRCLE_RANDOM_GO_top/49269.png" width="640" height="480">
    <box label="ball" occluded="0" source="auto" xtl="327.29" ytl="312.29" xbr="369.36" ybr="357.33" z_order="0">
      <attribute name="smudge">false</attribute>
    </box>
  </image>
  <image id="235" name="rc19-experiment/INDOOR/SET_CIRCLE_RANDOM_GO_top/49266.png" width="640" height="480">
    <box label="ball" occluded="0" source="auto" xtl="274.75" ytl="318.03" xbr="316.18" ybr="360.26" z_order="0">
      <attribute name="smudge">false</attribute>
    </box>
  </image>
  <image id="234" name="rc19-experiment/INDOOR/SET_CIRCLE_RANDOM_GO_top/49262.png" width="640" height="480">
    <box label="ball" occluded="0" source="auto" xtl="306.62" ytl="320.75" xbr="350.54" ybr="361.49" z_order="0">
      <attribute name="smudge">false</attribute>
    </box>
  </image>
  <image id="233" name="rc19-experiment/INDOOR/SET_CIRCLE_RANDOM_GO_top/49259.png" width="640" height="480">
    <box label="ball" occluded="0" source="auto" xtl="371.69" ytl="291.94" xbr="415.19" ybr="330.68" z_order="0">
      <attribute name="smudge">false</attribute>
    </box>
  </image>
  <image id="232" name="rc19-experiment/INDOOR/SET_CIRCLE_RANDOM_GO_top/49255.png" width="640" height="480">
    <box label="ball" occluded="0" source="manual" xtl="366.99" ytl="441.03" xbr="405.34" ybr="478.14" z_order="0">
      <attribute name="smudge">false</attribute>
    </box>
  </image>
  <image id="231" name="rc19-experiment/INDOOR/SET_CIRCLE_RANDOM_GO_top/49252.png" width="640" height="480">
    <box label="ball" occluded="0" source="auto" xtl="308.30" ytl="320.80" xbr="346.42" ybr="360.42" z_order="0">
      <attribute name="smudge">false</attribute>
    </box>
  </image>
  <image id="230" name="rc19-experiment/INDOOR/SET_CIRCLE_RANDOM_GO_top/49249.png" width="640" height="480">
    <box label="ball" occluded="0" source="auto" xtl="281.77" ytl="366.29" xbr="317.80" ybr="402.59" z_order="0">
      <attribute name="smudge">false</attribute>
    </box>
  </image>
  <image id="229" name="rc19-experiment/INDOOR/SET_CIRCLE_RANDOM_GO_top/49245.png" width="640" height="480">
    <box label="ball" occluded="0" source="auto" xtl="320.86" ytl="322.54" xbr="356.65" ybr="357.40" z_order="0">
      <attribute name="smudge">false</attribute>
    </box>
  </image>
  <image id="228" name="rc19-experiment/INDOOR/SET_CIRCLE_RANDOM_GO_top/49242.png" width="640" height="480">
    <box label="ball" occluded="0" source="auto" xtl="353.80" ytl="351.96" xbr="388.16" ybr="385.06" z_order="0">
      <attribute name="smudge">false</attribute>
    </box>
  </image>
  <image id="227" name="rc19-experiment/INDOOR/SET_CIRCLE_RANDOM_GO_top/49239.png" width="640" height="480">
    <box label="ball" occluded="0" source="auto" xtl="329.97" ytl="415.70" xbr="366.86" ybr="450.99" z_order="0">
      <attribute name="smudge">false</attribute>
    </box>
  </image>
  <image id="226" name="rc19-experiment/INDOOR/SET_CIRCLE_RANDOM_GO_top/49235.png" width="640" height="480">
    <box label="ball" occluded="0" source="auto" xtl="257.43" ytl="294.48" xbr="293.44" ybr="329.47" z_order="0">
      <attribute name="smudge">false</attribute>
    </box>
  </image>
  <image id="225" name="rc19-experiment/INDOOR/SET_CIRCLE_RANDOM_GO_top/49232.png" width="640" height="480">
    <box label="ball" occluded="0" source="auto" xtl="318.79" ytl="355.04" xbr="353.29" ybr="392.31" z_order="0">
      <attribute name="smudge">false</attribute>
    </box>
  </image>
  <image id="224" name="rc19-experiment/INDOOR/SET_CIRCLE_RANDOM_GO_top/49228.png" width="640" height="480">
    <box label="ball" occluded="0" source="auto" xtl="328.76" ytl="304.96" xbr="365.99" ybr="338.65" z_order="0">
      <attribute name="smudge">false</attribute>
    </box>
  </image>
  <image id="223" name="rc19-experiment/INDOOR/SET_CIRCLE_RANDOM_GO_top/49225.png" width="640" height="480">
    <box label="ball" occluded="0" source="auto" xtl="281.08" ytl="348.08" xbr="315.14" ybr="380.37" z_order="0">
      <attribute name="smudge">false</attribute>
    </box>
  </image>
  <image id="222" name="rc19-experiment/INDOOR/SET_CIRCLE_RANDOM_GO_top/49221.png" width="640" height="480">
    <box label="ball" occluded="0" source="auto" xtl="329.45" ytl="322.13" xbr="364.61" ybr="357.73" z_order="0">
      <attribute name="smudge">false</attribute>
    </box>
  </image>
  <image id="221" name="rc19-experiment/INDOOR/SET_CIRCLE_RANDOM_GO_top/49218.png" width="640" height="480">
    <box label="ball" occluded="0" source="auto" xtl="321.24" ytl="311.99" xbr="355.25" ybr="345.60" z_order="0">
      <attribute name="smudge">false</attribute>
    </box>
  </image>
  <image id="220" name="rc19-experiment/INDOOR/SET_CIRCLE_RANDOM_GO_top/49214.png" width="640" height="480">
    <box label="ball" occluded="0" source="auto" xtl="293.69" ytl="320.96" xbr="326.59" ybr="354.40" z_order="0">
      <attribute name="smudge">false</attribute>
    </box>
  </image>
  <image id="219" name="rc19-experiment/INDOOR/SET_CIRCLE_RANDOM_GO_top/49211.png" width="640" height="480">
    <box label="ball" occluded="0" source="auto" xtl="266.64" ytl="275.52" xbr="302.75" ybr="307.20" z_order="0">
      <attribute name="smudge">false</attribute>
    </box>
  </image>
  <image id="218" name="rc19-experiment/INDOOR/SET_CIRCLE_RANDOM_GO_top/49208.png" width="640" height="480">
    <box label="ball" occluded="0" source="auto" xtl="276.50" ytl="362.85" xbr="309.94" ybr="396.08" z_order="0">
      <attribute name="smudge">false</attribute>
    </box>
  </image>
  <image id="217" name="rc19-experiment/INDOOR/SET_CIRCLE_RANDOM_GO_top/49204.png" width="640" height="480">
    <box label="ball" occluded="0" source="auto" xtl="288.89" ytl="331.77" xbr="324.06" ybr="371.13" z_order="0">
      <attribute name="smudge">false</attribute>
    </box>
  </image>
  <image id="216" name="rc19-experiment/INDOOR/SET_CIRCLE_RANDOM_GO_top/49201.png" width="640" height="480">
    <box label="ball" occluded="0" source="auto" xtl="270.70" ytl="318.78" xbr="304.23" ybr="353.90" z_order="0">
      <attribute name="smudge">false</attribute>
    </box>
  </image>
  <image id="215" name="rc19-experiment/INDOOR/SET_CIRCLE_RANDOM_GO_top/49197.png" width="640" height="480">
    <box label="ball" occluded="0" source="auto" xtl="228.69" ytl="359.69" xbr="262.69" ybr="394.21" z_order="0">
      <attribute name="smudge">false</attribute>
    </box>
  </image>
  <image id="214" name="rc19-experiment/INDOOR/SET_CIRCLE_RANDOM_GO_top/49194.png" width="640" height="480">
    <box label="ball" occluded="0" source="auto" xtl="252.26" ytl="362.79" xbr="287.60" ybr="396.17" z_order="0">
      <attribute name="smudge">false</attribute>
    </box>
  </image>
  <image id="213" name="rc19-experiment/INDOOR/SET_CIRCLE_RANDOM_GO_top/49191.png" width="640" height="480">
    <box label="ball" occluded="0" source="auto" xtl="206.62" ytl="403.15" xbr="245.81" ybr="440.55" z_order="0">
      <attribute name="smudge">false</attribute>
    </box>
  </image>
  <image id="212" name="rc19-experiment/INDOOR/SET_CIRCLE_RANDOM_GO_top/49187.png" width="640" height="480">
    <box label="ball" occluded="0" source="auto" xtl="264.00" ytl="376.91" xbr="303.39" ybr="413.66" z_order="0">
      <attribute name="smudge">false</attribute>
    </box>
  </image>
  <image id="211" name="rc19-experiment/INDOOR/SET_CIRCLE_RANDOM_GO_top/49184.png" width="640" height="480">
    <box label="ball" occluded="0" source="auto" xtl="320.22" ytl="375.04" xbr="359.50" ybr="413.97" z_order="0">
      <attribute name="smudge">false</attribute>
    </box>
  </image>
  <image id="210" name="rc19-experiment/INDOOR/SET_CIRCLE_RANDOM_GO_top/49181.png" width="640" height="480">
    <box label="ball" occluded="0" source="auto" xtl="274.35" ytl="371.05" xbr="316.80" ybr="413.01" z_order="0">
      <attribute name="smudge">false</attribute>
    </box>
  </image>
  <image id="209" name="rc19-experiment/INDOOR/SET_CIRCLE_RANDOM_GO_top/49177.png" width="640" height="480">
    <box label="ball" occluded="0" source="auto" xtl="334.26" ytl="381.03" xbr="380.82" ybr="423.09" z_order="0">
      <attribute name="smudge">false</attribute>
    </box>
  </image>
  <image id="208" name="rc19-experiment/INDOOR/SET_CIRCLE_RANDOM_GO_top/49173.png" width="640" height="480">
    <box label="ball" occluded="0" source="auto" xtl="332.61" ytl="379.54" xbr="378.39" ybr="425.22" z_order="0">
      <attribute name="smudge">false</attribute>
    </box>
  </image>
  <image id="207" name="rc19-experiment/INDOOR/SET_CIRCLE_RANDOM_GO_top/49170.png" width="640" height="480">
    <box label="ball" occluded="0" source="auto" xtl="336.45" ytl="429.60" xbr="386.68" ybr="479.00" z_order="0">
      <attribute name="smudge">false</attribute>
    </box>
  </image>
  <image id="206" name="rc19-experiment/INDOOR/SET_CIRCLE_RANDOM_GO_top/49167.png" width="640" height="480">
  </image>
  <image id="205" name="rc19-experiment/INDOOR/SET_CIRCLE_RANDOM_GO_top/49163.png" width="640" height="480">
    <box label="ball" occluded="0" source="auto" xtl="320.20" ytl="349.46" xbr="376.29" ybr="411.37" z_order="0">
      <attribute name="smudge">false</attribute>
    </box>
  </image>
  <image id="204" name="rc19-experiment/INDOOR/SET_CIRCLE_RANDOM_GO_top/49160.png" width="640" height="480">
    <box label="ball" occluded="0" source="auto" xtl="303.93" ytl="302.07" xbr="365.95" ybr="363.62" z_order="0">
      <attribute name="smudge">false</attribute>
    </box>
  </image>
  <image id="203" name="rc19-experiment/INDOOR/SET_CIRCLE_RANDOM_GO_top/49157.png" width="640" height="480">
    <box label="ball" occluded="0" source="auto" xtl="307.76" ytl="246.43" xbr="372.44" ybr="310.09" z_order="0">
      <attribute name="smudge">false</attribute>
    </box>
  </image>
  <image id="202" name="rc19-experiment/INDOOR/SET_CIRCLE_RANDOM_GO_top/49153.png" width="640" height="480">
    <box label="ball" occluded="0" source="auto" xtl="288.27" ytl="240.79" xbr="357.66" ybr="307.11" z_order="0">
      <attribute name="smudge">false</attribute>
    </box>
  </image>
  <image id="201" name="rc19-experiment/INDOOR/SET_CIRCLE_RANDOM_GO_top/49149.png" width="640" height="480">
    <box label="ball" occluded="0" source="auto" xtl="308.23" ytl="303.89" xbr="390.25" ybr="382.70" z_order="0">
      <attribute name="smudge">false</attribute>
    </box>
  </image>
  <image id="200" name="rc19-experiment/INDOOR/SET_CIRCLE_RANDOM_GO_top/49146.png" width="640" height="480">
    <box label="ball" occluded="0" source="auto" xtl="286.10" ytl="358.24" xbr="377.55" ybr="447.99" z_order="0">
      <attribute name="smudge">false</attribute>
    </box>
  </image>
  <image id="199" name="rc19-experiment/INDOOR/SET_CIRCLE_RANDOM_GO_top/49143.png" width="640" height="480">
    <box label="ball" occluded="0" source="auto" xtl="229.35" ytl="403.87" xbr="337.05" ybr="480.00" z_order="0">
      <attribute name="smudge">false</attribute>
    </box>
  </image>
  <image id="198" name="rc19-experiment/INDOOR/SET_CIRCLE_RANDOM_GO_top/49140.png" width="640" height="480">
  </image>
  <image id="197" name="rc19-experiment/INDOOR/SET_CIRCLE_RANDOM_GO_top/49136.png" width="640" height="480">
  </image>
  <image id="196" name="rc19-experiment/INDOOR/SET_CIRCLE_RANDOM_GO_top/49132.png" width="640" height="480">
  </image>
  <image id="195" name="rc19-experiment/INDOOR/SET_CIRCLE_RANDOM_GO_top/49129.png" width="640" height="480">
  </image>
  <image id="194" name="rc19-experiment/INDOOR/SET_CIRCLE_RANDOM_GO_top/49126.png" width="640" height="480">
  </image>
  <image id="193" name="rc19-experiment/INDOOR/SET_CIRCLE_RANDOM_GO_top/49123.png" width="640" height="480">
  </image>
  <image id="192" name="rc19-experiment/INDOOR/SET_CIRCLE_RANDOM_GO_top/49120.png" width="640" height="480">
  </image>
  <image id="191" name="rc19-experiment/INDOOR/SET_CIRCLE_RANDOM_GO_top/49116.png" width="640" height="480">
  </image>
  <image id="190" name="rc19-experiment/INDOOR/SET_CIRCLE_RANDOM_GO_top/49113.png" width="640" height="480">
  </image>
  <image id="189" name="rc19-experiment/INDOOR/SET_CIRCLE_RANDOM_GO_top/49109.png" width="640" height="480">
  </image>
  <image id="188" name="rc19-experiment/INDOOR/SET_CIRCLE_RANDOM_GO_top/49106.png" width="640" height="480">
  </image>
  <image id="187" name="rc19-experiment/INDOOR/SET_CIRCLE_RANDOM_GO_top/49102.png" width="640" height="480">
  </image>
  <image id="186" name="rc19-experiment/INDOOR/SET_CIRCLE_RANDOM_GO_top/49099.png" width="640" height="480">
  </image>
  <image id="185" name="rc19-experiment/INDOOR/SET_CIRCLE_RANDOM_GO_top/49096.png" width="640" height="480">
  </image>
  <image id="184" name="rc19-experiment/INDOOR/SET_CIRCLE_RANDOM_GO_top/49092.png" width="640" height="480">
  </image>
  <image id="183" name="rc19-experiment/INDOOR/SET_CIRCLE_RANDOM_GO_top/49089.png" width="640" height="480">
  </image>
  <image id="182" name="rc19-experiment/INDOOR/SET_CIRCLE_RANDOM_GO_top/49085.png" width="640" height="480">
  </image>
  <image id="181" name="rc19-experiment/INDOOR/SET_CIRCLE_RANDOM_GO_top/49082.png" width="640" height="480">
  </image>
  <image id="180" name="rc19-experiment/INDOOR/SET_CIRCLE_RANDOM_GO_top/49079.png" width="640" height="480">
  </image>
  <image id="179" name="rc19-experiment/INDOOR/SET_CIRCLE_RANDOM_GO_top/49075.png" width="640" height="480">
  </image>
  <image id="178" name="rc19-experiment/INDOOR/SET_CIRCLE_RANDOM_GO_top/49072.png" width="640" height="480">
  </image>
  <image id="177" name="rc19-experiment/INDOOR/SET_CIRCLE_RANDOM_GO_top/49069.png" width="640" height="480">
  </image>
  <image id="176" name="rc19-experiment/INDOOR/SET_CIRCLE_RANDOM_GO_top/49065.png" width="640" height="480">
  </image>
  <image id="175" name="rc19-experiment/INDOOR/SET_CIRCLE_RANDOM_GO_top/49062.png" width="640" height="480">
  </image>
  <image id="174" name="rc19-experiment/INDOOR/SET_CIRCLE_RANDOM_GO_top/49058.png" width="640" height="480">
  </image>
  <image id="173" name="rc19-experiment/INDOOR/SET_CIRCLE_RANDOM_GO_top/49055.png" width="640" height="480">
  </image>
  <image id="172" name="rc19-experiment/INDOOR/SET_CIRCLE_RANDOM_GO_top/49052.png" width="640" height="480">
  </image>
  <image id="171" name="rc19-experiment/INDOOR/SET_CIRCLE_RANDOM_GO_top/49049.png" width="640" height="480">
  </image>
  <image id="170" name="rc19-experiment/INDOOR/SET_CIRCLE_RANDOM_GO_top/49045.png" width="640" height="480">
  </image>
  <image id="169" name="rc19-experiment/INDOOR/SET_CIRCLE_RANDOM_GO_top/49041.png" width="640" height="480">
  </image>
  <image id="168" name="rc19-experiment/INDOOR/SET_CIRCLE_RANDOM_GO_top/49038.png" width="640" height="480">
  </image>
  <image id="167" name="rc19-experiment/INDOOR/SET_CIRCLE_RANDOM_GO_top/49035.png" width="640" height="480">
  </image>
  <image id="166" name="rc19-experiment/INDOOR/SET_CIRCLE_RANDOM_GO_top/49031.png" width="640" height="480">
  </image>
  <image id="165" name="rc19-experiment/INDOOR/SET_CIRCLE_RANDOM_GO_top/49027.png" width="640" height="480">
  </image>
  <image id="164" name="rc19-experiment/INDOOR/SET_CIRCLE_RANDOM_GO_top/49024.png" width="640" height="480">
  </image>
  <image id="163" name="rc19-experiment/INDOOR/SET_CIRCLE_RANDOM_GO_top/49021.png" width="640" height="480">
  </image>
  <image id="162" name="rc19-experiment/INDOOR/SET_CIRCLE_RANDOM_GO_top/49018.png" width="640" height="480">
    <box label="ball" occluded="0" source="auto" xtl="254.43" ytl="454.25" xbr="357.43" ybr="480.00" z_order="0">
      <attribute name="smudge">false</attribute>
    </box>
  </image>
  <image id="161" name="rc19-experiment/INDOOR/SET_CIRCLE_RANDOM_GO_top/49015.png" width="640" height="480">
  </image>
  <image id="160" name="rc19-experiment/INDOOR/SET_CIRCLE_RANDOM_GO_top/49011.png" width="640" height="480">
    <box label="ball" occluded="0" source="auto" xtl="338.31" ytl="395.31" xbr="463.15" ybr="480.00" z_order="0">
      <attribute name="smudge">false</attribute>
    </box>
  </image>
  <image id="159" name="rc19-experiment/INDOOR/SET_CIRCLE_RANDOM_GO_top/49008.png" width="640" height="480">
    <box label="ball" occluded="0" source="auto" xtl="328.70" ytl="365.37" xbr="448.05" ybr="477.79" z_order="0">
      <attribute name="smudge">false</attribute>
    </box>
  </image>
  <image id="158" name="rc19-experiment/INDOOR/SET_CIRCLE_RANDOM_GO_top/49004.png" width="640" height="480">
    <box label="ball" occluded="0" source="auto" xtl="236.84" ytl="417.02" xbr="350.88" ybr="479.80" z_order="0">
      <attribute name="smudge">false</attribute>
    </box>
  </image>
  <image id="157" name="rc19-experiment/INDOOR/SET_CIRCLE_RANDOM_GO_top/49001.png" width="640" height="480">
  </image>
  <image id="156" name="rc19-experiment/INDOOR/SET_CIRCLE_RANDOM_GO_top/48998.png" width="640" height="480">
  </image>
  <image id="155" name="rc19-experiment/INDOOR/SET_CIRCLE_RANDOM_GO_top/48994.png" width="640" height="480">
  </image>
  <image id="154" name="rc19-experiment/INDOOR/SET_CIRCLE_RANDOM_GO_top/48991.png" width="640" height="480">
  </image>
  <image id="153" name="rc19-experiment/INDOOR/SET_CIRCLE_RANDOM_GO_top/48987.png" width="640" height="480">
  </image>
  <image id="152" name="rc19-experiment/INDOOR/SET_CIRCLE_RANDOM_GO_top/48984.png" width="640" height="480">
  </image>
  <image id="151" name="rc19-experiment/INDOOR/SET_CIRCLE_RANDOM_GO_top/48981.png" width="640" height="480">
  </image>
  <image id="150" name="rc19-experiment/INDOOR/SET_CIRCLE_RANDOM_GO_top/48977.png" width="640" height="480">
  </image>
  <image id="149" name="rc19-experiment/INDOOR/SET_CIRCLE_RANDOM_GO_top/48974.png" width="640" height="480">
  </image>
  <image id="148" name="rc19-experiment/INDOOR/SET_CIRCLE_RANDOM_GO_top/48970.png" width="640" height="480">
  </image>
  <image id="147" name="rc19-experiment/INDOOR/SET_CIRCLE_RANDOM_GO_top/48967.png" width="640" height="480">
  </image>
  <image id="146" name="rc19-experiment/INDOOR/SET_CIRCLE_RANDOM_GO_top/48963.png" width="640" height="480">
  </image>
  <image id="145" name="rc19-experiment/INDOOR/SET_CIRCLE_RANDOM_GO_top/48960.png" width="640" height="480">
  </image>
  <image id="144" name="rc19-experiment/INDOOR/SET_CIRCLE_RANDOM_GO_top/48956.png" width="640" height="480">
  </image>
  <image id="143" name="rc19-experiment/INDOOR/SET_CIRCLE_RANDOM_GO_top/48953.png" width="640" height="480">
  </image>
  <image id="142" name="rc19-experiment/INDOOR/SET_CIRCLE_RANDOM_GO_top/48949.png" width="640" height="480">
  </image>
  <image id="141" name="rc19-experiment/INDOOR/SET_CIRCLE_RANDOM_GO_top/48946.png" width="640" height="480">
  </image>
  <image id="140" name="rc19-experiment/INDOOR/SET_CIRCLE_RANDOM_GO_top/48943.png" width="640" height="480">
  </image>
  <image id="139" name="rc19-experiment/INDOOR/SET_CIRCLE_RANDOM_GO_top/48940.png" width="640" height="480">
  </image>
  <image id="138" name="rc19-experiment/INDOOR/SET_CIRCLE_RANDOM_GO_top/48936.png" width="640" height="480">
  </image>
  <image id="137" name="rc19-experiment/INDOOR/SET_CIRCLE_RANDOM_GO_top/48932.png" width="640" height="480">
  </image>
  <image id="136" name="rc19-experiment/INDOOR/SET_CIRCLE_RANDOM_GO_top/48929.png" width="640" height="480">
  </image>
  <image id="135" name="rc19-experiment/INDOOR/SET_CIRCLE_RANDOM_GO_top/48925.png" width="640" height="480">
  </image>
  <image id="134" name="rc19-experiment/INDOOR/SET_CIRCLE_RANDOM_GO_top/48922.png" width="640" height="480">
  </image>
  <image id="133" name="rc19-experiment/INDOOR/SET_CIRCLE_RANDOM_GO_top/48919.png" width="640" height="480">
  </image>
  <image id="132" name="rc19-experiment/INDOOR/SET_CIRCLE_RANDOM_GO_top/48916.png" width="640" height="480">
  </image>
  <image id="131" name="rc19-experiment/INDOOR/SET_CIRCLE_RANDOM_GO_top/48912.png" width="640" height="480">
  </image>
  <image id="130" name="rc19-experiment/INDOOR/SET_CIRCLE_RANDOM_GO_top/48909.png" width="640" height="480">
  </image>
  <image id="129" name="rc19-experiment/INDOOR/SET_CIRCLE_RANDOM_GO_top/48905.png" width="640" height="480">
  </image>
  <image id="128" name="rc19-experiment/INDOOR/SET_CIRCLE_RANDOM_GO_top/48902.png" width="640" height="480">
  </image>
  <image id="127" name="rc19-experiment/INDOOR/SET_CIRCLE_RANDOM_GO_top/48898.png" width="640" height="480">
  </image>
  <image id="126" name="rc19-experiment/INDOOR/SET_CIRCLE_RANDOM_GO_top/48895.png" width="640" height="480">
  </image>
  <image id="125" name="rc19-experiment/INDOOR/SET_CIRCLE_RANDOM_GO_top/48892.png" width="640" height="480">
  </image>
  <image id="124" name="rc19-experiment/INDOOR/SET_CIRCLE_RANDOM_GO_top/48888.png" width="640" height="480">
  </image>
  <image id="123" name="rc19-experiment/INDOOR/SET_CIRCLE_RANDOM_GO_top/48885.png" width="640" height="480">
  </image>
  <image id="122" name="rc19-experiment/INDOOR/SET_CIRCLE_RANDOM_GO_top/48881.png" width="640" height="480">
  </image>
  <image id="121" name="rc19-experiment/INDOOR/SET_CIRCLE_RANDOM_GO_top/48878.png" width="640" height="480">
  </image>
  <image id="120" name="rc19-experiment/INDOOR/SET_CIRCLE_RANDOM_GO_top/48875.png" width="640" height="480">
  </image>
  <image id="119" name="rc19-experiment/INDOOR/SET_CIRCLE_RANDOM_GO_top/48871.png" width="640" height="480">
  </image>
  <image id="118" name="rc19-experiment/INDOOR/SET_CIRCLE_RANDOM_GO_top/48867.png" width="640" height="480">
  </image>
  <image id="117" name="rc19-experiment/INDOOR/SET_CIRCLE_RANDOM_GO_top/48864.png" width="640" height="480">
  </image>
  <image id="116" name="rc19-experiment/INDOOR/SET_CIRCLE_RANDOM_GO_top/48861.png" width="640" height="480">
  </image>
  <image id="115" name="rc19-experiment/INDOOR/SET_CIRCLE_RANDOM_GO_top/48857.png" width="640" height="480">
  </image>
  <image id="114" name="rc19-experiment/INDOOR/SET_CIRCLE_RANDOM_GO_top/48853.png" width="640" height="480">
  </image>
  <image id="113" name="rc19-experiment/INDOOR/SET_CIRCLE_RANDOM_GO_top/48850.png" width="640" height="480">
  </image>
  <image id="112" name="rc19-experiment/INDOOR/SET_CIRCLE_RANDOM_GO_top/48847.png" width="640" height="480">
  </image>
  <image id="111" name="rc19-experiment/INDOOR/SET_CIRCLE_RANDOM_GO_top/48844.png" width="640" height="480">
  </image>
  <image id="110" name="rc19-experiment/INDOOR/SET_CIRCLE_RANDOM_GO_top/48840.png" width="640" height="480">
  </image>
  <image id="109" name="rc19-experiment/INDOOR/SET_CIRCLE_RANDOM_GO_top/48837.png" width="640" height="480">
  </image>
  <image id="108" name="rc19-experiment/INDOOR/SET_CIRCLE_RANDOM_GO_top/48833.png" width="640" height="480">
  </image>
  <image id="107" name="rc19-experiment/INDOOR/SET_CIRCLE_RANDOM_GO_top/48829.png" width="640" height="480">
  </image>
  <image id="106" name="rc19-experiment/INDOOR/SET_CIRCLE_RANDOM_GO_top/48826.png" width="640" height="480">
  </image>
  <image id="105" name="rc19-experiment/INDOOR/SET_CIRCLE_RANDOM_GO_top/48823.png" width="640" height="480">
  </image>
  <image id="104" name="rc19-experiment/INDOOR/SET_CIRCLE_RANDOM_GO_top/48819.png" width="640" height="480">
  </image>
  <image id="103" name="rc19-experiment/INDOOR/SET_CIRCLE_RANDOM_GO_top/48816.png" width="640" height="480">
  </image>
  <image id="102" name="rc19-experiment/INDOOR/SET_CIRCLE_RANDOM_GO_top/48813.png" width="640" height="480">
  </image>
  <image id="101" name="rc19-experiment/INDOOR/SET_CIRCLE_RANDOM_GO_top/48809.png" width="640" height="480">
  </image>
  <image id="100" name="rc19-experiment/INDOOR/SET_CIRCLE_RANDOM_GO_top/48806.png" width="640" height="480">
  </image>
  <image id="99" name="rc19-experiment/INDOOR/SET_CIRCLE_RANDOM_GO_top/48803.png" width="640" height="480">
  </image>
  <image id="98" name="rc19-experiment/INDOOR/SET_CIRCLE_RANDOM_GO_top/48799.png" width="640" height="480">
  </image>
  <image id="97" name="rc19-experiment/INDOOR/SET_CIRCLE_RANDOM_GO_top/48796.png" width="640" height="480">
  </image>
  <image id="96" name="rc19-experiment/INDOOR/SET_CIRCLE_RANDOM_GO_top/48793.png" width="640" height="480">
  </image>
  <image id="95" name="rc19-experiment/INDOOR/SET_CIRCLE_RANDOM_GO_top/48790.png" width="640" height="480">
  </image>
  <image id="94" name="rc19-experiment/INDOOR/SET_CIRCLE_RANDOM_GO_top/48787.png" width="640" height="480">
  </image>
  <image id="93" name="rc19-experiment/INDOOR/SET_CIRCLE_RANDOM_GO_top/48784.png" width="640" height="480">
  </image>
  <image id="92" name="rc19-experiment/INDOOR/SET_CIRCLE_RANDOM_GO_top/48781.png" width="640" height="480">
  </image>
  <image id="91" name="rc19-experiment/INDOOR/SET_CIRCLE_RANDOM_GO_top/48778.png" width="640" height="480">
  </image>
  <image id="90" name="rc19-experiment/INDOOR/SET_CIRCLE_RANDOM_GO_top/48775.png" width="640" height="480">
  </image>
  <image id="89" name="rc19-experiment/INDOOR/SET_CIRCLE_RANDOM_GO_top/48772.png" width="640" height="480">
  </image>
  <image id="88" name="rc19-experiment/INDOOR/SET_CIRCLE_RANDOM_GO_top/48769.png" width="640" height="480">
  </image>
  <image id="87" name="rc19-experiment/INDOOR/SET_CIRCLE_RANDOM_GO_top/48766.png" width="640" height="480">
  </image>
  <image id="86" name="rc19-experiment/INDOOR/SET_CIRCLE_RANDOM_GO_top/48763.png" width="640" height="480">
  </image>
  <image id="85" name="rc19-experiment/INDOOR/SET_CIRCLE_RANDOM_GO_top/48760.png" width="640" height="480">
  </image>
  <image id="84" name="rc19-experiment/INDOOR/SET_CIRCLE_RANDOM_GO_top/48756.png" width="640" height="480">
  </image>
  <image id="83" name="rc19-experiment/INDOOR/SET_CIRCLE_RANDOM_GO_top/48753.png" width="640" height="480">
  </image>
  <image id="82" name="rc19-experiment/INDOOR/SET_CIRCLE_RANDOM_GO_top/48750.png" width="640" height="480">
  </image>
  <image id="81" name="rc19-experiment/INDOOR/SET_CIRCLE_RANDOM_GO_top/48746.png" width="640" height="480">
  </image>
  <image id="80" name="rc19-experiment/INDOOR/SET_CIRCLE_RANDOM_GO_top/48743.png" width="640" height="480">
  </image>
  <image id="79" name="rc19-experiment/INDOOR/SET_CIRCLE_RANDOM_GO_top/48740.png" width="640" height="480">
  </image>
  <image id="78" name="rc19-experiment/INDOOR/SET_CIRCLE_RANDOM_GO_top/48736.png" width="640" height="480">
  </image>
  <image id="77" name="rc19-experiment/INDOOR/SET_CIRCLE_RANDOM_GO_top/48733.png" width="640" height="480">
  </image>
  <image id="76" name="rc19-experiment/INDOOR/SET_CIRCLE_RANDOM_GO_top/48729.png" width="640" height="480">
  </image>
  <image id="75" name="rc19-experiment/INDOOR/SET_CIRCLE_RANDOM_GO_top/48726.png" width="640" height="480">
  </image>
  <image id="74" name="rc19-experiment/INDOOR/SET_CIRCLE_RANDOM_GO_top/48722.png" width="640" height="480">
  </image>
  <image id="73" name="rc19-experiment/INDOOR/SET_CIRCLE_RANDOM_GO_top/48719.png" width="640" height="480">
  </image>
  <image id="72" name="rc19-experiment/INDOOR/SET_CIRCLE_RANDOM_GO_top/48715.png" width="640" height="480">
  </image>
  <image id="71" name="rc19-experiment/INDOOR/SET_CIRCLE_RANDOM_GO_top/48712.png" width="640" height="480">
  </image>
  <image id="70" name="rc19-experiment/INDOOR/SET_CIRCLE_RANDOM_GO_top/48708.png" width="640" height="480">
  </image>
  <image id="69" name="rc19-experiment/INDOOR/SET_CIRCLE_RANDOM_GO_top/48705.png" width="640" height="480">
  </image>
  <image id="68" name="rc19-experiment/INDOOR/SET_CIRCLE_RANDOM_GO_top/48702.png" width="640" height="480">
  </image>
  <image id="67" name="rc19-experiment/INDOOR/SET_CIRCLE_RANDOM_GO_top/48699.png" width="640" height="480">
  </image>
  <image id="66" name="rc19-experiment/INDOOR/SET_CIRCLE_RANDOM_GO_top/48696.png" width="640" height="480">
  </image>
  <image id="65" name="rc19-experiment/INDOOR/SET_CIRCLE_RANDOM_GO_top/48693.png" width="640" height="480">
  </image>
  <image id="64" name="rc19-experiment/INDOOR/SET_CIRCLE_RANDOM_GO_top/48689.png" width="640" height="480">
  </image>
  <image id="63" name="rc19-experiment/INDOOR/SET_CIRCLE_RANDOM_GO_top/48686.png" width="640" height="480">
  </image>
  <image id="62" name="rc19-experiment/INDOOR/SET_CIRCLE_RANDOM_GO_top/48683.png" width="640" height="480">
  </image>
  <image id="61" name="rc19-experiment/INDOOR/SET_CIRCLE_RANDOM_GO_top/48680.png" width="640" height="480">
  </image>
  <image id="60" name="rc19-experiment/INDOOR/SET_CIRCLE_RANDOM_GO_top/48676.png" width="640" height="480">
  </image>
  <image id="59" name="rc19-experiment/INDOOR/SET_CIRCLE_RANDOM_GO_top/48672.png" width="640" height="480">
  </image>
  <image id="58" name="rc19-experiment/INDOOR/SET_CIRCLE_RANDOM_GO_top/48669.png" width="640" height="480">
  </image>
  <image id="57" name="rc19-experiment/INDOOR/SET_CIRCLE_RANDOM_GO_top/48666.png" width="640" height="480">
  </image>
  <image id="56" name="rc19-experiment/INDOOR/SET_CIRCLE_RANDOM_GO_top/48662.png" width="640" height="480">
  </image>
  <image id="55" name="rc19-experiment/INDOOR/SET_CIRCLE_RANDOM_GO_top/48659.png" width="640" height="480">
  </image>
  <image id="54" name="rc19-experiment/INDOOR/SET_CIRCLE_RANDOM_GO_top/48656.png" width="640" height="480">
  </image>
  <image id="53" name="rc19-experiment/INDOOR/SET_CIRCLE_RANDOM_GO_top/48652.png" width="640" height="480">
  </image>
  <image id="52" name="rc19-experiment/INDOOR/SET_CIRCLE_RANDOM_GO_top/48649.png" width="640" height="480">
  </image>
  <image id="51" name="rc19-experiment/INDOOR/SET_CIRCLE_RANDOM_GO_top/48645.png" width="640" height="480">
  </image>
  <image id="50" name="rc19-experiment/INDOOR/SET_CIRCLE_RANDOM_GO_top/48642.png" width="640" height="480">
  </image>
  <image id="49" name="rc19-experiment/INDOOR/SET_CIRCLE_RANDOM_GO_top/48639.png" width="640" height="480">
  </image>
  <image id="48" name="rc19-experiment/INDOOR/SET_CIRCLE_RANDOM_GO_top/48635.png" width="640" height="480">
  </image>
  <image id="47" name="rc19-experiment/INDOOR/SET_CIRCLE_RANDOM_GO_top/48632.png" width="640" height="480">
  </image>
  <image id="46" name="rc19-experiment/INDOOR/SET_CIRCLE_RANDOM_GO_top/48628.png" width="640" height="480">
  </image>
  <image id="45" name="rc19-experiment/INDOOR/SET_CIRCLE_RANDOM_GO_top/48625.png" width="640" height="480">
  </image>
  <image id="44" name="rc19-experiment/INDOOR/SET_CIRCLE_RANDOM_GO_top/48622.png" width="640" height="480">
  </image>
  <image id="43" name="rc19-experiment/INDOOR/SET_CIRCLE_RANDOM_GO_top/48618.png" width="640" height="480">
  </image>
  <image id="42" name="rc19-experiment/INDOOR/SET_CIRCLE_RANDOM_GO_top/48615.png" width="640" height="480">
  </image>
  <image id="41" name="rc19-experiment/INDOOR/SET_CIRCLE_RANDOM_GO_top/48611.png" width="640" height="480">
  </image>
  <image id="40" name="rc19-experiment/INDOOR/SET_CIRCLE_RANDOM_GO_top/48607.png" width="640" height="480">
  </image>
  <image id="39" name="rc19-experiment/INDOOR/SET_CIRCLE_RANDOM_GO_top/48604.png" width="640" height="480">
  </image>
  <image id="38" name="rc19-experiment/INDOOR/SET_CIRCLE_RANDOM_GO_top/48601.png" width="640" height="480">
  </image>
  <image id="37" name="rc19-experiment/INDOOR/SET_CIRCLE_RANDOM_GO_top/48597.png" width="640" height="480">
  </image>
  <image id="36" name="rc19-experiment/INDOOR/SET_CIRCLE_RANDOM_GO_top/48594.png" width="640" height="480">
  </image>
  <image id="35" name="rc19-experiment/INDOOR/SET_CIRCLE_RANDOM_GO_top/48591.png" width="640" height="480">
  </image>
  <image id="34" name="rc19-experiment/INDOOR/SET_CIRCLE_RANDOM_GO_top/48588.png" width="640" height="480">
  </image>
  <image id="33" name="rc19-experiment/INDOOR/SET_CIRCLE_RANDOM_GO_top/48584.png" width="640" height="480">
  </image>
  <image id="32" name="rc19-experiment/INDOOR/SET_CIRCLE_RANDOM_GO_top/48581.png" width="640" height="480">
  </image>
  <image id="31" name="rc19-experiment/INDOOR/SET_CIRCLE_RANDOM_GO_top/48577.png" width="640" height="480">
  </image>
  <image id="30" name="rc19-experiment/INDOOR/SET_CIRCLE_RANDOM_GO_top/48574.png" width="640" height="480">
  </image>
  <image id="29" name="rc19-experiment/INDOOR/SET_CIRCLE_RANDOM_GO_top/48571.png" width="640" height="480">
  </image>
  <image id="28" name="rc19-experiment/INDOOR/SET_CIRCLE_RANDOM_GO_top/48567.png" width="640" height="480">
  </image>
  <image id="27" name="rc19-experiment/INDOOR/SET_CIRCLE_RANDOM_GO_top/48563.png" width="640" height="480">
  </image>
  <image id="26" name="rc19-experiment/INDOOR/SET_CIRCLE_RANDOM_GO_top/48560.png" width="640" height="480">
  </image>
  <image id="25" name="rc19-experiment/INDOOR/SET_CIRCLE_RANDOM_GO_top/48557.png" width="640" height="480">
  </image>
  <image id="24" name="rc19-experiment/INDOOR/SET_CIRCLE_RANDOM_GO_top/48553.png" width="640" height="480">
  </image>
  <image id="23" name="rc19-experiment/INDOOR/SET_CIRCLE_RANDOM_GO_top/48550.png" width="640" height="480">
  </image>
  <image id="22" name="rc19-experiment/INDOOR/SET_CIRCLE_RANDOM_GO_top/48546.png" width="640" height="480">
  </image>
  <image id="21" name="rc19-experiment/INDOOR/SET_CIRCLE_RANDOM_GO_top/48543.png" width="640" height="480">
  </image>
  <image id="20" name="rc19-experiment/INDOOR/SET_CIRCLE_RANDOM_GO_top/48540.png" width="640" height="480">
  </image>
  <image id="19" name="rc19-experiment/INDOOR/SET_CIRCLE_RANDOM_GO_top/48537.png" width="640" height="480">
  </image>
  <image id="18" name="rc19-experiment/INDOOR/SET_CIRCLE_RANDOM_GO_top/48533.png" width="640" height="480">
  </image>
  <image id="17" name="rc19-experiment/INDOOR/SET_CIRCLE_RANDOM_GO_top/48530.png" width="640" height="480">
  </image>
  <image id="16" name="rc19-experiment/INDOOR/SET_CIRCLE_RANDOM_GO_top/48527.png" width="640" height="480">
  </image>
  <image id="15" name="rc19-experiment/INDOOR/SET_CIRCLE_RANDOM_GO_top/48523.png" width="640" height="480">
  </image>
  <image id="14" name="rc19-experiment/INDOOR/SET_CIRCLE_RANDOM_GO_top/48520.png" width="640" height="480">
  </image>
  <image id="13" name="rc19-experiment/INDOOR/SET_CIRCLE_RANDOM_GO_top/48516.png" width="640" height="480">
  </image>
  <image id="12" name="rc19-experiment/INDOOR/SET_CIRCLE_RANDOM_GO_top/48513.png" width="640" height="480">
  </image>
  <image id="11" name="rc19-experiment/INDOOR/SET_CIRCLE_RANDOM_GO_top/48509.png" width="640" height="480">
  </image>
  <image id="10" name="rc19-experiment/INDOOR/SET_CIRCLE_RANDOM_GO_top/48506.png" width="640" height="480">
  </image>
  <image id="9" name="rc19-experiment/INDOOR/SET_CIRCLE_RANDOM_GO_top/48503.png" width="640" height="480">
  </image>
  <image id="8" name="rc19-experiment/INDOOR/SET_CIRCLE_RANDOM_GO_top/48499.png" width="640" height="480">
  </image>
  <image id="7" name="rc19-experiment/INDOOR/SET_CIRCLE_RANDOM_GO_top/48495.png" width="640" height="480">
  </image>
  <image id="6" name="rc19-experiment/INDOOR/SET_CIRCLE_RANDOM_GO_top/48492.png" width="640" height="480">
  </image>
  <image id="5" name="rc19-experiment/INDOOR/SET_CIRCLE_RANDOM_GO_top/48489.png" width="640" height="480">
  </image>
  <image id="4" name="rc19-experiment/INDOOR/SET_CIRCLE_RANDOM_GO_top/48486.png" width="640" height="480">
  </image>
  <image id="3" name="rc19-experiment/INDOOR/SET_CIRCLE_RANDOM_GO_top/48482.png" width="640" height="480">
  </image>
  <image id="2" name="rc19-experiment/INDOOR/SET_CIRCLE_RANDOM_GO_top/48479.png" width="640" height="480">
  </image>
  <image id="1" name="rc19-experiment/INDOOR/SET_CIRCLE_RANDOM_GO_top/48475.png" width="640" height="480">
  </image>
  <image id="0" name="rc19-experiment/INDOOR/SET_CIRCLE_RANDOM_GO_top/48472.png" width="640" height="480">
  </image>
</annotations>