<?xml version="1.0" encoding="utf-8"?>
<annotations>
  <version>1.1</version>
  <meta>
    <task>
      <id>12</id>
      <name>RC19Experiments-OUTDOOR4-top</name>
      <size>262</size>
      <mode>annotation</mode>
      <overlap>0</overlap>
      <bugtracker></bugtracker>
      <created>2020-04-05 09:49:20.363706+00:00</created>
      <updated>2020-04-05 09:49:20.363742+00:00</updated>
      <start_frame>0</start_frame>
      <stop_frame>261</stop_frame>
      <frame_filter></frame_filter>
      <labels>
        <label>
          <name>ball</name>
          <color>#804080</color>
          <attributes>
            <attribute>
              <name>smudge</name>
              <mutable>False</mutable>
              <input_type>checkbox</input_type>
              <default_value>false</default_value>
              <values>false</values>
            </attribute>
          </attributes>
        </label>
      </labels>
      <segments>
        <segment>
          <id>12</id>
          <start>0</start>
          <stop>261</stop>
          <url>httpball.informatik.hu-berlin.de/?id=12</url>
        </segment>
      </segments>
      <owner>
        <username>nao</username>
        <email></email>
      </owner>
      <assignee></assignee>
    </task>
    <dumped>2021-01-20 09:52:20.656786+00:00</dumped>
  </meta>
  <image id="261" name="rc19-experiment/OUTDOOR4-top/13344.png" width="640" height="480">
  </image>
  <image id="260" name="rc19-experiment/OUTDOOR4-top/13341.png" width="640" height="480">
  </image>
  <image id="259" name="rc19-experiment/OUTDOOR4-top/13338.png" width="640" height="480">
  </image>
  <image id="258" name="rc19-experiment/OUTDOOR4-top/13335.png" width="640" height="480">
  </image>
  <image id="257" name="rc19-experiment/OUTDOOR4-top/13332.png" width="640" height="480">
  </image>
  <image id="256" name="rc19-experiment/OUTDOOR4-top/13329.png" width="640" height="480">
  </image>
  <image id="255" name="rc19-experiment/OUTDOOR4-top/13326.png" width="640" height="480">
  </image>
  <image id="254" name="rc19-experiment/OUTDOOR4-top/13322.png" width="640" height="480">
  </image>
  <image id="253" name="rc19-experiment/OUTDOOR4-top/13318.png" width="640" height="480">
  </image>
  <image id="252" name="rc19-experiment/OUTDOOR4-top/13315.png" width="640" height="480">
  </image>
  <image id="251" name="rc19-experiment/OUTDOOR4-top/13312.png" width="640" height="480">
  </image>
  <image id="250" name="rc19-experiment/OUTDOOR4-top/13309.png" width="640" height="480">
  </image>
  <image id="249" name="rc19-experiment/OUTDOOR4-top/13306.png" width="640" height="480">
  </image>
  <image id="248" name="rc19-experiment/OUTDOOR4-top/13303.png" width="640" height="480">
  </image>
  <image id="247" name="rc19-experiment/OUTDOOR4-top/13300.png" width="640" height="480">
  </image>
  <image id="246" name="rc19-experiment/OUTDOOR4-top/13297.png" width="640" height="480">
  </image>
  <image id="245" name="rc19-experiment/OUTDOOR4-top/13294.png" width="640" height="480">
  </image>
  <image id="244" name="rc19-experiment/OUTDOOR4-top/13291.png" width="640" height="480">
  </image>
  <image id="243" name="rc19-experiment/OUTDOOR4-top/13288.png" width="640" height="480">
  </image>
  <image id="242" name="rc19-experiment/OUTDOOR4-top/13285.png" width="640" height="480">
  </image>
  <image id="241" name="rc19-experiment/OUTDOOR4-top/13282.png" width="640" height="480">
  </image>
  <image id="240" name="rc19-experiment/OUTDOOR4-top/13279.png" width="640" height="480">
  </image>
  <image id="239" name="rc19-experiment/OUTDOOR4-top/13276.png" width="640" height="480">
  </image>
  <image id="238" name="rc19-experiment/OUTDOOR4-top/13273.png" width="640" height="480">
  </image>
  <image id="237" name="rc19-experiment/OUTDOOR4-top/13270.png" width="640" height="480">
  </image>
  <image id="236" name="rc19-experiment/OUTDOOR4-top/13267.png" width="640" height="480">
  </image>
  <image id="235" name="rc19-experiment/OUTDOOR4-top/13264.png" width="640" height="480">
  </image>
  <image id="234" name="rc19-experiment/OUTDOOR4-top/13261.png" width="640" height="480">
  </image>
  <image id="233" name="rc19-experiment/OUTDOOR4-top/13258.png" width="640" height="480">
  </image>
  <image id="232" name="rc19-experiment/OUTDOOR4-top/13255.png" width="640" height="480">
  </image>
  <image id="231" name="rc19-experiment/OUTDOOR4-top/13252.png" width="640" height="480">
  </image>
  <image id="230" name="rc19-experiment/OUTDOOR4-top/13249.png" width="640" height="480">
  </image>
  <image id="229" name="rc19-experiment/OUTDOOR4-top/13246.png" width="640" height="480">
  </image>
  <image id="228" name="rc19-experiment/OUTDOOR4-top/13243.png" width="640" height="480">
  </image>
  <image id="227" name="rc19-experiment/OUTDOOR4-top/13239.png" width="640" height="480">
  </image>
  <image id="226" name="rc19-experiment/OUTDOOR4-top/13235.png" width="640" height="480">
  </image>
  <image id="225" name="rc19-experiment/OUTDOOR4-top/13232.png" width="640" height="480">
  </image>
  <image id="224" name="rc19-experiment/OUTDOOR4-top/13228.png" width="640" height="480">
  </image>
  <image id="223" name="rc19-experiment/OUTDOOR4-top/13225.png" width="640" height="480">
  </image>
  <image id="222" name="rc19-experiment/OUTDOOR4-top/13222.png" width="640" height="480">
  </image>
  <image id="221" name="rc19-experiment/OUTDOOR4-top/13219.png" width="640" height="480">
  </image>
  <image id="220" name="rc19-experiment/OUTDOOR4-top/13216.png" width="640" height="480">
  </image>
  <image id="219" name="rc19-experiment/OUTDOOR4-top/13213.png" width="640" height="480">
  </image>
  <image id="218" name="rc19-experiment/OUTDOOR4-top/13210.png" width="640" height="480">
  </image>
  <image id="217" name="rc19-experiment/OUTDOOR4-top/13207.png" width="640" height="480">
  </image>
  <image id="216" name="rc19-experiment/OUTDOOR4-top/13204.png" width="640" height="480">
  </image>
  <image id="215" name="rc19-experiment/OUTDOOR4-top/13201.png" width="640" height="480">
  </image>
  <image id="214" name="rc19-experiment/OUTDOOR4-top/13198.png" width="640" height="480">
  </image>
  <image id="213" name="rc19-experiment/OUTDOOR4-top/13195.png" width="640" height="480">
  </image>
  <image id="212" name="rc19-experiment/OUTDOOR4-top/13192.png" width="640" height="480">
  </image>
  <image id="211" name="rc19-experiment/OUTDOOR4-top/13189.png" width="640" height="480">
  </image>
  <image id="210" name="rc19-experiment/OUTDOOR4-top/13186.png" width="640" height="480">
  </image>
  <image id="209" name="rc19-experiment/OUTDOOR4-top/13183.png" width="640" height="480">
  </image>
  <image id="208" name="rc19-experiment/OUTDOOR4-top/13180.png" width="640" height="480">
  </image>
  <image id="207" name="rc19-experiment/OUTDOOR4-top/13177.png" width="640" height="480">
  </image>
  <image id="206" name="rc19-experiment/OUTDOOR4-top/13174.png" width="640" height="480">
  </image>
  <image id="205" name="rc19-experiment/OUTDOOR4-top/13171.png" width="640" height="480">
  </image>
  <image id="204" name="rc19-experiment/OUTDOOR4-top/13168.png" width="640" height="480">
  </image>
  <image id="203" name="rc19-experiment/OUTDOOR4-top/13165.png" width="640" height="480">
  </image>
  <image id="202" name="rc19-experiment/OUTDOOR4-top/13162.png" width="640" height="480">
  </image>
  <image id="201" name="rc19-experiment/OUTDOOR4-top/13159.png" width="640" height="480">
  </image>
  <image id="200" name="rc19-experiment/OUTDOOR4-top/13156.png" width="640" height="480">
  </image>
  <image id="199" name="rc19-experiment/OUTDOOR4-top/13153.png" width="640" height="480">
  </image>
  <image id="198" name="rc19-experiment/OUTDOOR4-top/13150.png" width="640" height="480">
  </image>
  <image id="197" name="rc19-experiment/OUTDOOR4-top/13147.png" width="640" height="480">
  </image>
  <image id="196" name="rc19-experiment/OUTDOOR4-top/13144.png" width="640" height="480">
  </image>
  <image id="195" name="rc19-experiment/OUTDOOR4-top/13141.png" width="640" height="480">
  </image>
  <image id="194" name="rc19-experiment/OUTDOOR4-top/13138.png" width="640" height="480">
  </image>
  <image id="193" name="rc19-experiment/OUTDOOR4-top/13135.png" width="640" height="480">
  </image>
  <image id="192" name="rc19-experiment/OUTDOOR4-top/13132.png" width="640" height="480">
  </image>
  <image id="191" name="rc19-experiment/OUTDOOR4-top/13129.png" width="640" height="480">
  </image>
  <image id="190" name="rc19-experiment/OUTDOOR4-top/13126.png" width="640" height="480">
  </image>
  <image id="189" name="rc19-experiment/OUTDOOR4-top/13123.png" width="640" height="480">
  </image>
  <image id="188" name="rc19-experiment/OUTDOOR4-top/13120.png" width="640" height="480">
  </image>
  <image id="187" name="rc19-experiment/OUTDOOR4-top/13117.png" width="640" height="480">
  </image>
  <image id="186" name="rc19-experiment/OUTDOOR4-top/13114.png" width="640" height="480">
  </image>
  <image id="185" name="rc19-experiment/OUTDOOR4-top/13111.png" width="640" height="480">
  </image>
  <image id="184" name="rc19-experiment/OUTDOOR4-top/13108.png" width="640" height="480">
  </image>
  <image id="183" name="rc19-experiment/OUTDOOR4-top/13105.png" width="640" height="480">
  </image>
  <image id="182" name="rc19-experiment/OUTDOOR4-top/13102.png" width="640" height="480">
  </image>
  <image id="181" name="rc19-experiment/OUTDOOR4-top/13099.png" width="640" height="480">
  </image>
  <image id="180" name="rc19-experiment/OUTDOOR4-top/13096.png" width="640" height="480">
  </image>
  <image id="179" name="rc19-experiment/OUTDOOR4-top/13093.png" width="640" height="480">
  </image>
  <image id="178" name="rc19-experiment/OUTDOOR4-top/13090.png" width="640" height="480">
  </image>
  <image id="177" name="rc19-experiment/OUTDOOR4-top/13087.png" width="640" height="480">
  </image>
  <image id="176" name="rc19-experiment/OUTDOOR4-top/13084.png" width="640" height="480">
  </image>
  <image id="175" name="rc19-experiment/OUTDOOR4-top/13081.png" width="640" height="480">
  </image>
  <image id="174" name="rc19-experiment/OUTDOOR4-top/13078.png" width="640" height="480">
  </image>
  <image id="173" name="rc19-experiment/OUTDOOR4-top/13075.png" width="640" height="480">
  </image>
  <image id="172" name="rc19-experiment/OUTDOOR4-top/13072.png" width="640" height="480">
  </image>
  <image id="171" name="rc19-experiment/OUTDOOR4-top/13069.png" width="640" height="480">
  </image>
  <image id="170" name="rc19-experiment/OUTDOOR4-top/13066.png" width="640" height="480">
  </image>
  <image id="169" name="rc19-experiment/OUTDOOR4-top/13063.png" width="640" height="480">
  </image>
  <image id="168" name="rc19-experiment/OUTDOOR4-top/13060.png" width="640" height="480">
  </image>
  <image id="167" name="rc19-experiment/OUTDOOR4-top/13057.png" width="640" height="480">
  </image>
  <image id="166" name="rc19-experiment/OUTDOOR4-top/13054.png" width="640" height="480">
  </image>
  <image id="165" name="rc19-experiment/OUTDOOR4-top/13051.png" width="640" height="480">
  </image>
  <image id="164" name="rc19-experiment/OUTDOOR4-top/13048.png" width="640" height="480">
  </image>
  <image id="163" name="rc19-experiment/OUTDOOR4-top/13045.png" width="640" height="480">
  </image>
  <image id="162" name="rc19-experiment/OUTDOOR4-top/13043.png" width="640" height="480">
  </image>
  <image id="161" name="rc19-experiment/OUTDOOR4-top/13040.png" width="640" height="480">
  </image>
  <image id="160" name="rc19-experiment/OUTDOOR4-top/13037.png" width="640" height="480">
  </image>
  <image id="159" name="rc19-experiment/OUTDOOR4-top/13034.png" width="640" height="480">
  </image>
  <image id="158" name="rc19-experiment/OUTDOOR4-top/13031.png" width="640" height="480">
  </image>
  <image id="157" name="rc19-experiment/OUTDOOR4-top/13028.png" width="640" height="480">
  </image>
  <image id="156" name="rc19-experiment/OUTDOOR4-top/13025.png" width="640" height="480">
  </image>
  <image id="155" name="rc19-experiment/OUTDOOR4-top/13022.png" width="640" height="480">
  </image>
  <image id="154" name="rc19-experiment/OUTDOOR4-top/13019.png" width="640" height="480">
  </image>
  <image id="153" name="rc19-experiment/OUTDOOR4-top/13016.png" width="640" height="480">
  </image>
  <image id="152" name="rc19-experiment/OUTDOOR4-top/13013.png" width="640" height="480">
  </image>
  <image id="151" name="rc19-experiment/OUTDOOR4-top/13010.png" width="640" height="480">
  </image>
  <image id="150" name="rc19-experiment/OUTDOOR4-top/13007.png" width="640" height="480">
  </image>
  <image id="149" name="rc19-experiment/OUTDOOR4-top/13004.png" width="640" height="480">
  </image>
  <image id="148" name="rc19-experiment/OUTDOOR4-top/13001.png" width="640" height="480">
  </image>
  <image id="147" name="rc19-experiment/OUTDOOR4-top/12998.png" width="640" height="480">
  </image>
  <image id="146" name="rc19-experiment/OUTDOOR4-top/12995.png" width="640" height="480">
  </image>
  <image id="145" name="rc19-experiment/OUTDOOR4-top/12992.png" width="640" height="480">
  </image>
  <image id="144" name="rc19-experiment/OUTDOOR4-top/12989.png" width="640" height="480">
  </image>
  <image id="143" name="rc19-experiment/OUTDOOR4-top/12986.png" width="640" height="480">
  </image>
  <image id="142" name="rc19-experiment/OUTDOOR4-top/12983.png" width="640" height="480">
  </image>
  <image id="141" name="rc19-experiment/OUTDOOR4-top/12980.png" width="640" height="480">
  </image>
  <image id="140" name="rc19-experiment/OUTDOOR4-top/12977.png" width="640" height="480">
  </image>
  <image id="139" name="rc19-experiment/OUTDOOR4-top/12974.png" width="640" height="480">
  </image>
  <image id="138" name="rc19-experiment/OUTDOOR4-top/12971.png" width="640" height="480">
  </image>
  <image id="137" name="rc19-experiment/OUTDOOR4-top/12968.png" width="640" height="480">
  </image>
  <image id="136" name="rc19-experiment/OUTDOOR4-top/12965.png" width="640" height="480">
  </image>
  <image id="135" name="rc19-experiment/OUTDOOR4-top/12962.png" width="640" height="480">
  </image>
  <image id="134" name="rc19-experiment/OUTDOOR4-top/12959.png" width="640" height="480">
  </image>
  <image id="133" name="rc19-experiment/OUTDOOR4-top/12956.png" width="640" height="480">
  </image>
  <image id="132" name="rc19-experiment/OUTDOOR4-top/12953.png" width="640" height="480">
  </image>
  <image id="131" name="rc19-experiment/OUTDOOR4-top/12950.png" width="640" height="480">
  </image>
  <image id="130" name="rc19-experiment/OUTDOOR4-top/12947.png" width="640" height="480">
  </image>
  <image id="129" name="rc19-experiment/OUTDOOR4-top/12944.png" width="640" height="480">
  </image>
  <image id="128" name="rc19-experiment/OUTDOOR4-top/12941.png" width="640" height="480">
  </image>
  <image id="127" name="rc19-experiment/OUTDOOR4-top/12938.png" width="640" height="480">
  </image>
  <image id="126" name="rc19-experiment/OUTDOOR4-top/12935.png" width="640" height="480">
  </image>
  <image id="125" name="rc19-experiment/OUTDOOR4-top/12932.png" width="640" height="480">
  </image>
  <image id="124" name="rc19-experiment/OUTDOOR4-top/12929.png" width="640" height="480">
  </image>
  <image id="123" name="rc19-experiment/OUTDOOR4-top/12926.png" width="640" height="480">
  </image>
  <image id="122" name="rc19-experiment/OUTDOOR4-top/12923.png" width="640" height="480">
  </image>
  <image id="121" name="rc19-experiment/OUTDOOR4-top/12920.png" width="640" height="480">
  </image>
  <image id="120" name="rc19-experiment/OUTDOOR4-top/12917.png" width="640" height="480">
  </image>
  <image id="119" name="rc19-experiment/OUTDOOR4-top/12914.png" width="640" height="480">
  </image>
  <image id="118" name="rc19-experiment/OUTDOOR4-top/12911.png" width="640" height="480">
  </image>
  <image id="117" name="rc19-experiment/OUTDOOR4-top/12908.png" width="640" height="480">
  </image>
  <image id="116" name="rc19-experiment/OUTDOOR4-top/12905.png" width="640" height="480">
  </image>
  <image id="115" name="rc19-experiment/OUTDOOR4-top/12902.png" width="640" height="480">
  </image>
  <image id="114" name="rc19-experiment/OUTDOOR4-top/12899.png" width="640" height="480">
  </image>
  <image id="113" name="rc19-experiment/OUTDOOR4-top/12896.png" width="640" height="480">
  </image>
  <image id="112" name="rc19-experiment/OUTDOOR4-top/12893.png" width="640" height="480">
  </image>
  <image id="111" name="rc19-experiment/OUTDOOR4-top/12890.png" width="640" height="480">
  </image>
  <image id="110" name="rc19-experiment/OUTDOOR4-top/12887.png" width="640" height="480">
  </image>
  <image id="109" name="rc19-experiment/OUTDOOR4-top/12883.png" width="640" height="480">
  </image>
  <image id="108" name="rc19-experiment/OUTDOOR4-top/12879.png" width="640" height="480">
  </image>
  <image id="107" name="rc19-experiment/OUTDOOR4-top/12876.png" width="640" height="480">
  </image>
  <image id="106" name="rc19-experiment/OUTDOOR4-top/12873.png" width="640" height="480">
  </image>
  <image id="105" name="rc19-experiment/OUTDOOR4-top/12870.png" width="640" height="480">
  </image>
  <image id="104" name="rc19-experiment/OUTDOOR4-top/12867.png" width="640" height="480">
  </image>
  <image id="103" name="rc19-experiment/OUTDOOR4-top/12864.png" width="640" height="480">
  </image>
  <image id="102" name="rc19-experiment/OUTDOOR4-top/12860.png" width="640" height="480">
  </image>
  <image id="101" name="rc19-experiment/OUTDOOR4-top/12857.png" width="640" height="480">
  </image>
  <image id="100" name="rc19-experiment/OUTDOOR4-top/12854.png" width="640" height="480">
  </image>
  <image id="99" name="rc19-experiment/OUTDOOR4-top/12851.png" width="640" height="480">
  </image>
  <image id="98" name="rc19-experiment/OUTDOOR4-top/12847.png" width="640" height="480">
  </image>
  <image id="97" name="rc19-experiment/OUTDOOR4-top/12844.png" width="640" height="480">
  </image>
  <image id="96" name="rc19-experiment/OUTDOOR4-top/12841.png" width="640" height="480">
  </image>
  <image id="95" name="rc19-experiment/OUTDOOR4-top/12838.png" width="640" height="480">
  </image>
  <image id="94" name="rc19-experiment/OUTDOOR4-top/12835.png" width="640" height="480">
  </image>
  <image id="93" name="rc19-experiment/OUTDOOR4-top/12831.png" width="640" height="480">
  </image>
  <image id="92" name="rc19-experiment/OUTDOOR4-top/12828.png" width="640" height="480">
  </image>
  <image id="91" name="rc19-experiment/OUTDOOR4-top/12825.png" width="640" height="480">
  </image>
  <image id="90" name="rc19-experiment/OUTDOOR4-top/12822.png" width="640" height="480">
  </image>
  <image id="89" name="rc19-experiment/OUTDOOR4-top/12819.png" width="640" height="480">
  </image>
  <image id="88" name="rc19-experiment/OUTDOOR4-top/12816.png" width="640" height="480">
  </image>
  <image id="87" name="rc19-experiment/OUTDOOR4-top/12813.png" width="640" height="480">
  </image>
  <image id="86" name="rc19-experiment/OUTDOOR4-top/12810.png" width="640" height="480">
  </image>
  <image id="85" name="rc19-experiment/OUTDOOR4-top/12807.png" width="640" height="480">
  </image>
  <image id="84" name="rc19-experiment/OUTDOOR4-top/12803.png" width="640" height="480">
  </image>
  <image id="83" name="rc19-experiment/OUTDOOR4-top/12800.png" width="640" height="480">
  </image>
  <image id="82" name="rc19-experiment/OUTDOOR4-top/12796.png" width="640" height="480">
  </image>
  <image id="81" name="rc19-experiment/OUTDOOR4-top/12793.png" width="640" height="480">
  </image>
  <image id="80" name="rc19-experiment/OUTDOOR4-top/12790.png" width="640" height="480">
  </image>
  <image id="79" name="rc19-experiment/OUTDOOR4-top/12787.png" width="640" height="480">
  </image>
  <image id="78" name="rc19-experiment/OUTDOOR4-top/12784.png" width="640" height="480">
  </image>
  <image id="77" name="rc19-experiment/OUTDOOR4-top/12781.png" width="640" height="480">
  </image>
  <image id="76" name="rc19-experiment/OUTDOOR4-top/12778.png" width="640" height="480">
  </image>
  <image id="75" name="rc19-experiment/OUTDOOR4-top/12775.png" width="640" height="480">
  </image>
  <image id="74" name="rc19-experiment/OUTDOOR4-top/12772.png" width="640" height="480">
  </image>
  <image id="73" name="rc19-experiment/OUTDOOR4-top/12769.png" width="640" height="480">
  </image>
  <image id="72" name="rc19-experiment/OUTDOOR4-top/12766.png" width="640" height="480">
  </image>
  <image id="71" name="rc19-experiment/OUTDOOR4-top/12763.png" width="640" height="480">
  </image>
  <image id="70" name="rc19-experiment/OUTDOOR4-top/12760.png" width="640" height="480">
  </image>
  <image id="69" name="rc19-experiment/OUTDOOR4-top/12757.png" width="640" height="480">
  </image>
  <image id="68" name="rc19-experiment/OUTDOOR4-top/12754.png" width="640" height="480">
  </image>
  <image id="67" name="rc19-experiment/OUTDOOR4-top/12751.png" width="640" height="480">
  </image>
  <image id="66" name="rc19-experiment/OUTDOOR4-top/12748.png" width="640" height="480">
  </image>
  <image id="65" name="rc19-experiment/OUTDOOR4-top/12745.png" width="640" height="480">
  </image>
  <image id="64" name="rc19-experiment/OUTDOOR4-top/12742.png" width="640" height="480">
  </image>
  <image id="63" name="rc19-experiment/OUTDOOR4-top/12739.png" width="640" height="480">
  </image>
  <image id="62" name="rc19-experiment/OUTDOOR4-top/12736.png" width="640" height="480">
  </image>
  <image id="61" name="rc19-experiment/OUTDOOR4-top/12733.png" width="640" height="480">
  </image>
  <image id="60" name="rc19-experiment/OUTDOOR4-top/12730.png" width="640" height="480">
  </image>
  <image id="59" name="rc19-experiment/OUTDOOR4-top/12727.png" width="640" height="480">
  </image>
  <image id="58" name="rc19-experiment/OUTDOOR4-top/12724.png" width="640" height="480">
  </image>
  <image id="57" name="rc19-experiment/OUTDOOR4-top/12721.png" width="640" height="480">
  </image>
  <image id="56" name="rc19-experiment/OUTDOOR4-top/12718.png" width="640" height="480">
  </image>
  <image id="55" name="rc19-experiment/OUTDOOR4-top/12715.png" width="640" height="480">
  </image>
  <image id="54" name="rc19-experiment/OUTDOOR4-top/12712.png" width="640" height="480">
  </image>
  <image id="53" name="rc19-experiment/OUTDOOR4-top/12709.png" width="640" height="480">
  </image>
  <image id="52" name="rc19-experiment/OUTDOOR4-top/12706.png" width="640" height="480">
  </image>
  <image id="51" name="rc19-experiment/OUTDOOR4-top/12703.png" width="640" height="480">
  </image>
  <image id="50" name="rc19-experiment/OUTDOOR4-top/12700.png" width="640" height="480">
  </image>
  <image id="49" name="rc19-experiment/OUTDOOR4-top/12697.png" width="640" height="480">
  </image>
  <image id="48" name="rc19-experiment/OUTDOOR4-top/12694.png" width="640" height="480">
  </image>
  <image id="47" name="rc19-experiment/OUTDOOR4-top/12691.png" width="640" height="480">
  </image>
  <image id="46" name="rc19-experiment/OUTDOOR4-top/12688.png" width="640" height="480">
  </image>
  <image id="45" name="rc19-experiment/OUTDOOR4-top/12685.png" width="640" height="480">
  </image>
  <image id="44" name="rc19-experiment/OUTDOOR4-top/12682.png" width="640" height="480">
  </image>
  <image id="43" name="rc19-experiment/OUTDOOR4-top/12679.png" width="640" height="480">
  </image>
  <image id="42" name="rc19-experiment/OUTDOOR4-top/12675.png" width="640" height="480">
  </image>
  <image id="41" name="rc19-experiment/OUTDOOR4-top/12672.png" width="640" height="480">
  </image>
  <image id="40" name="rc19-experiment/OUTDOOR4-top/12669.png" width="640" height="480">
  </image>
  <image id="39" name="rc19-experiment/OUTDOOR4-top/12666.png" width="640" height="480">
  </image>
  <image id="38" name="rc19-experiment/OUTDOOR4-top/12663.png" width="640" height="480">
  </image>
  <image id="37" name="rc19-experiment/OUTDOOR4-top/12660.png" width="640" height="480">
  </image>
  <image id="36" name="rc19-experiment/OUTDOOR4-top/12657.png" width="640" height="480">
  </image>
  <image id="35" name="rc19-experiment/OUTDOOR4-top/12654.png" width="640" height="480">
  </image>
  <image id="34" name="rc19-experiment/OUTDOOR4-top/12651.png" width="640" height="480">
  </image>
  <image id="33" name="rc19-experiment/OUTDOOR4-top/12648.png" width="640" height="480">
  </image>
  <image id="32" name="rc19-experiment/OUTDOOR4-top/12646.png" width="640" height="480">
  </image>
  <image id="31" name="rc19-experiment/OUTDOOR4-top/12643.png" width="640" height="480">
  </image>
  <image id="30" name="rc19-experiment/OUTDOOR4-top/12640.png" width="640" height="480">
  </image>
  <image id="29" name="rc19-experiment/OUTDOOR4-top/12637.png" width="640" height="480">
  </image>
  <image id="28" name="rc19-experiment/OUTDOOR4-top/12634.png" width="640" height="480">
  </image>
  <image id="27" name="rc19-experiment/OUTDOOR4-top/12631.png" width="640" height="480">
  </image>
  <image id="26" name="rc19-experiment/OUTDOOR4-top/12628.png" width="640" height="480">
  </image>
  <image id="25" name="rc19-experiment/OUTDOOR4-top/12625.png" width="640" height="480">
  </image>
  <image id="24" name="rc19-experiment/OUTDOOR4-top/12622.png" width="640" height="480">
  </image>
  <image id="23" name="rc19-experiment/OUTDOOR4-top/12619.png" width="640" height="480">
  </image>
  <image id="22" name="rc19-experiment/OUTDOOR4-top/12616.png" width="640" height="480">
  </image>
  <image id="21" name="rc19-experiment/OUTDOOR4-top/12613.png" width="640" height="480">
  </image>
  <image id="20" name="rc19-experiment/OUTDOOR4-top/12610.png" width="640" height="480">
  </image>
  <image id="19" name="rc19-experiment/OUTDOOR4-top/12607.png" width="640" height="480">
  </image>
  <image id="18" name="rc19-experiment/OUTDOOR4-top/12604.png" width="640" height="480">
  </image>
  <image id="17" name="rc19-experiment/OUTDOOR4-top/12601.png" width="640" height="480">
  </image>
  <image id="16" name="rc19-experiment/OUTDOOR4-top/12598.png" width="640" height="480">
  </image>
  <image id="15" name="rc19-experiment/OUTDOOR4-top/12595.png" width="640" height="480">
  </image>
  <image id="14" name="rc19-experiment/OUTDOOR4-top/12592.png" width="640" height="480">
  </image>
  <image id="13" name="rc19-experiment/OUTDOOR4-top/12589.png" width="640" height="480">
  </image>
  <image id="12" name="rc19-experiment/OUTDOOR4-top/12586.png" width="640" height="480">
  </image>
  <image id="11" name="rc19-experiment/OUTDOOR4-top/12583.png" width="640" height="480">
  </image>
  <image id="10" name="rc19-experiment/OUTDOOR4-top/12580.png" width="640" height="480">
  </image>
  <image id="9" name="rc19-experiment/OUTDOOR4-top/12577.png" width="640" height="480">
  </image>
  <image id="8" name="rc19-experiment/OUTDOOR4-top/12574.png" width="640" height="480">
  </image>
  <image id="7" name="rc19-experiment/OUTDOOR4-top/12571.png" width="640" height="480">
  </image>
  <image id="6" name="rc19-experiment/OUTDOOR4-top/12567.png" width="640" height="480">
  </image>
  <image id="5" name="rc19-experiment/OUTDOOR4-top/12564.png" width="640" height="480">
  </image>
  <image id="4" name="rc19-experiment/OUTDOOR4-top/12560.png" width="640" height="480">
  </image>
  <image id="3" name="rc19-experiment/OUTDOOR4-top/12557.png" width="640" height="480">
  </image>
  <image id="2" name="rc19-experiment/OUTDOOR4-top/12554.png" width="640" height="480">
  </image>
  <image id="1" name="rc19-experiment/OUTDOOR4-top/12550.png" width="640" height="480">
  </image>
  <image id="0" name="rc19-experiment/OUTDOOR4-top/12547.png" width="640" height="480">
  </image>
</annotations>