<?xml version="1.0" encoding="utf-8"?>
<annotations>
  <version>1.1</version>
  <meta>
    <task>
      <id>42</id>
      <name>RC19Experiments-INDOOR-PLAY3_TILL_FALL_top</name>
      <size>354</size>
      <mode>annotation</mode>
      <overlap>0</overlap>
      <bugtracker></bugtracker>
      <created>2020-04-05 10:43:01.809277+00:00</created>
      <updated>2021-02-10 07:06:58.859032+00:00</updated>
      <start_frame>0</start_frame>
      <stop_frame>353</stop_frame>
      <frame_filter></frame_filter>
      <labels>
        <label>
          <name>ball</name>
          <color>#804080</color>
          <attributes>
            <attribute>
              <name>smudge</name>
              <mutable>False</mutable>
              <input_type>checkbox</input_type>
              <default_value>false</default_value>
              <values>false</values>
            </attribute>
          </attributes>
        </label>
      </labels>
      <segments>
        <segment>
          <id>42</id>
          <start>0</start>
          <stop>353</stop>
          <url>httpball.informatik.hu-berlin.de/?id=42</url>
        </segment>
      </segments>
      <owner>
        <username>nao</username>
        <email></email>
      </owner>
      <assignee></assignee>
    </task>
    <dumped>2021-02-10 07:07:03.251331+00:00</dumped>
  </meta>
  <image id="353" name="rc19-experiment/INDOOR/PLAY3_TILL_FALL_top/103444.png" width="640" height="480">
    <box label="ball" occluded="0" source="auto" xtl="278.75" ytl="311.75" xbr="329.13" ybr="362.24" z_order="0">
      <attribute name="smudge">false</attribute>
    </box>
  </image>
  <image id="352" name="rc19-experiment/INDOOR/PLAY3_TILL_FALL_top/103441.png" width="640" height="480">
    <box label="ball" occluded="0" source="auto" xtl="288.57" ytl="279.41" xbr="338.37" ybr="331.91" z_order="0">
      <attribute name="smudge">false</attribute>
    </box>
  </image>
  <image id="351" name="rc19-experiment/INDOOR/PLAY3_TILL_FALL_top/103438.png" width="640" height="480">
    <box label="ball" occluded="0" source="auto" xtl="283.15" ytl="220.83" xbr="334.14" ybr="274.73" z_order="0">
      <attribute name="smudge">false</attribute>
    </box>
  </image>
  <image id="350" name="rc19-experiment/INDOOR/PLAY3_TILL_FALL_top/103435.png" width="640" height="480">
    <box label="ball" occluded="0" source="auto" xtl="289.70" ytl="172.46" xbr="342.18" ybr="228.21" z_order="0">
      <attribute name="smudge">false</attribute>
    </box>
  </image>
  <image id="349" name="rc19-experiment/INDOOR/PLAY3_TILL_FALL_top/103431.png" width="640" height="480">
    <box label="ball" occluded="0" source="auto" xtl="305.65" ytl="184.13" xbr="355.99" ybr="234.59" z_order="0">
      <attribute name="smudge">false</attribute>
    </box>
  </image>
  <image id="348" name="rc19-experiment/INDOOR/PLAY3_TILL_FALL_top/103428.png" width="640" height="480">
    <box label="ball" occluded="0" source="auto" xtl="338.13" ytl="348.32" xbr="385.04" ybr="397.40" z_order="0">
      <attribute name="smudge">false</attribute>
    </box>
  </image>
  <image id="347" name="rc19-experiment/INDOOR/PLAY3_TILL_FALL_top/103425.png" width="640" height="480">
  </image>
  <image id="346" name="rc19-experiment/INDOOR/PLAY3_TILL_FALL_top/103422.png" width="640" height="480">
  </image>
  <image id="345" name="rc19-experiment/INDOOR/PLAY3_TILL_FALL_top/103419.png" width="640" height="480">
  </image>
  <image id="344" name="rc19-experiment/INDOOR/PLAY3_TILL_FALL_top/103416.png" width="640" height="480">
  </image>
  <image id="343" name="rc19-experiment/INDOOR/PLAY3_TILL_FALL_top/103412.png" width="640" height="480">
  </image>
  <image id="342" name="rc19-experiment/INDOOR/PLAY3_TILL_FALL_top/103409.png" width="640" height="480">
  </image>
  <image id="341" name="rc19-experiment/INDOOR/PLAY3_TILL_FALL_top/103406.png" width="640" height="480">
  </image>
  <image id="340" name="rc19-experiment/INDOOR/PLAY3_TILL_FALL_top/103403.png" width="640" height="480">
  </image>
  <image id="339" name="rc19-experiment/INDOOR/PLAY3_TILL_FALL_top/103399.png" width="640" height="480">
  </image>
  <image id="338" name="rc19-experiment/INDOOR/PLAY3_TILL_FALL_top/103396.png" width="640" height="480">
  </image>
  <image id="337" name="rc19-experiment/INDOOR/PLAY3_TILL_FALL_top/103392.png" width="640" height="480">
  </image>
  <image id="336" name="rc19-experiment/INDOOR/PLAY3_TILL_FALL_top/103389.png" width="640" height="480">
  </image>
  <image id="335" name="rc19-experiment/INDOOR/PLAY3_TILL_FALL_top/103386.png" width="640" height="480">
  </image>
  <image id="334" name="rc19-experiment/INDOOR/PLAY3_TILL_FALL_top/103383.png" width="640" height="480">
  </image>
  <image id="333" name="rc19-experiment/INDOOR/PLAY3_TILL_FALL_top/103380.png" width="640" height="480">
  </image>
  <image id="332" name="rc19-experiment/INDOOR/PLAY3_TILL_FALL_top/103377.png" width="640" height="480">
  </image>
  <image id="331" name="rc19-experiment/INDOOR/PLAY3_TILL_FALL_top/103374.png" width="640" height="480">
  </image>
  <image id="330" name="rc19-experiment/INDOOR/PLAY3_TILL_FALL_top/103371.png" width="640" height="480">
  </image>
  <image id="329" name="rc19-experiment/INDOOR/PLAY3_TILL_FALL_top/103367.png" width="640" height="480">
  </image>
  <image id="328" name="rc19-experiment/INDOOR/PLAY3_TILL_FALL_top/103364.png" width="640" height="480">
  </image>
  <image id="327" name="rc19-experiment/INDOOR/PLAY3_TILL_FALL_top/103361.png" width="640" height="480">
  </image>
  <image id="326" name="rc19-experiment/INDOOR/PLAY3_TILL_FALL_top/103357.png" width="640" height="480">
  </image>
  <image id="325" name="rc19-experiment/INDOOR/PLAY3_TILL_FALL_top/103354.png" width="640" height="480">
  </image>
  <image id="324" name="rc19-experiment/INDOOR/PLAY3_TILL_FALL_top/103350.png" width="640" height="480">
  </image>
  <image id="323" name="rc19-experiment/INDOOR/PLAY3_TILL_FALL_top/103347.png" width="640" height="480">
  </image>
  <image id="322" name="rc19-experiment/INDOOR/PLAY3_TILL_FALL_top/103344.png" width="640" height="480">
  </image>
  <image id="321" name="rc19-experiment/INDOOR/PLAY3_TILL_FALL_top/103341.png" width="640" height="480">
  </image>
  <image id="320" name="rc19-experiment/INDOOR/PLAY3_TILL_FALL_top/103337.png" width="640" height="480">
  </image>
  <image id="319" name="rc19-experiment/INDOOR/PLAY3_TILL_FALL_top/103333.png" width="640" height="480">
  </image>
  <image id="318" name="rc19-experiment/INDOOR/PLAY3_TILL_FALL_top/103330.png" width="640" height="480">
    <box label="ball" occluded="0" source="auto" xtl="475.27" ytl="443.42" xbr="530.16" ybr="479.81" z_order="0">
      <attribute name="smudge">false</attribute>
    </box>
  </image>
  <image id="317" name="rc19-experiment/INDOOR/PLAY3_TILL_FALL_top/103327.png" width="640" height="480">
    <box label="ball" occluded="0" source="auto" xtl="453.37" ytl="418.29" xbr="507.52" ybr="476.16" z_order="0">
      <attribute name="smudge">false</attribute>
    </box>
  </image>
  <image id="316" name="rc19-experiment/INDOOR/PLAY3_TILL_FALL_top/103323.png" width="640" height="480">
  </image>
  <image id="315" name="rc19-experiment/INDOOR/PLAY3_TILL_FALL_top/103320.png" width="640" height="480">
  </image>
  <image id="314" name="rc19-experiment/INDOOR/PLAY3_TILL_FALL_top/103316.png" width="640" height="480">
  </image>
  <image id="313" name="rc19-experiment/INDOOR/PLAY3_TILL_FALL_top/103313.png" width="640" height="480">
  </image>
  <image id="312" name="rc19-experiment/INDOOR/PLAY3_TILL_FALL_top/103310.png" width="640" height="480">
  </image>
  <image id="311" name="rc19-experiment/INDOOR/PLAY3_TILL_FALL_top/103307.png" width="640" height="480">
    <box label="ball" occluded="0" source="auto" xtl="260.59" ytl="437.08" xbr="317.22" ybr="480.00" z_order="0">
      <attribute name="smudge">false</attribute>
    </box>
  </image>
  <image id="310" name="rc19-experiment/INDOOR/PLAY3_TILL_FALL_top/103304.png" width="640" height="480">
    <box label="ball" occluded="0" source="auto" xtl="393.04" ytl="460.83" xbr="446.09" ybr="480.00" z_order="0">
      <attribute name="smudge">false</attribute>
    </box>
  </image>
  <image id="309" name="rc19-experiment/INDOOR/PLAY3_TILL_FALL_top/103301.png" width="640" height="480">
  </image>
  <image id="308" name="rc19-experiment/INDOOR/PLAY3_TILL_FALL_top/103298.png" width="640" height="480">
    <box label="ball" occluded="0" source="auto" xtl="377.46" ytl="447.59" xbr="429.61" ybr="479.87" z_order="0">
      <attribute name="smudge">false</attribute>
    </box>
  </image>
  <image id="307" name="rc19-experiment/INDOOR/PLAY3_TILL_FALL_top/103295.png" width="640" height="480">
  </image>
  <image id="306" name="rc19-experiment/INDOOR/PLAY3_TILL_FALL_top/103291.png" width="640" height="480">
  </image>
  <image id="305" name="rc19-experiment/INDOOR/PLAY3_TILL_FALL_top/103288.png" width="640" height="480">
  </image>
  <image id="304" name="rc19-experiment/INDOOR/PLAY3_TILL_FALL_top/103285.png" width="640" height="480">
  </image>
  <image id="303" name="rc19-experiment/INDOOR/PLAY3_TILL_FALL_top/103281.png" width="640" height="480">
    <box label="ball" occluded="0" source="auto" xtl="216.75" ytl="213.38" xbr="236.96" ybr="264.04" z_order="0">
      <attribute name="smudge">false</attribute>
    </box>
  </image>
  <image id="302" name="rc19-experiment/INDOOR/PLAY3_TILL_FALL_top/103278.png" width="640" height="480">
  </image>
  <image id="301" name="rc19-experiment/INDOOR/PLAY3_TILL_FALL_top/103275.png" width="640" height="480">
    <box label="ball" occluded="0" source="auto" xtl="198.59" ytl="359.89" xbr="278.47" ybr="449.19" z_order="0">
      <attribute name="smudge">false</attribute>
    </box>
  </image>
  <image id="300" name="rc19-experiment/INDOOR/PLAY3_TILL_FALL_top/103271.png" width="640" height="480">
    <box label="ball" occluded="0" source="auto" xtl="350.15" ytl="415.42" xbr="437.45" ybr="479.91" z_order="0">
      <attribute name="smudge">false</attribute>
    </box>
  </image>
  <image id="299" name="rc19-experiment/INDOOR/PLAY3_TILL_FALL_top/103268.png" width="640" height="480">
    <box label="ball" occluded="0" source="auto" xtl="364.11" ytl="434.82" xbr="452.56" ybr="479.30" z_order="0">
      <attribute name="smudge">false</attribute>
    </box>
  </image>
  <image id="298" name="rc19-experiment/INDOOR/PLAY3_TILL_FALL_top/103265.png" width="640" height="480">
  </image>
  <image id="297" name="rc19-experiment/INDOOR/PLAY3_TILL_FALL_top/103262.png" width="640" height="480">
  </image>
  <image id="296" name="rc19-experiment/INDOOR/PLAY3_TILL_FALL_top/103258.png" width="640" height="480">
  </image>
  <image id="295" name="rc19-experiment/INDOOR/PLAY3_TILL_FALL_top/103255.png" width="640" height="480">
  </image>
  <image id="294" name="rc19-experiment/INDOOR/PLAY3_TILL_FALL_top/103251.png" width="640" height="480">
  </image>
  <image id="293" name="rc19-experiment/INDOOR/PLAY3_TILL_FALL_top/103248.png" width="640" height="480">
  </image>
  <image id="292" name="rc19-experiment/INDOOR/PLAY3_TILL_FALL_top/103245.png" width="640" height="480">
  </image>
  <image id="291" name="rc19-experiment/INDOOR/PLAY3_TILL_FALL_top/103242.png" width="640" height="480">
  </image>
  <image id="290" name="rc19-experiment/INDOOR/PLAY3_TILL_FALL_top/103239.png" width="640" height="480">
  </image>
  <image id="289" name="rc19-experiment/INDOOR/PLAY3_TILL_FALL_top/103236.png" width="640" height="480">
  </image>
  <image id="288" name="rc19-experiment/INDOOR/PLAY3_TILL_FALL_top/103233.png" width="640" height="480">
  </image>
  <image id="287" name="rc19-experiment/INDOOR/PLAY3_TILL_FALL_top/103230.png" width="640" height="480">
  </image>
  <image id="286" name="rc19-experiment/INDOOR/PLAY3_TILL_FALL_top/103227.png" width="640" height="480">
  </image>
  <image id="285" name="rc19-experiment/INDOOR/PLAY3_TILL_FALL_top/103223.png" width="640" height="480">
  </image>
  <image id="284" name="rc19-experiment/INDOOR/PLAY3_TILL_FALL_top/103220.png" width="640" height="480">
  </image>
  <image id="283" name="rc19-experiment/INDOOR/PLAY3_TILL_FALL_top/103217.png" width="640" height="480">
  </image>
  <image id="282" name="rc19-experiment/INDOOR/PLAY3_TILL_FALL_top/103214.png" width="640" height="480">
  </image>
  <image id="281" name="rc19-experiment/INDOOR/PLAY3_TILL_FALL_top/103211.png" width="640" height="480">
  </image>
  <image id="280" name="rc19-experiment/INDOOR/PLAY3_TILL_FALL_top/103208.png" width="640" height="480">
    <box label="ball" occluded="0" source="auto" xtl="338.90" ytl="459.94" xbr="419.89" ybr="480.00" z_order="0">
      <attribute name="smudge">false</attribute>
    </box>
  </image>
  <image id="279" name="rc19-experiment/INDOOR/PLAY3_TILL_FALL_top/103204.png" width="640" height="480">
  </image>
  <image id="278" name="rc19-experiment/INDOOR/PLAY3_TILL_FALL_top/103201.png" width="640" height="480">
  </image>
  <image id="277" name="rc19-experiment/INDOOR/PLAY3_TILL_FALL_top/103198.png" width="640" height="480">
  </image>
  <image id="276" name="rc19-experiment/INDOOR/PLAY3_TILL_FALL_top/103195.png" width="640" height="480">
  </image>
  <image id="275" name="rc19-experiment/INDOOR/PLAY3_TILL_FALL_top/103192.png" width="640" height="480">
  </image>
  <image id="274" name="rc19-experiment/INDOOR/PLAY3_TILL_FALL_top/103189.png" width="640" height="480">
  </image>
  <image id="273" name="rc19-experiment/INDOOR/PLAY3_TILL_FALL_top/103185.png" width="640" height="480">
  </image>
  <image id="272" name="rc19-experiment/INDOOR/PLAY3_TILL_FALL_top/103181.png" width="640" height="480">
  </image>
  <image id="271" name="rc19-experiment/INDOOR/PLAY3_TILL_FALL_top/103178.png" width="640" height="480">
  </image>
  <image id="270" name="rc19-experiment/INDOOR/PLAY3_TILL_FALL_top/103175.png" width="640" height="480">
  </image>
  <image id="269" name="rc19-experiment/INDOOR/PLAY3_TILL_FALL_top/103172.png" width="640" height="480">
  </image>
  <image id="268" name="rc19-experiment/INDOOR/PLAY3_TILL_FALL_top/103169.png" width="640" height="480">
  </image>
  <image id="267" name="rc19-experiment/INDOOR/PLAY3_TILL_FALL_top/103166.png" width="640" height="480">
  </image>
  <image id="266" name="rc19-experiment/INDOOR/PLAY3_TILL_FALL_top/103163.png" width="640" height="480">
  </image>
  <image id="265" name="rc19-experiment/INDOOR/PLAY3_TILL_FALL_top/103159.png" width="640" height="480">
  </image>
  <image id="264" name="rc19-experiment/INDOOR/PLAY3_TILL_FALL_top/103156.png" width="640" height="480">
  </image>
  <image id="263" name="rc19-experiment/INDOOR/PLAY3_TILL_FALL_top/103152.png" width="640" height="480">
  </image>
  <image id="262" name="rc19-experiment/INDOOR/PLAY3_TILL_FALL_top/103149.png" width="640" height="480">
  </image>
  <image id="261" name="rc19-experiment/INDOOR/PLAY3_TILL_FALL_top/103145.png" width="640" height="480">
  </image>
  <image id="260" name="rc19-experiment/INDOOR/PLAY3_TILL_FALL_top/103142.png" width="640" height="480">
  </image>
  <image id="259" name="rc19-experiment/INDOOR/PLAY3_TILL_FALL_top/103139.png" width="640" height="480">
  </image>
  <image id="258" name="rc19-experiment/INDOOR/PLAY3_TILL_FALL_top/103135.png" width="640" height="480">
  </image>
  <image id="257" name="rc19-experiment/INDOOR/PLAY3_TILL_FALL_top/103132.png" width="640" height="480">
  </image>
  <image id="256" name="rc19-experiment/INDOOR/PLAY3_TILL_FALL_top/103128.png" width="640" height="480">
    <box label="ball" occluded="0" source="auto" xtl="321.23" ytl="450.91" xbr="389.93" ybr="480.00" z_order="0">
      <attribute name="smudge">false</attribute>
    </box>
  </image>
  <image id="255" name="rc19-experiment/INDOOR/PLAY3_TILL_FALL_top/103125.png" width="640" height="480">
  </image>
  <image id="254" name="rc19-experiment/INDOOR/PLAY3_TILL_FALL_top/103121.png" width="640" height="480">
    <box label="ball" occluded="0" source="auto" xtl="314.83" ytl="391.99" xbr="381.44" ybr="458.31" z_order="0">
      <attribute name="smudge">false</attribute>
    </box>
  </image>
  <image id="253" name="rc19-experiment/INDOOR/PLAY3_TILL_FALL_top/103118.png" width="640" height="480">
  </image>
  <image id="252" name="rc19-experiment/INDOOR/PLAY3_TILL_FALL_top/103114.png" width="640" height="480">
    <box label="ball" occluded="0" source="auto" xtl="317.07" ytl="433.48" xbr="381.78" ybr="479.78" z_order="0">
      <attribute name="smudge">false</attribute>
    </box>
  </image>
  <image id="251" name="rc19-experiment/INDOOR/PLAY3_TILL_FALL_top/103111.png" width="640" height="480">
    <box label="ball" occluded="0" source="auto" xtl="268.32" ytl="442.73" xbr="331.89" ybr="480.00" z_order="0">
      <attribute name="smudge">false</attribute>
    </box>
  </image>
  <image id="250" name="rc19-experiment/INDOOR/PLAY3_TILL_FALL_top/103107.png" width="640" height="480">
    <box label="ball" occluded="0" source="auto" xtl="322.55" ytl="415.13" xbr="381.82" ybr="479.65" z_order="0">
      <attribute name="smudge">false</attribute>
    </box>
  </image>
  <image id="249" name="rc19-experiment/INDOOR/PLAY3_TILL_FALL_top/103104.png" width="640" height="480">
    <box label="ball" occluded="0" source="auto" xtl="320.99" ytl="409.79" xbr="376.71" ybr="464.97" z_order="0">
      <attribute name="smudge">false</attribute>
    </box>
  </image>
  <image id="248" name="rc19-experiment/INDOOR/PLAY3_TILL_FALL_top/103101.png" width="640" height="480">
  </image>
  <image id="247" name="rc19-experiment/INDOOR/PLAY3_TILL_FALL_top/103097.png" width="640" height="480">
    <box label="ball" occluded="0" source="auto" xtl="321.60" ytl="365.47" xbr="375.14" ybr="418.28" z_order="0">
      <attribute name="smudge">false</attribute>
    </box>
  </image>
  <image id="246" name="rc19-experiment/INDOOR/PLAY3_TILL_FALL_top/103094.png" width="640" height="480">
    <box label="ball" occluded="0" source="auto" xtl="307.13" ytl="439.59" xbr="359.57" ybr="479.76" z_order="0">
      <attribute name="smudge">false</attribute>
    </box>
  </image>
  <image id="245" name="rc19-experiment/INDOOR/PLAY3_TILL_FALL_top/103091.png" width="640" height="480">
    <box label="ball" occluded="0" source="auto" xtl="321.45" ytl="374.05" xbr="370.10" ybr="426.56" z_order="0">
      <attribute name="smudge">false</attribute>
    </box>
  </image>
  <image id="244" name="rc19-experiment/INDOOR/PLAY3_TILL_FALL_top/103087.png" width="640" height="480">
    <box label="ball" occluded="0" source="auto" xtl="339.87" ytl="403.94" xbr="388.65" ybr="449.71" z_order="0">
      <attribute name="smudge">false</attribute>
    </box>
  </image>
  <image id="243" name="rc19-experiment/INDOOR/PLAY3_TILL_FALL_top/103084.png" width="640" height="480">
    <box label="ball" occluded="0" source="auto" xtl="305.43" ytl="419.33" xbr="355.69" ybr="477.20" z_order="0">
      <attribute name="smudge">false</attribute>
    </box>
  </image>
  <image id="242" name="rc19-experiment/INDOOR/PLAY3_TILL_FALL_top/103080.png" width="640" height="480">
    <box label="ball" occluded="0" source="auto" xtl="311.57" ytl="384.48" xbr="357.51" ybr="427.34" z_order="0">
      <attribute name="smudge">false</attribute>
    </box>
  </image>
  <image id="241" name="rc19-experiment/INDOOR/PLAY3_TILL_FALL_top/103077.png" width="640" height="480">
    <box label="ball" occluded="0" source="auto" xtl="281.47" ytl="428.45" xbr="328.05" ybr="471.94" z_order="0">
      <attribute name="smudge">false</attribute>
    </box>
  </image>
  <image id="240" name="rc19-experiment/INDOOR/PLAY3_TILL_FALL_top/103073.png" width="640" height="480">
    <box label="ball" occluded="0" source="auto" xtl="287.55" ytl="369.61" xbr="332.31" ybr="407.10" z_order="0">
      <attribute name="smudge">false</attribute>
    </box>
  </image>
  <image id="239" name="rc19-experiment/INDOOR/PLAY3_TILL_FALL_top/103070.png" width="640" height="480">
    <box label="ball" occluded="0" source="manual" xtl="358.95" ytl="457.11" xbr="399.77" ybr="479.38" z_order="0">
      <attribute name="smudge">false</attribute>
    </box>
  </image>
  <image id="238" name="rc19-experiment/INDOOR/PLAY3_TILL_FALL_top/103067.png" width="640" height="480">
    <box label="ball" occluded="0" source="auto" xtl="364.77" ytl="394.03" xbr="411.47" ybr="439.09" z_order="0">
      <attribute name="smudge">false</attribute>
    </box>
  </image>
  <image id="237" name="rc19-experiment/INDOOR/PLAY3_TILL_FALL_top/103063.png" width="640" height="480">
    <box label="ball" occluded="0" source="auto" xtl="296.01" ytl="370.06" xbr="334.99" ybr="409.22" z_order="0">
      <attribute name="smudge">false</attribute>
    </box>
  </image>
  <image id="236" name="rc19-experiment/INDOOR/PLAY3_TILL_FALL_top/103060.png" width="640" height="480">
    <box label="ball" occluded="0" source="auto" xtl="330.65" ytl="385.66" xbr="374.29" ybr="426.26" z_order="0">
      <attribute name="smudge">false</attribute>
    </box>
  </image>
  <image id="235" name="rc19-experiment/INDOOR/PLAY3_TILL_FALL_top/103057.png" width="640" height="480">
    <box label="ball" occluded="0" source="auto" xtl="361.65" ytl="375.85" xbr="404.50" ybr="416.14" z_order="0">
      <attribute name="smudge">false</attribute>
    </box>
  </image>
  <image id="234" name="rc19-experiment/INDOOR/PLAY3_TILL_FALL_top/103054.png" width="640" height="480">
    <box label="ball" occluded="0" source="auto" xtl="408.57" ytl="391.86" xbr="453.78" ybr="429.94" z_order="0">
      <attribute name="smudge">false</attribute>
    </box>
  </image>
  <image id="233" name="rc19-experiment/INDOOR/PLAY3_TILL_FALL_top/103050.png" width="640" height="480">
    <box label="ball" occluded="0" source="auto" xtl="414.44" ytl="351.66" xbr="456.66" ybr="388.99" z_order="0">
      <attribute name="smudge">false</attribute>
    </box>
  </image>
  <image id="232" name="rc19-experiment/INDOOR/PLAY3_TILL_FALL_top/103046.png" width="640" height="480">
    <box label="ball" occluded="0" source="auto" xtl="381.00" ytl="367.10" xbr="422.02" ybr="406.77" z_order="0">
      <attribute name="smudge">false</attribute>
    </box>
  </image>
  <image id="231" name="rc19-experiment/INDOOR/PLAY3_TILL_FALL_top/103042.png" width="640" height="480">
    <box label="ball" occluded="0" source="auto" xtl="404.29" ytl="392.00" xbr="446.45" ybr="433.79" z_order="0">
      <attribute name="smudge">false</attribute>
    </box>
  </image>
  <image id="230" name="rc19-experiment/INDOOR/PLAY3_TILL_FALL_top/103039.png" width="640" height="480">
    <box label="ball" occluded="0" source="auto" xtl="334.78" ytl="388.81" xbr="373.38" ybr="424.63" z_order="0">
      <attribute name="smudge">false</attribute>
    </box>
  </image>
  <image id="229" name="rc19-experiment/INDOOR/PLAY3_TILL_FALL_top/103036.png" width="640" height="480">
    <box label="ball" occluded="0" source="auto" xtl="355.42" ytl="417.25" xbr="397.18" ybr="454.94" z_order="0">
      <attribute name="smudge">false</attribute>
    </box>
  </image>
  <image id="228" name="rc19-experiment/INDOOR/PLAY3_TILL_FALL_top/103032.png" width="640" height="480">
    <box label="ball" occluded="0" source="auto" xtl="361.45" ytl="361.26" xbr="401.35" ybr="400.47" z_order="0">
      <attribute name="smudge">false</attribute>
    </box>
  </image>
  <image id="227" name="rc19-experiment/INDOOR/PLAY3_TILL_FALL_top/103029.png" width="640" height="480">
    <box label="ball" occluded="0" source="auto" xtl="318.60" ytl="360.25" xbr="359.33" ybr="400.50" z_order="0">
      <attribute name="smudge">false</attribute>
    </box>
  </image>
  <image id="226" name="rc19-experiment/INDOOR/PLAY3_TILL_FALL_top/103025.png" width="640" height="480">
    <box label="ball" occluded="0" source="auto" xtl="295.12" ytl="351.94" xbr="334.75" ybr="389.50" z_order="0">
      <attribute name="smudge">false</attribute>
    </box>
  </image>
  <image id="225" name="rc19-experiment/INDOOR/PLAY3_TILL_FALL_top/103022.png" width="640" height="480">
    <box label="ball" occluded="0" source="auto" xtl="267.40" ytl="371.20" xbr="307.56" ybr="409.79" z_order="0">
      <attribute name="smudge">false</attribute>
    </box>
  </image>
  <image id="224" name="rc19-experiment/INDOOR/PLAY3_TILL_FALL_top/103019.png" width="640" height="480">
    <box label="ball" occluded="0" source="auto" xtl="282.32" ytl="392.65" xbr="317.46" ybr="426.93" z_order="0">
      <attribute name="smudge">false</attribute>
    </box>
  </image>
  <image id="223" name="rc19-experiment/INDOOR/PLAY3_TILL_FALL_top/103015.png" width="640" height="480">
    <box label="ball" occluded="0" source="auto" xtl="305.19" ytl="348.76" xbr="342.20" ybr="385.44" z_order="0">
      <attribute name="smudge">false</attribute>
    </box>
  </image>
  <image id="222" name="rc19-experiment/INDOOR/PLAY3_TILL_FALL_top/103011.png" width="640" height="480">
    <box label="ball" occluded="0" source="auto" xtl="281.81" ytl="369.33" xbr="319.92" ybr="407.44" z_order="0">
      <attribute name="smudge">false</attribute>
    </box>
  </image>
  <image id="221" name="rc19-experiment/INDOOR/PLAY3_TILL_FALL_top/103008.png" width="640" height="480">
    <box label="ball" occluded="0" source="auto" xtl="308.93" ytl="354.39" xbr="348.21" ybr="391.03" z_order="0">
      <attribute name="smudge">false</attribute>
    </box>
  </image>
  <image id="220" name="rc19-experiment/INDOOR/PLAY3_TILL_FALL_top/103005.png" width="640" height="480">
    <box label="ball" occluded="0" source="auto" xtl="346.89" ytl="334.84" xbr="383.27" ybr="371.04" z_order="0">
      <attribute name="smudge">false</attribute>
    </box>
  </image>
  <image id="219" name="rc19-experiment/INDOOR/PLAY3_TILL_FALL_top/103001.png" width="640" height="480">
    <box label="ball" occluded="0" source="auto" xtl="330.83" ytl="405.60" xbr="367.99" ybr="443.31" z_order="0">
      <attribute name="smudge">false</attribute>
    </box>
  </image>
  <image id="218" name="rc19-experiment/INDOOR/PLAY3_TILL_FALL_top/102998.png" width="640" height="480">
    <box label="ball" occluded="0" source="auto" xtl="366.56" ytl="390.86" xbr="405.43" ybr="426.99" z_order="0">
      <attribute name="smudge">false</attribute>
    </box>
  </image>
  <image id="217" name="rc19-experiment/INDOOR/PLAY3_TILL_FALL_top/102995.png" width="640" height="480">
    <box label="ball" occluded="0" source="auto" xtl="364.77" ytl="385.85" xbr="403.02" ybr="420.82" z_order="0">
      <attribute name="smudge">false</attribute>
    </box>
  </image>
  <image id="216" name="rc19-experiment/INDOOR/PLAY3_TILL_FALL_top/102991.png" width="640" height="480">
    <box label="ball" occluded="0" source="auto" xtl="263.33" ytl="408.37" xbr="301.56" ybr="443.19" z_order="0">
      <attribute name="smudge">false</attribute>
    </box>
  </image>
  <image id="215" name="rc19-experiment/INDOOR/PLAY3_TILL_FALL_top/102988.png" width="640" height="480">
    <box label="ball" occluded="0" source="auto" xtl="147.97" ytl="392.55" xbr="182.67" ybr="424.05" z_order="0">
      <attribute name="smudge">false</attribute>
    </box>
  </image>
  <image id="214" name="rc19-experiment/INDOOR/PLAY3_TILL_FALL_top/102985.png" width="640" height="480">
  </image>
  <image id="213" name="rc19-experiment/INDOOR/PLAY3_TILL_FALL_top/102982.png" width="640" height="480">
  </image>
  <image id="212" name="rc19-experiment/INDOOR/PLAY3_TILL_FALL_top/102979.png" width="640" height="480">
  </image>
  <image id="211" name="rc19-experiment/INDOOR/PLAY3_TILL_FALL_top/102976.png" width="640" height="480">
  </image>
  <image id="210" name="rc19-experiment/INDOOR/PLAY3_TILL_FALL_top/102973.png" width="640" height="480">
  </image>
  <image id="209" name="rc19-experiment/INDOOR/PLAY3_TILL_FALL_top/102970.png" width="640" height="480">
  </image>
  <image id="208" name="rc19-experiment/INDOOR/PLAY3_TILL_FALL_top/102966.png" width="640" height="480">
  </image>
  <image id="207" name="rc19-experiment/INDOOR/PLAY3_TILL_FALL_top/102963.png" width="640" height="480">
  </image>
  <image id="206" name="rc19-experiment/INDOOR/PLAY3_TILL_FALL_top/102959.png" width="640" height="480">
  </image>
  <image id="205" name="rc19-experiment/INDOOR/PLAY3_TILL_FALL_top/102956.png" width="640" height="480">
  </image>
  <image id="204" name="rc19-experiment/INDOOR/PLAY3_TILL_FALL_top/102953.png" width="640" height="480">
  </image>
  <image id="203" name="rc19-experiment/INDOOR/PLAY3_TILL_FALL_top/102949.png" width="640" height="480">
  </image>
  <image id="202" name="rc19-experiment/INDOOR/PLAY3_TILL_FALL_top/102946.png" width="640" height="480">
  </image>
  <image id="201" name="rc19-experiment/INDOOR/PLAY3_TILL_FALL_top/102943.png" width="640" height="480">
  </image>
  <image id="200" name="rc19-experiment/INDOOR/PLAY3_TILL_FALL_top/102940.png" width="640" height="480">
  </image>
  <image id="199" name="rc19-experiment/INDOOR/PLAY3_TILL_FALL_top/102937.png" width="640" height="480">
    <box label="ball" occluded="0" source="auto" xtl="422.08" ytl="151.01" xbr="513.54" ybr="270.39" z_order="0">
      <attribute name="smudge">false</attribute>
    </box>
  </image>
  <image id="198" name="rc19-experiment/INDOOR/PLAY3_TILL_FALL_top/102934.png" width="640" height="480">
  </image>
  <image id="197" name="rc19-experiment/INDOOR/PLAY3_TILL_FALL_top/102931.png" width="640" height="480">
  </image>
  <image id="196" name="rc19-experiment/INDOOR/PLAY3_TILL_FALL_top/102927.png" width="640" height="480">
  </image>
  <image id="195" name="rc19-experiment/INDOOR/PLAY3_TILL_FALL_top/102924.png" width="640" height="480">
  </image>
  <image id="194" name="rc19-experiment/INDOOR/PLAY3_TILL_FALL_top/102921.png" width="640" height="480">
  </image>
  <image id="193" name="rc19-experiment/INDOOR/PLAY3_TILL_FALL_top/102918.png" width="640" height="480">
  </image>
  <image id="192" name="rc19-experiment/INDOOR/PLAY3_TILL_FALL_top/102914.png" width="640" height="480">
  </image>
  <image id="191" name="rc19-experiment/INDOOR/PLAY3_TILL_FALL_top/102911.png" width="640" height="480">
    <box label="ball" occluded="0" source="auto" xtl="104.30" ytl="382.86" xbr="137.33" ybr="414.11" z_order="0">
      <attribute name="smudge">false</attribute>
    </box>
  </image>
  <image id="190" name="rc19-experiment/INDOOR/PLAY3_TILL_FALL_top/102908.png" width="640" height="480">
    <box label="ball" occluded="0" source="auto" xtl="196.00" ytl="377.53" xbr="229.38" ybr="404.85" z_order="0">
      <attribute name="smudge">false</attribute>
    </box>
  </image>
  <image id="189" name="rc19-experiment/INDOOR/PLAY3_TILL_FALL_top/102905.png" width="640" height="480">
    <box label="ball" occluded="0" source="auto" xtl="312.03" ytl="367.44" xbr="344.39" ybr="397.75" z_order="0">
      <attribute name="smudge">false</attribute>
    </box>
  </image>
  <image id="188" name="rc19-experiment/INDOOR/PLAY3_TILL_FALL_top/102902.png" width="640" height="480">
    <box label="ball" occluded="0" source="auto" xtl="426.76" ytl="394.43" xbr="460.49" ybr="424.98" z_order="0">
      <attribute name="smudge">false</attribute>
    </box>
  </image>
  <image id="187" name="rc19-experiment/INDOOR/PLAY3_TILL_FALL_top/102899.png" width="640" height="480">
    <box label="ball" occluded="0" source="auto" xtl="479.60" ytl="372.02" xbr="512.39" ybr="400.95" z_order="0">
      <attribute name="smudge">false</attribute>
    </box>
  </image>
  <image id="186" name="rc19-experiment/INDOOR/PLAY3_TILL_FALL_top/102895.png" width="640" height="480">
  </image>
  <image id="185" name="rc19-experiment/INDOOR/PLAY3_TILL_FALL_top/102891.png" width="640" height="480">
  </image>
  <image id="184" name="rc19-experiment/INDOOR/PLAY3_TILL_FALL_top/102888.png" width="640" height="480">
    <box label="ball" occluded="0" source="auto" xtl="593.48" ytl="346.16" xbr="628.85" ybr="371.32" z_order="0">
      <attribute name="smudge">false</attribute>
    </box>
  </image>
  <image id="183" name="rc19-experiment/INDOOR/PLAY3_TILL_FALL_top/102885.png" width="640" height="480">
    <box label="ball" occluded="0" source="auto" xtl="515.50" ytl="330.34" xbr="545.93" ybr="360.01" z_order="0">
      <attribute name="smudge">false</attribute>
    </box>
  </image>
  <image id="182" name="rc19-experiment/INDOOR/PLAY3_TILL_FALL_top/102881.png" width="640" height="480">
    <box label="ball" occluded="0" source="auto" xtl="427.70" ytl="369.61" xbr="459.16" ybr="398.68" z_order="0">
      <attribute name="smudge">false</attribute>
    </box>
  </image>
  <image id="181" name="rc19-experiment/INDOOR/PLAY3_TILL_FALL_top/102878.png" width="640" height="480">
    <box label="ball" occluded="0" source="auto" xtl="357.73" ytl="369.35" xbr="386.76" ybr="396.10" z_order="0">
      <attribute name="smudge">false</attribute>
    </box>
  </image>
  <image id="180" name="rc19-experiment/INDOOR/PLAY3_TILL_FALL_top/102875.png" width="640" height="480">
    <box label="ball" occluded="0" source="auto" xtl="272.51" ytl="414.98" xbr="304.76" ybr="445.69" z_order="0">
      <attribute name="smudge">false</attribute>
    </box>
  </image>
  <image id="179" name="rc19-experiment/INDOOR/PLAY3_TILL_FALL_top/102871.png" width="640" height="480">
    <box label="ball" occluded="0" source="auto" xtl="119.59" ytl="386.02" xbr="147.25" ybr="409.81" z_order="0">
      <attribute name="smudge">false</attribute>
    </box>
  </image>
  <image id="178" name="rc19-experiment/INDOOR/PLAY3_TILL_FALL_top/102868.png" width="640" height="480">
  </image>
  <image id="177" name="rc19-experiment/INDOOR/PLAY3_TILL_FALL_top/102864.png" width="640" height="480">
    <box label="ball" occluded="0" source="auto" xtl="620.63" ytl="289.70" xbr="638.50" ybr="303.79" z_order="0">
      <attribute name="smudge">false</attribute>
    </box>
  </image>
  <image id="176" name="rc19-experiment/INDOOR/PLAY3_TILL_FALL_top/102861.png" width="640" height="480">
  </image>
  <image id="175" name="rc19-experiment/INDOOR/PLAY3_TILL_FALL_top/102857.png" width="640" height="480">
  </image>
  <image id="174" name="rc19-experiment/INDOOR/PLAY3_TILL_FALL_top/102854.png" width="640" height="480">
  </image>
  <image id="173" name="rc19-experiment/INDOOR/PLAY3_TILL_FALL_top/102851.png" width="640" height="480">
  </image>
  <image id="172" name="rc19-experiment/INDOOR/PLAY3_TILL_FALL_top/102847.png" width="640" height="480">
  </image>
  <image id="171" name="rc19-experiment/INDOOR/PLAY3_TILL_FALL_top/102844.png" width="640" height="480">
  </image>
  <image id="170" name="rc19-experiment/INDOOR/PLAY3_TILL_FALL_top/102841.png" width="640" height="480">
  </image>
  <image id="169" name="rc19-experiment/INDOOR/PLAY3_TILL_FALL_top/102837.png" width="640" height="480">
  </image>
  <image id="168" name="rc19-experiment/INDOOR/PLAY3_TILL_FALL_top/102833.png" width="640" height="480">
    <box label="ball" occluded="0" source="auto" xtl="0.24" ytl="106.30" xbr="33.37" ybr="211.29" z_order="0">
      <attribute name="smudge">false</attribute>
    </box>
  </image>
  <image id="167" name="rc19-experiment/INDOOR/PLAY3_TILL_FALL_top/102830.png" width="640" height="480">
  </image>
  <image id="166" name="rc19-experiment/INDOOR/PLAY3_TILL_FALL_top/102827.png" width="640" height="480">
  </image>
  <image id="165" name="rc19-experiment/INDOOR/PLAY3_TILL_FALL_top/102823.png" width="640" height="480">
  </image>
  <image id="164" name="rc19-experiment/INDOOR/PLAY3_TILL_FALL_top/102820.png" width="640" height="480">
  </image>
  <image id="163" name="rc19-experiment/INDOOR/PLAY3_TILL_FALL_top/102817.png" width="640" height="480">
  </image>
  <image id="162" name="rc19-experiment/INDOOR/PLAY3_TILL_FALL_top/102813.png" width="640" height="480">
  </image>
  <image id="161" name="rc19-experiment/INDOOR/PLAY3_TILL_FALL_top/102810.png" width="640" height="480">
  </image>
  <image id="160" name="rc19-experiment/INDOOR/PLAY3_TILL_FALL_top/102806.png" width="640" height="480">
  </image>
  <image id="159" name="rc19-experiment/INDOOR/PLAY3_TILL_FALL_top/102803.png" width="640" height="480">
  </image>
  <image id="158" name="rc19-experiment/INDOOR/PLAY3_TILL_FALL_top/102799.png" width="640" height="480">
  </image>
  <image id="157" name="rc19-experiment/INDOOR/PLAY3_TILL_FALL_top/102796.png" width="640" height="480">
  </image>
  <image id="156" name="rc19-experiment/INDOOR/PLAY3_TILL_FALL_top/102793.png" width="640" height="480">
  </image>
  <image id="155" name="rc19-experiment/INDOOR/PLAY3_TILL_FALL_top/102789.png" width="640" height="480">
  </image>
  <image id="154" name="rc19-experiment/INDOOR/PLAY3_TILL_FALL_top/102786.png" width="640" height="480">
  </image>
  <image id="153" name="rc19-experiment/INDOOR/PLAY3_TILL_FALL_top/102782.png" width="640" height="480">
  </image>
  <image id="152" name="rc19-experiment/INDOOR/PLAY3_TILL_FALL_top/102779.png" width="640" height="480">
    <box label="ball" occluded="0" source="manual" xtl="349.96" ytl="223.90" xbr="365.60" ybr="239.25" z_order="0">
      <attribute name="smudge">false</attribute>
    </box>
  </image>
  <image id="151" name="rc19-experiment/INDOOR/PLAY3_TILL_FALL_top/102776.png" width="640" height="480">
  </image>
  <image id="150" name="rc19-experiment/INDOOR/PLAY3_TILL_FALL_top/102773.png" width="640" height="480">
    <box label="ball" occluded="0" source="manual" xtl="396.70" ytl="294.30" xbr="412.30" ybr="309.10" z_order="0">
      <attribute name="smudge">false</attribute>
    </box>
  </image>
  <image id="149" name="rc19-experiment/INDOOR/PLAY3_TILL_FALL_top/102769.png" width="640" height="480">
    <box label="ball" occluded="0" source="manual" xtl="361.06" ytl="290.50" xbr="377.30" ybr="304.43" z_order="0">
      <attribute name="smudge">false</attribute>
    </box>
  </image>
  <image id="148" name="rc19-experiment/INDOOR/PLAY3_TILL_FALL_top/102765.png" width="640" height="480">
  </image>
  <image id="147" name="rc19-experiment/INDOOR/PLAY3_TILL_FALL_top/102762.png" width="640" height="480">
  </image>
  <image id="146" name="rc19-experiment/INDOOR/PLAY3_TILL_FALL_top/102758.png" width="640" height="480">
  </image>
  <image id="145" name="rc19-experiment/INDOOR/PLAY3_TILL_FALL_top/102754.png" width="640" height="480">
  </image>
  <image id="144" name="rc19-experiment/INDOOR/PLAY3_TILL_FALL_top/102751.png" width="640" height="480">
  </image>
  <image id="143" name="rc19-experiment/INDOOR/PLAY3_TILL_FALL_top/102748.png" width="640" height="480">
  </image>
  <image id="142" name="rc19-experiment/INDOOR/PLAY3_TILL_FALL_top/102745.png" width="640" height="480">
  </image>
  <image id="141" name="rc19-experiment/INDOOR/PLAY3_TILL_FALL_top/102742.png" width="640" height="480">
  </image>
  <image id="140" name="rc19-experiment/INDOOR/PLAY3_TILL_FALL_top/102738.png" width="640" height="480">
  </image>
  <image id="139" name="rc19-experiment/INDOOR/PLAY3_TILL_FALL_top/102735.png" width="640" height="480">
  </image>
  <image id="138" name="rc19-experiment/INDOOR/PLAY3_TILL_FALL_top/102732.png" width="640" height="480">
  </image>
  <image id="137" name="rc19-experiment/INDOOR/PLAY3_TILL_FALL_top/102728.png" width="640" height="480">
  </image>
  <image id="136" name="rc19-experiment/INDOOR/PLAY3_TILL_FALL_top/102725.png" width="640" height="480">
  </image>
  <image id="135" name="rc19-experiment/INDOOR/PLAY3_TILL_FALL_top/102721.png" width="640" height="480">
  </image>
  <image id="134" name="rc19-experiment/INDOOR/PLAY3_TILL_FALL_top/102718.png" width="640" height="480">
    <box label="ball" occluded="0" source="auto" xtl="201.77" ytl="408.95" xbr="328.95" ybr="480.00" z_order="0">
      <attribute name="smudge">false</attribute>
    </box>
  </image>
  <image id="133" name="rc19-experiment/INDOOR/PLAY3_TILL_FALL_top/102715.png" width="640" height="480">
  </image>
  <image id="132" name="rc19-experiment/INDOOR/PLAY3_TILL_FALL_top/102711.png" width="640" height="480">
  </image>
  <image id="131" name="rc19-experiment/INDOOR/PLAY3_TILL_FALL_top/102707.png" width="640" height="480">
  </image>
  <image id="130" name="rc19-experiment/INDOOR/PLAY3_TILL_FALL_top/102704.png" width="640" height="480">
  </image>
  <image id="129" name="rc19-experiment/INDOOR/PLAY3_TILL_FALL_top/102701.png" width="640" height="480">
  </image>
  <image id="128" name="rc19-experiment/INDOOR/PLAY3_TILL_FALL_top/102698.png" width="640" height="480">
  </image>
  <image id="127" name="rc19-experiment/INDOOR/PLAY3_TILL_FALL_top/102694.png" width="640" height="480">
  </image>
  <image id="126" name="rc19-experiment/INDOOR/PLAY3_TILL_FALL_top/102691.png" width="640" height="480">
  </image>
  <image id="125" name="rc19-experiment/INDOOR/PLAY3_TILL_FALL_top/102687.png" width="640" height="480">
  </image>
  <image id="124" name="rc19-experiment/INDOOR/PLAY3_TILL_FALL_top/102684.png" width="640" height="480">
  </image>
  <image id="123" name="rc19-experiment/INDOOR/PLAY3_TILL_FALL_top/102680.png" width="640" height="480">
  </image>
  <image id="122" name="rc19-experiment/INDOOR/PLAY3_TILL_FALL_top/102677.png" width="640" height="480">
    <box label="ball" occluded="0" source="auto" xtl="378.81" ytl="419.24" xbr="466.99" ybr="480.00" z_order="0">
      <attribute name="smudge">false</attribute>
    </box>
  </image>
  <image id="121" name="rc19-experiment/INDOOR/PLAY3_TILL_FALL_top/102673.png" width="640" height="480">
    <box label="ball" occluded="0" source="auto" xtl="469.80" ytl="408.79" xbr="561.51" ybr="480.00" z_order="0">
      <attribute name="smudge">false</attribute>
    </box>
  </image>
  <image id="120" name="rc19-experiment/INDOOR/PLAY3_TILL_FALL_top/102670.png" width="640" height="480">
    <box label="ball" occluded="0" source="auto" xtl="566.63" ytl="371.77" xbr="640.00" ybr="468.96" z_order="0">
      <attribute name="smudge">false</attribute>
    </box>
  </image>
  <image id="119" name="rc19-experiment/INDOOR/PLAY3_TILL_FALL_top/102667.png" width="640" height="480">
  </image>
  <image id="118" name="rc19-experiment/INDOOR/PLAY3_TILL_FALL_top/102664.png" width="640" height="480">
  </image>
  <image id="117" name="rc19-experiment/INDOOR/PLAY3_TILL_FALL_top/102660.png" width="640" height="480">
  </image>
  <image id="116" name="rc19-experiment/INDOOR/PLAY3_TILL_FALL_top/102656.png" width="640" height="480">
  </image>
  <image id="115" name="rc19-experiment/INDOOR/PLAY3_TILL_FALL_top/102653.png" width="640" height="480">
  </image>
  <image id="114" name="rc19-experiment/INDOOR/PLAY3_TILL_FALL_top/102650.png" width="640" height="480">
  </image>
  <image id="113" name="rc19-experiment/INDOOR/PLAY3_TILL_FALL_top/102646.png" width="640" height="480">
  </image>
  <image id="112" name="rc19-experiment/INDOOR/PLAY3_TILL_FALL_top/102643.png" width="640" height="480">
  </image>
  <image id="111" name="rc19-experiment/INDOOR/PLAY3_TILL_FALL_top/102639.png" width="640" height="480">
    <box label="ball" occluded="0" source="manual" xtl="529.00" ytl="399.20" xbr="615.52" ybr="470.48" z_order="0">
      <attribute name="smudge">false</attribute>
    </box>
  </image>
  <image id="110" name="rc19-experiment/INDOOR/PLAY3_TILL_FALL_top/102636.png" width="640" height="480">
    <box label="ball" occluded="0" source="auto" xtl="450.80" ytl="400.99" xbr="516.53" ybr="460.30" z_order="0">
      <attribute name="smudge">false</attribute>
    </box>
  </image>
  <image id="109" name="rc19-experiment/INDOOR/PLAY3_TILL_FALL_top/102632.png" width="640" height="480">
    <box label="ball" occluded="0" source="auto" xtl="395.14" ytl="408.74" xbr="457.77" ybr="474.73" z_order="0">
      <attribute name="smudge">false</attribute>
    </box>
  </image>
  <image id="108" name="rc19-experiment/INDOOR/PLAY3_TILL_FALL_top/102629.png" width="640" height="480">
    <box label="ball" occluded="0" source="auto" xtl="344.99" ytl="388.69" xbr="408.97" ybr="448.22" z_order="0">
      <attribute name="smudge">false</attribute>
    </box>
  </image>
  <image id="107" name="rc19-experiment/INDOOR/PLAY3_TILL_FALL_top/102626.png" width="640" height="480">
    <box label="ball" occluded="0" source="auto" xtl="299.27" ytl="433.07" xbr="364.67" ybr="480.00" z_order="0">
      <attribute name="smudge">false</attribute>
    </box>
  </image>
  <image id="106" name="rc19-experiment/INDOOR/PLAY3_TILL_FALL_top/102623.png" width="640" height="480">
    <box label="ball" occluded="0" source="auto" xtl="277.68" ytl="419.37" xbr="336.82" ybr="479.58" z_order="0">
      <attribute name="smudge">false</attribute>
    </box>
  </image>
  <image id="105" name="rc19-experiment/INDOOR/PLAY3_TILL_FALL_top/102619.png" width="640" height="480">
    <box label="ball" occluded="0" source="auto" xtl="274.17" ytl="438.27" xbr="336.08" ybr="480.00" z_order="0">
      <attribute name="smudge">false</attribute>
    </box>
  </image>
  <image id="104" name="rc19-experiment/INDOOR/PLAY3_TILL_FALL_top/102616.png" width="640" height="480">
  </image>
  <image id="103" name="rc19-experiment/INDOOR/PLAY3_TILL_FALL_top/102613.png" width="640" height="480">
    <box label="ball" occluded="0" source="auto" xtl="294.10" ytl="438.27" xbr="353.43" ybr="479.93" z_order="0">
      <attribute name="smudge">false</attribute>
    </box>
  </image>
  <image id="102" name="rc19-experiment/INDOOR/PLAY3_TILL_FALL_top/102609.png" width="640" height="480">
    <box label="ball" occluded="0" source="auto" xtl="290.46" ytl="438.26" xbr="353.91" ybr="480.00" z_order="0">
      <attribute name="smudge">false</attribute>
    </box>
  </image>
  <image id="101" name="rc19-experiment/INDOOR/PLAY3_TILL_FALL_top/102606.png" width="640" height="480">
    <box label="ball" occluded="0" source="auto" xtl="248.40" ytl="413.44" xbr="310.01" ybr="477.66" z_order="0">
      <attribute name="smudge">false</attribute>
    </box>
  </image>
  <image id="100" name="rc19-experiment/INDOOR/PLAY3_TILL_FALL_top/102602.png" width="640" height="480">
    <box label="ball" occluded="0" source="auto" xtl="269.14" ytl="444.87" xbr="333.43" ybr="480.00" z_order="0">
      <attribute name="smudge">false</attribute>
    </box>
  </image>
  <image id="99" name="rc19-experiment/INDOOR/PLAY3_TILL_FALL_top/102599.png" width="640" height="480">
    <box label="ball" occluded="0" source="auto" xtl="292.52" ytl="457.87" xbr="348.63" ybr="479.64" z_order="0">
      <attribute name="smudge">false</attribute>
    </box>
  </image>
  <image id="98" name="rc19-experiment/INDOOR/PLAY3_TILL_FALL_top/102595.png" width="640" height="480">
    <box label="ball" occluded="0" source="auto" xtl="298.92" ytl="430.15" xbr="366.01" ybr="480.00" z_order="0">
      <attribute name="smudge">false</attribute>
    </box>
  </image>
  <image id="97" name="rc19-experiment/INDOOR/PLAY3_TILL_FALL_top/102592.png" width="640" height="480">
  </image>
  <image id="96" name="rc19-experiment/INDOOR/PLAY3_TILL_FALL_top/102589.png" width="640" height="480">
  </image>
  <image id="95" name="rc19-experiment/INDOOR/PLAY3_TILL_FALL_top/102585.png" width="640" height="480">
  </image>
  <image id="94" name="rc19-experiment/INDOOR/PLAY3_TILL_FALL_top/102582.png" width="640" height="480">
  </image>
  <image id="93" name="rc19-experiment/INDOOR/PLAY3_TILL_FALL_top/102578.png" width="640" height="480">
  </image>
  <image id="92" name="rc19-experiment/INDOOR/PLAY3_TILL_FALL_top/102575.png" width="640" height="480">
  </image>
  <image id="91" name="rc19-experiment/INDOOR/PLAY3_TILL_FALL_top/102571.png" width="640" height="480">
  </image>
  <image id="90" name="rc19-experiment/INDOOR/PLAY3_TILL_FALL_top/102568.png" width="640" height="480">
  </image>
  <image id="89" name="rc19-experiment/INDOOR/PLAY3_TILL_FALL_top/102565.png" width="640" height="480">
  </image>
  <image id="88" name="rc19-experiment/INDOOR/PLAY3_TILL_FALL_top/102561.png" width="640" height="480">
  </image>
  <image id="87" name="rc19-experiment/INDOOR/PLAY3_TILL_FALL_top/102558.png" width="640" height="480">
  </image>
  <image id="86" name="rc19-experiment/INDOOR/PLAY3_TILL_FALL_top/102554.png" width="640" height="480">
  </image>
  <image id="85" name="rc19-experiment/INDOOR/PLAY3_TILL_FALL_top/102551.png" width="640" height="480">
  </image>
  <image id="84" name="rc19-experiment/INDOOR/PLAY3_TILL_FALL_top/102548.png" width="640" height="480">
  </image>
  <image id="83" name="rc19-experiment/INDOOR/PLAY3_TILL_FALL_top/102545.png" width="640" height="480">
  </image>
  <image id="82" name="rc19-experiment/INDOOR/PLAY3_TILL_FALL_top/102541.png" width="640" height="480">
  </image>
  <image id="81" name="rc19-experiment/INDOOR/PLAY3_TILL_FALL_top/102537.png" width="640" height="480">
  </image>
  <image id="80" name="rc19-experiment/INDOOR/PLAY3_TILL_FALL_top/102534.png" width="640" height="480">
  </image>
  <image id="79" name="rc19-experiment/INDOOR/PLAY3_TILL_FALL_top/102531.png" width="640" height="480">
  </image>
  <image id="78" name="rc19-experiment/INDOOR/PLAY3_TILL_FALL_top/102528.png" width="640" height="480">
  </image>
  <image id="77" name="rc19-experiment/INDOOR/PLAY3_TILL_FALL_top/102524.png" width="640" height="480">
  </image>
  <image id="76" name="rc19-experiment/INDOOR/PLAY3_TILL_FALL_top/102521.png" width="640" height="480">
  </image>
  <image id="75" name="rc19-experiment/INDOOR/PLAY3_TILL_FALL_top/102518.png" width="640" height="480">
  </image>
  <image id="74" name="rc19-experiment/INDOOR/PLAY3_TILL_FALL_top/102515.png" width="640" height="480">
  </image>
  <image id="73" name="rc19-experiment/INDOOR/PLAY3_TILL_FALL_top/102511.png" width="640" height="480">
  </image>
  <image id="72" name="rc19-experiment/INDOOR/PLAY3_TILL_FALL_top/102508.png" width="640" height="480">
  </image>
  <image id="71" name="rc19-experiment/INDOOR/PLAY3_TILL_FALL_top/102504.png" width="640" height="480">
  </image>
  <image id="70" name="rc19-experiment/INDOOR/PLAY3_TILL_FALL_top/102501.png" width="640" height="480">
  </image>
  <image id="69" name="rc19-experiment/INDOOR/PLAY3_TILL_FALL_top/102498.png" width="640" height="480">
  </image>
  <image id="68" name="rc19-experiment/INDOOR/PLAY3_TILL_FALL_top/102494.png" width="640" height="480">
  </image>
  <image id="67" name="rc19-experiment/INDOOR/PLAY3_TILL_FALL_top/102490.png" width="640" height="480">
  </image>
  <image id="66" name="rc19-experiment/INDOOR/PLAY3_TILL_FALL_top/102487.png" width="640" height="480">
  </image>
  <image id="65" name="rc19-experiment/INDOOR/PLAY3_TILL_FALL_top/102484.png" width="640" height="480">
  </image>
  <image id="64" name="rc19-experiment/INDOOR/PLAY3_TILL_FALL_top/102481.png" width="640" height="480">
  </image>
  <image id="63" name="rc19-experiment/INDOOR/PLAY3_TILL_FALL_top/102477.png" width="640" height="480">
  </image>
  <image id="62" name="rc19-experiment/INDOOR/PLAY3_TILL_FALL_top/102474.png" width="640" height="480">
  </image>
  <image id="61" name="rc19-experiment/INDOOR/PLAY3_TILL_FALL_top/102470.png" width="640" height="480">
  </image>
  <image id="60" name="rc19-experiment/INDOOR/PLAY3_TILL_FALL_top/102467.png" width="640" height="480">
  </image>
  <image id="59" name="rc19-experiment/INDOOR/PLAY3_TILL_FALL_top/102464.png" width="640" height="480">
    <box label="ball" occluded="0" source="auto" xtl="241.09" ytl="439.55" xbr="317.60" ybr="480.00" z_order="0">
      <attribute name="smudge">false</attribute>
    </box>
  </image>
  <image id="58" name="rc19-experiment/INDOOR/PLAY3_TILL_FALL_top/102460.png" width="640" height="480">
  </image>
  <image id="57" name="rc19-experiment/INDOOR/PLAY3_TILL_FALL_top/102456.png" width="640" height="480">
    <box label="ball" occluded="0" source="auto" xtl="340.98" ytl="432.40" xbr="412.61" ybr="480.00" z_order="0">
      <attribute name="smudge">false</attribute>
    </box>
  </image>
  <image id="56" name="rc19-experiment/INDOOR/PLAY3_TILL_FALL_top/102453.png" width="640" height="480">
    <box label="ball" occluded="0" source="manual" xtl="419.94" ytl="295.90" xbr="431.10" ybr="307.40" z_order="0">
      <attribute name="smudge">false</attribute>
    </box>
  </image>
  <image id="55" name="rc19-experiment/INDOOR/PLAY3_TILL_FALL_top/102450.png" width="640" height="480">
    <box label="ball" occluded="0" source="manual" xtl="315.94" ytl="461.80" xbr="365.50" ybr="479.90" z_order="0">
      <attribute name="smudge">false</attribute>
    </box>
  </image>
  <image id="54" name="rc19-experiment/INDOOR/PLAY3_TILL_FALL_top/102447.png" width="640" height="480">
    <box label="ball" occluded="0" source="manual" xtl="277.43" ytl="403.48" xbr="342.47" ybr="475.90" z_order="0">
      <attribute name="smudge">false</attribute>
    </box>
  </image>
  <image id="53" name="rc19-experiment/INDOOR/PLAY3_TILL_FALL_top/102443.png" width="640" height="480">
    <box label="ball" occluded="0" source="auto" xtl="191.08" ytl="366.54" xbr="259.51" ybr="432.39" z_order="0">
      <attribute name="smudge">false</attribute>
    </box>
  </image>
  <image id="52" name="rc19-experiment/INDOOR/PLAY3_TILL_FALL_top/102440.png" width="640" height="480">
    <box label="ball" occluded="0" source="auto" xtl="98.51" ytl="322.45" xbr="170.13" ybr="379.36" z_order="0">
      <attribute name="smudge">false</attribute>
    </box>
  </image>
  <image id="51" name="rc19-experiment/INDOOR/PLAY3_TILL_FALL_top/102436.png" width="640" height="480">
  </image>
  <image id="50" name="rc19-experiment/INDOOR/PLAY3_TILL_FALL_top/102433.png" width="640" height="480">
  </image>
  <image id="49" name="rc19-experiment/INDOOR/PLAY3_TILL_FALL_top/102429.png" width="640" height="480">
  </image>
  <image id="48" name="rc19-experiment/INDOOR/PLAY3_TILL_FALL_top/102426.png" width="640" height="480">
    <box label="ball" occluded="0" source="auto" xtl="323.53" ytl="103.79" xbr="347.89" ybr="135.09" z_order="0">
      <attribute name="smudge">false</attribute>
    </box>
  </image>
  <image id="47" name="rc19-experiment/INDOOR/PLAY3_TILL_FALL_top/102423.png" width="640" height="480">
  </image>
  <image id="46" name="rc19-experiment/INDOOR/PLAY3_TILL_FALL_top/102419.png" width="640" height="480">
  </image>
  <image id="45" name="rc19-experiment/INDOOR/PLAY3_TILL_FALL_top/102416.png" width="640" height="480">
  </image>
  <image id="44" name="rc19-experiment/INDOOR/PLAY3_TILL_FALL_top/102412.png" width="640" height="480">
  </image>
  <image id="43" name="rc19-experiment/INDOOR/PLAY3_TILL_FALL_top/102409.png" width="640" height="480">
  </image>
  <image id="42" name="rc19-experiment/INDOOR/PLAY3_TILL_FALL_top/102405.png" width="640" height="480">
  </image>
  <image id="41" name="rc19-experiment/INDOOR/PLAY3_TILL_FALL_top/102402.png" width="640" height="480">
  </image>
  <image id="40" name="rc19-experiment/INDOOR/PLAY3_TILL_FALL_top/102398.png" width="640" height="480">
  </image>
  <image id="39" name="rc19-experiment/INDOOR/PLAY3_TILL_FALL_top/102395.png" width="640" height="480">
    <box label="ball" occluded="0" source="auto" xtl="0.24" ytl="362.65" xbr="36.11" ybr="410.32" z_order="0">
      <attribute name="smudge">false</attribute>
    </box>
  </image>
  <image id="38" name="rc19-experiment/INDOOR/PLAY3_TILL_FALL_top/102392.png" width="640" height="480">
    <box label="ball" occluded="0" source="auto" xtl="32.57" ytl="338.97" xbr="85.13" ybr="382.60" z_order="0">
      <attribute name="smudge">false</attribute>
    </box>
  </image>
  <image id="37" name="rc19-experiment/INDOOR/PLAY3_TILL_FALL_top/102388.png" width="640" height="480">
    <box label="ball" occluded="0" source="manual" xtl="61.72" ytl="366.00" xbr="113.29" ybr="421.52" z_order="0">
      <attribute name="smudge">false</attribute>
    </box>
  </image>
  <image id="36" name="rc19-experiment/INDOOR/PLAY3_TILL_FALL_top/102385.png" width="640" height="480">
    <box label="ball" occluded="0" source="auto" xtl="86.42" ytl="335.49" xbr="134.57" ybr="377.99" z_order="0">
      <attribute name="smudge">false</attribute>
    </box>
  </image>
  <image id="35" name="rc19-experiment/INDOOR/PLAY3_TILL_FALL_top/102382.png" width="640" height="480">
    <box label="ball" occluded="0" source="auto" xtl="147.41" ytl="374.81" xbr="192.10" ybr="416.21" z_order="0">
      <attribute name="smudge">false</attribute>
    </box>
  </image>
  <image id="34" name="rc19-experiment/INDOOR/PLAY3_TILL_FALL_top/102378.png" width="640" height="480">
    <box label="ball" occluded="0" source="auto" xtl="244.37" ytl="350.01" xbr="287.51" ybr="387.60" z_order="0">
      <attribute name="smudge">false</attribute>
    </box>
  </image>
  <image id="33" name="rc19-experiment/INDOOR/PLAY3_TILL_FALL_top/102375.png" width="640" height="480">
    <box label="ball" occluded="0" source="auto" xtl="269.49" ytl="368.81" xbr="308.25" ybr="406.90" z_order="0">
      <attribute name="smudge">false</attribute>
    </box>
  </image>
  <image id="32" name="rc19-experiment/INDOOR/PLAY3_TILL_FALL_top/102371.png" width="640" height="480">
    <box label="ball" occluded="0" source="auto" xtl="275.61" ytl="355.08" xbr="317.07" ybr="391.82" z_order="0">
      <attribute name="smudge">false</attribute>
    </box>
  </image>
  <image id="31" name="rc19-experiment/INDOOR/PLAY3_TILL_FALL_top/102368.png" width="640" height="480">
    <box label="ball" occluded="0" source="auto" xtl="354.19" ytl="375.22" xbr="393.29" ybr="409.34" z_order="0">
      <attribute name="smudge">false</attribute>
    </box>
  </image>
  <image id="30" name="rc19-experiment/INDOOR/PLAY3_TILL_FALL_top/102364.png" width="640" height="480">
  </image>
  <image id="29" name="rc19-experiment/INDOOR/PLAY3_TILL_FALL_top/102361.png" width="640" height="480">
    <box label="ball" occluded="0" source="auto" xtl="251.04" ytl="335.39" xbr="289.31" ybr="370.76" z_order="0">
      <attribute name="smudge">false</attribute>
    </box>
  </image>
  <image id="28" name="rc19-experiment/INDOOR/PLAY3_TILL_FALL_top/102358.png" width="640" height="480">
    <box label="ball" occluded="0" source="auto" xtl="279.16" ytl="279.30" xbr="315.95" ybr="312.23" z_order="0">
      <attribute name="smudge">false</attribute>
    </box>
  </image>
  <image id="27" name="rc19-experiment/INDOOR/PLAY3_TILL_FALL_top/102354.png" width="640" height="480">
    <box label="ball" occluded="0" source="auto" xtl="336.09" ytl="379.07" xbr="373.09" ybr="425.85" z_order="0">
      <attribute name="smudge">false</attribute>
    </box>
  </image>
  <image id="26" name="rc19-experiment/INDOOR/PLAY3_TILL_FALL_top/102351.png" width="640" height="480">
    <box label="ball" occluded="0" source="auto" xtl="245.53" ytl="260.73" xbr="285.12" ybr="298.53" z_order="0">
      <attribute name="smudge">false</attribute>
    </box>
  </image>
  <image id="25" name="rc19-experiment/INDOOR/PLAY3_TILL_FALL_top/102347.png" width="640" height="480">
    <box label="ball" occluded="0" source="auto" xtl="229.66" ytl="356.46" xbr="267.52" ybr="391.69" z_order="0">
      <attribute name="smudge">false</attribute>
    </box>
  </image>
  <image id="24" name="rc19-experiment/INDOOR/PLAY3_TILL_FALL_top/102344.png" width="640" height="480">
    <box label="ball" occluded="0" source="auto" xtl="317.91" ytl="303.78" xbr="352.46" ybr="338.30" z_order="0">
      <attribute name="smudge">false</attribute>
    </box>
  </image>
  <image id="23" name="rc19-experiment/INDOOR/PLAY3_TILL_FALL_top/102341.png" width="640" height="480">
    <box label="ball" occluded="0" source="auto" xtl="309.60" ytl="318.12" xbr="344.03" ybr="354.77" z_order="0">
      <attribute name="smudge">false</attribute>
    </box>
  </image>
  <image id="22" name="rc19-experiment/INDOOR/PLAY3_TILL_FALL_top/102337.png" width="640" height="480">
    <box label="ball" occluded="0" source="auto" xtl="369.19" ytl="260.64" xbr="404.66" ybr="293.21" z_order="0">
      <attribute name="smudge">false</attribute>
    </box>
  </image>
  <image id="21" name="rc19-experiment/INDOOR/PLAY3_TILL_FALL_top/102334.png" width="640" height="480">
    <box label="ball" occluded="0" source="auto" xtl="428.42" ytl="262.38" xbr="462.04" ybr="296.35" z_order="0">
      <attribute name="smudge">false</attribute>
    </box>
  </image>
  <image id="20" name="rc19-experiment/INDOOR/PLAY3_TILL_FALL_top/102330.png" width="640" height="480">
    <box label="ball" occluded="0" source="auto" xtl="505.95" ytl="126.80" xbr="530.06" ybr="149.13" z_order="0">
      <attribute name="smudge">false</attribute>
    </box>
  </image>
  <image id="19" name="rc19-experiment/INDOOR/PLAY3_TILL_FALL_top/102327.png" width="640" height="480">
    <box label="ball" occluded="0" source="auto" xtl="314.20" ytl="306.38" xbr="347.51" ybr="342.01" z_order="0">
      <attribute name="smudge">false</attribute>
    </box>
  </image>
  <image id="18" name="rc19-experiment/INDOOR/PLAY3_TILL_FALL_top/102324.png" width="640" height="480">
    <box label="ball" occluded="0" source="auto" xtl="322.61" ytl="356.55" xbr="356.74" ybr="391.11" z_order="0">
      <attribute name="smudge">false</attribute>
    </box>
  </image>
  <image id="17" name="rc19-experiment/INDOOR/PLAY3_TILL_FALL_top/102320.png" width="640" height="480">
    <box label="ball" occluded="0" source="auto" xtl="307.32" ytl="318.53" xbr="339.23" ybr="350.04" z_order="0">
      <attribute name="smudge">false</attribute>
    </box>
  </image>
  <image id="16" name="rc19-experiment/INDOOR/PLAY3_TILL_FALL_top/102316.png" width="640" height="480">
    <box label="ball" occluded="0" source="auto" xtl="274.90" ytl="350.46" xbr="304.95" ybr="383.59" z_order="0">
      <attribute name="smudge">false</attribute>
    </box>
  </image>
  <image id="15" name="rc19-experiment/INDOOR/PLAY3_TILL_FALL_top/102313.png" width="640" height="480">
    <box label="ball" occluded="0" source="auto" xtl="334.44" ytl="294.83" xbr="366.39" ybr="325.28" z_order="0">
      <attribute name="smudge">false</attribute>
    </box>
  </image>
  <image id="14" name="rc19-experiment/INDOOR/PLAY3_TILL_FALL_top/102310.png" width="640" height="480">
    <box label="ball" occluded="0" source="auto" xtl="353.85" ytl="297.89" xbr="382.66" ybr="328.12" z_order="0">
      <attribute name="smudge">false</attribute>
    </box>
  </image>
  <image id="13" name="rc19-experiment/INDOOR/PLAY3_TILL_FALL_top/102307.png" width="640" height="480">
    <box label="ball" occluded="0" source="auto" xtl="336.34" ytl="370.54" xbr="368.88" ybr="401.06" z_order="0">
      <attribute name="smudge">false</attribute>
    </box>
  </image>
  <image id="12" name="rc19-experiment/INDOOR/PLAY3_TILL_FALL_top/102303.png" width="640" height="480">
    <box label="ball" occluded="0" source="auto" xtl="305.24" ytl="272.71" xbr="334.19" ybr="301.53" z_order="0">
      <attribute name="smudge">false</attribute>
    </box>
  </image>
  <image id="11" name="rc19-experiment/INDOOR/PLAY3_TILL_FALL_top/102300.png" width="640" height="480">
    <box label="ball" occluded="0" source="auto" xtl="324.42" ytl="349.64" xbr="353.74" ybr="377.89" z_order="0">
      <attribute name="smudge">false</attribute>
    </box>
  </image>
  <image id="10" name="rc19-experiment/INDOOR/PLAY3_TILL_FALL_top/102297.png" width="640" height="480">
    <box label="ball" occluded="0" source="auto" xtl="305.52" ytl="280.22" xbr="333.56" ybr="307.53" z_order="0">
      <attribute name="smudge">false</attribute>
    </box>
  </image>
  <image id="9" name="rc19-experiment/INDOOR/PLAY3_TILL_FALL_top/102293.png" width="640" height="480">
    <box label="ball" occluded="0" source="auto" xtl="299.00" ytl="329.66" xbr="329.37" ybr="359.14" z_order="0">
      <attribute name="smudge">false</attribute>
    </box>
  </image>
  <image id="8" name="rc19-experiment/INDOOR/PLAY3_TILL_FALL_top/102290.png" width="640" height="480">
    <box label="ball" occluded="0" source="auto" xtl="320.29" ytl="295.53" xbr="348.15" ybr="321.22" z_order="0">
      <attribute name="smudge">false</attribute>
    </box>
  </image>
  <image id="7" name="rc19-experiment/INDOOR/PLAY3_TILL_FALL_top/102286.png" width="640" height="480">
    <box label="ball" occluded="0" source="auto" xtl="258.48" ytl="293.34" xbr="287.29" ybr="319.98" z_order="0">
      <attribute name="smudge">false</attribute>
    </box>
  </image>
  <image id="6" name="rc19-experiment/INDOOR/PLAY3_TILL_FALL_top/102283.png" width="640" height="480">
    <box label="ball" occluded="0" source="auto" xtl="281.81" ytl="368.16" xbr="310.36" ybr="396.43" z_order="0">
      <attribute name="smudge">false</attribute>
    </box>
  </image>
  <image id="5" name="rc19-experiment/INDOOR/PLAY3_TILL_FALL_top/102280.png" width="640" height="480">
    <box label="ball" occluded="0" source="auto" xtl="323.48" ytl="282.85" xbr="349.91" ybr="308.04" z_order="0">
      <attribute name="smudge">false</attribute>
    </box>
  </image>
  <image id="4" name="rc19-experiment/INDOOR/PLAY3_TILL_FALL_top/102276.png" width="640" height="480">
    <box label="ball" occluded="0" source="auto" xtl="256.18" ytl="338.16" xbr="286.11" ybr="364.92" z_order="0">
      <attribute name="smudge">false</attribute>
    </box>
  </image>
  <image id="3" name="rc19-experiment/INDOOR/PLAY3_TILL_FALL_top/102272.png" width="640" height="480">
    <box label="ball" occluded="0" source="auto" xtl="276.63" ytl="273.05" xbr="308.71" ybr="300.73" z_order="0">
      <attribute name="smudge">false</attribute>
    </box>
  </image>
  <image id="2" name="rc19-experiment/INDOOR/PLAY3_TILL_FALL_top/102269.png" width="640" height="480">
    <box label="ball" occluded="0" source="auto" xtl="319.35" ytl="343.05" xbr="346.21" ybr="367.17" z_order="0">
      <attribute name="smudge">false</attribute>
    </box>
  </image>
  <image id="1" name="rc19-experiment/INDOOR/PLAY3_TILL_FALL_top/102266.png" width="640" height="480">
    <box label="ball" occluded="0" source="auto" xtl="315.83" ytl="332.51" xbr="341.53" ybr="357.57" z_order="0">
      <attribute name="smudge">false</attribute>
    </box>
  </image>
  <image id="0" name="rc19-experiment/INDOOR/PLAY3_TILL_FALL_top/102262.png" width="640" height="480">
    <box label="ball" occluded="0" source="auto" xtl="317.97" ytl="328.61" xbr="343.36" ybr="352.39" z_order="0">
      <attribute name="smudge">false</attribute>
    </box>
  </image>
</annotations>