<?xml version="1.0" encoding="utf-8"?>
<annotations>
  <version>1.1</version>
  <meta>
    <task>
      <id>3</id>
      <name>RC19Experiments-OUTDOOR5-bottom</name>
      <size>147</size>
      <mode>annotation</mode>
      <overlap>0</overlap>
      <bugtracker></bugtracker>
      <created>2020-03-06 15:42:38.035435+00:00</created>
      <updated>2020-06-29 21:54:22.539692+00:00</updated>
      <start_frame>0</start_frame>
      <stop_frame>0</stop_frame>
      <frame_filter></frame_filter>
      <labels>
        <label>
          <name>ball</name>
          <color>#804080</color>
          <attributes>
            <attribute>
              <name>smudge</name>
              <mutable>False</mutable>
              <input_type>checkbox</input_type>
              <default_value>false</default_value>
              <values>false</values>
            </attribute>
          </attributes>
        </label>
      </labels>
      <segments>
        <segment>
          <id>3</id>
          <start>0</start>
          <stop>146</stop>
          <url>httpball.informatik.hu-berlin.de/?id=3</url>
        </segment>
      </segments>
      <owner>
        <username>nao</username>
        <email></email>
      </owner>
      <assignee>
        <username>benji</username>
        <email>benji@schlotterfam.de</email>
      </assignee>
    </task>
    <dumped>2021-01-20 09:49:45.197285+00:00</dumped>
  </meta>
  <image id="0" name="rc19-experiment/OUTDOOR5-bottom/18795.png" width="640" height="480">
    <box label="ball" occluded="0" source="manual" xtl="152.86" ytl="78.36" xbr="235.32" ybr="157.31" z_order="1">
      <attribute name="smudge">false</attribute>
    </box>
  </image>
  <image id="1" name="rc19-experiment/OUTDOOR5-bottom/18798.png" width="640" height="480">
    <box label="ball" occluded="0" source="manual" xtl="152.86" ytl="74.85" xbr="235.91" ybr="160.23" z_order="1">
      <attribute name="smudge">false</attribute>
    </box>
  </image>
  <image id="2" name="rc19-experiment/OUTDOOR5-bottom/18802.png" width="640" height="480">
    <box label="ball" occluded="0" source="manual" xtl="150.52" ytl="76.00" xbr="237.66" ybr="156.72" z_order="1">
      <attribute name="smudge">false</attribute>
    </box>
  </image>
  <image id="3" name="rc19-experiment/OUTDOOR5-bottom/18805.png" width="640" height="480">
    <box label="ball" occluded="0" source="manual" xtl="151.11" ytl="73.68" xbr="239.42" ybr="157.31" z_order="1">
      <attribute name="smudge">false</attribute>
    </box>
  </image>
  <image id="4" name="rc19-experiment/OUTDOOR5-bottom/18808.png" width="640" height="480">
    <box label="ball" occluded="0" source="manual" xtl="151.11" ytl="74.85" xbr="237.08" ybr="162.57" z_order="1">
      <attribute name="smudge">false</attribute>
    </box>
  </image>
  <image id="5" name="rc19-experiment/OUTDOOR5-bottom/18811.png" width="640" height="480">
    <box label="ball" occluded="0" source="manual" xtl="150.52" ytl="73.68" xbr="235.91" ybr="161.40" z_order="1">
      <attribute name="smudge">false</attribute>
    </box>
  </image>
  <image id="6" name="rc19-experiment/OUTDOOR5-bottom/18815.png" width="640" height="480">
    <box label="ball" occluded="0" source="manual" xtl="148.18" ytl="72.51" xbr="235.32" ybr="156.14" z_order="1">
      <attribute name="smudge">false</attribute>
    </box>
  </image>
  <image id="7" name="rc19-experiment/OUTDOOR5-bottom/18818.png" width="640" height="480">
    <box label="ball" occluded="0" source="manual" xtl="148.18" ytl="73.68" xbr="235.32" ybr="160.23" z_order="1">
      <attribute name="smudge">false</attribute>
    </box>
  </image>
  <image id="8" name="rc19-experiment/OUTDOOR5-bottom/18821.png" width="640" height="480">
    <box label="ball" occluded="0" source="manual" xtl="147.02" ytl="70.76" xbr="235.32" ybr="153.80" z_order="1">
      <attribute name="smudge">false</attribute>
    </box>
  </image>
  <image id="9" name="rc19-experiment/OUTDOOR5-bottom/18825.png" width="640" height="480">
    <box label="ball" occluded="0" source="manual" xtl="148.77" ytl="67.83" xbr="234.74" ybr="147.37" z_order="1">
      <attribute name="smudge">false</attribute>
    </box>
  </image>
  <image id="10" name="rc19-experiment/OUTDOOR5-bottom/18829.png" width="640" height="480">
    <box label="ball" occluded="0" source="manual" xtl="147.60" ytl="70.76" xbr="231.23" ybr="154.97" z_order="1">
      <attribute name="smudge">false</attribute>
    </box>
  </image>
  <image id="11" name="rc19-experiment/OUTDOOR5-bottom/18832.png" width="640" height="480">
    <box label="ball" occluded="0" source="manual" xtl="143.51" ytl="56.14" xbr="236.49" ybr="140.93" z_order="1">
      <attribute name="smudge">false</attribute>
    </box>
  </image>
  <image id="12" name="rc19-experiment/OUTDOOR5-bottom/18836.png" width="640" height="480">
    <box label="ball" occluded="0" source="manual" xtl="130.06" ytl="46.80" xbr="223.63" ybr="132.75" z_order="1">
      <attribute name="smudge">false</attribute>
    </box>
  </image>
  <image id="13" name="rc19-experiment/OUTDOOR5-bottom/18839.png" width="640" height="480">
    <box label="ball" occluded="0" source="manual" xtl="131.81" ytl="52.04" xbr="223.04" ybr="139.18" z_order="1">
      <attribute name="smudge">false</attribute>
    </box>
  </image>
  <image id="14" name="rc19-experiment/OUTDOOR5-bottom/18842.png" width="640" height="480">
    <box label="ball" occluded="0" source="manual" xtl="109.00" ytl="67.83" xbr="196.14" ybr="154.38" z_order="1">
      <attribute name="smudge">false</attribute>
    </box>
  </image>
  <image id="15" name="rc19-experiment/OUTDOOR5-bottom/18846.png" width="640" height="480">
    <box label="ball" occluded="0" source="manual" xtl="117.78" ytl="63.15" xbr="206.08" ybr="149.12" z_order="1">
      <attribute name="smudge">false</attribute>
    </box>
  </image>
  <image id="16" name="rc19-experiment/OUTDOOR5-bottom/18850.png" width="640" height="480">
    <box label="ball" occluded="0" source="manual" xtl="170.99" ytl="41.52" xbr="254.04" ybr="122.22" z_order="1">
      <attribute name="smudge">false</attribute>
    </box>
  </image>
  <image id="17" name="rc19-experiment/OUTDOOR5-bottom/18853.png" width="640" height="480">
    <box label="ball" occluded="0" source="manual" xtl="190.29" ytl="27.48" xbr="274.50" ybr="112.28" z_order="1">
      <attribute name="smudge">false</attribute>
    </box>
  </image>
  <image id="18" name="rc19-experiment/OUTDOOR5-bottom/18856.png" width="640" height="480">
    <box label="ball" occluded="0" source="manual" xtl="191.46" ytl="25.73" xbr="274.50" ybr="107.60" z_order="1">
      <attribute name="smudge">false</attribute>
    </box>
  </image>
  <image id="19" name="rc19-experiment/OUTDOOR5-bottom/18859.png" width="640" height="480">
    <box label="ball" occluded="0" source="manual" xtl="191.46" ytl="26.90" xbr="276.84" ybr="108.77" z_order="1">
      <attribute name="smudge">false</attribute>
    </box>
  </image>
  <image id="20" name="rc19-experiment/OUTDOOR5-bottom/18862.png" width="640" height="480">
    <box label="ball" occluded="0" source="manual" xtl="191.46" ytl="28.07" xbr="274.50" ybr="109.35" z_order="1">
      <attribute name="smudge">false</attribute>
    </box>
  </image>
  <image id="21" name="rc19-experiment/OUTDOOR5-bottom/18865.png" width="640" height="480">
    <box label="ball" occluded="0" source="manual" xtl="194.38" ytl="30.40" xbr="276.26" ybr="113.45" z_order="1">
      <attribute name="smudge">false</attribute>
    </box>
  </image>
  <image id="22" name="rc19-experiment/OUTDOOR5-bottom/18869.png" width="640" height="480">
    <box label="ball" occluded="0" source="manual" xtl="193.80" ytl="30.40" xbr="278.60" ybr="113.45" z_order="1">
      <attribute name="smudge">false</attribute>
    </box>
  </image>
  <image id="23" name="rc19-experiment/OUTDOOR5-bottom/18872.png" width="640" height="480">
    <box label="ball" occluded="0" source="manual" xtl="193.80" ytl="25.73" xbr="277.43" ybr="105.84" z_order="1">
      <attribute name="smudge">false</attribute>
    </box>
  </image>
  <image id="24" name="rc19-experiment/OUTDOOR5-bottom/18876.png" width="640" height="480">
    <box label="ball" occluded="0" source="manual" xtl="200.20" ytl="25.73" xbr="282.69" ybr="107.01" z_order="1">
      <attribute name="smudge">false</attribute>
    </box>
  </image>
  <image id="25" name="rc19-experiment/OUTDOOR5-bottom/18879.png" width="640" height="480">
    <box label="ball" occluded="0" source="manual" xtl="204.90" ytl="44.44" xbr="290.29" ybr="131.58" z_order="1">
      <attribute name="smudge">false</attribute>
    </box>
  </image>
  <image id="26" name="rc19-experiment/OUTDOOR5-bottom/18883.png" width="640" height="480">
    <box label="ball" occluded="0" source="manual" xtl="183.27" ytl="123.39" xbr="264.56" ybr="212.28" z_order="1">
      <attribute name="smudge">false</attribute>
    </box>
  </image>
  <image id="27" name="rc19-experiment/OUTDOOR5-bottom/18887.png" width="640" height="480">
    <box label="ball" occluded="0" source="manual" xtl="128.30" ytl="87.13" xbr="213.68" ybr="182.45" z_order="1">
      <attribute name="smudge">false</attribute>
    </box>
  </image>
  <image id="28" name="rc19-experiment/OUTDOOR5-bottom/18890.png" width="640" height="480">
    <box label="ball" occluded="0" source="manual" xtl="147.60" ytl="96.49" xbr="232.40" ybr="178.95" z_order="1">
      <attribute name="smudge">false</attribute>
    </box>
  </image>
  <image id="29" name="rc19-experiment/OUTDOOR5-bottom/18893.png" width="640" height="480">
    <box label="ball" occluded="0" source="manual" xtl="217.78" ytl="82.45" xbr="300.24" ybr="161.40" z_order="1">
      <attribute name="smudge">false</attribute>
    </box>
  </image>
  <image id="30" name="rc19-experiment/OUTDOOR5-bottom/18896.png" width="640" height="480">
    <box label="ball" occluded="0" source="manual" xtl="244.68" ytl="88.30" xbr="320.70" ybr="166.67" z_order="1">
      <attribute name="smudge">false</attribute>
    </box>
  </image>
  <image id="31" name="rc19-experiment/OUTDOOR5-bottom/18899.png" width="640" height="480">
    <box label="ball" occluded="0" source="manual" xtl="286.20" ytl="102.92" xbr="368.07" ybr="178.36" z_order="1">
      <attribute name="smudge">false</attribute>
    </box>
  </image>
  <image id="32" name="rc19-experiment/OUTDOOR5-bottom/18902.png" width="640" height="480">
    <box label="ball" occluded="0" source="manual" xtl="289.12" ytl="91.81" xbr="373.34" ybr="174.27" z_order="1">
      <attribute name="smudge">false</attribute>
    </box>
  </image>
  <image id="33" name="rc19-experiment/OUTDOOR5-bottom/18906.png" width="640" height="480">
    <box label="ball" occluded="0" source="manual" xtl="330.65" ytl="113.45" xbr="413.10" ybr="195.32" z_order="1">
      <attribute name="smudge">false</attribute>
    </box>
  </image>
  <image id="34" name="rc19-experiment/OUTDOOR5-bottom/18909.png" width="640" height="480">
  </image>
  <image id="35" name="rc19-experiment/OUTDOOR5-bottom/18913.png" width="640" height="480">
  </image>
  <image id="36" name="rc19-experiment/OUTDOOR5-bottom/18916.png" width="640" height="480">
  </image>
  <image id="37" name="rc19-experiment/OUTDOOR5-bottom/18920.png" width="640" height="480">
  </image>
  <image id="38" name="rc19-experiment/OUTDOOR5-bottom/18923.png" width="640" height="480">
  </image>
  <image id="39" name="rc19-experiment/OUTDOOR5-bottom/18927.png" width="640" height="480">
  </image>
  <image id="40" name="rc19-experiment/OUTDOOR5-bottom/18930.png" width="640" height="480">
    <box label="ball" occluded="0" source="manual" xtl="409.01" ytl="100.00" xbr="499.66" ybr="183.62" z_order="1">
      <attribute name="smudge">false</attribute>
    </box>
  </image>
  <image id="41" name="rc19-experiment/OUTDOOR5-bottom/18934.png" width="640" height="480">
    <box label="ball" occluded="0" source="manual" xtl="429.48" ytl="126.90" xbr="518.95" ybr="212.86" z_order="1">
      <attribute name="smudge">false</attribute>
    </box>
  </image>
  <image id="42" name="rc19-experiment/OUTDOOR5-bottom/18937.png" width="640" height="480">
    <box label="ball" occluded="0" source="manual" xtl="378.02" ytl="59.06" xbr="469.25" ybr="161.40" z_order="1">
      <attribute name="smudge">false</attribute>
    </box>
  </image>
  <image id="43" name="rc19-experiment/OUTDOOR5-bottom/18940.png" width="640" height="480">
    <box label="ball" occluded="0" source="manual" xtl="354.04" ytl="69.59" xbr="441.76" ybr="160.23" z_order="1">
      <attribute name="smudge">false</attribute>
    </box>
  </image>
  <image id="44" name="rc19-experiment/OUTDOOR5-bottom/18944.png" width="640" height="480">
    <box label="ball" occluded="0" source="manual" xtl="371.00" ytl="102.34" xbr="459.89" ybr="191.81" z_order="1">
      <attribute name="smudge">false</attribute>
    </box>
  </image>
  <image id="45" name="rc19-experiment/OUTDOOR5-bottom/18947.png" width="640" height="480">
    <box label="ball" occluded="0" source="manual" xtl="348.78" ytl="108.77" xbr="437.67" ybr="203.51" z_order="1">
      <attribute name="smudge">false</attribute>
    </box>
  </image>
  <image id="46" name="rc19-experiment/OUTDOOR5-bottom/18950.png" width="640" height="480">
    <box label="ball" occluded="0" source="manual" xtl="411.93" ytl="173.10" xbr="499.07" ybr="254.97" z_order="1">
      <attribute name="smudge">false</attribute>
    </box>
  </image>
  <image id="47" name="rc19-experiment/OUTDOOR5-bottom/18954.png" width="640" height="480">
    <box label="ball" occluded="0" source="manual" xtl="372.17" ytl="117.54" xbr="460.47" ybr="207.60" z_order="1">
      <attribute name="smudge">false</attribute>
    </box>
  </image>
  <image id="48" name="rc19-experiment/OUTDOOR5-bottom/18957.png" width="640" height="480">
    <box label="ball" occluded="0" source="manual" xtl="341.17" ytl="110.52" xbr="430.06" ybr="201.75" z_order="1">
      <attribute name="smudge">false</attribute>
    </box>
  </image>
  <image id="49" name="rc19-experiment/OUTDOOR5-bottom/18960.png" width="640" height="480">
    <box label="ball" occluded="0" source="manual" xtl="379.19" ytl="118.71" xbr="472.75" ybr="208.77" z_order="1">
      <attribute name="smudge">false</attribute>
    </box>
  </image>
  <image id="50" name="rc19-experiment/OUTDOOR5-bottom/18963.png" width="640" height="480">
    <box label="ball" occluded="0" source="manual" xtl="340.00" ytl="122.22" xbr="431.82" ybr="209.94" z_order="1">
      <attribute name="smudge">false</attribute>
    </box>
  </image>
  <image id="51" name="rc19-experiment/OUTDOOR5-bottom/18967.png" width="640" height="480">
    <box label="ball" occluded="0" source="manual" xtl="278.60" ytl="108.77" xbr="369.24" ybr="200.58" z_order="1">
      <attribute name="smudge">false</attribute>
    </box>
  </image>
  <image id="52" name="rc19-experiment/OUTDOOR5-bottom/18971.png" width="640" height="480">
    <box label="ball" occluded="0" source="manual" xtl="300.24" ytl="150.29" xbr="385.62" ybr="238.60" z_order="1">
      <attribute name="smudge">false</attribute>
    </box>
  </image>
  <image id="53" name="rc19-experiment/OUTDOOR5-bottom/18974.png" width="640" height="480">
    <box label="ball" occluded="0" source="manual" xtl="285.62" ytl="125.73" xbr="376.26" ybr="221.05" z_order="1">
      <attribute name="smudge">false</attribute>
    </box>
  </image>
  <image id="54" name="rc19-experiment/OUTDOOR5-bottom/18977.png" width="640" height="480">
    <box label="ball" occluded="0" source="manual" xtl="245.26" ytl="162.57" xbr="337.66" ybr="252.05" z_order="1">
      <attribute name="smudge">false</attribute>
    </box>
  </image>
  <image id="55" name="rc19-experiment/OUTDOOR5-bottom/18980.png" width="640" height="480">
    <box label="ball" occluded="0" source="manual" xtl="241.75" ytl="160.23" xbr="332.40" ybr="250.29" z_order="1">
      <attribute name="smudge">false</attribute>
    </box>
  </image>
  <image id="56" name="rc19-experiment/OUTDOOR5-bottom/18983.png" width="640" height="480">
    <box label="ball" occluded="0" source="manual" xtl="201.99" ytl="119.88" xbr="294.97" ybr="219.30" z_order="1">
      <attribute name="smudge">false</attribute>
    </box>
  </image>
  <image id="57" name="rc19-experiment/OUTDOOR5-bottom/18986.png" width="640" height="480">
    <box label="ball" occluded="0" source="manual" xtl="254.04" ytl="149.12" xbr="350.53" ybr="247.37" z_order="1">
      <attribute name="smudge">false</attribute>
    </box>
  </image>
  <image id="58" name="rc19-experiment/OUTDOOR5-bottom/18989.png" width="640" height="480">
    <box label="ball" occluded="0" source="manual" xtl="265.15" ytl="150.88" xbr="358.72" ybr="250.29" z_order="1">
      <attribute name="smudge">false</attribute>
    </box>
  </image>
  <image id="59" name="rc19-experiment/OUTDOOR5-bottom/18992.png" width="640" height="480">
    <box label="ball" occluded="0" source="manual" xtl="242.92" ytl="190.64" xbr="342.34" ybr="295.32" z_order="1">
      <attribute name="smudge">false</attribute>
    </box>
  </image>
  <image id="60" name="rc19-experiment/OUTDOOR5-bottom/18996.png" width="640" height="480">
    <box label="ball" occluded="0" source="manual" xtl="217.19" ytl="209.94" xbr="321.29" ybr="315.21" z_order="1">
      <attribute name="smudge">false</attribute>
    </box>
  </image>
  <image id="61" name="rc19-experiment/OUTDOOR5-bottom/18999.png" width="640" height="480">
    <box label="ball" occluded="0" source="manual" xtl="232.40" ytl="153.21" xbr="341.76" ybr="260.82" z_order="1">
      <attribute name="smudge">false</attribute>
    </box>
  </image>
  <image id="62" name="rc19-experiment/OUTDOOR5-bottom/19002.png" width="640" height="480">
    <box label="ball" occluded="0" source="manual" xtl="282.11" ytl="203.51" xbr="396.14" ybr="314.04" z_order="1">
      <attribute name="smudge">false</attribute>
    </box>
  </image>
  <image id="63" name="rc19-experiment/OUTDOOR5-bottom/19006.png" width="640" height="480">
    <box label="ball" occluded="0" source="manual" xtl="279.77" ytl="195.32" xbr="397.31" ybr="314.04" z_order="1">
      <attribute name="smudge">false</attribute>
    </box>
  </image>
  <image id="64" name="rc19-experiment/OUTDOOR5-bottom/19009.png" width="640" height="480">
    <box label="ball" occluded="0" source="manual" xtl="223.04" ytl="166.67" xbr="350.53" ybr="295.32" z_order="1">
      <attribute name="smudge">false</attribute>
    </box>
  </image>
  <image id="65" name="rc19-experiment/OUTDOOR5-bottom/19012.png" width="640" height="480">
    <box label="ball" occluded="0" source="manual" xtl="188.54" ytl="30.40" xbr="322.46" ybr="151.46" z_order="1">
      <attribute name="smudge">false</attribute>
    </box>
  </image>
  <image id="66" name="rc19-experiment/OUTDOOR5-bottom/19015.png" width="640" height="480">
    <box label="ball" occluded="0" source="manual" xtl="163.90" ytl="0.00" xbr="300.82" ybr="138.59" z_order="1">
      <attribute name="smudge">false</attribute>
    </box>
  </image>
  <image id="67" name="rc19-experiment/OUTDOOR5-bottom/19018.png" width="640" height="480">
    <box label="ball" occluded="0" source="manual" xtl="252.28" ytl="51.46" xbr="388.54" ybr="194.74" z_order="1">
      <attribute name="smudge">false</attribute>
    </box>
  </image>
  <image id="68" name="rc19-experiment/OUTDOOR5-bottom/19022.png" width="640" height="480">
    <box label="ball" occluded="0" source="manual" xtl="349.36" ytl="94.73" xbr="493.81" ybr="250.29" z_order="1">
      <attribute name="smudge">false</attribute>
    </box>
  </image>
  <image id="69" name="rc19-experiment/OUTDOOR5-bottom/19025.png" width="640" height="480">
    <box label="ball" occluded="0" source="manual" xtl="282.11" ytl="148.54" xbr="423.63" ybr="285.97" z_order="1">
      <attribute name="smudge">false</attribute>
    </box>
  </image>
  <image id="70" name="rc19-experiment/OUTDOOR5-bottom/19028.png" width="640" height="480">
    <box label="ball" occluded="0" source="manual" xtl="207.25" ytl="138.59" xbr="356.38" ybr="280.12" z_order="1">
      <attribute name="smudge">false</attribute>
    </box>
  </image>
  <image id="71" name="rc19-experiment/OUTDOOR5-bottom/19032.png" width="640" height="480">
    <box label="ball" occluded="0" source="manual" xtl="232.40" ytl="147.95" xbr="388.54" ybr="301.17" z_order="1">
      <attribute name="smudge">false</attribute>
    </box>
  </image>
  <image id="72" name="rc19-experiment/OUTDOOR5-bottom/19036.png" width="640" height="480">
    <box label="ball" occluded="0" source="manual" xtl="329.48" ytl="191.81" xbr="488.54" ybr="354.97" z_order="1">
      <attribute name="smudge">false</attribute>
    </box>
  </image>
  <image id="73" name="rc19-experiment/OUTDOOR5-bottom/19039.png" width="640" height="480">
    <box label="ball" occluded="0" source="manual" xtl="311.93" ytl="227.48" xbr="487.37" ybr="385.38" z_order="1">
      <attribute name="smudge">false</attribute>
    </box>
  </image>
  <image id="74" name="rc19-experiment/OUTDOOR5-bottom/19042.png" width="640" height="480">
    <box label="ball" occluded="0" source="manual" xtl="218.95" ytl="238.60" xbr="379.77" ybr="395.91" z_order="1">
      <attribute name="smudge">false</attribute>
    </box>
  </image>
  <image id="75" name="rc19-experiment/OUTDOOR5-bottom/19046.png" width="640" height="480">
    <box label="ball" occluded="0" source="manual" xtl="215.44" ytl="226.32" xbr="373.34" ybr="373.10" z_order="1">
      <attribute name="smudge">false</attribute>
    </box>
  </image>
  <image id="76" name="rc19-experiment/OUTDOOR5-bottom/19049.png" width="640" height="480">
    <box label="ball" occluded="0" source="manual" xtl="276.26" ytl="232.16" xbr="434.16" ybr="384.80" z_order="1">
      <attribute name="smudge">false</attribute>
    </box>
  </image>
  <image id="77" name="rc19-experiment/OUTDOOR5-bottom/19052.png" width="640" height="480">
    <box label="ball" occluded="0" source="manual" xtl="299.07" ytl="201.17" xbr="461.64" ybr="370.76" z_order="1">
      <attribute name="smudge">false</attribute>
    </box>
  </image>
  <image id="78" name="rc19-experiment/OUTDOOR5-bottom/19055.png" width="640" height="480">
    <box label="ball" occluded="0" source="manual" xtl="306.67" ytl="250.29" xbr="466.91" ybr="406.44" z_order="1">
      <attribute name="smudge">false</attribute>
    </box>
  </image>
  <image id="79" name="rc19-experiment/OUTDOOR5-bottom/19058.png" width="640" height="480">
    <box label="ball" occluded="0" source="manual" xtl="262.81" ytl="261.40" xbr="437.67" ybr="428.07" z_order="1">
      <attribute name="smudge">false</attribute>
    </box>
  </image>
  <image id="80" name="rc19-experiment/OUTDOOR5-bottom/19061.png" width="640" height="480">
    <box label="ball" occluded="0" source="manual" xtl="205.50" ytl="247.95" xbr="366.32" ybr="402.34" z_order="1">
      <attribute name="smudge">false</attribute>
    </box>
  </image>
  <image id="81" name="rc19-experiment/OUTDOOR5-bottom/19065.png" width="640" height="480">
    <box label="ball" occluded="0" source="manual" xtl="225.38" ytl="200.00" xbr="383.28" ybr="354.97" z_order="1">
      <attribute name="smudge">false</attribute>
    </box>
  </image>
  <image id="82" name="rc19-experiment/OUTDOOR5-bottom/19068.png" width="640" height="480">
    <box label="ball" occluded="0" source="manual" xtl="291.46" ytl="200.58" xbr="442.93" ybr="357.90" z_order="1">
      <attribute name="smudge">false</attribute>
    </box>
  </image>
  <image id="83" name="rc19-experiment/OUTDOOR5-bottom/19071.png" width="640" height="480">
    <box label="ball" occluded="0" source="manual" xtl="303.16" ytl="215.20" xbr="456.96" ybr="369.01" z_order="1">
      <attribute name="smudge">false</attribute>
    </box>
  </image>
  <image id="84" name="rc19-experiment/OUTDOOR5-bottom/19074.png" width="640" height="480">
    <box label="ball" occluded="0" source="manual" xtl="279.77" ytl="194.15" xbr="438.25" ybr="346.20" z_order="1">
      <attribute name="smudge">false</attribute>
    </box>
  </image>
  <image id="85" name="rc19-experiment/OUTDOOR5-bottom/19078.png" width="640" height="480">
    <box label="ball" occluded="0" source="manual" xtl="213.10" ytl="184.21" xbr="369.83" ybr="335.09" z_order="1">
      <attribute name="smudge">false</attribute>
    </box>
  </image>
  <image id="86" name="rc19-experiment/OUTDOOR5-bottom/19082.png" width="640" height="480">
    <box label="ball" occluded="0" source="manual" xtl="231.23" ytl="164.91" xbr="381.52" ybr="317.55" z_order="1">
      <attribute name="smudge">false</attribute>
    </box>
  </image>
  <image id="87" name="rc19-experiment/OUTDOOR5-bottom/19085.png" width="640" height="480">
    <box label="ball" occluded="0" source="manual" xtl="262.22" ytl="173.10" xbr="413.10" ybr="323.98" z_order="1">
      <attribute name="smudge">false</attribute>
    </box>
  </image>
  <image id="88" name="rc19-experiment/OUTDOOR5-bottom/19088.png" width="640" height="480">
    <box label="ball" occluded="0" source="manual" xtl="266.32" ytl="177.78" xbr="413.69" ybr="324.56" z_order="1">
      <attribute name="smudge">false</attribute>
    </box>
  </image>
  <image id="89" name="rc19-experiment/OUTDOOR5-bottom/19091.png" width="640" height="480">
    <box label="ball" occluded="0" source="manual" xtl="227.72" ytl="164.91" xbr="378.01" ybr="315.21" z_order="1">
      <attribute name="smudge">false</attribute>
    </box>
  </image>
  <image id="90" name="rc19-experiment/OUTDOOR5-bottom/19095.png" width="640" height="480">
    <box label="ball" occluded="0" source="manual" xtl="227.13" ytl="167.25" xbr="373.34" ybr="313.45" z_order="1">
      <attribute name="smudge">false</attribute>
    </box>
  </image>
  <image id="91" name="rc19-experiment/OUTDOOR5-bottom/19098.png" width="640" height="480">
    <box label="ball" occluded="0" source="manual" xtl="265.73" ytl="149.71" xbr="417.20" ybr="298.20" z_order="1">
      <attribute name="smudge">false</attribute>
    </box>
  </image>
  <image id="92" name="rc19-experiment/OUTDOOR5-bottom/19101.png" width="640" height="480">
    <box label="ball" occluded="0" source="manual" xtl="256.96" ytl="138.01" xbr="402.58" ybr="285.97" z_order="1">
      <attribute name="smudge">false</attribute>
    </box>
  </image>
  <image id="93" name="rc19-experiment/OUTDOOR5-bottom/19105.png" width="640" height="480">
    <box label="ball" occluded="0" source="manual" xtl="245.26" ytl="142.69" xbr="387.40" ybr="284.80" z_order="1">
      <attribute name="smudge">false</attribute>
    </box>
  </image>
  <image id="94" name="rc19-experiment/OUTDOOR5-bottom/19108.png" width="640" height="480">
    <box label="ball" occluded="0" source="manual" xtl="218.40" ytl="153.21" xbr="363.39" ybr="303.51" z_order="1">
      <attribute name="smudge">false</attribute>
    </box>
  </image>
  <image id="95" name="rc19-experiment/OUTDOOR5-bottom/19111.png" width="640" height="480">
    <box label="ball" occluded="0" source="manual" xtl="209.00" ytl="159.06" xbr="351.70" ybr="295.91" z_order="1">
      <attribute name="smudge">false</attribute>
    </box>
  </image>
  <image id="96" name="rc19-experiment/OUTDOOR5-bottom/19114.png" width="640" height="480">
    <box label="ball" occluded="0" source="manual" xtl="171.58" ytl="166.67" xbr="318.95" ybr="310.53" z_order="1">
      <attribute name="smudge">false</attribute>
    </box>
  </image>
  <image id="97" name="rc19-experiment/OUTDOOR5-bottom/19117.png" width="640" height="480">
    <box label="ball" occluded="0" source="manual" xtl="220.12" ytl="147.37" xbr="367.49" ybr="302.34" z_order="1">
      <attribute name="smudge">false</attribute>
    </box>
  </image>
  <image id="98" name="rc19-experiment/OUTDOOR5-bottom/19121.png" width="640" height="480">
    <box label="ball" occluded="0" source="manual" xtl="279.77" ytl="160.82" xbr="427.72" ybr="302.34" z_order="1">
      <attribute name="smudge">false</attribute>
    </box>
  </image>
  <image id="99" name="rc19-experiment/OUTDOOR5-bottom/19125.png" width="640" height="480">
    <box label="ball" occluded="0" source="manual" xtl="224.21" ytl="158.48" xbr="389.13" ybr="318.13" z_order="1">
      <attribute name="smudge">false</attribute>
    </box>
  </image>
  <image id="100" name="rc19-experiment/OUTDOOR5-bottom/19128.png" width="640" height="480">
    <box label="ball" occluded="0" source="manual" xtl="162.80" ytl="182.45" xbr="323.04" ybr="332.17" z_order="1">
      <attribute name="smudge">false</attribute>
    </box>
  </image>
  <image id="101" name="rc19-experiment/OUTDOOR5-bottom/19132.png" width="640" height="480">
    <box label="ball" occluded="0" source="manual" xtl="213.10" ytl="167.83" xbr="371.00" ybr="321.90" z_order="1">
      <attribute name="smudge">false</attribute>
    </box>
  </image>
  <image id="102" name="rc19-experiment/OUTDOOR5-bottom/19136.png" width="640" height="480">
    <box label="ball" occluded="0" source="manual" xtl="306.67" ytl="195.32" xbr="463.98" ybr="354.97" z_order="1">
      <attribute name="smudge">false</attribute>
    </box>
  </image>
  <image id="103" name="rc19-experiment/OUTDOOR5-bottom/19139.png" width="640" height="480">
    <box label="ball" occluded="0" source="manual" xtl="279.77" ytl="236.84" xbr="434.16" ybr="384.21" z_order="1">
      <attribute name="smudge">false</attribute>
    </box>
  </image>
  <image id="104" name="rc19-experiment/OUTDOOR5-bottom/19142.png" width="640" height="480">
    <box label="ball" occluded="0" source="manual" xtl="208.42" ytl="262.57" xbr="361.06" ybr="430.41" z_order="1">
      <attribute name="smudge">false</attribute>
    </box>
  </image>
  <image id="105" name="rc19-experiment/OUTDOOR5-bottom/19145.png" width="640" height="480">
    <box label="ball" occluded="0" source="manual" xtl="180.93" ytl="219.30" xbr="337.66" ybr="371.93" z_order="1">
      <attribute name="smudge">false</attribute>
    </box>
  </image>
  <image id="106" name="rc19-experiment/OUTDOOR5-bottom/19148.png" width="640" height="480">
    <box label="ball" occluded="0" source="manual" xtl="238.83" ytl="197.07" xbr="396.73" ybr="355.56" z_order="1">
      <attribute name="smudge">false</attribute>
    </box>
  </image>
  <image id="107" name="rc19-experiment/OUTDOOR5-bottom/19151.png" width="640" height="480">
    <box label="ball" occluded="0" source="manual" xtl="290.29" ytl="195.91" xbr="445.27" ybr="366.67" z_order="1">
      <attribute name="smudge">false</attribute>
    </box>
  </image>
  <image id="108" name="rc19-experiment/OUTDOOR5-bottom/19154.png" width="640" height="480">
    <box label="ball" occluded="0" source="manual" xtl="320.12" ytl="236.26" xbr="476.26" ybr="385.38" z_order="1">
      <attribute name="smudge">false</attribute>
    </box>
  </image>
  <image id="109" name="rc19-experiment/OUTDOOR5-bottom/19157.png" width="640" height="480">
    <box label="ball" occluded="0" source="manual" xtl="277.43" ytl="225.15" xbr="448.19" ybr="390.06" z_order="1">
      <attribute name="smudge">false</attribute>
    </box>
  </image>
  <image id="110" name="rc19-experiment/OUTDOOR5-bottom/19160.png" width="640" height="480">
    <box label="ball" occluded="0" source="manual" xtl="191.46" ytl="240.94" xbr="356.38" ybr="391.23" z_order="1">
      <attribute name="smudge">false</attribute>
    </box>
  </image>
  <image id="111" name="rc19-experiment/OUTDOOR5-bottom/19163.png" width="640" height="480">
    <box label="ball" occluded="0" source="manual" xtl="198.48" ytl="228.65" xbr="357.55" ybr="384.80" z_order="1">
      <attribute name="smudge">false</attribute>
    </box>
  </image>
  <image id="112" name="rc19-experiment/OUTDOOR5-bottom/19166.png" width="640" height="480">
    <box label="ball" occluded="0" source="manual" xtl="245.26" ytl="225.73" xbr="411.35" ybr="386.55" z_order="1">
      <attribute name="smudge">false</attribute>
    </box>
  </image>
  <image id="113" name="rc19-experiment/OUTDOOR5-bottom/19169.png" width="640" height="480">
    <box label="ball" occluded="0" source="manual" xtl="289.71" ytl="254.39" xbr="449.36" ybr="407.02" z_order="1">
      <attribute name="smudge">false</attribute>
    </box>
  </image>
  <image id="114" name="rc19-experiment/OUTDOOR5-bottom/19172.png" width="640" height="480">
    <box label="ball" occluded="0" source="manual" xtl="249.36" ytl="155.55" xbr="410.76" ybr="300.59" z_order="1">
      <attribute name="smudge">false</attribute>
    </box>
  </image>
  <image id="115" name="rc19-experiment/OUTDOOR5-bottom/19176.png" width="640" height="480">
    <box label="ball" occluded="0" source="manual" xtl="184.44" ytl="140.93" xbr="313.10" ybr="261.99" z_order="1">
      <attribute name="smudge">false</attribute>
    </box>
  </image>
  <image id="116" name="rc19-experiment/OUTDOOR5-bottom/19179.png" width="640" height="480">
    <box label="ball" occluded="0" source="manual" xtl="155.79" ytl="47.95" xbr="272.75" ybr="159.06" z_order="1">
      <attribute name="smudge">false</attribute>
    </box>
  </image>
  <image id="117" name="rc19-experiment/OUTDOOR5-bottom/19182.png" width="640" height="480">
    <box label="ball" occluded="0" source="manual" xtl="217.70" ytl="0.00" xbr="317.19" ybr="64.20" z_order="1">
      <attribute name="smudge">false</attribute>
    </box>
  </image>
  <image id="118" name="rc19-experiment/OUTDOOR5-bottom/19185.png" width="640" height="480">
  </image>
  <image id="119" name="rc19-experiment/OUTDOOR5-bottom/19188.png" width="640" height="480">
  </image>
  <image id="120" name="rc19-experiment/OUTDOOR5-bottom/19191.png" width="640" height="480">
  </image>
  <image id="121" name="rc19-experiment/OUTDOOR5-bottom/19194.png" width="640" height="480">
  </image>
  <image id="122" name="rc19-experiment/OUTDOOR5-bottom/19197.png" width="640" height="480">
  </image>
  <image id="123" name="rc19-experiment/OUTDOOR5-bottom/19200.png" width="640" height="480">
    <box label="ball" occluded="0" source="manual" xtl="279.77" ytl="4.10" xbr="341.76" ybr="64.91" z_order="1">
      <attribute name="smudge">false</attribute>
    </box>
  </image>
  <image id="124" name="rc19-experiment/OUTDOOR5-bottom/19203.png" width="640" height="480">
    <box label="ball" occluded="0" source="manual" xtl="306.67" ytl="0.00" xbr="358.13" ybr="42.68" z_order="1">
      <attribute name="smudge">false</attribute>
    </box>
  </image>
  <image id="125" name="rc19-experiment/OUTDOOR5-bottom/19206.png" width="640" height="480">
  </image>
  <image id="126" name="rc19-experiment/OUTDOOR5-bottom/19209.png" width="640" height="480">
  </image>
  <image id="127" name="rc19-experiment/OUTDOOR5-bottom/19212.png" width="640" height="480">
    <box label="ball" occluded="0" source="manual" xtl="247.02" ytl="0.00" xbr="297.90" ybr="25.73" z_order="1">
      <attribute name="smudge">false</attribute>
    </box>
  </image>
  <image id="128" name="rc19-experiment/OUTDOOR5-bottom/19215.png" width="640" height="480">
    <box label="ball" occluded="0" source="manual" xtl="232.40" ytl="22.20" xbr="279.77" ybr="67.25" z_order="1">
      <attribute name="smudge">false</attribute>
    </box>
  </image>
  <image id="129" name="rc19-experiment/OUTDOOR5-bottom/19218.png" width="640" height="480">
  </image>
  <image id="130" name="rc19-experiment/OUTDOOR5-bottom/19220.png" width="640" height="480">
  </image>
  <image id="131" name="rc19-experiment/OUTDOOR5-bottom/19223.png" width="640" height="480">
  </image>
  <image id="132" name="rc19-experiment/OUTDOOR5-bottom/19226.png" width="640" height="480">
  </image>
  <image id="133" name="rc19-experiment/OUTDOOR5-bottom/19229.png" width="640" height="480">
  </image>
  <image id="134" name="rc19-experiment/OUTDOOR5-bottom/19232.png" width="640" height="480">
  </image>
  <image id="135" name="rc19-experiment/OUTDOOR5-bottom/19234.png" width="640" height="480">
  </image>
  <image id="136" name="rc19-experiment/OUTDOOR5-bottom/19237.png" width="640" height="480">
  </image>
  <image id="137" name="rc19-experiment/OUTDOOR5-bottom/19240.png" width="640" height="480">
  </image>
  <image id="138" name="rc19-experiment/OUTDOOR5-bottom/19243.png" width="640" height="480">
  </image>
  <image id="139" name="rc19-experiment/OUTDOOR5-bottom/19246.png" width="640" height="480">
  </image>
  <image id="140" name="rc19-experiment/OUTDOOR5-bottom/19249.png" width="640" height="480">
  </image>
  <image id="141" name="rc19-experiment/OUTDOOR5-bottom/19252.png" width="640" height="480">
  </image>
  <image id="142" name="rc19-experiment/OUTDOOR5-bottom/19255.png" width="640" height="480">
    <box label="ball" occluded="0" source="manual" xtl="306.08" ytl="0.00" xbr="349.94" ybr="42.10" z_order="1">
      <attribute name="smudge">false</attribute>
    </box>
  </image>
  <image id="143" name="rc19-experiment/OUTDOOR5-bottom/19258.png" width="640" height="480">
  </image>
  <image id="144" name="rc19-experiment/OUTDOOR5-bottom/19261.png" width="640" height="480">
  </image>
  <image id="145" name="rc19-experiment/OUTDOOR5-bottom/19264.png" width="640" height="480">
  </image>
  <image id="146" name="rc19-experiment/OUTDOOR5-bottom/19267.png" width="640" height="480">
    <box label="ball" occluded="0" source="manual" xtl="297.80" ytl="11.40" xbr="348.77" ybr="64.91" z_order="1">
      <attribute name="smudge">false</attribute>
    </box>
  </image>
</annotations>