<?xml version="1.0" encoding="utf-8"?>
<annotations>
  <version>1.1</version>
  <meta>
    <task>
      <id>23</id>
      <name>RC19Experiments-INDOOR-STRIKER_FROM_GOAL_bottom</name>
      <size>424</size>
      <mode>annotation</mode>
      <overlap>0</overlap>
      <bugtracker></bugtracker>
      <created>2020-04-05 10:15:58.729002+00:00</created>
      <updated>2020-04-05 10:15:58.729036+00:00</updated>
      <start_frame>0</start_frame>
      <stop_frame>423</stop_frame>
      <frame_filter></frame_filter>
      <labels>
        <label>
          <name>ball</name>
          <color>#804080</color>
          <attributes>
            <attribute>
              <name>smudge</name>
              <mutable>False</mutable>
              <input_type>checkbox</input_type>
              <default_value>false</default_value>
              <values>false</values>
            </attribute>
          </attributes>
        </label>
      </labels>
      <segments>
        <segment>
          <id>23</id>
          <start>0</start>
          <stop>423</stop>
          <url>httpball.informatik.hu-berlin.de/?id=23</url>
        </segment>
      </segments>
      <owner>
        <username>nao</username>
        <email></email>
      </owner>
      <assignee></assignee>
    </task>
    <dumped>2021-01-20 09:56:28.868137+00:00</dumped>
  </meta>
  <image id="423" name="rc19-experiment/INDOOR/STRIKER_FROM_GOAL_bottom/43295.png" width="640" height="480">
  </image>
  <image id="422" name="rc19-experiment/INDOOR/STRIKER_FROM_GOAL_bottom/43291.png" width="640" height="480">
  </image>
  <image id="421" name="rc19-experiment/INDOOR/STRIKER_FROM_GOAL_bottom/43288.png" width="640" height="480">
  </image>
  <image id="420" name="rc19-experiment/INDOOR/STRIKER_FROM_GOAL_bottom/43285.png" width="640" height="480">
  </image>
  <image id="419" name="rc19-experiment/INDOOR/STRIKER_FROM_GOAL_bottom/43282.png" width="640" height="480">
  </image>
  <image id="418" name="rc19-experiment/INDOOR/STRIKER_FROM_GOAL_bottom/43278.png" width="640" height="480">
  </image>
  <image id="417" name="rc19-experiment/INDOOR/STRIKER_FROM_GOAL_bottom/43275.png" width="640" height="480">
  </image>
  <image id="416" name="rc19-experiment/INDOOR/STRIKER_FROM_GOAL_bottom/43272.png" width="640" height="480">
  </image>
  <image id="415" name="rc19-experiment/INDOOR/STRIKER_FROM_GOAL_bottom/43268.png" width="640" height="480">
  </image>
  <image id="414" name="rc19-experiment/INDOOR/STRIKER_FROM_GOAL_bottom/43265.png" width="640" height="480">
  </image>
  <image id="413" name="rc19-experiment/INDOOR/STRIKER_FROM_GOAL_bottom/43261.png" width="640" height="480">
  </image>
  <image id="412" name="rc19-experiment/INDOOR/STRIKER_FROM_GOAL_bottom/43258.png" width="640" height="480">
  </image>
  <image id="411" name="rc19-experiment/INDOOR/STRIKER_FROM_GOAL_bottom/43255.png" width="640" height="480">
  </image>
  <image id="410" name="rc19-experiment/INDOOR/STRIKER_FROM_GOAL_bottom/43251.png" width="640" height="480">
  </image>
  <image id="409" name="rc19-experiment/INDOOR/STRIKER_FROM_GOAL_bottom/43248.png" width="640" height="480">
  </image>
  <image id="408" name="rc19-experiment/INDOOR/STRIKER_FROM_GOAL_bottom/43244.png" width="640" height="480">
  </image>
  <image id="407" name="rc19-experiment/INDOOR/STRIKER_FROM_GOAL_bottom/43241.png" width="640" height="480">
  </image>
  <image id="406" name="rc19-experiment/INDOOR/STRIKER_FROM_GOAL_bottom/43238.png" width="640" height="480">
  </image>
  <image id="405" name="rc19-experiment/INDOOR/STRIKER_FROM_GOAL_bottom/43235.png" width="640" height="480">
  </image>
  <image id="404" name="rc19-experiment/INDOOR/STRIKER_FROM_GOAL_bottom/43231.png" width="640" height="480">
  </image>
  <image id="403" name="rc19-experiment/INDOOR/STRIKER_FROM_GOAL_bottom/43228.png" width="640" height="480">
  </image>
  <image id="402" name="rc19-experiment/INDOOR/STRIKER_FROM_GOAL_bottom/43225.png" width="640" height="480">
  </image>
  <image id="401" name="rc19-experiment/INDOOR/STRIKER_FROM_GOAL_bottom/43222.png" width="640" height="480">
  </image>
  <image id="400" name="rc19-experiment/INDOOR/STRIKER_FROM_GOAL_bottom/43219.png" width="640" height="480">
  </image>
  <image id="399" name="rc19-experiment/INDOOR/STRIKER_FROM_GOAL_bottom/43215.png" width="640" height="480">
  </image>
  <image id="398" name="rc19-experiment/INDOOR/STRIKER_FROM_GOAL_bottom/43212.png" width="640" height="480">
  </image>
  <image id="397" name="rc19-experiment/INDOOR/STRIKER_FROM_GOAL_bottom/43209.png" width="640" height="480">
  </image>
  <image id="396" name="rc19-experiment/INDOOR/STRIKER_FROM_GOAL_bottom/43206.png" width="640" height="480">
  </image>
  <image id="395" name="rc19-experiment/INDOOR/STRIKER_FROM_GOAL_bottom/43202.png" width="640" height="480">
  </image>
  <image id="394" name="rc19-experiment/INDOOR/STRIKER_FROM_GOAL_bottom/43199.png" width="640" height="480">
  </image>
  <image id="393" name="rc19-experiment/INDOOR/STRIKER_FROM_GOAL_bottom/43195.png" width="640" height="480">
  </image>
  <image id="392" name="rc19-experiment/INDOOR/STRIKER_FROM_GOAL_bottom/43192.png" width="640" height="480">
  </image>
  <image id="391" name="rc19-experiment/INDOOR/STRIKER_FROM_GOAL_bottom/43189.png" width="640" height="480">
  </image>
  <image id="390" name="rc19-experiment/INDOOR/STRIKER_FROM_GOAL_bottom/43185.png" width="640" height="480">
  </image>
  <image id="389" name="rc19-experiment/INDOOR/STRIKER_FROM_GOAL_bottom/43182.png" width="640" height="480">
  </image>
  <image id="388" name="rc19-experiment/INDOOR/STRIKER_FROM_GOAL_bottom/43179.png" width="640" height="480">
  </image>
  <image id="387" name="rc19-experiment/INDOOR/STRIKER_FROM_GOAL_bottom/43176.png" width="640" height="480">
  </image>
  <image id="386" name="rc19-experiment/INDOOR/STRIKER_FROM_GOAL_bottom/43172.png" width="640" height="480">
  </image>
  <image id="385" name="rc19-experiment/INDOOR/STRIKER_FROM_GOAL_bottom/43168.png" width="640" height="480">
  </image>
  <image id="384" name="rc19-experiment/INDOOR/STRIKER_FROM_GOAL_bottom/43165.png" width="640" height="480">
  </image>
  <image id="383" name="rc19-experiment/INDOOR/STRIKER_FROM_GOAL_bottom/43161.png" width="640" height="480">
  </image>
  <image id="382" name="rc19-experiment/INDOOR/STRIKER_FROM_GOAL_bottom/43158.png" width="640" height="480">
  </image>
  <image id="381" name="rc19-experiment/INDOOR/STRIKER_FROM_GOAL_bottom/43154.png" width="640" height="480">
  </image>
  <image id="380" name="rc19-experiment/INDOOR/STRIKER_FROM_GOAL_bottom/43151.png" width="640" height="480">
  </image>
  <image id="379" name="rc19-experiment/INDOOR/STRIKER_FROM_GOAL_bottom/43148.png" width="640" height="480">
  </image>
  <image id="378" name="rc19-experiment/INDOOR/STRIKER_FROM_GOAL_bottom/43144.png" width="640" height="480">
  </image>
  <image id="377" name="rc19-experiment/INDOOR/STRIKER_FROM_GOAL_bottom/43141.png" width="640" height="480">
  </image>
  <image id="376" name="rc19-experiment/INDOOR/STRIKER_FROM_GOAL_bottom/43137.png" width="640" height="480">
  </image>
  <image id="375" name="rc19-experiment/INDOOR/STRIKER_FROM_GOAL_bottom/43133.png" width="640" height="480">
  </image>
  <image id="374" name="rc19-experiment/INDOOR/STRIKER_FROM_GOAL_bottom/43130.png" width="640" height="480">
  </image>
  <image id="373" name="rc19-experiment/INDOOR/STRIKER_FROM_GOAL_bottom/43127.png" width="640" height="480">
  </image>
  <image id="372" name="rc19-experiment/INDOOR/STRIKER_FROM_GOAL_bottom/43124.png" width="640" height="480">
  </image>
  <image id="371" name="rc19-experiment/INDOOR/STRIKER_FROM_GOAL_bottom/43120.png" width="640" height="480">
  </image>
  <image id="370" name="rc19-experiment/INDOOR/STRIKER_FROM_GOAL_bottom/43116.png" width="640" height="480">
  </image>
  <image id="369" name="rc19-experiment/INDOOR/STRIKER_FROM_GOAL_bottom/43113.png" width="640" height="480">
  </image>
  <image id="368" name="rc19-experiment/INDOOR/STRIKER_FROM_GOAL_bottom/43110.png" width="640" height="480">
  </image>
  <image id="367" name="rc19-experiment/INDOOR/STRIKER_FROM_GOAL_bottom/43107.png" width="640" height="480">
  </image>
  <image id="366" name="rc19-experiment/INDOOR/STRIKER_FROM_GOAL_bottom/43104.png" width="640" height="480">
  </image>
  <image id="365" name="rc19-experiment/INDOOR/STRIKER_FROM_GOAL_bottom/43101.png" width="640" height="480">
  </image>
  <image id="364" name="rc19-experiment/INDOOR/STRIKER_FROM_GOAL_bottom/43098.png" width="640" height="480">
  </image>
  <image id="363" name="rc19-experiment/INDOOR/STRIKER_FROM_GOAL_bottom/43095.png" width="640" height="480">
  </image>
  <image id="362" name="rc19-experiment/INDOOR/STRIKER_FROM_GOAL_bottom/43092.png" width="640" height="480">
  </image>
  <image id="361" name="rc19-experiment/INDOOR/STRIKER_FROM_GOAL_bottom/43088.png" width="640" height="480">
  </image>
  <image id="360" name="rc19-experiment/INDOOR/STRIKER_FROM_GOAL_bottom/43085.png" width="640" height="480">
  </image>
  <image id="359" name="rc19-experiment/INDOOR/STRIKER_FROM_GOAL_bottom/43082.png" width="640" height="480">
  </image>
  <image id="358" name="rc19-experiment/INDOOR/STRIKER_FROM_GOAL_bottom/43078.png" width="640" height="480">
  </image>
  <image id="357" name="rc19-experiment/INDOOR/STRIKER_FROM_GOAL_bottom/43075.png" width="640" height="480">
  </image>
  <image id="356" name="rc19-experiment/INDOOR/STRIKER_FROM_GOAL_bottom/43072.png" width="640" height="480">
  </image>
  <image id="355" name="rc19-experiment/INDOOR/STRIKER_FROM_GOAL_bottom/43068.png" width="640" height="480">
  </image>
  <image id="354" name="rc19-experiment/INDOOR/STRIKER_FROM_GOAL_bottom/43065.png" width="640" height="480">
  </image>
  <image id="353" name="rc19-experiment/INDOOR/STRIKER_FROM_GOAL_bottom/43062.png" width="640" height="480">
  </image>
  <image id="352" name="rc19-experiment/INDOOR/STRIKER_FROM_GOAL_bottom/43058.png" width="640" height="480">
  </image>
  <image id="351" name="rc19-experiment/INDOOR/STRIKER_FROM_GOAL_bottom/43055.png" width="640" height="480">
  </image>
  <image id="350" name="rc19-experiment/INDOOR/STRIKER_FROM_GOAL_bottom/43052.png" width="640" height="480">
  </image>
  <image id="349" name="rc19-experiment/INDOOR/STRIKER_FROM_GOAL_bottom/43049.png" width="640" height="480">
  </image>
  <image id="348" name="rc19-experiment/INDOOR/STRIKER_FROM_GOAL_bottom/43046.png" width="640" height="480">
  </image>
  <image id="347" name="rc19-experiment/INDOOR/STRIKER_FROM_GOAL_bottom/43043.png" width="640" height="480">
  </image>
  <image id="346" name="rc19-experiment/INDOOR/STRIKER_FROM_GOAL_bottom/43039.png" width="640" height="480">
  </image>
  <image id="345" name="rc19-experiment/INDOOR/STRIKER_FROM_GOAL_bottom/43036.png" width="640" height="480">
  </image>
  <image id="344" name="rc19-experiment/INDOOR/STRIKER_FROM_GOAL_bottom/43033.png" width="640" height="480">
  </image>
  <image id="343" name="rc19-experiment/INDOOR/STRIKER_FROM_GOAL_bottom/43030.png" width="640" height="480">
  </image>
  <image id="342" name="rc19-experiment/INDOOR/STRIKER_FROM_GOAL_bottom/43027.png" width="640" height="480">
  </image>
  <image id="341" name="rc19-experiment/INDOOR/STRIKER_FROM_GOAL_bottom/43023.png" width="640" height="480">
  </image>
  <image id="340" name="rc19-experiment/INDOOR/STRIKER_FROM_GOAL_bottom/43020.png" width="640" height="480">
  </image>
  <image id="339" name="rc19-experiment/INDOOR/STRIKER_FROM_GOAL_bottom/43017.png" width="640" height="480">
  </image>
  <image id="338" name="rc19-experiment/INDOOR/STRIKER_FROM_GOAL_bottom/43014.png" width="640" height="480">
  </image>
  <image id="337" name="rc19-experiment/INDOOR/STRIKER_FROM_GOAL_bottom/43011.png" width="640" height="480">
  </image>
  <image id="336" name="rc19-experiment/INDOOR/STRIKER_FROM_GOAL_bottom/43007.png" width="640" height="480">
  </image>
  <image id="335" name="rc19-experiment/INDOOR/STRIKER_FROM_GOAL_bottom/43004.png" width="640" height="480">
  </image>
  <image id="334" name="rc19-experiment/INDOOR/STRIKER_FROM_GOAL_bottom/43001.png" width="640" height="480">
  </image>
  <image id="333" name="rc19-experiment/INDOOR/STRIKER_FROM_GOAL_bottom/42997.png" width="640" height="480">
  </image>
  <image id="332" name="rc19-experiment/INDOOR/STRIKER_FROM_GOAL_bottom/42993.png" width="640" height="480">
  </image>
  <image id="331" name="rc19-experiment/INDOOR/STRIKER_FROM_GOAL_bottom/42990.png" width="640" height="480">
  </image>
  <image id="330" name="rc19-experiment/INDOOR/STRIKER_FROM_GOAL_bottom/42987.png" width="640" height="480">
  </image>
  <image id="329" name="rc19-experiment/INDOOR/STRIKER_FROM_GOAL_bottom/42983.png" width="640" height="480">
  </image>
  <image id="328" name="rc19-experiment/INDOOR/STRIKER_FROM_GOAL_bottom/42979.png" width="640" height="480">
  </image>
  <image id="327" name="rc19-experiment/INDOOR/STRIKER_FROM_GOAL_bottom/42976.png" width="640" height="480">
  </image>
  <image id="326" name="rc19-experiment/INDOOR/STRIKER_FROM_GOAL_bottom/42973.png" width="640" height="480">
  </image>
  <image id="325" name="rc19-experiment/INDOOR/STRIKER_FROM_GOAL_bottom/42970.png" width="640" height="480">
  </image>
  <image id="324" name="rc19-experiment/INDOOR/STRIKER_FROM_GOAL_bottom/42967.png" width="640" height="480">
  </image>
  <image id="323" name="rc19-experiment/INDOOR/STRIKER_FROM_GOAL_bottom/42963.png" width="640" height="480">
  </image>
  <image id="322" name="rc19-experiment/INDOOR/STRIKER_FROM_GOAL_bottom/42959.png" width="640" height="480">
  </image>
  <image id="321" name="rc19-experiment/INDOOR/STRIKER_FROM_GOAL_bottom/42956.png" width="640" height="480">
  </image>
  <image id="320" name="rc19-experiment/INDOOR/STRIKER_FROM_GOAL_bottom/42953.png" width="640" height="480">
  </image>
  <image id="319" name="rc19-experiment/INDOOR/STRIKER_FROM_GOAL_bottom/42949.png" width="640" height="480">
  </image>
  <image id="318" name="rc19-experiment/INDOOR/STRIKER_FROM_GOAL_bottom/42946.png" width="640" height="480">
  </image>
  <image id="317" name="rc19-experiment/INDOOR/STRIKER_FROM_GOAL_bottom/42943.png" width="640" height="480">
  </image>
  <image id="316" name="rc19-experiment/INDOOR/STRIKER_FROM_GOAL_bottom/42940.png" width="640" height="480">
  </image>
  <image id="315" name="rc19-experiment/INDOOR/STRIKER_FROM_GOAL_bottom/42937.png" width="640" height="480">
  </image>
  <image id="314" name="rc19-experiment/INDOOR/STRIKER_FROM_GOAL_bottom/42933.png" width="640" height="480">
  </image>
  <image id="313" name="rc19-experiment/INDOOR/STRIKER_FROM_GOAL_bottom/42929.png" width="640" height="480">
  </image>
  <image id="312" name="rc19-experiment/INDOOR/STRIKER_FROM_GOAL_bottom/42925.png" width="640" height="480">
  </image>
  <image id="311" name="rc19-experiment/INDOOR/STRIKER_FROM_GOAL_bottom/42922.png" width="640" height="480">
  </image>
  <image id="310" name="rc19-experiment/INDOOR/STRIKER_FROM_GOAL_bottom/42919.png" width="640" height="480">
  </image>
  <image id="309" name="rc19-experiment/INDOOR/STRIKER_FROM_GOAL_bottom/42916.png" width="640" height="480">
  </image>
  <image id="308" name="rc19-experiment/INDOOR/STRIKER_FROM_GOAL_bottom/42913.png" width="640" height="480">
  </image>
  <image id="307" name="rc19-experiment/INDOOR/STRIKER_FROM_GOAL_bottom/42909.png" width="640" height="480">
  </image>
  <image id="306" name="rc19-experiment/INDOOR/STRIKER_FROM_GOAL_bottom/42906.png" width="640" height="480">
  </image>
  <image id="305" name="rc19-experiment/INDOOR/STRIKER_FROM_GOAL_bottom/42902.png" width="640" height="480">
  </image>
  <image id="304" name="rc19-experiment/INDOOR/STRIKER_FROM_GOAL_bottom/42899.png" width="640" height="480">
  </image>
  <image id="303" name="rc19-experiment/INDOOR/STRIKER_FROM_GOAL_bottom/42896.png" width="640" height="480">
  </image>
  <image id="302" name="rc19-experiment/INDOOR/STRIKER_FROM_GOAL_bottom/42893.png" width="640" height="480">
  </image>
  <image id="301" name="rc19-experiment/INDOOR/STRIKER_FROM_GOAL_bottom/42890.png" width="640" height="480">
  </image>
  <image id="300" name="rc19-experiment/INDOOR/STRIKER_FROM_GOAL_bottom/42886.png" width="640" height="480">
  </image>
  <image id="299" name="rc19-experiment/INDOOR/STRIKER_FROM_GOAL_bottom/42882.png" width="640" height="480">
  </image>
  <image id="298" name="rc19-experiment/INDOOR/STRIKER_FROM_GOAL_bottom/42879.png" width="640" height="480">
  </image>
  <image id="297" name="rc19-experiment/INDOOR/STRIKER_FROM_GOAL_bottom/42876.png" width="640" height="480">
  </image>
  <image id="296" name="rc19-experiment/INDOOR/STRIKER_FROM_GOAL_bottom/42872.png" width="640" height="480">
  </image>
  <image id="295" name="rc19-experiment/INDOOR/STRIKER_FROM_GOAL_bottom/42869.png" width="640" height="480">
  </image>
  <image id="294" name="rc19-experiment/INDOOR/STRIKER_FROM_GOAL_bottom/42866.png" width="640" height="480">
  </image>
  <image id="293" name="rc19-experiment/INDOOR/STRIKER_FROM_GOAL_bottom/42862.png" width="640" height="480">
  </image>
  <image id="292" name="rc19-experiment/INDOOR/STRIKER_FROM_GOAL_bottom/42859.png" width="640" height="480">
  </image>
  <image id="291" name="rc19-experiment/INDOOR/STRIKER_FROM_GOAL_bottom/42856.png" width="640" height="480">
  </image>
  <image id="290" name="rc19-experiment/INDOOR/STRIKER_FROM_GOAL_bottom/42852.png" width="640" height="480">
  </image>
  <image id="289" name="rc19-experiment/INDOOR/STRIKER_FROM_GOAL_bottom/42849.png" width="640" height="480">
  </image>
  <image id="288" name="rc19-experiment/INDOOR/STRIKER_FROM_GOAL_bottom/42845.png" width="640" height="480">
  </image>
  <image id="287" name="rc19-experiment/INDOOR/STRIKER_FROM_GOAL_bottom/42842.png" width="640" height="480">
  </image>
  <image id="286" name="rc19-experiment/INDOOR/STRIKER_FROM_GOAL_bottom/42839.png" width="640" height="480">
  </image>
  <image id="285" name="rc19-experiment/INDOOR/STRIKER_FROM_GOAL_bottom/42835.png" width="640" height="480">
  </image>
  <image id="284" name="rc19-experiment/INDOOR/STRIKER_FROM_GOAL_bottom/42832.png" width="640" height="480">
  </image>
  <image id="283" name="rc19-experiment/INDOOR/STRIKER_FROM_GOAL_bottom/42828.png" width="640" height="480">
  </image>
  <image id="282" name="rc19-experiment/INDOOR/STRIKER_FROM_GOAL_bottom/42825.png" width="640" height="480">
  </image>
  <image id="281" name="rc19-experiment/INDOOR/STRIKER_FROM_GOAL_bottom/42822.png" width="640" height="480">
  </image>
  <image id="280" name="rc19-experiment/INDOOR/STRIKER_FROM_GOAL_bottom/42819.png" width="640" height="480">
  </image>
  <image id="279" name="rc19-experiment/INDOOR/STRIKER_FROM_GOAL_bottom/42816.png" width="640" height="480">
  </image>
  <image id="278" name="rc19-experiment/INDOOR/STRIKER_FROM_GOAL_bottom/42813.png" width="640" height="480">
  </image>
  <image id="277" name="rc19-experiment/INDOOR/STRIKER_FROM_GOAL_bottom/42810.png" width="640" height="480">
  </image>
  <image id="276" name="rc19-experiment/INDOOR/STRIKER_FROM_GOAL_bottom/42806.png" width="640" height="480">
  </image>
  <image id="275" name="rc19-experiment/INDOOR/STRIKER_FROM_GOAL_bottom/42803.png" width="640" height="480">
  </image>
  <image id="274" name="rc19-experiment/INDOOR/STRIKER_FROM_GOAL_bottom/42800.png" width="640" height="480">
  </image>
  <image id="273" name="rc19-experiment/INDOOR/STRIKER_FROM_GOAL_bottom/42796.png" width="640" height="480">
  </image>
  <image id="272" name="rc19-experiment/INDOOR/STRIKER_FROM_GOAL_bottom/42793.png" width="640" height="480">
  </image>
  <image id="271" name="rc19-experiment/INDOOR/STRIKER_FROM_GOAL_bottom/42790.png" width="640" height="480">
  </image>
  <image id="270" name="rc19-experiment/INDOOR/STRIKER_FROM_GOAL_bottom/42786.png" width="640" height="480">
  </image>
  <image id="269" name="rc19-experiment/INDOOR/STRIKER_FROM_GOAL_bottom/42783.png" width="640" height="480">
  </image>
  <image id="268" name="rc19-experiment/INDOOR/STRIKER_FROM_GOAL_bottom/42780.png" width="640" height="480">
  </image>
  <image id="267" name="rc19-experiment/INDOOR/STRIKER_FROM_GOAL_bottom/42777.png" width="640" height="480">
  </image>
  <image id="266" name="rc19-experiment/INDOOR/STRIKER_FROM_GOAL_bottom/42773.png" width="640" height="480">
  </image>
  <image id="265" name="rc19-experiment/INDOOR/STRIKER_FROM_GOAL_bottom/42770.png" width="640" height="480">
  </image>
  <image id="264" name="rc19-experiment/INDOOR/STRIKER_FROM_GOAL_bottom/42766.png" width="640" height="480">
  </image>
  <image id="263" name="rc19-experiment/INDOOR/STRIKER_FROM_GOAL_bottom/42763.png" width="640" height="480">
  </image>
  <image id="262" name="rc19-experiment/INDOOR/STRIKER_FROM_GOAL_bottom/42760.png" width="640" height="480">
  </image>
  <image id="261" name="rc19-experiment/INDOOR/STRIKER_FROM_GOAL_bottom/42756.png" width="640" height="480">
  </image>
  <image id="260" name="rc19-experiment/INDOOR/STRIKER_FROM_GOAL_bottom/42752.png" width="640" height="480">
  </image>
  <image id="259" name="rc19-experiment/INDOOR/STRIKER_FROM_GOAL_bottom/42749.png" width="640" height="480">
  </image>
  <image id="258" name="rc19-experiment/INDOOR/STRIKER_FROM_GOAL_bottom/42746.png" width="640" height="480">
  </image>
  <image id="257" name="rc19-experiment/INDOOR/STRIKER_FROM_GOAL_bottom/42743.png" width="640" height="480">
  </image>
  <image id="256" name="rc19-experiment/INDOOR/STRIKER_FROM_GOAL_bottom/42740.png" width="640" height="480">
  </image>
  <image id="255" name="rc19-experiment/INDOOR/STRIKER_FROM_GOAL_bottom/42737.png" width="640" height="480">
  </image>
  <image id="254" name="rc19-experiment/INDOOR/STRIKER_FROM_GOAL_bottom/42733.png" width="640" height="480">
  </image>
  <image id="253" name="rc19-experiment/INDOOR/STRIKER_FROM_GOAL_bottom/42730.png" width="640" height="480">
  </image>
  <image id="252" name="rc19-experiment/INDOOR/STRIKER_FROM_GOAL_bottom/42727.png" width="640" height="480">
  </image>
  <image id="251" name="rc19-experiment/INDOOR/STRIKER_FROM_GOAL_bottom/42724.png" width="640" height="480">
  </image>
  <image id="250" name="rc19-experiment/INDOOR/STRIKER_FROM_GOAL_bottom/42721.png" width="640" height="480">
  </image>
  <image id="249" name="rc19-experiment/INDOOR/STRIKER_FROM_GOAL_bottom/42717.png" width="640" height="480">
  </image>
  <image id="248" name="rc19-experiment/INDOOR/STRIKER_FROM_GOAL_bottom/42714.png" width="640" height="480">
  </image>
  <image id="247" name="rc19-experiment/INDOOR/STRIKER_FROM_GOAL_bottom/42711.png" width="640" height="480">
  </image>
  <image id="246" name="rc19-experiment/INDOOR/STRIKER_FROM_GOAL_bottom/42708.png" width="640" height="480">
  </image>
  <image id="245" name="rc19-experiment/INDOOR/STRIKER_FROM_GOAL_bottom/42704.png" width="640" height="480">
  </image>
  <image id="244" name="rc19-experiment/INDOOR/STRIKER_FROM_GOAL_bottom/42701.png" width="640" height="480">
  </image>
  <image id="243" name="rc19-experiment/INDOOR/STRIKER_FROM_GOAL_bottom/42698.png" width="640" height="480">
  </image>
  <image id="242" name="rc19-experiment/INDOOR/STRIKER_FROM_GOAL_bottom/42694.png" width="640" height="480">
  </image>
  <image id="241" name="rc19-experiment/INDOOR/STRIKER_FROM_GOAL_bottom/42691.png" width="640" height="480">
  </image>
  <image id="240" name="rc19-experiment/INDOOR/STRIKER_FROM_GOAL_bottom/42687.png" width="640" height="480">
  </image>
  <image id="239" name="rc19-experiment/INDOOR/STRIKER_FROM_GOAL_bottom/42684.png" width="640" height="480">
  </image>
  <image id="238" name="rc19-experiment/INDOOR/STRIKER_FROM_GOAL_bottom/42680.png" width="640" height="480">
  </image>
  <image id="237" name="rc19-experiment/INDOOR/STRIKER_FROM_GOAL_bottom/42677.png" width="640" height="480">
  </image>
  <image id="236" name="rc19-experiment/INDOOR/STRIKER_FROM_GOAL_bottom/42674.png" width="640" height="480">
  </image>
  <image id="235" name="rc19-experiment/INDOOR/STRIKER_FROM_GOAL_bottom/42670.png" width="640" height="480">
  </image>
  <image id="234" name="rc19-experiment/INDOOR/STRIKER_FROM_GOAL_bottom/42667.png" width="640" height="480">
  </image>
  <image id="233" name="rc19-experiment/INDOOR/STRIKER_FROM_GOAL_bottom/42664.png" width="640" height="480">
  </image>
  <image id="232" name="rc19-experiment/INDOOR/STRIKER_FROM_GOAL_bottom/42660.png" width="640" height="480">
  </image>
  <image id="231" name="rc19-experiment/INDOOR/STRIKER_FROM_GOAL_bottom/42657.png" width="640" height="480">
  </image>
  <image id="230" name="rc19-experiment/INDOOR/STRIKER_FROM_GOAL_bottom/42653.png" width="640" height="480">
  </image>
  <image id="229" name="rc19-experiment/INDOOR/STRIKER_FROM_GOAL_bottom/42650.png" width="640" height="480">
  </image>
  <image id="228" name="rc19-experiment/INDOOR/STRIKER_FROM_GOAL_bottom/42646.png" width="640" height="480">
  </image>
  <image id="227" name="rc19-experiment/INDOOR/STRIKER_FROM_GOAL_bottom/42643.png" width="640" height="480">
  </image>
  <image id="226" name="rc19-experiment/INDOOR/STRIKER_FROM_GOAL_bottom/42640.png" width="640" height="480">
  </image>
  <image id="225" name="rc19-experiment/INDOOR/STRIKER_FROM_GOAL_bottom/42636.png" width="640" height="480">
  </image>
  <image id="224" name="rc19-experiment/INDOOR/STRIKER_FROM_GOAL_bottom/42633.png" width="640" height="480">
  </image>
  <image id="223" name="rc19-experiment/INDOOR/STRIKER_FROM_GOAL_bottom/42630.png" width="640" height="480">
  </image>
  <image id="222" name="rc19-experiment/INDOOR/STRIKER_FROM_GOAL_bottom/42626.png" width="640" height="480">
  </image>
  <image id="221" name="rc19-experiment/INDOOR/STRIKER_FROM_GOAL_bottom/42623.png" width="640" height="480">
  </image>
  <image id="220" name="rc19-experiment/INDOOR/STRIKER_FROM_GOAL_bottom/42619.png" width="640" height="480">
  </image>
  <image id="219" name="rc19-experiment/INDOOR/STRIKER_FROM_GOAL_bottom/42616.png" width="640" height="480">
  </image>
  <image id="218" name="rc19-experiment/INDOOR/STRIKER_FROM_GOAL_bottom/42613.png" width="640" height="480">
  </image>
  <image id="217" name="rc19-experiment/INDOOR/STRIKER_FROM_GOAL_bottom/42610.png" width="640" height="480">
  </image>
  <image id="216" name="rc19-experiment/INDOOR/STRIKER_FROM_GOAL_bottom/42607.png" width="640" height="480">
  </image>
  <image id="215" name="rc19-experiment/INDOOR/STRIKER_FROM_GOAL_bottom/42604.png" width="640" height="480">
  </image>
  <image id="214" name="rc19-experiment/INDOOR/STRIKER_FROM_GOAL_bottom/42601.png" width="640" height="480">
  </image>
  <image id="213" name="rc19-experiment/INDOOR/STRIKER_FROM_GOAL_bottom/42598.png" width="640" height="480">
  </image>
  <image id="212" name="rc19-experiment/INDOOR/STRIKER_FROM_GOAL_bottom/42594.png" width="640" height="480">
  </image>
  <image id="211" name="rc19-experiment/INDOOR/STRIKER_FROM_GOAL_bottom/42591.png" width="640" height="480">
  </image>
  <image id="210" name="rc19-experiment/INDOOR/STRIKER_FROM_GOAL_bottom/42588.png" width="640" height="480">
  </image>
  <image id="209" name="rc19-experiment/INDOOR/STRIKER_FROM_GOAL_bottom/42585.png" width="640" height="480">
  </image>
  <image id="208" name="rc19-experiment/INDOOR/STRIKER_FROM_GOAL_bottom/42582.png" width="640" height="480">
  </image>
  <image id="207" name="rc19-experiment/INDOOR/STRIKER_FROM_GOAL_bottom/42578.png" width="640" height="480">
  </image>
  <image id="206" name="rc19-experiment/INDOOR/STRIKER_FROM_GOAL_bottom/42575.png" width="640" height="480">
  </image>
  <image id="205" name="rc19-experiment/INDOOR/STRIKER_FROM_GOAL_bottom/42571.png" width="640" height="480">
  </image>
  <image id="204" name="rc19-experiment/INDOOR/STRIKER_FROM_GOAL_bottom/42567.png" width="640" height="480">
  </image>
  <image id="203" name="rc19-experiment/INDOOR/STRIKER_FROM_GOAL_bottom/42564.png" width="640" height="480">
  </image>
  <image id="202" name="rc19-experiment/INDOOR/STRIKER_FROM_GOAL_bottom/42561.png" width="640" height="480">
  </image>
  <image id="201" name="rc19-experiment/INDOOR/STRIKER_FROM_GOAL_bottom/42557.png" width="640" height="480">
  </image>
  <image id="200" name="rc19-experiment/INDOOR/STRIKER_FROM_GOAL_bottom/42554.png" width="640" height="480">
  </image>
  <image id="199" name="rc19-experiment/INDOOR/STRIKER_FROM_GOAL_bottom/42550.png" width="640" height="480">
  </image>
  <image id="198" name="rc19-experiment/INDOOR/STRIKER_FROM_GOAL_bottom/42547.png" width="640" height="480">
  </image>
  <image id="197" name="rc19-experiment/INDOOR/STRIKER_FROM_GOAL_bottom/42544.png" width="640" height="480">
  </image>
  <image id="196" name="rc19-experiment/INDOOR/STRIKER_FROM_GOAL_bottom/42541.png" width="640" height="480">
  </image>
  <image id="195" name="rc19-experiment/INDOOR/STRIKER_FROM_GOAL_bottom/42537.png" width="640" height="480">
  </image>
  <image id="194" name="rc19-experiment/INDOOR/STRIKER_FROM_GOAL_bottom/42534.png" width="640" height="480">
  </image>
  <image id="193" name="rc19-experiment/INDOOR/STRIKER_FROM_GOAL_bottom/42530.png" width="640" height="480">
  </image>
  <image id="192" name="rc19-experiment/INDOOR/STRIKER_FROM_GOAL_bottom/42526.png" width="640" height="480">
  </image>
  <image id="191" name="rc19-experiment/INDOOR/STRIKER_FROM_GOAL_bottom/42523.png" width="640" height="480">
  </image>
  <image id="190" name="rc19-experiment/INDOOR/STRIKER_FROM_GOAL_bottom/42519.png" width="640" height="480">
  </image>
  <image id="189" name="rc19-experiment/INDOOR/STRIKER_FROM_GOAL_bottom/42516.png" width="640" height="480">
  </image>
  <image id="188" name="rc19-experiment/INDOOR/STRIKER_FROM_GOAL_bottom/42513.png" width="640" height="480">
  </image>
  <image id="187" name="rc19-experiment/INDOOR/STRIKER_FROM_GOAL_bottom/42510.png" width="640" height="480">
  </image>
  <image id="186" name="rc19-experiment/INDOOR/STRIKER_FROM_GOAL_bottom/42506.png" width="640" height="480">
  </image>
  <image id="185" name="rc19-experiment/INDOOR/STRIKER_FROM_GOAL_bottom/42502.png" width="640" height="480">
  </image>
  <image id="184" name="rc19-experiment/INDOOR/STRIKER_FROM_GOAL_bottom/42499.png" width="640" height="480">
  </image>
  <image id="183" name="rc19-experiment/INDOOR/STRIKER_FROM_GOAL_bottom/42496.png" width="640" height="480">
  </image>
  <image id="182" name="rc19-experiment/INDOOR/STRIKER_FROM_GOAL_bottom/42492.png" width="640" height="480">
  </image>
  <image id="181" name="rc19-experiment/INDOOR/STRIKER_FROM_GOAL_bottom/42489.png" width="640" height="480">
  </image>
  <image id="180" name="rc19-experiment/INDOOR/STRIKER_FROM_GOAL_bottom/42485.png" width="640" height="480">
  </image>
  <image id="179" name="rc19-experiment/INDOOR/STRIKER_FROM_GOAL_bottom/42482.png" width="640" height="480">
  </image>
  <image id="178" name="rc19-experiment/INDOOR/STRIKER_FROM_GOAL_bottom/42478.png" width="640" height="480">
  </image>
  <image id="177" name="rc19-experiment/INDOOR/STRIKER_FROM_GOAL_bottom/42475.png" width="640" height="480">
  </image>
  <image id="176" name="rc19-experiment/INDOOR/STRIKER_FROM_GOAL_bottom/42472.png" width="640" height="480">
  </image>
  <image id="175" name="rc19-experiment/INDOOR/STRIKER_FROM_GOAL_bottom/42468.png" width="640" height="480">
  </image>
  <image id="174" name="rc19-experiment/INDOOR/STRIKER_FROM_GOAL_bottom/42465.png" width="640" height="480">
  </image>
  <image id="173" name="rc19-experiment/INDOOR/STRIKER_FROM_GOAL_bottom/42462.png" width="640" height="480">
  </image>
  <image id="172" name="rc19-experiment/INDOOR/STRIKER_FROM_GOAL_bottom/42458.png" width="640" height="480">
  </image>
  <image id="171" name="rc19-experiment/INDOOR/STRIKER_FROM_GOAL_bottom/42455.png" width="640" height="480">
  </image>
  <image id="170" name="rc19-experiment/INDOOR/STRIKER_FROM_GOAL_bottom/42451.png" width="640" height="480">
  </image>
  <image id="169" name="rc19-experiment/INDOOR/STRIKER_FROM_GOAL_bottom/42448.png" width="640" height="480">
  </image>
  <image id="168" name="rc19-experiment/INDOOR/STRIKER_FROM_GOAL_bottom/42445.png" width="640" height="480">
  </image>
  <image id="167" name="rc19-experiment/INDOOR/STRIKER_FROM_GOAL_bottom/42441.png" width="640" height="480">
  </image>
  <image id="166" name="rc19-experiment/INDOOR/STRIKER_FROM_GOAL_bottom/42438.png" width="640" height="480">
  </image>
  <image id="165" name="rc19-experiment/INDOOR/STRIKER_FROM_GOAL_bottom/42434.png" width="640" height="480">
  </image>
  <image id="164" name="rc19-experiment/INDOOR/STRIKER_FROM_GOAL_bottom/42431.png" width="640" height="480">
  </image>
  <image id="163" name="rc19-experiment/INDOOR/STRIKER_FROM_GOAL_bottom/42428.png" width="640" height="480">
  </image>
  <image id="162" name="rc19-experiment/INDOOR/STRIKER_FROM_GOAL_bottom/42425.png" width="640" height="480">
  </image>
  <image id="161" name="rc19-experiment/INDOOR/STRIKER_FROM_GOAL_bottom/42422.png" width="640" height="480">
  </image>
  <image id="160" name="rc19-experiment/INDOOR/STRIKER_FROM_GOAL_bottom/42419.png" width="640" height="480">
  </image>
  <image id="159" name="rc19-experiment/INDOOR/STRIKER_FROM_GOAL_bottom/42416.png" width="640" height="480">
  </image>
  <image id="158" name="rc19-experiment/INDOOR/STRIKER_FROM_GOAL_bottom/42413.png" width="640" height="480">
  </image>
  <image id="157" name="rc19-experiment/INDOOR/STRIKER_FROM_GOAL_bottom/42410.png" width="640" height="480">
  </image>
  <image id="156" name="rc19-experiment/INDOOR/STRIKER_FROM_GOAL_bottom/42407.png" width="640" height="480">
  </image>
  <image id="155" name="rc19-experiment/INDOOR/STRIKER_FROM_GOAL_bottom/42404.png" width="640" height="480">
  </image>
  <image id="154" name="rc19-experiment/INDOOR/STRIKER_FROM_GOAL_bottom/42401.png" width="640" height="480">
  </image>
  <image id="153" name="rc19-experiment/INDOOR/STRIKER_FROM_GOAL_bottom/42398.png" width="640" height="480">
  </image>
  <image id="152" name="rc19-experiment/INDOOR/STRIKER_FROM_GOAL_bottom/42395.png" width="640" height="480">
  </image>
  <image id="151" name="rc19-experiment/INDOOR/STRIKER_FROM_GOAL_bottom/42391.png" width="640" height="480">
  </image>
  <image id="150" name="rc19-experiment/INDOOR/STRIKER_FROM_GOAL_bottom/42388.png" width="640" height="480">
  </image>
  <image id="149" name="rc19-experiment/INDOOR/STRIKER_FROM_GOAL_bottom/42384.png" width="640" height="480">
  </image>
  <image id="148" name="rc19-experiment/INDOOR/STRIKER_FROM_GOAL_bottom/42381.png" width="640" height="480">
  </image>
  <image id="147" name="rc19-experiment/INDOOR/STRIKER_FROM_GOAL_bottom/42377.png" width="640" height="480">
  </image>
  <image id="146" name="rc19-experiment/INDOOR/STRIKER_FROM_GOAL_bottom/42374.png" width="640" height="480">
  </image>
  <image id="145" name="rc19-experiment/INDOOR/STRIKER_FROM_GOAL_bottom/42371.png" width="640" height="480">
  </image>
  <image id="144" name="rc19-experiment/INDOOR/STRIKER_FROM_GOAL_bottom/42367.png" width="640" height="480">
  </image>
  <image id="143" name="rc19-experiment/INDOOR/STRIKER_FROM_GOAL_bottom/42363.png" width="640" height="480">
  </image>
  <image id="142" name="rc19-experiment/INDOOR/STRIKER_FROM_GOAL_bottom/42360.png" width="640" height="480">
  </image>
  <image id="141" name="rc19-experiment/INDOOR/STRIKER_FROM_GOAL_bottom/42357.png" width="640" height="480">
  </image>
  <image id="140" name="rc19-experiment/INDOOR/STRIKER_FROM_GOAL_bottom/42354.png" width="640" height="480">
  </image>
  <image id="139" name="rc19-experiment/INDOOR/STRIKER_FROM_GOAL_bottom/42350.png" width="640" height="480">
  </image>
  <image id="138" name="rc19-experiment/INDOOR/STRIKER_FROM_GOAL_bottom/42347.png" width="640" height="480">
  </image>
  <image id="137" name="rc19-experiment/INDOOR/STRIKER_FROM_GOAL_bottom/42343.png" width="640" height="480">
  </image>
  <image id="136" name="rc19-experiment/INDOOR/STRIKER_FROM_GOAL_bottom/42340.png" width="640" height="480">
  </image>
  <image id="135" name="rc19-experiment/INDOOR/STRIKER_FROM_GOAL_bottom/42337.png" width="640" height="480">
  </image>
  <image id="134" name="rc19-experiment/INDOOR/STRIKER_FROM_GOAL_bottom/42333.png" width="640" height="480">
  </image>
  <image id="133" name="rc19-experiment/INDOOR/STRIKER_FROM_GOAL_bottom/42329.png" width="640" height="480">
  </image>
  <image id="132" name="rc19-experiment/INDOOR/STRIKER_FROM_GOAL_bottom/42325.png" width="640" height="480">
  </image>
  <image id="131" name="rc19-experiment/INDOOR/STRIKER_FROM_GOAL_bottom/42322.png" width="640" height="480">
  </image>
  <image id="130" name="rc19-experiment/INDOOR/STRIKER_FROM_GOAL_bottom/42319.png" width="640" height="480">
  </image>
  <image id="129" name="rc19-experiment/INDOOR/STRIKER_FROM_GOAL_bottom/42316.png" width="640" height="480">
  </image>
  <image id="128" name="rc19-experiment/INDOOR/STRIKER_FROM_GOAL_bottom/42312.png" width="640" height="480">
  </image>
  <image id="127" name="rc19-experiment/INDOOR/STRIKER_FROM_GOAL_bottom/42309.png" width="640" height="480">
  </image>
  <image id="126" name="rc19-experiment/INDOOR/STRIKER_FROM_GOAL_bottom/42306.png" width="640" height="480">
  </image>
  <image id="125" name="rc19-experiment/INDOOR/STRIKER_FROM_GOAL_bottom/42302.png" width="640" height="480">
  </image>
  <image id="124" name="rc19-experiment/INDOOR/STRIKER_FROM_GOAL_bottom/42299.png" width="640" height="480">
  </image>
  <image id="123" name="rc19-experiment/INDOOR/STRIKER_FROM_GOAL_bottom/42296.png" width="640" height="480">
  </image>
  <image id="122" name="rc19-experiment/INDOOR/STRIKER_FROM_GOAL_bottom/42292.png" width="640" height="480">
  </image>
  <image id="121" name="rc19-experiment/INDOOR/STRIKER_FROM_GOAL_bottom/42288.png" width="640" height="480">
  </image>
  <image id="120" name="rc19-experiment/INDOOR/STRIKER_FROM_GOAL_bottom/42285.png" width="640" height="480">
  </image>
  <image id="119" name="rc19-experiment/INDOOR/STRIKER_FROM_GOAL_bottom/42282.png" width="640" height="480">
  </image>
  <image id="118" name="rc19-experiment/INDOOR/STRIKER_FROM_GOAL_bottom/42278.png" width="640" height="480">
  </image>
  <image id="117" name="rc19-experiment/INDOOR/STRIKER_FROM_GOAL_bottom/42275.png" width="640" height="480">
  </image>
  <image id="116" name="rc19-experiment/INDOOR/STRIKER_FROM_GOAL_bottom/42272.png" width="640" height="480">
  </image>
  <image id="115" name="rc19-experiment/INDOOR/STRIKER_FROM_GOAL_bottom/42268.png" width="640" height="480">
  </image>
  <image id="114" name="rc19-experiment/INDOOR/STRIKER_FROM_GOAL_bottom/42265.png" width="640" height="480">
  </image>
  <image id="113" name="rc19-experiment/INDOOR/STRIKER_FROM_GOAL_bottom/42261.png" width="640" height="480">
  </image>
  <image id="112" name="rc19-experiment/INDOOR/STRIKER_FROM_GOAL_bottom/42258.png" width="640" height="480">
  </image>
  <image id="111" name="rc19-experiment/INDOOR/STRIKER_FROM_GOAL_bottom/42254.png" width="640" height="480">
  </image>
  <image id="110" name="rc19-experiment/INDOOR/STRIKER_FROM_GOAL_bottom/42251.png" width="640" height="480">
  </image>
  <image id="109" name="rc19-experiment/INDOOR/STRIKER_FROM_GOAL_bottom/42248.png" width="640" height="480">
  </image>
  <image id="108" name="rc19-experiment/INDOOR/STRIKER_FROM_GOAL_bottom/42244.png" width="640" height="480">
  </image>
  <image id="107" name="rc19-experiment/INDOOR/STRIKER_FROM_GOAL_bottom/42241.png" width="640" height="480">
  </image>
  <image id="106" name="rc19-experiment/INDOOR/STRIKER_FROM_GOAL_bottom/42237.png" width="640" height="480">
  </image>
  <image id="105" name="rc19-experiment/INDOOR/STRIKER_FROM_GOAL_bottom/42234.png" width="640" height="480">
  </image>
  <image id="104" name="rc19-experiment/INDOOR/STRIKER_FROM_GOAL_bottom/42231.png" width="640" height="480">
  </image>
  <image id="103" name="rc19-experiment/INDOOR/STRIKER_FROM_GOAL_bottom/42227.png" width="640" height="480">
  </image>
  <image id="102" name="rc19-experiment/INDOOR/STRIKER_FROM_GOAL_bottom/42224.png" width="640" height="480">
  </image>
  <image id="101" name="rc19-experiment/INDOOR/STRIKER_FROM_GOAL_bottom/42220.png" width="640" height="480">
  </image>
  <image id="100" name="rc19-experiment/INDOOR/STRIKER_FROM_GOAL_bottom/42217.png" width="640" height="480">
  </image>
  <image id="99" name="rc19-experiment/INDOOR/STRIKER_FROM_GOAL_bottom/42214.png" width="640" height="480">
  </image>
  <image id="98" name="rc19-experiment/INDOOR/STRIKER_FROM_GOAL_bottom/42211.png" width="640" height="480">
  </image>
  <image id="97" name="rc19-experiment/INDOOR/STRIKER_FROM_GOAL_bottom/42208.png" width="640" height="480">
  </image>
  <image id="96" name="rc19-experiment/INDOOR/STRIKER_FROM_GOAL_bottom/42205.png" width="640" height="480">
  </image>
  <image id="95" name="rc19-experiment/INDOOR/STRIKER_FROM_GOAL_bottom/42202.png" width="640" height="480">
  </image>
  <image id="94" name="rc19-experiment/INDOOR/STRIKER_FROM_GOAL_bottom/42199.png" width="640" height="480">
  </image>
  <image id="93" name="rc19-experiment/INDOOR/STRIKER_FROM_GOAL_bottom/42196.png" width="640" height="480">
  </image>
  <image id="92" name="rc19-experiment/INDOOR/STRIKER_FROM_GOAL_bottom/42193.png" width="640" height="480">
  </image>
  <image id="91" name="rc19-experiment/INDOOR/STRIKER_FROM_GOAL_bottom/42190.png" width="640" height="480">
  </image>
  <image id="90" name="rc19-experiment/INDOOR/STRIKER_FROM_GOAL_bottom/42186.png" width="640" height="480">
  </image>
  <image id="89" name="rc19-experiment/INDOOR/STRIKER_FROM_GOAL_bottom/42183.png" width="640" height="480">
  </image>
  <image id="88" name="rc19-experiment/INDOOR/STRIKER_FROM_GOAL_bottom/42180.png" width="640" height="480">
  </image>
  <image id="87" name="rc19-experiment/INDOOR/STRIKER_FROM_GOAL_bottom/42176.png" width="640" height="480">
  </image>
  <image id="86" name="rc19-experiment/INDOOR/STRIKER_FROM_GOAL_bottom/42173.png" width="640" height="480">
  </image>
  <image id="85" name="rc19-experiment/INDOOR/STRIKER_FROM_GOAL_bottom/42170.png" width="640" height="480">
  </image>
  <image id="84" name="rc19-experiment/INDOOR/STRIKER_FROM_GOAL_bottom/42167.png" width="640" height="480">
  </image>
  <image id="83" name="rc19-experiment/INDOOR/STRIKER_FROM_GOAL_bottom/42164.png" width="640" height="480">
  </image>
  <image id="82" name="rc19-experiment/INDOOR/STRIKER_FROM_GOAL_bottom/42161.png" width="640" height="480">
  </image>
  <image id="81" name="rc19-experiment/INDOOR/STRIKER_FROM_GOAL_bottom/42158.png" width="640" height="480">
  </image>
  <image id="80" name="rc19-experiment/INDOOR/STRIKER_FROM_GOAL_bottom/42154.png" width="640" height="480">
  </image>
  <image id="79" name="rc19-experiment/INDOOR/STRIKER_FROM_GOAL_bottom/42150.png" width="640" height="480">
  </image>
  <image id="78" name="rc19-experiment/INDOOR/STRIKER_FROM_GOAL_bottom/42146.png" width="640" height="480">
  </image>
  <image id="77" name="rc19-experiment/INDOOR/STRIKER_FROM_GOAL_bottom/42143.png" width="640" height="480">
  </image>
  <image id="76" name="rc19-experiment/INDOOR/STRIKER_FROM_GOAL_bottom/42140.png" width="640" height="480">
  </image>
  <image id="75" name="rc19-experiment/INDOOR/STRIKER_FROM_GOAL_bottom/42137.png" width="640" height="480">
  </image>
  <image id="74" name="rc19-experiment/INDOOR/STRIKER_FROM_GOAL_bottom/42133.png" width="640" height="480">
  </image>
  <image id="73" name="rc19-experiment/INDOOR/STRIKER_FROM_GOAL_bottom/42130.png" width="640" height="480">
  </image>
  <image id="72" name="rc19-experiment/INDOOR/STRIKER_FROM_GOAL_bottom/42126.png" width="640" height="480">
  </image>
  <image id="71" name="rc19-experiment/INDOOR/STRIKER_FROM_GOAL_bottom/42123.png" width="640" height="480">
  </image>
  <image id="70" name="rc19-experiment/INDOOR/STRIKER_FROM_GOAL_bottom/42120.png" width="640" height="480">
  </image>
  <image id="69" name="rc19-experiment/INDOOR/STRIKER_FROM_GOAL_bottom/42117.png" width="640" height="480">
  </image>
  <image id="68" name="rc19-experiment/INDOOR/STRIKER_FROM_GOAL_bottom/42113.png" width="640" height="480">
  </image>
  <image id="67" name="rc19-experiment/INDOOR/STRIKER_FROM_GOAL_bottom/42109.png" width="640" height="480">
  </image>
  <image id="66" name="rc19-experiment/INDOOR/STRIKER_FROM_GOAL_bottom/42106.png" width="640" height="480">
  </image>
  <image id="65" name="rc19-experiment/INDOOR/STRIKER_FROM_GOAL_bottom/42103.png" width="640" height="480">
  </image>
  <image id="64" name="rc19-experiment/INDOOR/STRIKER_FROM_GOAL_bottom/42100.png" width="640" height="480">
  </image>
  <image id="63" name="rc19-experiment/INDOOR/STRIKER_FROM_GOAL_bottom/42096.png" width="640" height="480">
  </image>
  <image id="62" name="rc19-experiment/INDOOR/STRIKER_FROM_GOAL_bottom/42093.png" width="640" height="480">
  </image>
  <image id="61" name="rc19-experiment/INDOOR/STRIKER_FROM_GOAL_bottom/42089.png" width="640" height="480">
  </image>
  <image id="60" name="rc19-experiment/INDOOR/STRIKER_FROM_GOAL_bottom/42086.png" width="640" height="480">
  </image>
  <image id="59" name="rc19-experiment/INDOOR/STRIKER_FROM_GOAL_bottom/42083.png" width="640" height="480">
  </image>
  <image id="58" name="rc19-experiment/INDOOR/STRIKER_FROM_GOAL_bottom/42079.png" width="640" height="480">
  </image>
  <image id="57" name="rc19-experiment/INDOOR/STRIKER_FROM_GOAL_bottom/42075.png" width="640" height="480">
  </image>
  <image id="56" name="rc19-experiment/INDOOR/STRIKER_FROM_GOAL_bottom/42072.png" width="640" height="480">
  </image>
  <image id="55" name="rc19-experiment/INDOOR/STRIKER_FROM_GOAL_bottom/42069.png" width="640" height="480">
  </image>
  <image id="54" name="rc19-experiment/INDOOR/STRIKER_FROM_GOAL_bottom/42066.png" width="640" height="480">
  </image>
  <image id="53" name="rc19-experiment/INDOOR/STRIKER_FROM_GOAL_bottom/42063.png" width="640" height="480">
  </image>
  <image id="52" name="rc19-experiment/INDOOR/STRIKER_FROM_GOAL_bottom/42060.png" width="640" height="480">
  </image>
  <image id="51" name="rc19-experiment/INDOOR/STRIKER_FROM_GOAL_bottom/42057.png" width="640" height="480">
  </image>
  <image id="50" name="rc19-experiment/INDOOR/STRIKER_FROM_GOAL_bottom/42053.png" width="640" height="480">
  </image>
  <image id="49" name="rc19-experiment/INDOOR/STRIKER_FROM_GOAL_bottom/42049.png" width="640" height="480">
  </image>
  <image id="48" name="rc19-experiment/INDOOR/STRIKER_FROM_GOAL_bottom/42045.png" width="640" height="480">
  </image>
  <image id="47" name="rc19-experiment/INDOOR/STRIKER_FROM_GOAL_bottom/42042.png" width="640" height="480">
  </image>
  <image id="46" name="rc19-experiment/INDOOR/STRIKER_FROM_GOAL_bottom/42038.png" width="640" height="480">
  </image>
  <image id="45" name="rc19-experiment/INDOOR/STRIKER_FROM_GOAL_bottom/42035.png" width="640" height="480">
  </image>
  <image id="44" name="rc19-experiment/INDOOR/STRIKER_FROM_GOAL_bottom/42032.png" width="640" height="480">
  </image>
  <image id="43" name="rc19-experiment/INDOOR/STRIKER_FROM_GOAL_bottom/42028.png" width="640" height="480">
  </image>
  <image id="42" name="rc19-experiment/INDOOR/STRIKER_FROM_GOAL_bottom/42025.png" width="640" height="480">
  </image>
  <image id="41" name="rc19-experiment/INDOOR/STRIKER_FROM_GOAL_bottom/42021.png" width="640" height="480">
  </image>
  <image id="40" name="rc19-experiment/INDOOR/STRIKER_FROM_GOAL_bottom/42018.png" width="640" height="480">
  </image>
  <image id="39" name="rc19-experiment/INDOOR/STRIKER_FROM_GOAL_bottom/42015.png" width="640" height="480">
  </image>
  <image id="38" name="rc19-experiment/INDOOR/STRIKER_FROM_GOAL_bottom/42011.png" width="640" height="480">
  </image>
  <image id="37" name="rc19-experiment/INDOOR/STRIKER_FROM_GOAL_bottom/42007.png" width="640" height="480">
  </image>
  <image id="36" name="rc19-experiment/INDOOR/STRIKER_FROM_GOAL_bottom/42004.png" width="640" height="480">
  </image>
  <image id="35" name="rc19-experiment/INDOOR/STRIKER_FROM_GOAL_bottom/42001.png" width="640" height="480">
  </image>
  <image id="34" name="rc19-experiment/INDOOR/STRIKER_FROM_GOAL_bottom/41997.png" width="640" height="480">
  </image>
  <image id="33" name="rc19-experiment/INDOOR/STRIKER_FROM_GOAL_bottom/41994.png" width="640" height="480">
  </image>
  <image id="32" name="rc19-experiment/INDOOR/STRIKER_FROM_GOAL_bottom/41991.png" width="640" height="480">
  </image>
  <image id="31" name="rc19-experiment/INDOOR/STRIKER_FROM_GOAL_bottom/41987.png" width="640" height="480">
  </image>
  <image id="30" name="rc19-experiment/INDOOR/STRIKER_FROM_GOAL_bottom/41983.png" width="640" height="480">
  </image>
  <image id="29" name="rc19-experiment/INDOOR/STRIKER_FROM_GOAL_bottom/41980.png" width="640" height="480">
  </image>
  <image id="28" name="rc19-experiment/INDOOR/STRIKER_FROM_GOAL_bottom/41977.png" width="640" height="480">
  </image>
  <image id="27" name="rc19-experiment/INDOOR/STRIKER_FROM_GOAL_bottom/41973.png" width="640" height="480">
  </image>
  <image id="26" name="rc19-experiment/INDOOR/STRIKER_FROM_GOAL_bottom/41970.png" width="640" height="480">
  </image>
  <image id="25" name="rc19-experiment/INDOOR/STRIKER_FROM_GOAL_bottom/41967.png" width="640" height="480">
  </image>
  <image id="24" name="rc19-experiment/INDOOR/STRIKER_FROM_GOAL_bottom/41963.png" width="640" height="480">
  </image>
  <image id="23" name="rc19-experiment/INDOOR/STRIKER_FROM_GOAL_bottom/41960.png" width="640" height="480">
  </image>
  <image id="22" name="rc19-experiment/INDOOR/STRIKER_FROM_GOAL_bottom/41957.png" width="640" height="480">
  </image>
  <image id="21" name="rc19-experiment/INDOOR/STRIKER_FROM_GOAL_bottom/41953.png" width="640" height="480">
  </image>
  <image id="20" name="rc19-experiment/INDOOR/STRIKER_FROM_GOAL_bottom/41950.png" width="640" height="480">
  </image>
  <image id="19" name="rc19-experiment/INDOOR/STRIKER_FROM_GOAL_bottom/41947.png" width="640" height="480">
  </image>
  <image id="18" name="rc19-experiment/INDOOR/STRIKER_FROM_GOAL_bottom/41943.png" width="640" height="480">
  </image>
  <image id="17" name="rc19-experiment/INDOOR/STRIKER_FROM_GOAL_bottom/41940.png" width="640" height="480">
  </image>
  <image id="16" name="rc19-experiment/INDOOR/STRIKER_FROM_GOAL_bottom/41936.png" width="640" height="480">
  </image>
  <image id="15" name="rc19-experiment/INDOOR/STRIKER_FROM_GOAL_bottom/41932.png" width="640" height="480">
  </image>
  <image id="14" name="rc19-experiment/INDOOR/STRIKER_FROM_GOAL_bottom/41929.png" width="640" height="480">
  </image>
  <image id="13" name="rc19-experiment/INDOOR/STRIKER_FROM_GOAL_bottom/41926.png" width="640" height="480">
  </image>
  <image id="12" name="rc19-experiment/INDOOR/STRIKER_FROM_GOAL_bottom/41922.png" width="640" height="480">
  </image>
  <image id="11" name="rc19-experiment/INDOOR/STRIKER_FROM_GOAL_bottom/41919.png" width="640" height="480">
  </image>
  <image id="10" name="rc19-experiment/INDOOR/STRIKER_FROM_GOAL_bottom/41916.png" width="640" height="480">
  </image>
  <image id="9" name="rc19-experiment/INDOOR/STRIKER_FROM_GOAL_bottom/41912.png" width="640" height="480">
  </image>
  <image id="8" name="rc19-experiment/INDOOR/STRIKER_FROM_GOAL_bottom/41909.png" width="640" height="480">
  </image>
  <image id="7" name="rc19-experiment/INDOOR/STRIKER_FROM_GOAL_bottom/41905.png" width="640" height="480">
  </image>
  <image id="6" name="rc19-experiment/INDOOR/STRIKER_FROM_GOAL_bottom/41902.png" width="640" height="480">
  </image>
  <image id="5" name="rc19-experiment/INDOOR/STRIKER_FROM_GOAL_bottom/41899.png" width="640" height="480">
  </image>
  <image id="4" name="rc19-experiment/INDOOR/STRIKER_FROM_GOAL_bottom/41895.png" width="640" height="480">
  </image>
  <image id="3" name="rc19-experiment/INDOOR/STRIKER_FROM_GOAL_bottom/41892.png" width="640" height="480">
  </image>
  <image id="2" name="rc19-experiment/INDOOR/STRIKER_FROM_GOAL_bottom/41888.png" width="640" height="480">
  </image>
  <image id="1" name="rc19-experiment/INDOOR/STRIKER_FROM_GOAL_bottom/41885.png" width="640" height="480">
  </image>
  <image id="0" name="rc19-experiment/INDOOR/STRIKER_FROM_GOAL_bottom/41882.png" width="640" height="480">
  </image>
</annotations>