<?xml version="1.0" encoding="utf-8"?>
<annotations>
  <version>1.1</version>
  <meta>
    <task>
      <id>15</id>
      <name>RC19Experiments-OUTDOOR6-bottom</name>
      <size>248</size>
      <mode>annotation</mode>
      <overlap>0</overlap>
      <bugtracker></bugtracker>
      <created>2020-04-05 09:52:06.003713+00:00</created>
      <updated>2020-04-05 09:52:06.003749+00:00</updated>
      <start_frame>0</start_frame>
      <stop_frame>247</stop_frame>
      <frame_filter></frame_filter>
      <labels>
        <label>
          <name>ball</name>
          <color>#804080</color>
          <attributes>
            <attribute>
              <name>smudge</name>
              <mutable>False</mutable>
              <input_type>checkbox</input_type>
              <default_value>false</default_value>
              <values>false</values>
            </attribute>
          </attributes>
        </label>
      </labels>
      <segments>
        <segment>
          <id>15</id>
          <start>0</start>
          <stop>247</stop>
          <url>httpball.informatik.hu-berlin.de/?id=15</url>
        </segment>
      </segments>
      <owner>
        <username>nao</username>
        <email></email>
      </owner>
      <assignee></assignee>
    </task>
    <dumped>2021-01-20 09:52:55.088107+00:00</dumped>
  </meta>
  <image id="247" name="rc19-experiment/OUTDOOR6-bottom/22550.png" width="640" height="480">
  </image>
  <image id="246" name="rc19-experiment/OUTDOOR6-bottom/22547.png" width="640" height="480">
  </image>
  <image id="245" name="rc19-experiment/OUTDOOR6-bottom/22544.png" width="640" height="480">
  </image>
  <image id="244" name="rc19-experiment/OUTDOOR6-bottom/22541.png" width="640" height="480">
  </image>
  <image id="243" name="rc19-experiment/OUTDOOR6-bottom/22538.png" width="640" height="480">
  </image>
  <image id="242" name="rc19-experiment/OUTDOOR6-bottom/22535.png" width="640" height="480">
  </image>
  <image id="241" name="rc19-experiment/OUTDOOR6-bottom/22532.png" width="640" height="480">
  </image>
  <image id="240" name="rc19-experiment/OUTDOOR6-bottom/22528.png" width="640" height="480">
  </image>
  <image id="239" name="rc19-experiment/OUTDOOR6-bottom/22525.png" width="640" height="480">
  </image>
  <image id="238" name="rc19-experiment/OUTDOOR6-bottom/22522.png" width="640" height="480">
  </image>
  <image id="237" name="rc19-experiment/OUTDOOR6-bottom/22519.png" width="640" height="480">
  </image>
  <image id="236" name="rc19-experiment/OUTDOOR6-bottom/22515.png" width="640" height="480">
  </image>
  <image id="235" name="rc19-experiment/OUTDOOR6-bottom/22512.png" width="640" height="480">
  </image>
  <image id="234" name="rc19-experiment/OUTDOOR6-bottom/22508.png" width="640" height="480">
  </image>
  <image id="233" name="rc19-experiment/OUTDOOR6-bottom/22505.png" width="640" height="480">
  </image>
  <image id="232" name="rc19-experiment/OUTDOOR6-bottom/22502.png" width="640" height="480">
  </image>
  <image id="231" name="rc19-experiment/OUTDOOR6-bottom/22499.png" width="640" height="480">
  </image>
  <image id="230" name="rc19-experiment/OUTDOOR6-bottom/22495.png" width="640" height="480">
  </image>
  <image id="229" name="rc19-experiment/OUTDOOR6-bottom/22492.png" width="640" height="480">
  </image>
  <image id="228" name="rc19-experiment/OUTDOOR6-bottom/22488.png" width="640" height="480">
  </image>
  <image id="227" name="rc19-experiment/OUTDOOR6-bottom/22485.png" width="640" height="480">
  </image>
  <image id="226" name="rc19-experiment/OUTDOOR6-bottom/22482.png" width="640" height="480">
  </image>
  <image id="225" name="rc19-experiment/OUTDOOR6-bottom/22479.png" width="640" height="480">
  </image>
  <image id="224" name="rc19-experiment/OUTDOOR6-bottom/22476.png" width="640" height="480">
  </image>
  <image id="223" name="rc19-experiment/OUTDOOR6-bottom/22473.png" width="640" height="480">
  </image>
  <image id="222" name="rc19-experiment/OUTDOOR6-bottom/22469.png" width="640" height="480">
  </image>
  <image id="221" name="rc19-experiment/OUTDOOR6-bottom/22466.png" width="640" height="480">
  </image>
  <image id="220" name="rc19-experiment/OUTDOOR6-bottom/22463.png" width="640" height="480">
  </image>
  <image id="219" name="rc19-experiment/OUTDOOR6-bottom/22459.png" width="640" height="480">
  </image>
  <image id="218" name="rc19-experiment/OUTDOOR6-bottom/22456.png" width="640" height="480">
  </image>
  <image id="217" name="rc19-experiment/OUTDOOR6-bottom/22452.png" width="640" height="480">
  </image>
  <image id="216" name="rc19-experiment/OUTDOOR6-bottom/22448.png" width="640" height="480">
  </image>
  <image id="215" name="rc19-experiment/OUTDOOR6-bottom/22444.png" width="640" height="480">
  </image>
  <image id="214" name="rc19-experiment/OUTDOOR6-bottom/22441.png" width="640" height="480">
  </image>
  <image id="213" name="rc19-experiment/OUTDOOR6-bottom/22437.png" width="640" height="480">
  </image>
  <image id="212" name="rc19-experiment/OUTDOOR6-bottom/22434.png" width="640" height="480">
  </image>
  <image id="211" name="rc19-experiment/OUTDOOR6-bottom/22430.png" width="640" height="480">
  </image>
  <image id="210" name="rc19-experiment/OUTDOOR6-bottom/22427.png" width="640" height="480">
  </image>
  <image id="209" name="rc19-experiment/OUTDOOR6-bottom/22423.png" width="640" height="480">
  </image>
  <image id="208" name="rc19-experiment/OUTDOOR6-bottom/22420.png" width="640" height="480">
  </image>
  <image id="207" name="rc19-experiment/OUTDOOR6-bottom/22417.png" width="640" height="480">
  </image>
  <image id="206" name="rc19-experiment/OUTDOOR6-bottom/22413.png" width="640" height="480">
  </image>
  <image id="205" name="rc19-experiment/OUTDOOR6-bottom/22410.png" width="640" height="480">
  </image>
  <image id="204" name="rc19-experiment/OUTDOOR6-bottom/22407.png" width="640" height="480">
  </image>
  <image id="203" name="rc19-experiment/OUTDOOR6-bottom/22403.png" width="640" height="480">
  </image>
  <image id="202" name="rc19-experiment/OUTDOOR6-bottom/22400.png" width="640" height="480">
  </image>
  <image id="201" name="rc19-experiment/OUTDOOR6-bottom/22396.png" width="640" height="480">
  </image>
  <image id="200" name="rc19-experiment/OUTDOOR6-bottom/22392.png" width="640" height="480">
  </image>
  <image id="199" name="rc19-experiment/OUTDOOR6-bottom/22389.png" width="640" height="480">
  </image>
  <image id="198" name="rc19-experiment/OUTDOOR6-bottom/22385.png" width="640" height="480">
  </image>
  <image id="197" name="rc19-experiment/OUTDOOR6-bottom/22382.png" width="640" height="480">
  </image>
  <image id="196" name="rc19-experiment/OUTDOOR6-bottom/22379.png" width="640" height="480">
  </image>
  <image id="195" name="rc19-experiment/OUTDOOR6-bottom/22376.png" width="640" height="480">
  </image>
  <image id="194" name="rc19-experiment/OUTDOOR6-bottom/22373.png" width="640" height="480">
  </image>
  <image id="193" name="rc19-experiment/OUTDOOR6-bottom/22370.png" width="640" height="480">
  </image>
  <image id="192" name="rc19-experiment/OUTDOOR6-bottom/22367.png" width="640" height="480">
  </image>
  <image id="191" name="rc19-experiment/OUTDOOR6-bottom/22363.png" width="640" height="480">
  </image>
  <image id="190" name="rc19-experiment/OUTDOOR6-bottom/22360.png" width="640" height="480">
  </image>
  <image id="189" name="rc19-experiment/OUTDOOR6-bottom/22357.png" width="640" height="480">
  </image>
  <image id="188" name="rc19-experiment/OUTDOOR6-bottom/22354.png" width="640" height="480">
  </image>
  <image id="187" name="rc19-experiment/OUTDOOR6-bottom/22351.png" width="640" height="480">
  </image>
  <image id="186" name="rc19-experiment/OUTDOOR6-bottom/22348.png" width="640" height="480">
  </image>
  <image id="185" name="rc19-experiment/OUTDOOR6-bottom/22345.png" width="640" height="480">
  </image>
  <image id="184" name="rc19-experiment/OUTDOOR6-bottom/22342.png" width="640" height="480">
  </image>
  <image id="183" name="rc19-experiment/OUTDOOR6-bottom/22339.png" width="640" height="480">
  </image>
  <image id="182" name="rc19-experiment/OUTDOOR6-bottom/22336.png" width="640" height="480">
  </image>
  <image id="181" name="rc19-experiment/OUTDOOR6-bottom/22333.png" width="640" height="480">
  </image>
  <image id="180" name="rc19-experiment/OUTDOOR6-bottom/22330.png" width="640" height="480">
  </image>
  <image id="179" name="rc19-experiment/OUTDOOR6-bottom/22327.png" width="640" height="480">
  </image>
  <image id="178" name="rc19-experiment/OUTDOOR6-bottom/22324.png" width="640" height="480">
  </image>
  <image id="177" name="rc19-experiment/OUTDOOR6-bottom/22321.png" width="640" height="480">
  </image>
  <image id="176" name="rc19-experiment/OUTDOOR6-bottom/22318.png" width="640" height="480">
  </image>
  <image id="175" name="rc19-experiment/OUTDOOR6-bottom/22315.png" width="640" height="480">
  </image>
  <image id="174" name="rc19-experiment/OUTDOOR6-bottom/22312.png" width="640" height="480">
  </image>
  <image id="173" name="rc19-experiment/OUTDOOR6-bottom/22308.png" width="640" height="480">
  </image>
  <image id="172" name="rc19-experiment/OUTDOOR6-bottom/22305.png" width="640" height="480">
  </image>
  <image id="171" name="rc19-experiment/OUTDOOR6-bottom/22301.png" width="640" height="480">
  </image>
  <image id="170" name="rc19-experiment/OUTDOOR6-bottom/22298.png" width="640" height="480">
  </image>
  <image id="169" name="rc19-experiment/OUTDOOR6-bottom/22295.png" width="640" height="480">
  </image>
  <image id="168" name="rc19-experiment/OUTDOOR6-bottom/22292.png" width="640" height="480">
  </image>
  <image id="167" name="rc19-experiment/OUTDOOR6-bottom/22288.png" width="640" height="480">
  </image>
  <image id="166" name="rc19-experiment/OUTDOOR6-bottom/22285.png" width="640" height="480">
  </image>
  <image id="165" name="rc19-experiment/OUTDOOR6-bottom/22282.png" width="640" height="480">
  </image>
  <image id="164" name="rc19-experiment/OUTDOOR6-bottom/22279.png" width="640" height="480">
  </image>
  <image id="163" name="rc19-experiment/OUTDOOR6-bottom/22276.png" width="640" height="480">
  </image>
  <image id="162" name="rc19-experiment/OUTDOOR6-bottom/22273.png" width="640" height="480">
  </image>
  <image id="161" name="rc19-experiment/OUTDOOR6-bottom/22269.png" width="640" height="480">
  </image>
  <image id="160" name="rc19-experiment/OUTDOOR6-bottom/22266.png" width="640" height="480">
  </image>
  <image id="159" name="rc19-experiment/OUTDOOR6-bottom/22263.png" width="640" height="480">
  </image>
  <image id="158" name="rc19-experiment/OUTDOOR6-bottom/22259.png" width="640" height="480">
  </image>
  <image id="157" name="rc19-experiment/OUTDOOR6-bottom/22256.png" width="640" height="480">
  </image>
  <image id="156" name="rc19-experiment/OUTDOOR6-bottom/22253.png" width="640" height="480">
  </image>
  <image id="155" name="rc19-experiment/OUTDOOR6-bottom/22250.png" width="640" height="480">
  </image>
  <image id="154" name="rc19-experiment/OUTDOOR6-bottom/22247.png" width="640" height="480">
  </image>
  <image id="153" name="rc19-experiment/OUTDOOR6-bottom/22244.png" width="640" height="480">
  </image>
  <image id="152" name="rc19-experiment/OUTDOOR6-bottom/22241.png" width="640" height="480">
  </image>
  <image id="151" name="rc19-experiment/OUTDOOR6-bottom/22238.png" width="640" height="480">
  </image>
  <image id="150" name="rc19-experiment/OUTDOOR6-bottom/22235.png" width="640" height="480">
  </image>
  <image id="149" name="rc19-experiment/OUTDOOR6-bottom/22232.png" width="640" height="480">
  </image>
  <image id="148" name="rc19-experiment/OUTDOOR6-bottom/22228.png" width="640" height="480">
  </image>
  <image id="147" name="rc19-experiment/OUTDOOR6-bottom/22225.png" width="640" height="480">
  </image>
  <image id="146" name="rc19-experiment/OUTDOOR6-bottom/22222.png" width="640" height="480">
  </image>
  <image id="145" name="rc19-experiment/OUTDOOR6-bottom/22218.png" width="640" height="480">
  </image>
  <image id="144" name="rc19-experiment/OUTDOOR6-bottom/22215.png" width="640" height="480">
  </image>
  <image id="143" name="rc19-experiment/OUTDOOR6-bottom/22212.png" width="640" height="480">
  </image>
  <image id="142" name="rc19-experiment/OUTDOOR6-bottom/22208.png" width="640" height="480">
  </image>
  <image id="141" name="rc19-experiment/OUTDOOR6-bottom/22204.png" width="640" height="480">
  </image>
  <image id="140" name="rc19-experiment/OUTDOOR6-bottom/22201.png" width="640" height="480">
  </image>
  <image id="139" name="rc19-experiment/OUTDOOR6-bottom/22198.png" width="640" height="480">
  </image>
  <image id="138" name="rc19-experiment/OUTDOOR6-bottom/22195.png" width="640" height="480">
  </image>
  <image id="137" name="rc19-experiment/OUTDOOR6-bottom/22192.png" width="640" height="480">
  </image>
  <image id="136" name="rc19-experiment/OUTDOOR6-bottom/22189.png" width="640" height="480">
  </image>
  <image id="135" name="rc19-experiment/OUTDOOR6-bottom/22186.png" width="640" height="480">
  </image>
  <image id="134" name="rc19-experiment/OUTDOOR6-bottom/22183.png" width="640" height="480">
  </image>
  <image id="133" name="rc19-experiment/OUTDOOR6-bottom/22179.png" width="640" height="480">
  </image>
  <image id="132" name="rc19-experiment/OUTDOOR6-bottom/22175.png" width="640" height="480">
  </image>
  <image id="131" name="rc19-experiment/OUTDOOR6-bottom/22172.png" width="640" height="480">
  </image>
  <image id="130" name="rc19-experiment/OUTDOOR6-bottom/22168.png" width="640" height="480">
  </image>
  <image id="129" name="rc19-experiment/OUTDOOR6-bottom/22165.png" width="640" height="480">
  </image>
  <image id="128" name="rc19-experiment/OUTDOOR6-bottom/22162.png" width="640" height="480">
  </image>
  <image id="127" name="rc19-experiment/OUTDOOR6-bottom/22159.png" width="640" height="480">
  </image>
  <image id="126" name="rc19-experiment/OUTDOOR6-bottom/22156.png" width="640" height="480">
  </image>
  <image id="125" name="rc19-experiment/OUTDOOR6-bottom/22153.png" width="640" height="480">
  </image>
  <image id="124" name="rc19-experiment/OUTDOOR6-bottom/22150.png" width="640" height="480">
  </image>
  <image id="123" name="rc19-experiment/OUTDOOR6-bottom/22147.png" width="640" height="480">
  </image>
  <image id="122" name="rc19-experiment/OUTDOOR6-bottom/22144.png" width="640" height="480">
  </image>
  <image id="121" name="rc19-experiment/OUTDOOR6-bottom/22141.png" width="640" height="480">
  </image>
  <image id="120" name="rc19-experiment/OUTDOOR6-bottom/22138.png" width="640" height="480">
  </image>
  <image id="119" name="rc19-experiment/OUTDOOR6-bottom/22135.png" width="640" height="480">
  </image>
  <image id="118" name="rc19-experiment/OUTDOOR6-bottom/22132.png" width="640" height="480">
  </image>
  <image id="117" name="rc19-experiment/OUTDOOR6-bottom/22129.png" width="640" height="480">
  </image>
  <image id="116" name="rc19-experiment/OUTDOOR6-bottom/22126.png" width="640" height="480">
  </image>
  <image id="115" name="rc19-experiment/OUTDOOR6-bottom/22123.png" width="640" height="480">
  </image>
  <image id="114" name="rc19-experiment/OUTDOOR6-bottom/22120.png" width="640" height="480">
  </image>
  <image id="113" name="rc19-experiment/OUTDOOR6-bottom/22116.png" width="640" height="480">
  </image>
  <image id="112" name="rc19-experiment/OUTDOOR6-bottom/22113.png" width="640" height="480">
  </image>
  <image id="111" name="rc19-experiment/OUTDOOR6-bottom/22109.png" width="640" height="480">
  </image>
  <image id="110" name="rc19-experiment/OUTDOOR6-bottom/22105.png" width="640" height="480">
  </image>
  <image id="109" name="rc19-experiment/OUTDOOR6-bottom/22102.png" width="640" height="480">
  </image>
  <image id="108" name="rc19-experiment/OUTDOOR6-bottom/22099.png" width="640" height="480">
  </image>
  <image id="107" name="rc19-experiment/OUTDOOR6-bottom/22096.png" width="640" height="480">
  </image>
  <image id="106" name="rc19-experiment/OUTDOOR6-bottom/22092.png" width="640" height="480">
  </image>
  <image id="105" name="rc19-experiment/OUTDOOR6-bottom/22089.png" width="640" height="480">
  </image>
  <image id="104" name="rc19-experiment/OUTDOOR6-bottom/22085.png" width="640" height="480">
  </image>
  <image id="103" name="rc19-experiment/OUTDOOR6-bottom/22082.png" width="640" height="480">
  </image>
  <image id="102" name="rc19-experiment/OUTDOOR6-bottom/22079.png" width="640" height="480">
  </image>
  <image id="101" name="rc19-experiment/OUTDOOR6-bottom/22076.png" width="640" height="480">
  </image>
  <image id="100" name="rc19-experiment/OUTDOOR6-bottom/22073.png" width="640" height="480">
  </image>
  <image id="99" name="rc19-experiment/OUTDOOR6-bottom/22070.png" width="640" height="480">
  </image>
  <image id="98" name="rc19-experiment/OUTDOOR6-bottom/22067.png" width="640" height="480">
  </image>
  <image id="97" name="rc19-experiment/OUTDOOR6-bottom/22063.png" width="640" height="480">
  </image>
  <image id="96" name="rc19-experiment/OUTDOOR6-bottom/22060.png" width="640" height="480">
  </image>
  <image id="95" name="rc19-experiment/OUTDOOR6-bottom/22057.png" width="640" height="480">
  </image>
  <image id="94" name="rc19-experiment/OUTDOOR6-bottom/22053.png" width="640" height="480">
  </image>
  <image id="93" name="rc19-experiment/OUTDOOR6-bottom/22050.png" width="640" height="480">
  </image>
  <image id="92" name="rc19-experiment/OUTDOOR6-bottom/22047.png" width="640" height="480">
  </image>
  <image id="91" name="rc19-experiment/OUTDOOR6-bottom/22043.png" width="640" height="480">
  </image>
  <image id="90" name="rc19-experiment/OUTDOOR6-bottom/22040.png" width="640" height="480">
  </image>
  <image id="89" name="rc19-experiment/OUTDOOR6-bottom/22036.png" width="640" height="480">
  </image>
  <image id="88" name="rc19-experiment/OUTDOOR6-bottom/22033.png" width="640" height="480">
  </image>
  <image id="87" name="rc19-experiment/OUTDOOR6-bottom/22030.png" width="640" height="480">
  </image>
  <image id="86" name="rc19-experiment/OUTDOOR6-bottom/22027.png" width="640" height="480">
  </image>
  <image id="85" name="rc19-experiment/OUTDOOR6-bottom/22023.png" width="640" height="480">
  </image>
  <image id="84" name="rc19-experiment/OUTDOOR6-bottom/22019.png" width="640" height="480">
  </image>
  <image id="83" name="rc19-experiment/OUTDOOR6-bottom/22016.png" width="640" height="480">
  </image>
  <image id="82" name="rc19-experiment/OUTDOOR6-bottom/22013.png" width="640" height="480">
  </image>
  <image id="81" name="rc19-experiment/OUTDOOR6-bottom/22010.png" width="640" height="480">
  </image>
  <image id="80" name="rc19-experiment/OUTDOOR6-bottom/22006.png" width="640" height="480">
  </image>
  <image id="79" name="rc19-experiment/OUTDOOR6-bottom/22003.png" width="640" height="480">
  </image>
  <image id="78" name="rc19-experiment/OUTDOOR6-bottom/22000.png" width="640" height="480">
  </image>
  <image id="77" name="rc19-experiment/OUTDOOR6-bottom/21997.png" width="640" height="480">
  </image>
  <image id="76" name="rc19-experiment/OUTDOOR6-bottom/21993.png" width="640" height="480">
  </image>
  <image id="75" name="rc19-experiment/OUTDOOR6-bottom/21990.png" width="640" height="480">
  </image>
  <image id="74" name="rc19-experiment/OUTDOOR6-bottom/21987.png" width="640" height="480">
  </image>
  <image id="73" name="rc19-experiment/OUTDOOR6-bottom/21984.png" width="640" height="480">
  </image>
  <image id="72" name="rc19-experiment/OUTDOOR6-bottom/21980.png" width="640" height="480">
  </image>
  <image id="71" name="rc19-experiment/OUTDOOR6-bottom/21977.png" width="640" height="480">
  </image>
  <image id="70" name="rc19-experiment/OUTDOOR6-bottom/21974.png" width="640" height="480">
  </image>
  <image id="69" name="rc19-experiment/OUTDOOR6-bottom/21970.png" width="640" height="480">
  </image>
  <image id="68" name="rc19-experiment/OUTDOOR6-bottom/21967.png" width="640" height="480">
  </image>
  <image id="67" name="rc19-experiment/OUTDOOR6-bottom/21964.png" width="640" height="480">
  </image>
  <image id="66" name="rc19-experiment/OUTDOOR6-bottom/21961.png" width="640" height="480">
  </image>
  <image id="65" name="rc19-experiment/OUTDOOR6-bottom/21957.png" width="640" height="480">
  </image>
  <image id="64" name="rc19-experiment/OUTDOOR6-bottom/21954.png" width="640" height="480">
  </image>
  <image id="63" name="rc19-experiment/OUTDOOR6-bottom/21951.png" width="640" height="480">
  </image>
  <image id="62" name="rc19-experiment/OUTDOOR6-bottom/21948.png" width="640" height="480">
  </image>
  <image id="61" name="rc19-experiment/OUTDOOR6-bottom/21945.png" width="640" height="480">
  </image>
  <image id="60" name="rc19-experiment/OUTDOOR6-bottom/21942.png" width="640" height="480">
  </image>
  <image id="59" name="rc19-experiment/OUTDOOR6-bottom/21938.png" width="640" height="480">
  </image>
  <image id="58" name="rc19-experiment/OUTDOOR6-bottom/21934.png" width="640" height="480">
  </image>
  <image id="57" name="rc19-experiment/OUTDOOR6-bottom/21931.png" width="640" height="480">
  </image>
  <image id="56" name="rc19-experiment/OUTDOOR6-bottom/21928.png" width="640" height="480">
  </image>
  <image id="55" name="rc19-experiment/OUTDOOR6-bottom/21924.png" width="640" height="480">
  </image>
  <image id="54" name="rc19-experiment/OUTDOOR6-bottom/21921.png" width="640" height="480">
  </image>
  <image id="53" name="rc19-experiment/OUTDOOR6-bottom/21918.png" width="640" height="480">
  </image>
  <image id="52" name="rc19-experiment/OUTDOOR6-bottom/21915.png" width="640" height="480">
  </image>
  <image id="51" name="rc19-experiment/OUTDOOR6-bottom/21912.png" width="640" height="480">
  </image>
  <image id="50" name="rc19-experiment/OUTDOOR6-bottom/21908.png" width="640" height="480">
  </image>
  <image id="49" name="rc19-experiment/OUTDOOR6-bottom/21905.png" width="640" height="480">
  </image>
  <image id="48" name="rc19-experiment/OUTDOOR6-bottom/21902.png" width="640" height="480">
  </image>
  <image id="47" name="rc19-experiment/OUTDOOR6-bottom/21899.png" width="640" height="480">
  </image>
  <image id="46" name="rc19-experiment/OUTDOOR6-bottom/21896.png" width="640" height="480">
  </image>
  <image id="45" name="rc19-experiment/OUTDOOR6-bottom/21893.png" width="640" height="480">
  </image>
  <image id="44" name="rc19-experiment/OUTDOOR6-bottom/21889.png" width="640" height="480">
  </image>
  <image id="43" name="rc19-experiment/OUTDOOR6-bottom/21885.png" width="640" height="480">
  </image>
  <image id="42" name="rc19-experiment/OUTDOOR6-bottom/21882.png" width="640" height="480">
  </image>
  <image id="41" name="rc19-experiment/OUTDOOR6-bottom/21879.png" width="640" height="480">
  </image>
  <image id="40" name="rc19-experiment/OUTDOOR6-bottom/21876.png" width="640" height="480">
  </image>
  <image id="39" name="rc19-experiment/OUTDOOR6-bottom/21872.png" width="640" height="480">
  </image>
  <image id="38" name="rc19-experiment/OUTDOOR6-bottom/21869.png" width="640" height="480">
  </image>
  <image id="37" name="rc19-experiment/OUTDOOR6-bottom/21866.png" width="640" height="480">
  </image>
  <image id="36" name="rc19-experiment/OUTDOOR6-bottom/21863.png" width="640" height="480">
  </image>
  <image id="35" name="rc19-experiment/OUTDOOR6-bottom/21859.png" width="640" height="480">
  </image>
  <image id="34" name="rc19-experiment/OUTDOOR6-bottom/21856.png" width="640" height="480">
  </image>
  <image id="33" name="rc19-experiment/OUTDOOR6-bottom/21852.png" width="640" height="480">
  </image>
  <image id="32" name="rc19-experiment/OUTDOOR6-bottom/21849.png" width="640" height="480">
  </image>
  <image id="31" name="rc19-experiment/OUTDOOR6-bottom/21846.png" width="640" height="480">
  </image>
  <image id="30" name="rc19-experiment/OUTDOOR6-bottom/21843.png" width="640" height="480">
  </image>
  <image id="29" name="rc19-experiment/OUTDOOR6-bottom/21840.png" width="640" height="480">
  </image>
  <image id="28" name="rc19-experiment/OUTDOOR6-bottom/21837.png" width="640" height="480">
  </image>
  <image id="27" name="rc19-experiment/OUTDOOR6-bottom/21834.png" width="640" height="480">
  </image>
  <image id="26" name="rc19-experiment/OUTDOOR6-bottom/21831.png" width="640" height="480">
  </image>
  <image id="25" name="rc19-experiment/OUTDOOR6-bottom/21827.png" width="640" height="480">
  </image>
  <image id="24" name="rc19-experiment/OUTDOOR6-bottom/21824.png" width="640" height="480">
  </image>
  <image id="23" name="rc19-experiment/OUTDOOR6-bottom/21821.png" width="640" height="480">
  </image>
  <image id="22" name="rc19-experiment/OUTDOOR6-bottom/21818.png" width="640" height="480">
  </image>
  <image id="21" name="rc19-experiment/OUTDOOR6-bottom/21815.png" width="640" height="480">
  </image>
  <image id="20" name="rc19-experiment/OUTDOOR6-bottom/21811.png" width="640" height="480">
  </image>
  <image id="19" name="rc19-experiment/OUTDOOR6-bottom/21808.png" width="640" height="480">
  </image>
  <image id="18" name="rc19-experiment/OUTDOOR6-bottom/21805.png" width="640" height="480">
  </image>
  <image id="17" name="rc19-experiment/OUTDOOR6-bottom/21802.png" width="640" height="480">
  </image>
  <image id="16" name="rc19-experiment/OUTDOOR6-bottom/21798.png" width="640" height="480">
  </image>
  <image id="15" name="rc19-experiment/OUTDOOR6-bottom/21795.png" width="640" height="480">
  </image>
  <image id="14" name="rc19-experiment/OUTDOOR6-bottom/21792.png" width="640" height="480">
  </image>
  <image id="13" name="rc19-experiment/OUTDOOR6-bottom/21789.png" width="640" height="480">
  </image>
  <image id="12" name="rc19-experiment/OUTDOOR6-bottom/21785.png" width="640" height="480">
  </image>
  <image id="11" name="rc19-experiment/OUTDOOR6-bottom/21781.png" width="640" height="480">
  </image>
  <image id="10" name="rc19-experiment/OUTDOOR6-bottom/21778.png" width="640" height="480">
  </image>
  <image id="9" name="rc19-experiment/OUTDOOR6-bottom/21775.png" width="640" height="480">
  </image>
  <image id="8" name="rc19-experiment/OUTDOOR6-bottom/21771.png" width="640" height="480">
  </image>
  <image id="7" name="rc19-experiment/OUTDOOR6-bottom/21768.png" width="640" height="480">
  </image>
  <image id="6" name="rc19-experiment/OUTDOOR6-bottom/21765.png" width="640" height="480">
  </image>
  <image id="5" name="rc19-experiment/OUTDOOR6-bottom/21761.png" width="640" height="480">
  </image>
  <image id="4" name="rc19-experiment/OUTDOOR6-bottom/21758.png" width="640" height="480">
  </image>
  <image id="3" name="rc19-experiment/OUTDOOR6-bottom/21755.png" width="640" height="480">
  </image>
  <image id="2" name="rc19-experiment/OUTDOOR6-bottom/21752.png" width="640" height="480">
  </image>
  <image id="1" name="rc19-experiment/OUTDOOR6-bottom/21748.png" width="640" height="480">
  </image>
  <image id="0" name="rc19-experiment/OUTDOOR6-bottom/21745.png" width="640" height="480">
  </image>
</annotations>