<?xml version="1.0" encoding="utf-8"?>
<annotations>
  <version>1.1</version>
  <meta>
    <task>
      <id>20</id>
      <name>RC19Experiments-OUTDOOR-stand-top</name>
      <size>43</size>
      <mode>annotation</mode>
      <overlap>0</overlap>
      <bugtracker></bugtracker>
      <created>2020-04-05 10:05:45.491811+00:00</created>
      <updated>2020-04-05 10:05:45.491845+00:00</updated>
      <start_frame>0</start_frame>
      <stop_frame>42</stop_frame>
      <frame_filter></frame_filter>
      <labels>
        <label>
          <name>ball</name>
          <color>#804080</color>
          <attributes>
            <attribute>
              <name>smudge</name>
              <mutable>False</mutable>
              <input_type>checkbox</input_type>
              <default_value>false</default_value>
              <values>false</values>
            </attribute>
          </attributes>
        </label>
      </labels>
      <segments>
        <segment>
          <id>20</id>
          <start>0</start>
          <stop>42</stop>
          <url>httpball.informatik.hu-berlin.de/?id=20</url>
        </segment>
      </segments>
      <owner>
        <username>nao</username>
        <email></email>
      </owner>
      <assignee></assignee>
    </task>
    <dumped>2021-01-20 09:56:51.650025+00:00</dumped>
  </meta>
  <image id="42" name="rc19-experiment/OUTDOOR-stand-top/441.png" width="640" height="480">
  </image>
  <image id="41" name="rc19-experiment/OUTDOOR-stand-top/438.png" width="640" height="480">
  </image>
  <image id="40" name="rc19-experiment/OUTDOOR-stand-top/434.png" width="640" height="480">
  </image>
  <image id="39" name="rc19-experiment/OUTDOOR-stand-top/431.png" width="640" height="480">
  </image>
  <image id="38" name="rc19-experiment/OUTDOOR-stand-top/427.png" width="640" height="480">
  </image>
  <image id="37" name="rc19-experiment/OUTDOOR-stand-top/423.png" width="640" height="480">
  </image>
  <image id="36" name="rc19-experiment/OUTDOOR-stand-top/420.png" width="640" height="480">
  </image>
  <image id="35" name="rc19-experiment/OUTDOOR-stand-top/417.png" width="640" height="480">
  </image>
  <image id="34" name="rc19-experiment/OUTDOOR-stand-top/413.png" width="640" height="480">
  </image>
  <image id="33" name="rc19-experiment/OUTDOOR-stand-top/410.png" width="640" height="480">
  </image>
  <image id="32" name="rc19-experiment/OUTDOOR-stand-top/407.png" width="640" height="480">
  </image>
  <image id="31" name="rc19-experiment/OUTDOOR-stand-top/404.png" width="640" height="480">
  </image>
  <image id="30" name="rc19-experiment/OUTDOOR-stand-top/401.png" width="640" height="480">
  </image>
  <image id="29" name="rc19-experiment/OUTDOOR-stand-top/397.png" width="640" height="480">
  </image>
  <image id="28" name="rc19-experiment/OUTDOOR-stand-top/394.png" width="640" height="480">
  </image>
  <image id="27" name="rc19-experiment/OUTDOOR-stand-top/391.png" width="640" height="480">
  </image>
  <image id="26" name="rc19-experiment/OUTDOOR-stand-top/387.png" width="640" height="480">
  </image>
  <image id="25" name="rc19-experiment/OUTDOOR-stand-top/384.png" width="640" height="480">
  </image>
  <image id="24" name="rc19-experiment/OUTDOOR-stand-top/380.png" width="640" height="480">
  </image>
  <image id="23" name="rc19-experiment/OUTDOOR-stand-top/377.png" width="640" height="480">
  </image>
  <image id="22" name="rc19-experiment/OUTDOOR-stand-top/374.png" width="640" height="480">
  </image>
  <image id="21" name="rc19-experiment/OUTDOOR-stand-top/371.png" width="640" height="480">
  </image>
  <image id="20" name="rc19-experiment/OUTDOOR-stand-top/368.png" width="640" height="480">
  </image>
  <image id="19" name="rc19-experiment/OUTDOOR-stand-top/365.png" width="640" height="480">
  </image>
  <image id="18" name="rc19-experiment/OUTDOOR-stand-top/362.png" width="640" height="480">
  </image>
  <image id="17" name="rc19-experiment/OUTDOOR-stand-top/359.png" width="640" height="480">
  </image>
  <image id="16" name="rc19-experiment/OUTDOOR-stand-top/355.png" width="640" height="480">
  </image>
  <image id="15" name="rc19-experiment/OUTDOOR-stand-top/352.png" width="640" height="480">
  </image>
  <image id="14" name="rc19-experiment/OUTDOOR-stand-top/349.png" width="640" height="480">
  </image>
  <image id="13" name="rc19-experiment/OUTDOOR-stand-top/346.png" width="640" height="480">
  </image>
  <image id="12" name="rc19-experiment/OUTDOOR-stand-top/343.png" width="640" height="480">
  </image>
  <image id="11" name="rc19-experiment/OUTDOOR-stand-top/340.png" width="640" height="480">
  </image>
  <image id="10" name="rc19-experiment/OUTDOOR-stand-top/336.png" width="640" height="480">
  </image>
  <image id="9" name="rc19-experiment/OUTDOOR-stand-top/333.png" width="640" height="480">
  </image>
  <image id="8" name="rc19-experiment/OUTDOOR-stand-top/329.png" width="640" height="480">
  </image>
  <image id="7" name="rc19-experiment/OUTDOOR-stand-top/325.png" width="640" height="480">
  </image>
  <image id="6" name="rc19-experiment/OUTDOOR-stand-top/322.png" width="640" height="480">
  </image>
  <image id="5" name="rc19-experiment/OUTDOOR-stand-top/319.png" width="640" height="480">
  </image>
  <image id="4" name="rc19-experiment/OUTDOOR-stand-top/316.png" width="640" height="480">
  </image>
  <image id="3" name="rc19-experiment/OUTDOOR-stand-top/313.png" width="640" height="480">
  </image>
  <image id="2" name="rc19-experiment/OUTDOOR-stand-top/310.png" width="640" height="480">
  </image>
  <image id="1" name="rc19-experiment/OUTDOOR-stand-top/307.png" width="640" height="480">
  </image>
  <image id="0" name="rc19-experiment/OUTDOOR-stand-top/304.png" width="640" height="480">
  </image>
</annotations>