<?xml version="1.0" encoding="utf-8"?>
<annotations>
  <version>1.1</version>
  <meta>
    <task>
      <id>38</id>
      <name>RC19Experiments-INDOOR-READY_OFFSET_LOCA_top</name>
      <size>383</size>
      <mode>annotation</mode>
      <overlap>0</overlap>
      <bugtracker></bugtracker>
      <created>2020-04-05 10:37:50.630501+00:00</created>
      <updated>2021-03-12 22:55:23.772235+00:00</updated>
      <start_frame>0</start_frame>
      <stop_frame>382</stop_frame>
      <frame_filter></frame_filter>
      <labels>
        <label>
          <name>ball</name>
          <color>#804080</color>
          <attributes>
            <attribute>
              <name>smudge</name>
              <mutable>False</mutable>
              <input_type>checkbox</input_type>
              <default_value>false</default_value>
              <values>false</values>
            </attribute>
          </attributes>
        </label>
      </labels>
      <segments>
        <segment>
          <id>38</id>
          <start>0</start>
          <stop>382</stop>
          <url>httpball.informatik.hu-berlin.de/?id=38</url>
        </segment>
      </segments>
      <owner>
        <username>nao</username>
        <email></email>
      </owner>
      <assignee></assignee>
    </task>
    <dumped>2021-03-12 22:55:35.875088+00:00</dumped>
  </meta>
  <image id="382" name="rc19-experiment/INDOOR/READY_OFFSET_LOCA_top/15017.png" width="640" height="480">
  </image>
  <image id="381" name="rc19-experiment/INDOOR/READY_OFFSET_LOCA_top/15014.png" width="640" height="480">
  </image>
  <image id="380" name="rc19-experiment/INDOOR/READY_OFFSET_LOCA_top/15011.png" width="640" height="480">
  </image>
  <image id="379" name="rc19-experiment/INDOOR/READY_OFFSET_LOCA_top/15007.png" width="640" height="480">
  </image>
  <image id="378" name="rc19-experiment/INDOOR/READY_OFFSET_LOCA_top/15004.png" width="640" height="480">
  </image>
  <image id="377" name="rc19-experiment/INDOOR/READY_OFFSET_LOCA_top/15001.png" width="640" height="480">
  </image>
  <image id="376" name="rc19-experiment/INDOOR/READY_OFFSET_LOCA_top/14998.png" width="640" height="480">
  </image>
  <image id="375" name="rc19-experiment/INDOOR/READY_OFFSET_LOCA_top/14995.png" width="640" height="480">
  </image>
  <image id="374" name="rc19-experiment/INDOOR/READY_OFFSET_LOCA_top/14991.png" width="640" height="480">
  </image>
  <image id="373" name="rc19-experiment/INDOOR/READY_OFFSET_LOCA_top/14987.png" width="640" height="480">
  </image>
  <image id="372" name="rc19-experiment/INDOOR/READY_OFFSET_LOCA_top/14984.png" width="640" height="480">
  </image>
  <image id="371" name="rc19-experiment/INDOOR/READY_OFFSET_LOCA_top/14981.png" width="640" height="480">
  </image>
  <image id="370" name="rc19-experiment/INDOOR/READY_OFFSET_LOCA_top/14977.png" width="640" height="480">
  </image>
  <image id="369" name="rc19-experiment/INDOOR/READY_OFFSET_LOCA_top/14974.png" width="640" height="480">
  </image>
  <image id="368" name="rc19-experiment/INDOOR/READY_OFFSET_LOCA_top/14971.png" width="640" height="480">
  </image>
  <image id="367" name="rc19-experiment/INDOOR/READY_OFFSET_LOCA_top/14967.png" width="640" height="480">
  </image>
  <image id="366" name="rc19-experiment/INDOOR/READY_OFFSET_LOCA_top/14964.png" width="640" height="480">
  </image>
  <image id="365" name="rc19-experiment/INDOOR/READY_OFFSET_LOCA_top/14961.png" width="640" height="480">
  </image>
  <image id="364" name="rc19-experiment/INDOOR/READY_OFFSET_LOCA_top/14958.png" width="640" height="480">
  </image>
  <image id="363" name="rc19-experiment/INDOOR/READY_OFFSET_LOCA_top/14954.png" width="640" height="480">
  </image>
  <image id="362" name="rc19-experiment/INDOOR/READY_OFFSET_LOCA_top/14951.png" width="640" height="480">
  </image>
  <image id="361" name="rc19-experiment/INDOOR/READY_OFFSET_LOCA_top/14947.png" width="640" height="480">
  </image>
  <image id="360" name="rc19-experiment/INDOOR/READY_OFFSET_LOCA_top/14944.png" width="640" height="480">
  </image>
  <image id="359" name="rc19-experiment/INDOOR/READY_OFFSET_LOCA_top/14941.png" width="640" height="480">
  </image>
  <image id="358" name="rc19-experiment/INDOOR/READY_OFFSET_LOCA_top/14937.png" width="640" height="480">
  </image>
  <image id="357" name="rc19-experiment/INDOOR/READY_OFFSET_LOCA_top/14933.png" width="640" height="480">
  </image>
  <image id="356" name="rc19-experiment/INDOOR/READY_OFFSET_LOCA_top/14930.png" width="640" height="480">
  </image>
  <image id="355" name="rc19-experiment/INDOOR/READY_OFFSET_LOCA_top/14927.png" width="640" height="480">
  </image>
  <image id="354" name="rc19-experiment/INDOOR/READY_OFFSET_LOCA_top/14923.png" width="640" height="480">
  </image>
  <image id="353" name="rc19-experiment/INDOOR/READY_OFFSET_LOCA_top/14920.png" width="640" height="480">
  </image>
  <image id="352" name="rc19-experiment/INDOOR/READY_OFFSET_LOCA_top/14917.png" width="640" height="480">
  </image>
  <image id="351" name="rc19-experiment/INDOOR/READY_OFFSET_LOCA_top/14914.png" width="640" height="480">
  </image>
  <image id="350" name="rc19-experiment/INDOOR/READY_OFFSET_LOCA_top/14910.png" width="640" height="480">
  </image>
  <image id="349" name="rc19-experiment/INDOOR/READY_OFFSET_LOCA_top/14907.png" width="640" height="480">
  </image>
  <image id="348" name="rc19-experiment/INDOOR/READY_OFFSET_LOCA_top/14904.png" width="640" height="480">
  </image>
  <image id="347" name="rc19-experiment/INDOOR/READY_OFFSET_LOCA_top/14900.png" width="640" height="480">
  </image>
  <image id="346" name="rc19-experiment/INDOOR/READY_OFFSET_LOCA_top/14897.png" width="640" height="480">
  </image>
  <image id="345" name="rc19-experiment/INDOOR/READY_OFFSET_LOCA_top/14894.png" width="640" height="480">
  </image>
  <image id="344" name="rc19-experiment/INDOOR/READY_OFFSET_LOCA_top/14891.png" width="640" height="480">
  </image>
  <image id="343" name="rc19-experiment/INDOOR/READY_OFFSET_LOCA_top/14887.png" width="640" height="480">
  </image>
  <image id="342" name="rc19-experiment/INDOOR/READY_OFFSET_LOCA_top/14884.png" width="640" height="480">
  </image>
  <image id="341" name="rc19-experiment/INDOOR/READY_OFFSET_LOCA_top/14880.png" width="640" height="480">
  </image>
  <image id="340" name="rc19-experiment/INDOOR/READY_OFFSET_LOCA_top/14877.png" width="640" height="480">
  </image>
  <image id="339" name="rc19-experiment/INDOOR/READY_OFFSET_LOCA_top/14873.png" width="640" height="480">
  </image>
  <image id="338" name="rc19-experiment/INDOOR/READY_OFFSET_LOCA_top/14870.png" width="640" height="480">
  </image>
  <image id="337" name="rc19-experiment/INDOOR/READY_OFFSET_LOCA_top/14867.png" width="640" height="480">
  </image>
  <image id="336" name="rc19-experiment/INDOOR/READY_OFFSET_LOCA_top/14863.png" width="640" height="480">
  </image>
  <image id="335" name="rc19-experiment/INDOOR/READY_OFFSET_LOCA_top/14860.png" width="640" height="480">
  </image>
  <image id="334" name="rc19-experiment/INDOOR/READY_OFFSET_LOCA_top/14856.png" width="640" height="480">
  </image>
  <image id="333" name="rc19-experiment/INDOOR/READY_OFFSET_LOCA_top/14853.png" width="640" height="480">
  </image>
  <image id="332" name="rc19-experiment/INDOOR/READY_OFFSET_LOCA_top/14850.png" width="640" height="480">
  </image>
  <image id="331" name="rc19-experiment/INDOOR/READY_OFFSET_LOCA_top/14846.png" width="640" height="480">
  </image>
  <image id="330" name="rc19-experiment/INDOOR/READY_OFFSET_LOCA_top/14843.png" width="640" height="480">
  </image>
  <image id="329" name="rc19-experiment/INDOOR/READY_OFFSET_LOCA_top/14839.png" width="640" height="480">
  </image>
  <image id="328" name="rc19-experiment/INDOOR/READY_OFFSET_LOCA_top/14836.png" width="640" height="480">
  </image>
  <image id="327" name="rc19-experiment/INDOOR/READY_OFFSET_LOCA_top/14833.png" width="640" height="480">
  </image>
  <image id="326" name="rc19-experiment/INDOOR/READY_OFFSET_LOCA_top/14830.png" width="640" height="480">
  </image>
  <image id="325" name="rc19-experiment/INDOOR/READY_OFFSET_LOCA_top/14826.png" width="640" height="480">
  </image>
  <image id="324" name="rc19-experiment/INDOOR/READY_OFFSET_LOCA_top/14823.png" width="640" height="480">
  </image>
  <image id="323" name="rc19-experiment/INDOOR/READY_OFFSET_LOCA_top/14820.png" width="640" height="480">
  </image>
  <image id="322" name="rc19-experiment/INDOOR/READY_OFFSET_LOCA_top/14817.png" width="640" height="480">
  </image>
  <image id="321" name="rc19-experiment/INDOOR/READY_OFFSET_LOCA_top/14813.png" width="640" height="480">
  </image>
  <image id="320" name="rc19-experiment/INDOOR/READY_OFFSET_LOCA_top/14810.png" width="640" height="480">
  </image>
  <image id="319" name="rc19-experiment/INDOOR/READY_OFFSET_LOCA_top/14806.png" width="640" height="480">
  </image>
  <image id="318" name="rc19-experiment/INDOOR/READY_OFFSET_LOCA_top/14803.png" width="640" height="480">
  </image>
  <image id="317" name="rc19-experiment/INDOOR/READY_OFFSET_LOCA_top/14799.png" width="640" height="480">
  </image>
  <image id="316" name="rc19-experiment/INDOOR/READY_OFFSET_LOCA_top/14796.png" width="640" height="480">
  </image>
  <image id="315" name="rc19-experiment/INDOOR/READY_OFFSET_LOCA_top/14793.png" width="640" height="480">
  </image>
  <image id="314" name="rc19-experiment/INDOOR/READY_OFFSET_LOCA_top/14789.png" width="640" height="480">
  </image>
  <image id="313" name="rc19-experiment/INDOOR/READY_OFFSET_LOCA_top/14785.png" width="640" height="480">
  </image>
  <image id="312" name="rc19-experiment/INDOOR/READY_OFFSET_LOCA_top/14782.png" width="640" height="480">
  </image>
  <image id="311" name="rc19-experiment/INDOOR/READY_OFFSET_LOCA_top/14779.png" width="640" height="480">
  </image>
  <image id="310" name="rc19-experiment/INDOOR/READY_OFFSET_LOCA_top/14776.png" width="640" height="480">
  </image>
  <image id="309" name="rc19-experiment/INDOOR/READY_OFFSET_LOCA_top/14772.png" width="640" height="480">
  </image>
  <image id="308" name="rc19-experiment/INDOOR/READY_OFFSET_LOCA_top/14769.png" width="640" height="480">
  </image>
  <image id="307" name="rc19-experiment/INDOOR/READY_OFFSET_LOCA_top/14765.png" width="640" height="480">
  </image>
  <image id="306" name="rc19-experiment/INDOOR/READY_OFFSET_LOCA_top/14762.png" width="640" height="480">
  </image>
  <image id="305" name="rc19-experiment/INDOOR/READY_OFFSET_LOCA_top/14758.png" width="640" height="480">
  </image>
  <image id="304" name="rc19-experiment/INDOOR/READY_OFFSET_LOCA_top/14755.png" width="640" height="480">
  </image>
  <image id="303" name="rc19-experiment/INDOOR/READY_OFFSET_LOCA_top/14751.png" width="640" height="480">
  </image>
  <image id="302" name="rc19-experiment/INDOOR/READY_OFFSET_LOCA_top/14748.png" width="640" height="480">
  </image>
  <image id="301" name="rc19-experiment/INDOOR/READY_OFFSET_LOCA_top/14744.png" width="640" height="480">
  </image>
  <image id="300" name="rc19-experiment/INDOOR/READY_OFFSET_LOCA_top/14741.png" width="640" height="480">
  </image>
  <image id="299" name="rc19-experiment/INDOOR/READY_OFFSET_LOCA_top/14738.png" width="640" height="480">
  </image>
  <image id="298" name="rc19-experiment/INDOOR/READY_OFFSET_LOCA_top/14734.png" width="640" height="480">
  </image>
  <image id="297" name="rc19-experiment/INDOOR/READY_OFFSET_LOCA_top/14731.png" width="640" height="480">
  </image>
  <image id="296" name="rc19-experiment/INDOOR/READY_OFFSET_LOCA_top/14727.png" width="640" height="480">
  </image>
  <image id="295" name="rc19-experiment/INDOOR/READY_OFFSET_LOCA_top/14724.png" width="640" height="480">
  </image>
  <image id="294" name="rc19-experiment/INDOOR/READY_OFFSET_LOCA_top/14721.png" width="640" height="480">
  </image>
  <image id="293" name="rc19-experiment/INDOOR/READY_OFFSET_LOCA_top/14717.png" width="640" height="480">
  </image>
  <image id="292" name="rc19-experiment/INDOOR/READY_OFFSET_LOCA_top/14714.png" width="640" height="480">
  </image>
  <image id="291" name="rc19-experiment/INDOOR/READY_OFFSET_LOCA_top/14710.png" width="640" height="480">
  </image>
  <image id="290" name="rc19-experiment/INDOOR/READY_OFFSET_LOCA_top/14707.png" width="640" height="480">
  </image>
  <image id="289" name="rc19-experiment/INDOOR/READY_OFFSET_LOCA_top/14704.png" width="640" height="480">
  </image>
  <image id="288" name="rc19-experiment/INDOOR/READY_OFFSET_LOCA_top/14700.png" width="640" height="480">
  </image>
  <image id="287" name="rc19-experiment/INDOOR/READY_OFFSET_LOCA_top/14697.png" width="640" height="480">
  </image>
  <image id="286" name="rc19-experiment/INDOOR/READY_OFFSET_LOCA_top/14693.png" width="640" height="480">
  </image>
  <image id="285" name="rc19-experiment/INDOOR/READY_OFFSET_LOCA_top/14689.png" width="640" height="480">
  </image>
  <image id="284" name="rc19-experiment/INDOOR/READY_OFFSET_LOCA_top/14686.png" width="640" height="480">
  </image>
  <image id="283" name="rc19-experiment/INDOOR/READY_OFFSET_LOCA_top/14683.png" width="640" height="480">
  </image>
  <image id="282" name="rc19-experiment/INDOOR/READY_OFFSET_LOCA_top/14680.png" width="640" height="480">
  </image>
  <image id="281" name="rc19-experiment/INDOOR/READY_OFFSET_LOCA_top/14676.png" width="640" height="480">
  </image>
  <image id="280" name="rc19-experiment/INDOOR/READY_OFFSET_LOCA_top/14673.png" width="640" height="480">
  </image>
  <image id="279" name="rc19-experiment/INDOOR/READY_OFFSET_LOCA_top/14669.png" width="640" height="480">
  </image>
  <image id="278" name="rc19-experiment/INDOOR/READY_OFFSET_LOCA_top/14666.png" width="640" height="480">
  </image>
  <image id="277" name="rc19-experiment/INDOOR/READY_OFFSET_LOCA_top/14662.png" width="640" height="480">
  </image>
  <image id="276" name="rc19-experiment/INDOOR/READY_OFFSET_LOCA_top/14658.png" width="640" height="480">
  </image>
  <image id="275" name="rc19-experiment/INDOOR/READY_OFFSET_LOCA_top/14655.png" width="640" height="480">
  </image>
  <image id="274" name="rc19-experiment/INDOOR/READY_OFFSET_LOCA_top/14652.png" width="640" height="480">
  </image>
  <image id="273" name="rc19-experiment/INDOOR/READY_OFFSET_LOCA_top/14648.png" width="640" height="480">
  </image>
  <image id="272" name="rc19-experiment/INDOOR/READY_OFFSET_LOCA_top/14645.png" width="640" height="480">
  </image>
  <image id="271" name="rc19-experiment/INDOOR/READY_OFFSET_LOCA_top/14641.png" width="640" height="480">
  </image>
  <image id="270" name="rc19-experiment/INDOOR/READY_OFFSET_LOCA_top/14638.png" width="640" height="480">
  </image>
  <image id="269" name="rc19-experiment/INDOOR/READY_OFFSET_LOCA_top/14634.png" width="640" height="480">
  </image>
  <image id="268" name="rc19-experiment/INDOOR/READY_OFFSET_LOCA_top/14631.png" width="640" height="480">
  </image>
  <image id="267" name="rc19-experiment/INDOOR/READY_OFFSET_LOCA_top/14627.png" width="640" height="480">
  </image>
  <image id="266" name="rc19-experiment/INDOOR/READY_OFFSET_LOCA_top/14624.png" width="640" height="480">
  </image>
  <image id="265" name="rc19-experiment/INDOOR/READY_OFFSET_LOCA_top/14621.png" width="640" height="480">
  </image>
  <image id="264" name="rc19-experiment/INDOOR/READY_OFFSET_LOCA_top/14617.png" width="640" height="480">
  </image>
  <image id="263" name="rc19-experiment/INDOOR/READY_OFFSET_LOCA_top/14614.png" width="640" height="480">
  </image>
  <image id="262" name="rc19-experiment/INDOOR/READY_OFFSET_LOCA_top/14611.png" width="640" height="480">
  </image>
  <image id="261" name="rc19-experiment/INDOOR/READY_OFFSET_LOCA_top/14607.png" width="640" height="480">
  </image>
  <image id="260" name="rc19-experiment/INDOOR/READY_OFFSET_LOCA_top/14604.png" width="640" height="480">
  </image>
  <image id="259" name="rc19-experiment/INDOOR/READY_OFFSET_LOCA_top/14601.png" width="640" height="480">
  </image>
  <image id="258" name="rc19-experiment/INDOOR/READY_OFFSET_LOCA_top/14597.png" width="640" height="480">
  </image>
  <image id="257" name="rc19-experiment/INDOOR/READY_OFFSET_LOCA_top/14593.png" width="640" height="480">
  </image>
  <image id="256" name="rc19-experiment/INDOOR/READY_OFFSET_LOCA_top/14590.png" width="640" height="480">
  </image>
  <image id="255" name="rc19-experiment/INDOOR/READY_OFFSET_LOCA_top/14587.png" width="640" height="480">
  </image>
  <image id="254" name="rc19-experiment/INDOOR/READY_OFFSET_LOCA_top/14584.png" width="640" height="480">
  </image>
  <image id="253" name="rc19-experiment/INDOOR/READY_OFFSET_LOCA_top/14581.png" width="640" height="480">
  </image>
  <image id="252" name="rc19-experiment/INDOOR/READY_OFFSET_LOCA_top/14577.png" width="640" height="480">
  </image>
  <image id="251" name="rc19-experiment/INDOOR/READY_OFFSET_LOCA_top/14574.png" width="640" height="480">
  </image>
  <image id="250" name="rc19-experiment/INDOOR/READY_OFFSET_LOCA_top/14571.png" width="640" height="480">
  </image>
  <image id="249" name="rc19-experiment/INDOOR/READY_OFFSET_LOCA_top/14568.png" width="640" height="480">
  </image>
  <image id="248" name="rc19-experiment/INDOOR/READY_OFFSET_LOCA_top/14565.png" width="640" height="480">
  </image>
  <image id="247" name="rc19-experiment/INDOOR/READY_OFFSET_LOCA_top/14562.png" width="640" height="480">
  </image>
  <image id="246" name="rc19-experiment/INDOOR/READY_OFFSET_LOCA_top/14558.png" width="640" height="480">
  </image>
  <image id="245" name="rc19-experiment/INDOOR/READY_OFFSET_LOCA_top/14555.png" width="640" height="480">
  </image>
  <image id="244" name="rc19-experiment/INDOOR/READY_OFFSET_LOCA_top/14552.png" width="640" height="480">
  </image>
  <image id="243" name="rc19-experiment/INDOOR/READY_OFFSET_LOCA_top/14549.png" width="640" height="480">
  </image>
  <image id="242" name="rc19-experiment/INDOOR/READY_OFFSET_LOCA_top/14545.png" width="640" height="480">
  </image>
  <image id="241" name="rc19-experiment/INDOOR/READY_OFFSET_LOCA_top/14542.png" width="640" height="480">
  </image>
  <image id="240" name="rc19-experiment/INDOOR/READY_OFFSET_LOCA_top/14538.png" width="640" height="480">
  </image>
  <image id="239" name="rc19-experiment/INDOOR/READY_OFFSET_LOCA_top/14535.png" width="640" height="480">
  </image>
  <image id="238" name="rc19-experiment/INDOOR/READY_OFFSET_LOCA_top/14531.png" width="640" height="480">
  </image>
  <image id="237" name="rc19-experiment/INDOOR/READY_OFFSET_LOCA_top/14528.png" width="640" height="480">
  </image>
  <image id="236" name="rc19-experiment/INDOOR/READY_OFFSET_LOCA_top/14525.png" width="640" height="480">
  </image>
  <image id="235" name="rc19-experiment/INDOOR/READY_OFFSET_LOCA_top/14521.png" width="640" height="480">
  </image>
  <image id="234" name="rc19-experiment/INDOOR/READY_OFFSET_LOCA_top/14518.png" width="640" height="480">
  </image>
  <image id="233" name="rc19-experiment/INDOOR/READY_OFFSET_LOCA_top/14515.png" width="640" height="480">
  </image>
  <image id="232" name="rc19-experiment/INDOOR/READY_OFFSET_LOCA_top/14512.png" width="640" height="480">
  </image>
  <image id="231" name="rc19-experiment/INDOOR/READY_OFFSET_LOCA_top/14508.png" width="640" height="480">
  </image>
  <image id="230" name="rc19-experiment/INDOOR/READY_OFFSET_LOCA_top/14504.png" width="640" height="480">
  </image>
  <image id="229" name="rc19-experiment/INDOOR/READY_OFFSET_LOCA_top/14501.png" width="640" height="480">
  </image>
  <image id="228" name="rc19-experiment/INDOOR/READY_OFFSET_LOCA_top/14497.png" width="640" height="480">
  </image>
  <image id="227" name="rc19-experiment/INDOOR/READY_OFFSET_LOCA_top/14494.png" width="640" height="480">
  </image>
  <image id="226" name="rc19-experiment/INDOOR/READY_OFFSET_LOCA_top/14490.png" width="640" height="480">
  </image>
  <image id="225" name="rc19-experiment/INDOOR/READY_OFFSET_LOCA_top/14487.png" width="640" height="480">
  </image>
  <image id="224" name="rc19-experiment/INDOOR/READY_OFFSET_LOCA_top/14484.png" width="640" height="480">
  </image>
  <image id="223" name="rc19-experiment/INDOOR/READY_OFFSET_LOCA_top/14480.png" width="640" height="480">
  </image>
  <image id="222" name="rc19-experiment/INDOOR/READY_OFFSET_LOCA_top/14476.png" width="640" height="480">
  </image>
  <image id="221" name="rc19-experiment/INDOOR/READY_OFFSET_LOCA_top/14473.png" width="640" height="480">
  </image>
  <image id="220" name="rc19-experiment/INDOOR/READY_OFFSET_LOCA_top/14470.png" width="640" height="480">
  </image>
  <image id="219" name="rc19-experiment/INDOOR/READY_OFFSET_LOCA_top/14467.png" width="640" height="480">
  </image>
  <image id="218" name="rc19-experiment/INDOOR/READY_OFFSET_LOCA_top/14464.png" width="640" height="480">
  </image>
  <image id="217" name="rc19-experiment/INDOOR/READY_OFFSET_LOCA_top/14461.png" width="640" height="480">
  </image>
  <image id="216" name="rc19-experiment/INDOOR/READY_OFFSET_LOCA_top/14458.png" width="640" height="480">
  </image>
  <image id="215" name="rc19-experiment/INDOOR/READY_OFFSET_LOCA_top/14455.png" width="640" height="480">
  </image>
  <image id="214" name="rc19-experiment/INDOOR/READY_OFFSET_LOCA_top/14452.png" width="640" height="480">
  </image>
  <image id="213" name="rc19-experiment/INDOOR/READY_OFFSET_LOCA_top/14448.png" width="640" height="480">
  </image>
  <image id="212" name="rc19-experiment/INDOOR/READY_OFFSET_LOCA_top/14445.png" width="640" height="480">
  </image>
  <image id="211" name="rc19-experiment/INDOOR/READY_OFFSET_LOCA_top/14442.png" width="640" height="480">
  </image>
  <image id="210" name="rc19-experiment/INDOOR/READY_OFFSET_LOCA_top/14439.png" width="640" height="480">
  </image>
  <image id="209" name="rc19-experiment/INDOOR/READY_OFFSET_LOCA_top/14435.png" width="640" height="480">
  </image>
  <image id="208" name="rc19-experiment/INDOOR/READY_OFFSET_LOCA_top/14432.png" width="640" height="480">
  </image>
  <image id="207" name="rc19-experiment/INDOOR/READY_OFFSET_LOCA_top/14429.png" width="640" height="480">
  </image>
  <image id="206" name="rc19-experiment/INDOOR/READY_OFFSET_LOCA_top/14425.png" width="640" height="480">
  </image>
  <image id="205" name="rc19-experiment/INDOOR/READY_OFFSET_LOCA_top/14421.png" width="640" height="480">
  </image>
  <image id="204" name="rc19-experiment/INDOOR/READY_OFFSET_LOCA_top/14418.png" width="640" height="480">
  </image>
  <image id="203" name="rc19-experiment/INDOOR/READY_OFFSET_LOCA_top/14415.png" width="640" height="480">
  </image>
  <image id="202" name="rc19-experiment/INDOOR/READY_OFFSET_LOCA_top/14411.png" width="640" height="480">
  </image>
  <image id="201" name="rc19-experiment/INDOOR/READY_OFFSET_LOCA_top/14408.png" width="640" height="480">
  </image>
  <image id="200" name="rc19-experiment/INDOOR/READY_OFFSET_LOCA_top/14404.png" width="640" height="480">
  </image>
  <image id="199" name="rc19-experiment/INDOOR/READY_OFFSET_LOCA_top/14401.png" width="640" height="480">
  </image>
  <image id="198" name="rc19-experiment/INDOOR/READY_OFFSET_LOCA_top/14398.png" width="640" height="480">
  </image>
  <image id="197" name="rc19-experiment/INDOOR/READY_OFFSET_LOCA_top/14394.png" width="640" height="480">
  </image>
  <image id="196" name="rc19-experiment/INDOOR/READY_OFFSET_LOCA_top/14391.png" width="640" height="480">
  </image>
  <image id="195" name="rc19-experiment/INDOOR/READY_OFFSET_LOCA_top/14387.png" width="640" height="480">
  </image>
  <image id="194" name="rc19-experiment/INDOOR/READY_OFFSET_LOCA_top/14384.png" width="640" height="480">
  </image>
  <image id="193" name="rc19-experiment/INDOOR/READY_OFFSET_LOCA_top/14380.png" width="640" height="480">
  </image>
  <image id="192" name="rc19-experiment/INDOOR/READY_OFFSET_LOCA_top/14377.png" width="640" height="480">
  </image>
  <image id="191" name="rc19-experiment/INDOOR/READY_OFFSET_LOCA_top/14374.png" width="640" height="480">
  </image>
  <image id="190" name="rc19-experiment/INDOOR/READY_OFFSET_LOCA_top/14371.png" width="640" height="480">
  </image>
  <image id="189" name="rc19-experiment/INDOOR/READY_OFFSET_LOCA_top/14368.png" width="640" height="480">
  </image>
  <image id="188" name="rc19-experiment/INDOOR/READY_OFFSET_LOCA_top/14364.png" width="640" height="480">
  </image>
  <image id="187" name="rc19-experiment/INDOOR/READY_OFFSET_LOCA_top/14360.png" width="640" height="480">
  </image>
  <image id="186" name="rc19-experiment/INDOOR/READY_OFFSET_LOCA_top/14357.png" width="640" height="480">
  </image>
  <image id="185" name="rc19-experiment/INDOOR/READY_OFFSET_LOCA_top/14354.png" width="640" height="480">
  </image>
  <image id="184" name="rc19-experiment/INDOOR/READY_OFFSET_LOCA_top/14350.png" width="640" height="480">
  </image>
  <image id="183" name="rc19-experiment/INDOOR/READY_OFFSET_LOCA_top/14347.png" width="640" height="480">
  </image>
  <image id="182" name="rc19-experiment/INDOOR/READY_OFFSET_LOCA_top/14344.png" width="640" height="480">
  </image>
  <image id="181" name="rc19-experiment/INDOOR/READY_OFFSET_LOCA_top/14340.png" width="640" height="480">
  </image>
  <image id="180" name="rc19-experiment/INDOOR/READY_OFFSET_LOCA_top/14336.png" width="640" height="480">
  </image>
  <image id="179" name="rc19-experiment/INDOOR/READY_OFFSET_LOCA_top/14333.png" width="640" height="480">
  </image>
  <image id="178" name="rc19-experiment/INDOOR/READY_OFFSET_LOCA_top/14330.png" width="640" height="480">
  </image>
  <image id="177" name="rc19-experiment/INDOOR/READY_OFFSET_LOCA_top/14326.png" width="640" height="480">
  </image>
  <image id="176" name="rc19-experiment/INDOOR/READY_OFFSET_LOCA_top/14322.png" width="640" height="480">
  </image>
  <image id="175" name="rc19-experiment/INDOOR/READY_OFFSET_LOCA_top/14319.png" width="640" height="480">
  </image>
  <image id="174" name="rc19-experiment/INDOOR/READY_OFFSET_LOCA_top/14316.png" width="640" height="480">
  </image>
  <image id="173" name="rc19-experiment/INDOOR/READY_OFFSET_LOCA_top/14313.png" width="640" height="480">
  </image>
  <image id="172" name="rc19-experiment/INDOOR/READY_OFFSET_LOCA_top/14310.png" width="640" height="480">
  </image>
  <image id="171" name="rc19-experiment/INDOOR/READY_OFFSET_LOCA_top/14306.png" width="640" height="480">
  </image>
  <image id="170" name="rc19-experiment/INDOOR/READY_OFFSET_LOCA_top/14302.png" width="640" height="480">
  </image>
  <image id="169" name="rc19-experiment/INDOOR/READY_OFFSET_LOCA_top/14299.png" width="640" height="480">
  </image>
  <image id="168" name="rc19-experiment/INDOOR/READY_OFFSET_LOCA_top/14295.png" width="640" height="480">
  </image>
  <image id="167" name="rc19-experiment/INDOOR/READY_OFFSET_LOCA_top/14292.png" width="640" height="480">
  </image>
  <image id="166" name="rc19-experiment/INDOOR/READY_OFFSET_LOCA_top/14288.png" width="640" height="480">
  </image>
  <image id="165" name="rc19-experiment/INDOOR/READY_OFFSET_LOCA_top/14285.png" width="640" height="480">
  </image>
  <image id="164" name="rc19-experiment/INDOOR/READY_OFFSET_LOCA_top/14282.png" width="640" height="480">
  </image>
  <image id="163" name="rc19-experiment/INDOOR/READY_OFFSET_LOCA_top/14278.png" width="640" height="480">
  </image>
  <image id="162" name="rc19-experiment/INDOOR/READY_OFFSET_LOCA_top/14275.png" width="640" height="480">
  </image>
  <image id="161" name="rc19-experiment/INDOOR/READY_OFFSET_LOCA_top/14272.png" width="640" height="480">
  </image>
  <image id="160" name="rc19-experiment/INDOOR/READY_OFFSET_LOCA_top/14269.png" width="640" height="480">
  </image>
  <image id="159" name="rc19-experiment/INDOOR/READY_OFFSET_LOCA_top/14266.png" width="640" height="480">
  </image>
  <image id="158" name="rc19-experiment/INDOOR/READY_OFFSET_LOCA_top/14262.png" width="640" height="480">
  </image>
  <image id="157" name="rc19-experiment/INDOOR/READY_OFFSET_LOCA_top/14259.png" width="640" height="480">
  </image>
  <image id="156" name="rc19-experiment/INDOOR/READY_OFFSET_LOCA_top/14256.png" width="640" height="480">
  </image>
  <image id="155" name="rc19-experiment/INDOOR/READY_OFFSET_LOCA_top/14253.png" width="640" height="480">
  </image>
  <image id="154" name="rc19-experiment/INDOOR/READY_OFFSET_LOCA_top/14250.png" width="640" height="480">
  </image>
  <image id="153" name="rc19-experiment/INDOOR/READY_OFFSET_LOCA_top/14246.png" width="640" height="480">
  </image>
  <image id="152" name="rc19-experiment/INDOOR/READY_OFFSET_LOCA_top/14243.png" width="640" height="480">
  </image>
  <image id="151" name="rc19-experiment/INDOOR/READY_OFFSET_LOCA_top/14240.png" width="640" height="480">
  </image>
  <image id="150" name="rc19-experiment/INDOOR/READY_OFFSET_LOCA_top/14237.png" width="640" height="480">
  </image>
  <image id="149" name="rc19-experiment/INDOOR/READY_OFFSET_LOCA_top/14233.png" width="640" height="480">
  </image>
  <image id="148" name="rc19-experiment/INDOOR/READY_OFFSET_LOCA_top/14230.png" width="640" height="480">
  </image>
  <image id="147" name="rc19-experiment/INDOOR/READY_OFFSET_LOCA_top/14226.png" width="640" height="480">
  </image>
  <image id="146" name="rc19-experiment/INDOOR/READY_OFFSET_LOCA_top/14223.png" width="640" height="480">
  </image>
  <image id="145" name="rc19-experiment/INDOOR/READY_OFFSET_LOCA_top/14219.png" width="640" height="480">
  </image>
  <image id="144" name="rc19-experiment/INDOOR/READY_OFFSET_LOCA_top/14216.png" width="640" height="480">
  </image>
  <image id="143" name="rc19-experiment/INDOOR/READY_OFFSET_LOCA_top/14213.png" width="640" height="480">
  </image>
  <image id="142" name="rc19-experiment/INDOOR/READY_OFFSET_LOCA_top/14209.png" width="640" height="480">
  </image>
  <image id="141" name="rc19-experiment/INDOOR/READY_OFFSET_LOCA_top/14206.png" width="640" height="480">
  </image>
  <image id="140" name="rc19-experiment/INDOOR/READY_OFFSET_LOCA_top/14202.png" width="640" height="480">
  </image>
  <image id="139" name="rc19-experiment/INDOOR/READY_OFFSET_LOCA_top/14199.png" width="640" height="480">
  </image>
  <image id="138" name="rc19-experiment/INDOOR/READY_OFFSET_LOCA_top/14195.png" width="640" height="480">
  </image>
  <image id="137" name="rc19-experiment/INDOOR/READY_OFFSET_LOCA_top/14192.png" width="640" height="480">
  </image>
  <image id="136" name="rc19-experiment/INDOOR/READY_OFFSET_LOCA_top/14189.png" width="640" height="480">
  </image>
  <image id="135" name="rc19-experiment/INDOOR/READY_OFFSET_LOCA_top/14185.png" width="640" height="480">
  </image>
  <image id="134" name="rc19-experiment/INDOOR/READY_OFFSET_LOCA_top/14182.png" width="640" height="480">
  </image>
  <image id="133" name="rc19-experiment/INDOOR/READY_OFFSET_LOCA_top/14178.png" width="640" height="480">
  </image>
  <image id="132" name="rc19-experiment/INDOOR/READY_OFFSET_LOCA_top/14175.png" width="640" height="480">
  </image>
  <image id="131" name="rc19-experiment/INDOOR/READY_OFFSET_LOCA_top/14172.png" width="640" height="480">
  </image>
  <image id="130" name="rc19-experiment/INDOOR/READY_OFFSET_LOCA_top/14168.png" width="640" height="480">
  </image>
  <image id="129" name="rc19-experiment/INDOOR/READY_OFFSET_LOCA_top/14165.png" width="640" height="480">
  </image>
  <image id="128" name="rc19-experiment/INDOOR/READY_OFFSET_LOCA_top/14161.png" width="640" height="480">
  </image>
  <image id="127" name="rc19-experiment/INDOOR/READY_OFFSET_LOCA_top/14158.png" width="640" height="480">
  </image>
  <image id="126" name="rc19-experiment/INDOOR/READY_OFFSET_LOCA_top/14154.png" width="640" height="480">
  </image>
  <image id="125" name="rc19-experiment/INDOOR/READY_OFFSET_LOCA_top/14150.png" width="640" height="480">
  </image>
  <image id="124" name="rc19-experiment/INDOOR/READY_OFFSET_LOCA_top/14147.png" width="640" height="480">
  </image>
  <image id="123" name="rc19-experiment/INDOOR/READY_OFFSET_LOCA_top/14144.png" width="640" height="480">
  </image>
  <image id="122" name="rc19-experiment/INDOOR/READY_OFFSET_LOCA_top/14140.png" width="640" height="480">
  </image>
  <image id="121" name="rc19-experiment/INDOOR/READY_OFFSET_LOCA_top/14137.png" width="640" height="480">
  </image>
  <image id="120" name="rc19-experiment/INDOOR/READY_OFFSET_LOCA_top/14134.png" width="640" height="480">
  </image>
  <image id="119" name="rc19-experiment/INDOOR/READY_OFFSET_LOCA_top/14130.png" width="640" height="480">
  </image>
  <image id="118" name="rc19-experiment/INDOOR/READY_OFFSET_LOCA_top/14127.png" width="640" height="480">
  </image>
  <image id="117" name="rc19-experiment/INDOOR/READY_OFFSET_LOCA_top/14123.png" width="640" height="480">
  </image>
  <image id="116" name="rc19-experiment/INDOOR/READY_OFFSET_LOCA_top/14120.png" width="640" height="480">
  </image>
  <image id="115" name="rc19-experiment/INDOOR/READY_OFFSET_LOCA_top/14116.png" width="640" height="480">
  </image>
  <image id="114" name="rc19-experiment/INDOOR/READY_OFFSET_LOCA_top/14113.png" width="640" height="480">
  </image>
  <image id="113" name="rc19-experiment/INDOOR/READY_OFFSET_LOCA_top/14109.png" width="640" height="480">
  </image>
  <image id="112" name="rc19-experiment/INDOOR/READY_OFFSET_LOCA_top/14106.png" width="640" height="480">
  </image>
  <image id="111" name="rc19-experiment/INDOOR/READY_OFFSET_LOCA_top/14103.png" width="640" height="480">
  </image>
  <image id="110" name="rc19-experiment/INDOOR/READY_OFFSET_LOCA_top/14099.png" width="640" height="480">
  </image>
  <image id="109" name="rc19-experiment/INDOOR/READY_OFFSET_LOCA_top/14096.png" width="640" height="480">
  </image>
  <image id="108" name="rc19-experiment/INDOOR/READY_OFFSET_LOCA_top/14092.png" width="640" height="480">
  </image>
  <image id="107" name="rc19-experiment/INDOOR/READY_OFFSET_LOCA_top/14089.png" width="640" height="480">
  </image>
  <image id="106" name="rc19-experiment/INDOOR/READY_OFFSET_LOCA_top/14085.png" width="640" height="480">
  </image>
  <image id="105" name="rc19-experiment/INDOOR/READY_OFFSET_LOCA_top/14082.png" width="640" height="480">
  </image>
  <image id="104" name="rc19-experiment/INDOOR/READY_OFFSET_LOCA_top/14079.png" width="640" height="480">
  </image>
  <image id="103" name="rc19-experiment/INDOOR/READY_OFFSET_LOCA_top/14075.png" width="640" height="480">
  </image>
  <image id="102" name="rc19-experiment/INDOOR/READY_OFFSET_LOCA_top/14072.png" width="640" height="480">
  </image>
  <image id="101" name="rc19-experiment/INDOOR/READY_OFFSET_LOCA_top/14069.png" width="640" height="480">
  </image>
  <image id="100" name="rc19-experiment/INDOOR/READY_OFFSET_LOCA_top/14065.png" width="640" height="480">
  </image>
  <image id="99" name="rc19-experiment/INDOOR/READY_OFFSET_LOCA_top/14062.png" width="640" height="480">
  </image>
  <image id="98" name="rc19-experiment/INDOOR/READY_OFFSET_LOCA_top/14058.png" width="640" height="480">
  </image>
  <image id="97" name="rc19-experiment/INDOOR/READY_OFFSET_LOCA_top/14054.png" width="640" height="480">
  </image>
  <image id="96" name="rc19-experiment/INDOOR/READY_OFFSET_LOCA_top/14051.png" width="640" height="480">
  </image>
  <image id="95" name="rc19-experiment/INDOOR/READY_OFFSET_LOCA_top/14047.png" width="640" height="480">
  </image>
  <image id="94" name="rc19-experiment/INDOOR/READY_OFFSET_LOCA_top/14044.png" width="640" height="480">
  </image>
  <image id="93" name="rc19-experiment/INDOOR/READY_OFFSET_LOCA_top/14041.png" width="640" height="480">
  </image>
  <image id="92" name="rc19-experiment/INDOOR/READY_OFFSET_LOCA_top/14037.png" width="640" height="480">
  </image>
  <image id="91" name="rc19-experiment/INDOOR/READY_OFFSET_LOCA_top/14034.png" width="640" height="480">
  </image>
  <image id="90" name="rc19-experiment/INDOOR/READY_OFFSET_LOCA_top/14030.png" width="640" height="480">
  </image>
  <image id="89" name="rc19-experiment/INDOOR/READY_OFFSET_LOCA_top/14027.png" width="640" height="480">
  </image>
  <image id="88" name="rc19-experiment/INDOOR/READY_OFFSET_LOCA_top/14024.png" width="640" height="480">
  </image>
  <image id="87" name="rc19-experiment/INDOOR/READY_OFFSET_LOCA_top/14020.png" width="640" height="480">
  </image>
  <image id="86" name="rc19-experiment/INDOOR/READY_OFFSET_LOCA_top/14017.png" width="640" height="480">
  </image>
  <image id="85" name="rc19-experiment/INDOOR/READY_OFFSET_LOCA_top/14014.png" width="640" height="480">
  </image>
  <image id="84" name="rc19-experiment/INDOOR/READY_OFFSET_LOCA_top/14010.png" width="640" height="480">
  </image>
  <image id="83" name="rc19-experiment/INDOOR/READY_OFFSET_LOCA_top/14007.png" width="640" height="480">
  </image>
  <image id="82" name="rc19-experiment/INDOOR/READY_OFFSET_LOCA_top/14003.png" width="640" height="480">
  </image>
  <image id="81" name="rc19-experiment/INDOOR/READY_OFFSET_LOCA_top/14000.png" width="640" height="480">
  </image>
  <image id="80" name="rc19-experiment/INDOOR/READY_OFFSET_LOCA_top/13996.png" width="640" height="480">
  </image>
  <image id="79" name="rc19-experiment/INDOOR/READY_OFFSET_LOCA_top/13993.png" width="640" height="480">
  </image>
  <image id="78" name="rc19-experiment/INDOOR/READY_OFFSET_LOCA_top/13990.png" width="640" height="480">
  </image>
  <image id="77" name="rc19-experiment/INDOOR/READY_OFFSET_LOCA_top/13986.png" width="640" height="480">
  </image>
  <image id="76" name="rc19-experiment/INDOOR/READY_OFFSET_LOCA_top/13983.png" width="640" height="480">
  </image>
  <image id="75" name="rc19-experiment/INDOOR/READY_OFFSET_LOCA_top/13979.png" width="640" height="480">
  </image>
  <image id="74" name="rc19-experiment/INDOOR/READY_OFFSET_LOCA_top/13976.png" width="640" height="480">
  </image>
  <image id="73" name="rc19-experiment/INDOOR/READY_OFFSET_LOCA_top/13972.png" width="640" height="480">
  </image>
  <image id="72" name="rc19-experiment/INDOOR/READY_OFFSET_LOCA_top/13969.png" width="640" height="480">
  </image>
  <image id="71" name="rc19-experiment/INDOOR/READY_OFFSET_LOCA_top/13965.png" width="640" height="480">
  </image>
  <image id="70" name="rc19-experiment/INDOOR/READY_OFFSET_LOCA_top/13962.png" width="640" height="480">
  </image>
  <image id="69" name="rc19-experiment/INDOOR/READY_OFFSET_LOCA_top/13959.png" width="640" height="480">
  </image>
  <image id="68" name="rc19-experiment/INDOOR/READY_OFFSET_LOCA_top/13956.png" width="640" height="480">
  </image>
  <image id="67" name="rc19-experiment/INDOOR/READY_OFFSET_LOCA_top/13953.png" width="640" height="480">
  </image>
  <image id="66" name="rc19-experiment/INDOOR/READY_OFFSET_LOCA_top/13949.png" width="640" height="480">
  </image>
  <image id="65" name="rc19-experiment/INDOOR/READY_OFFSET_LOCA_top/13946.png" width="640" height="480">
  </image>
  <image id="64" name="rc19-experiment/INDOOR/READY_OFFSET_LOCA_top/13942.png" width="640" height="480">
  </image>
  <image id="63" name="rc19-experiment/INDOOR/READY_OFFSET_LOCA_top/13939.png" width="640" height="480">
  </image>
  <image id="62" name="rc19-experiment/INDOOR/READY_OFFSET_LOCA_top/13935.png" width="640" height="480">
  </image>
  <image id="61" name="rc19-experiment/INDOOR/READY_OFFSET_LOCA_top/13932.png" width="640" height="480">
  </image>
  <image id="60" name="rc19-experiment/INDOOR/READY_OFFSET_LOCA_top/13929.png" width="640" height="480">
  </image>
  <image id="59" name="rc19-experiment/INDOOR/READY_OFFSET_LOCA_top/13925.png" width="640" height="480">
  </image>
  <image id="58" name="rc19-experiment/INDOOR/READY_OFFSET_LOCA_top/13922.png" width="640" height="480">
  </image>
  <image id="57" name="rc19-experiment/INDOOR/READY_OFFSET_LOCA_top/13918.png" width="640" height="480">
  </image>
  <image id="56" name="rc19-experiment/INDOOR/READY_OFFSET_LOCA_top/13915.png" width="640" height="480">
  </image>
  <image id="55" name="rc19-experiment/INDOOR/READY_OFFSET_LOCA_top/13911.png" width="640" height="480">
  </image>
  <image id="54" name="rc19-experiment/INDOOR/READY_OFFSET_LOCA_top/13908.png" width="640" height="480">
  </image>
  <image id="53" name="rc19-experiment/INDOOR/READY_OFFSET_LOCA_top/13905.png" width="640" height="480">
  </image>
  <image id="52" name="rc19-experiment/INDOOR/READY_OFFSET_LOCA_top/13902.png" width="640" height="480">
  </image>
  <image id="51" name="rc19-experiment/INDOOR/READY_OFFSET_LOCA_top/13899.png" width="640" height="480">
  </image>
  <image id="50" name="rc19-experiment/INDOOR/READY_OFFSET_LOCA_top/13896.png" width="640" height="480">
  </image>
  <image id="49" name="rc19-experiment/INDOOR/READY_OFFSET_LOCA_top/13893.png" width="640" height="480">
  </image>
  <image id="48" name="rc19-experiment/INDOOR/READY_OFFSET_LOCA_top/13890.png" width="640" height="480">
  </image>
  <image id="47" name="rc19-experiment/INDOOR/READY_OFFSET_LOCA_top/13886.png" width="640" height="480">
  </image>
  <image id="46" name="rc19-experiment/INDOOR/READY_OFFSET_LOCA_top/13883.png" width="640" height="480">
  </image>
  <image id="45" name="rc19-experiment/INDOOR/READY_OFFSET_LOCA_top/13880.png" width="640" height="480">
  </image>
  <image id="44" name="rc19-experiment/INDOOR/READY_OFFSET_LOCA_top/13877.png" width="640" height="480">
  </image>
  <image id="43" name="rc19-experiment/INDOOR/READY_OFFSET_LOCA_top/13874.png" width="640" height="480">
  </image>
  <image id="42" name="rc19-experiment/INDOOR/READY_OFFSET_LOCA_top/13870.png" width="640" height="480">
  </image>
  <image id="41" name="rc19-experiment/INDOOR/READY_OFFSET_LOCA_top/13867.png" width="640" height="480">
  </image>
  <image id="40" name="rc19-experiment/INDOOR/READY_OFFSET_LOCA_top/13864.png" width="640" height="480">
  </image>
  <image id="39" name="rc19-experiment/INDOOR/READY_OFFSET_LOCA_top/13860.png" width="640" height="480">
  </image>
  <image id="38" name="rc19-experiment/INDOOR/READY_OFFSET_LOCA_top/13857.png" width="640" height="480">
  </image>
  <image id="37" name="rc19-experiment/INDOOR/READY_OFFSET_LOCA_top/13853.png" width="640" height="480">
  </image>
  <image id="36" name="rc19-experiment/INDOOR/READY_OFFSET_LOCA_top/13850.png" width="640" height="480">
  </image>
  <image id="35" name="rc19-experiment/INDOOR/READY_OFFSET_LOCA_top/13847.png" width="640" height="480">
  </image>
  <image id="34" name="rc19-experiment/INDOOR/READY_OFFSET_LOCA_top/13844.png" width="640" height="480">
  </image>
  <image id="33" name="rc19-experiment/INDOOR/READY_OFFSET_LOCA_top/13840.png" width="640" height="480">
  </image>
  <image id="32" name="rc19-experiment/INDOOR/READY_OFFSET_LOCA_top/13836.png" width="640" height="480">
  </image>
  <image id="31" name="rc19-experiment/INDOOR/READY_OFFSET_LOCA_top/13832.png" width="640" height="480">
  </image>
  <image id="30" name="rc19-experiment/INDOOR/READY_OFFSET_LOCA_top/13829.png" width="640" height="480">
  </image>
  <image id="29" name="rc19-experiment/INDOOR/READY_OFFSET_LOCA_top/13826.png" width="640" height="480">
  </image>
  <image id="28" name="rc19-experiment/INDOOR/READY_OFFSET_LOCA_top/13822.png" width="640" height="480">
  </image>
  <image id="27" name="rc19-experiment/INDOOR/READY_OFFSET_LOCA_top/13819.png" width="640" height="480">
  </image>
  <image id="26" name="rc19-experiment/INDOOR/READY_OFFSET_LOCA_top/13815.png" width="640" height="480">
  </image>
  <image id="25" name="rc19-experiment/INDOOR/READY_OFFSET_LOCA_top/13812.png" width="640" height="480">
  </image>
  <image id="24" name="rc19-experiment/INDOOR/READY_OFFSET_LOCA_top/13809.png" width="640" height="480">
  </image>
  <image id="23" name="rc19-experiment/INDOOR/READY_OFFSET_LOCA_top/13805.png" width="640" height="480">
  </image>
  <image id="22" name="rc19-experiment/INDOOR/READY_OFFSET_LOCA_top/13802.png" width="640" height="480">
  </image>
  <image id="21" name="rc19-experiment/INDOOR/READY_OFFSET_LOCA_top/13798.png" width="640" height="480">
  </image>
  <image id="20" name="rc19-experiment/INDOOR/READY_OFFSET_LOCA_top/13795.png" width="640" height="480">
  </image>
  <image id="19" name="rc19-experiment/INDOOR/READY_OFFSET_LOCA_top/13791.png" width="640" height="480">
  </image>
  <image id="18" name="rc19-experiment/INDOOR/READY_OFFSET_LOCA_top/13788.png" width="640" height="480">
  </image>
  <image id="17" name="rc19-experiment/INDOOR/READY_OFFSET_LOCA_top/13785.png" width="640" height="480">
  </image>
  <image id="16" name="rc19-experiment/INDOOR/READY_OFFSET_LOCA_top/13781.png" width="640" height="480">
  </image>
  <image id="15" name="rc19-experiment/INDOOR/READY_OFFSET_LOCA_top/13778.png" width="640" height="480">
  </image>
  <image id="14" name="rc19-experiment/INDOOR/READY_OFFSET_LOCA_top/13774.png" width="640" height="480">
  </image>
  <image id="13" name="rc19-experiment/INDOOR/READY_OFFSET_LOCA_top/13770.png" width="640" height="480">
  </image>
  <image id="12" name="rc19-experiment/INDOOR/READY_OFFSET_LOCA_top/13767.png" width="640" height="480">
  </image>
  <image id="11" name="rc19-experiment/INDOOR/READY_OFFSET_LOCA_top/13764.png" width="640" height="480">
  </image>
  <image id="10" name="rc19-experiment/INDOOR/READY_OFFSET_LOCA_top/13760.png" width="640" height="480">
  </image>
  <image id="9" name="rc19-experiment/INDOOR/READY_OFFSET_LOCA_top/13757.png" width="640" height="480">
  </image>
  <image id="8" name="rc19-experiment/INDOOR/READY_OFFSET_LOCA_top/13753.png" width="640" height="480">
  </image>
  <image id="7" name="rc19-experiment/INDOOR/READY_OFFSET_LOCA_top/13750.png" width="640" height="480">
  </image>
  <image id="6" name="rc19-experiment/INDOOR/READY_OFFSET_LOCA_top/13747.png" width="640" height="480">
  </image>
  <image id="5" name="rc19-experiment/INDOOR/READY_OFFSET_LOCA_top/13743.png" width="640" height="480">
  </image>
  <image id="4" name="rc19-experiment/INDOOR/READY_OFFSET_LOCA_top/13740.png" width="640" height="480">
  </image>
  <image id="3" name="rc19-experiment/INDOOR/READY_OFFSET_LOCA_top/13736.png" width="640" height="480">
  </image>
  <image id="2" name="rc19-experiment/INDOOR/READY_OFFSET_LOCA_top/13733.png" width="640" height="480">
  </image>
  <image id="1" name="rc19-experiment/INDOOR/READY_OFFSET_LOCA_top/13729.png" width="640" height="480">
  </image>
  <image id="0" name="rc19-experiment/INDOOR/READY_OFFSET_LOCA_top/13726.png" width="640" height="480">
  </image>
</annotations>