<?xml version="1.0" encoding="utf-8"?>
<annotations>
  <version>1.1</version>
  <meta>
    <task>
      <id>43</id>
      <name>RC19Experiments-INDOOR-PLAY_FROM_CIRCLE_GOAL_bottom</name>
      <size>275</size>
      <mode>annotation</mode>
      <overlap>0</overlap>
      <bugtracker></bugtracker>
      <created>2020-04-05 10:44:48.952842+00:00</created>
      <updated>2021-02-10 05:34:00.189365+00:00</updated>
      <start_frame>0</start_frame>
      <stop_frame>274</stop_frame>
      <frame_filter></frame_filter>
      <labels>
        <label>
          <name>ball</name>
          <color>#804080</color>
          <attributes>
            <attribute>
              <name>smudge</name>
              <mutable>False</mutable>
              <input_type>checkbox</input_type>
              <default_value>false</default_value>
              <values>false</values>
            </attribute>
          </attributes>
        </label>
      </labels>
      <segments>
        <segment>
          <id>43</id>
          <start>0</start>
          <stop>274</stop>
          <url>httpball.informatik.hu-berlin.de/?id=43</url>
        </segment>
      </segments>
      <owner>
        <username>nao</username>
        <email></email>
      </owner>
      <assignee></assignee>
    </task>
    <dumped>2021-02-10 05:34:06.218307+00:00</dumped>
  </meta>
  <image id="274" name="rc19-experiment/INDOOR/PLAY_FROM_CIRCLE_GOAL_bottom/69673.png" width="640" height="480">
    <box label="ball" occluded="0" source="auto" xtl="168.98" ytl="58.75" xbr="231.74" ybr="112.32" z_order="0">
      <attribute name="smudge">false</attribute>
    </box>
  </image>
  <image id="273" name="rc19-experiment/INDOOR/PLAY_FROM_CIRCLE_GOAL_bottom/69670.png" width="640" height="480">
    <box label="ball" occluded="0" source="auto" xtl="231.92" ytl="22.34" xbr="291.32" ybr="83.30" z_order="0">
      <attribute name="smudge">false</attribute>
    </box>
  </image>
  <image id="272" name="rc19-experiment/INDOOR/PLAY_FROM_CIRCLE_GOAL_bottom/69666.png" width="640" height="480">
  </image>
  <image id="271" name="rc19-experiment/INDOOR/PLAY_FROM_CIRCLE_GOAL_bottom/69663.png" width="640" height="480">
  </image>
  <image id="270" name="rc19-experiment/INDOOR/PLAY_FROM_CIRCLE_GOAL_bottom/69660.png" width="640" height="480">
  </image>
  <image id="269" name="rc19-experiment/INDOOR/PLAY_FROM_CIRCLE_GOAL_bottom/69657.png" width="640" height="480">
  </image>
  <image id="268" name="rc19-experiment/INDOOR/PLAY_FROM_CIRCLE_GOAL_bottom/69654.png" width="640" height="480">
  </image>
  <image id="267" name="rc19-experiment/INDOOR/PLAY_FROM_CIRCLE_GOAL_bottom/69651.png" width="640" height="480">
    <box label="ball" occluded="0" source="auto" xtl="306.88" ytl="0.36" xbr="409.48" ybr="54.31" z_order="0">
      <attribute name="smudge">false</attribute>
    </box>
  </image>
  <image id="266" name="rc19-experiment/INDOOR/PLAY_FROM_CIRCLE_GOAL_bottom/69648.png" width="640" height="480">
    <box label="ball" occluded="0" source="auto" xtl="296.80" ytl="63.03" xbr="422.41" ybr="178.92" z_order="0">
      <attribute name="smudge">false</attribute>
    </box>
  </image>
  <image id="265" name="rc19-experiment/INDOOR/PLAY_FROM_CIRCLE_GOAL_bottom/69645.png" width="640" height="480">
    <box label="ball" occluded="0" source="auto" xtl="270.80" ytl="101.26" xbr="411.62" ybr="236.95" z_order="0">
      <attribute name="smudge">false</attribute>
    </box>
  </image>
  <image id="264" name="rc19-experiment/INDOOR/PLAY_FROM_CIRCLE_GOAL_bottom/69642.png" width="640" height="480">
    <box label="ball" occluded="0" source="auto" xtl="183.17" ytl="255.50" xbr="346.16" ybr="375.38" z_order="0">
      <attribute name="smudge">false</attribute>
    </box>
  </image>
  <image id="263" name="rc19-experiment/INDOOR/PLAY_FROM_CIRCLE_GOAL_bottom/69639.png" width="640" height="480">
    <box label="ball" occluded="0" source="auto" xtl="193.55" ytl="286.66" xbr="354.26" ybr="453.47" z_order="0">
      <attribute name="smudge">false</attribute>
    </box>
  </image>
  <image id="262" name="rc19-experiment/INDOOR/PLAY_FROM_CIRCLE_GOAL_bottom/69636.png" width="640" height="480">
    <box label="ball" occluded="0" source="auto" xtl="248.63" ytl="251.20" xbr="407.00" ybr="416.88" z_order="0">
      <attribute name="smudge">false</attribute>
    </box>
  </image>
  <image id="261" name="rc19-experiment/INDOOR/PLAY_FROM_CIRCLE_GOAL_bottom/69633.png" width="640" height="480">
    <box label="ball" occluded="0" source="auto" xtl="265.76" ytl="250.41" xbr="421.03" ybr="406.20" z_order="0">
      <attribute name="smudge">false</attribute>
    </box>
  </image>
  <image id="260" name="rc19-experiment/INDOOR/PLAY_FROM_CIRCLE_GOAL_bottom/69630.png" width="640" height="480">
    <box label="ball" occluded="0" source="auto" xtl="261.24" ytl="228.25" xbr="412.68" ybr="381.83" z_order="0">
      <attribute name="smudge">false</attribute>
    </box>
  </image>
  <image id="259" name="rc19-experiment/INDOOR/PLAY_FROM_CIRCLE_GOAL_bottom/69627.png" width="640" height="480">
    <box label="ball" occluded="0" source="auto" xtl="234.46" ytl="201.31" xbr="382.78" ybr="349.39" z_order="0">
      <attribute name="smudge">false</attribute>
    </box>
  </image>
  <image id="258" name="rc19-experiment/INDOOR/PLAY_FROM_CIRCLE_GOAL_bottom/69623.png" width="640" height="480">
    <box label="ball" occluded="0" source="auto" xtl="209.97" ytl="207.60" xbr="359.30" ybr="357.11" z_order="0">
      <attribute name="smudge">false</attribute>
    </box>
  </image>
  <image id="257" name="rc19-experiment/INDOOR/PLAY_FROM_CIRCLE_GOAL_bottom/69620.png" width="640" height="480">
    <box label="ball" occluded="0" source="auto" xtl="246.61" ytl="176.62" xbr="397.09" ybr="340.87" z_order="0">
      <attribute name="smudge">false</attribute>
    </box>
  </image>
  <image id="256" name="rc19-experiment/INDOOR/PLAY_FROM_CIRCLE_GOAL_bottom/69617.png" width="640" height="480">
    <box label="ball" occluded="0" source="auto" xtl="257.63" ytl="161.65" xbr="403.30" ybr="304.36" z_order="0">
      <attribute name="smudge">false</attribute>
    </box>
  </image>
  <image id="255" name="rc19-experiment/INDOOR/PLAY_FROM_CIRCLE_GOAL_bottom/69614.png" width="640" height="480">
    <box label="ball" occluded="0" source="auto" xtl="276.91" ytl="193.41" xbr="421.96" ybr="334.07" z_order="0">
      <attribute name="smudge">false</attribute>
    </box>
  </image>
  <image id="254" name="rc19-experiment/INDOOR/PLAY_FROM_CIRCLE_GOAL_bottom/69611.png" width="640" height="480">
    <box label="ball" occluded="0" source="auto" xtl="271.19" ytl="176.01" xbr="411.60" ybr="317.01" z_order="0">
      <attribute name="smudge">false</attribute>
    </box>
  </image>
  <image id="253" name="rc19-experiment/INDOOR/PLAY_FROM_CIRCLE_GOAL_bottom/69608.png" width="640" height="480">
    <box label="ball" occluded="0" source="auto" xtl="229.93" ytl="142.64" xbr="373.41" ybr="280.71" z_order="0">
      <attribute name="smudge">false</attribute>
    </box>
  </image>
  <image id="252" name="rc19-experiment/INDOOR/PLAY_FROM_CIRCLE_GOAL_bottom/69605.png" width="640" height="480">
    <box label="ball" occluded="0" source="auto" xtl="229.93" ytl="155.31" xbr="370.99" ybr="292.79" z_order="0">
      <attribute name="smudge">false</attribute>
    </box>
  </image>
  <image id="251" name="rc19-experiment/INDOOR/PLAY_FROM_CIRCLE_GOAL_bottom/69602.png" width="640" height="480">
    <box label="ball" occluded="0" source="auto" xtl="251.84" ytl="160.40" xbr="394.21" ybr="300.34" z_order="0">
      <attribute name="smudge">false</attribute>
    </box>
  </image>
  <image id="250" name="rc19-experiment/INDOOR/PLAY_FROM_CIRCLE_GOAL_bottom/69599.png" width="640" height="480">
    <box label="ball" occluded="0" source="auto" xtl="264.73" ytl="182.59" xbr="406.91" ybr="322.14" z_order="0">
      <attribute name="smudge">false</attribute>
    </box>
  </image>
  <image id="249" name="rc19-experiment/INDOOR/PLAY_FROM_CIRCLE_GOAL_bottom/69596.png" width="640" height="480">
    <box label="ball" occluded="0" source="auto" xtl="273.87" ytl="172.97" xbr="414.51" ybr="311.85" z_order="0">
      <attribute name="smudge">false</attribute>
    </box>
  </image>
  <image id="248" name="rc19-experiment/INDOOR/PLAY_FROM_CIRCLE_GOAL_bottom/69593.png" width="640" height="480">
    <box label="ball" occluded="0" source="auto" xtl="264.35" ytl="144.88" xbr="402.79" ybr="291.69" z_order="0">
      <attribute name="smudge">false</attribute>
    </box>
  </image>
  <image id="247" name="rc19-experiment/INDOOR/PLAY_FROM_CIRCLE_GOAL_bottom/69590.png" width="640" height="480">
    <box label="ball" occluded="0" source="auto" xtl="236.63" ytl="158.67" xbr="378.73" ybr="294.58" z_order="0">
      <attribute name="smudge">false</attribute>
    </box>
  </image>
  <image id="246" name="rc19-experiment/INDOOR/PLAY_FROM_CIRCLE_GOAL_bottom/69587.png" width="640" height="480">
    <box label="ball" occluded="0" source="auto" xtl="243.60" ytl="167.18" xbr="385.94" ybr="305.50" z_order="0">
      <attribute name="smudge">false</attribute>
    </box>
  </image>
  <image id="245" name="rc19-experiment/INDOOR/PLAY_FROM_CIRCLE_GOAL_bottom/69584.png" width="640" height="480">
    <box label="ball" occluded="0" source="auto" xtl="241.97" ytl="176.49" xbr="383.23" ybr="315.99" z_order="0">
      <attribute name="smudge">false</attribute>
    </box>
  </image>
  <image id="244" name="rc19-experiment/INDOOR/PLAY_FROM_CIRCLE_GOAL_bottom/69581.png" width="640" height="480">
    <box label="ball" occluded="0" source="auto" xtl="255.87" ytl="168.26" xbr="396.22" ybr="309.55" z_order="0">
      <attribute name="smudge">false</attribute>
    </box>
  </image>
  <image id="243" name="rc19-experiment/INDOOR/PLAY_FROM_CIRCLE_GOAL_bottom/69578.png" width="640" height="480">
    <box label="ball" occluded="0" source="auto" xtl="254.15" ytl="161.47" xbr="393.11" ybr="300.10" z_order="0">
      <attribute name="smudge">false</attribute>
    </box>
  </image>
  <image id="242" name="rc19-experiment/INDOOR/PLAY_FROM_CIRCLE_GOAL_bottom/69575.png" width="640" height="480">
    <box label="ball" occluded="0" source="auto" xtl="245.00" ytl="158.03" xbr="384.44" ybr="294.95" z_order="0">
      <attribute name="smudge">false</attribute>
    </box>
  </image>
  <image id="241" name="rc19-experiment/INDOOR/PLAY_FROM_CIRCLE_GOAL_bottom/69572.png" width="640" height="480">
    <box label="ball" occluded="0" source="auto" xtl="236.38" ytl="170.46" xbr="378.78" ybr="311.55" z_order="0">
      <attribute name="smudge">false</attribute>
    </box>
  </image>
  <image id="240" name="rc19-experiment/INDOOR/PLAY_FROM_CIRCLE_GOAL_bottom/69568.png" width="640" height="480">
    <box label="ball" occluded="0" source="auto" xtl="235.75" ytl="182.65" xbr="379.03" ybr="323.58" z_order="0">
      <attribute name="smudge">false</attribute>
    </box>
  </image>
  <image id="239" name="rc19-experiment/INDOOR/PLAY_FROM_CIRCLE_GOAL_bottom/69565.png" width="640" height="480">
    <box label="ball" occluded="0" source="auto" xtl="238.70" ytl="187.61" xbr="383.60" ybr="330.07" z_order="0">
      <attribute name="smudge">false</attribute>
    </box>
  </image>
  <image id="238" name="rc19-experiment/INDOOR/PLAY_FROM_CIRCLE_GOAL_bottom/69561.png" width="640" height="480">
    <box label="ball" occluded="0" source="auto" xtl="260.20" ytl="199.49" xbr="404.33" ybr="341.13" z_order="0">
      <attribute name="smudge">false</attribute>
    </box>
  </image>
  <image id="237" name="rc19-experiment/INDOOR/PLAY_FROM_CIRCLE_GOAL_bottom/69558.png" width="640" height="480">
    <box label="ball" occluded="0" source="auto" xtl="222.96" ytl="208.20" xbr="369.93" ybr="352.95" z_order="0">
      <attribute name="smudge">false</attribute>
    </box>
  </image>
  <image id="236" name="rc19-experiment/INDOOR/PLAY_FROM_CIRCLE_GOAL_bottom/69554.png" width="640" height="480">
    <box label="ball" occluded="0" source="auto" xtl="223.75" ytl="185.62" xbr="374.13" ybr="338.06" z_order="0">
      <attribute name="smudge">false</attribute>
    </box>
  </image>
  <image id="235" name="rc19-experiment/INDOOR/PLAY_FROM_CIRCLE_GOAL_bottom/69551.png" width="640" height="480">
    <box label="ball" occluded="0" source="auto" xtl="234.50" ytl="191.33" xbr="383.80" ybr="337.51" z_order="0">
      <attribute name="smudge">false</attribute>
    </box>
  </image>
  <image id="234" name="rc19-experiment/INDOOR/PLAY_FROM_CIRCLE_GOAL_bottom/69548.png" width="640" height="480">
    <box label="ball" occluded="0" source="auto" xtl="233.13" ytl="215.13" xbr="380.56" ybr="359.26" z_order="0">
      <attribute name="smudge">false</attribute>
    </box>
  </image>
  <image id="233" name="rc19-experiment/INDOOR/PLAY_FROM_CIRCLE_GOAL_bottom/69544.png" width="640" height="480">
    <box label="ball" occluded="0" source="auto" xtl="233.05" ytl="215.14" xbr="379.68" ybr="359.61" z_order="0">
      <attribute name="smudge">false</attribute>
    </box>
  </image>
  <image id="232" name="rc19-experiment/INDOOR/PLAY_FROM_CIRCLE_GOAL_bottom/69541.png" width="640" height="480">
    <box label="ball" occluded="0" source="auto" xtl="231.69" ytl="218.83" xbr="377.55" ybr="363.99" z_order="0">
      <attribute name="smudge">false</attribute>
    </box>
  </image>
  <image id="231" name="rc19-experiment/INDOOR/PLAY_FROM_CIRCLE_GOAL_bottom/69538.png" width="640" height="480">
    <box label="ball" occluded="0" source="auto" xtl="241.72" ytl="243.28" xbr="394.23" ybr="393.73" z_order="0">
      <attribute name="smudge">false</attribute>
    </box>
  </image>
  <image id="230" name="rc19-experiment/INDOOR/PLAY_FROM_CIRCLE_GOAL_bottom/69534.png" width="640" height="480">
    <box label="ball" occluded="0" source="auto" xtl="272.09" ytl="236.94" xbr="426.51" ybr="392.31" z_order="0">
      <attribute name="smudge">false</attribute>
    </box>
  </image>
  <image id="229" name="rc19-experiment/INDOOR/PLAY_FROM_CIRCLE_GOAL_bottom/69530.png" width="640" height="480">
    <box label="ball" occluded="0" source="auto" xtl="269.37" ytl="242.46" xbr="427.51" ybr="396.15" z_order="0">
      <attribute name="smudge">false</attribute>
    </box>
  </image>
  <image id="228" name="rc19-experiment/INDOOR/PLAY_FROM_CIRCLE_GOAL_bottom/69527.png" width="640" height="480">
    <box label="ball" occluded="0" source="auto" xtl="222.24" ytl="314.90" xbr="382.07" ybr="475.78" z_order="0">
      <attribute name="smudge">false</attribute>
    </box>
  </image>
  <image id="227" name="rc19-experiment/INDOOR/PLAY_FROM_CIRCLE_GOAL_bottom/69524.png" width="640" height="480">
    <box label="ball" occluded="0" source="auto" xtl="186.61" ytl="310.13" xbr="349.05" ybr="475.30" z_order="0">
      <attribute name="smudge">false</attribute>
    </box>
  </image>
  <image id="226" name="rc19-experiment/INDOOR/PLAY_FROM_CIRCLE_GOAL_bottom/69521.png" width="640" height="480">
    <box label="ball" occluded="0" source="auto" xtl="198.15" ytl="282.68" xbr="361.16" ybr="453.10" z_order="0">
      <attribute name="smudge">false</attribute>
    </box>
  </image>
  <image id="225" name="rc19-experiment/INDOOR/PLAY_FROM_CIRCLE_GOAL_bottom/69518.png" width="640" height="480">
    <box label="ball" occluded="0" source="auto" xtl="236.73" ytl="268.06" xbr="399.81" ybr="435.82" z_order="0">
      <attribute name="smudge">false</attribute>
    </box>
  </image>
  <image id="224" name="rc19-experiment/INDOOR/PLAY_FROM_CIRCLE_GOAL_bottom/69514.png" width="640" height="480">
    <box label="ball" occluded="0" source="auto" xtl="276.71" ytl="291.12" xbr="438.38" ybr="460.48" z_order="0">
      <attribute name="smudge">false</attribute>
    </box>
  </image>
  <image id="223" name="rc19-experiment/INDOOR/PLAY_FROM_CIRCLE_GOAL_bottom/69511.png" width="640" height="480">
    <box label="ball" occluded="0" source="auto" xtl="235.71" ytl="231.12" xbr="396.91" ybr="407.13" z_order="0">
      <attribute name="smudge">false</attribute>
    </box>
  </image>
  <image id="222" name="rc19-experiment/INDOOR/PLAY_FROM_CIRCLE_GOAL_bottom/69507.png" width="640" height="480">
    <box label="ball" occluded="0" source="auto" xtl="212.45" ytl="175.86" xbr="367.36" ybr="326.04" z_order="0">
      <attribute name="smudge">false</attribute>
    </box>
  </image>
  <image id="221" name="rc19-experiment/INDOOR/PLAY_FROM_CIRCLE_GOAL_bottom/69504.png" width="640" height="480">
    <box label="ball" occluded="0" source="auto" xtl="227.05" ytl="216.16" xbr="381.12" ybr="369.49" z_order="0">
      <attribute name="smudge">false</attribute>
    </box>
  </image>
  <image id="220" name="rc19-experiment/INDOOR/PLAY_FROM_CIRCLE_GOAL_bottom/69500.png" width="640" height="480">
    <box label="ball" occluded="0" source="auto" xtl="254.25" ytl="101.96" xbr="397.65" ybr="256.66" z_order="0">
      <attribute name="smudge">false</attribute>
    </box>
  </image>
  <image id="219" name="rc19-experiment/INDOOR/PLAY_FROM_CIRCLE_GOAL_bottom/69497.png" width="640" height="480">
    <box label="ball" occluded="0" source="auto" xtl="272.29" ytl="121.49" xbr="410.23" ybr="251.36" z_order="0">
      <attribute name="smudge">false</attribute>
    </box>
  </image>
  <image id="218" name="rc19-experiment/INDOOR/PLAY_FROM_CIRCLE_GOAL_bottom/69494.png" width="640" height="480">
    <box label="ball" occluded="0" source="auto" xtl="245.58" ytl="43.55" xbr="381.07" ybr="179.21" z_order="0">
      <attribute name="smudge">false</attribute>
    </box>
  </image>
  <image id="217" name="rc19-experiment/INDOOR/PLAY_FROM_CIRCLE_GOAL_bottom/69490.png" width="640" height="480">
    <box label="ball" occluded="0" source="auto" xtl="242.54" ytl="125.65" xbr="369.24" ybr="242.71" z_order="0">
      <attribute name="smudge">false</attribute>
    </box>
  </image>
  <image id="216" name="rc19-experiment/INDOOR/PLAY_FROM_CIRCLE_GOAL_bottom/69487.png" width="640" height="480">
    <box label="ball" occluded="0" source="auto" xtl="262.38" ytl="229.24" xbr="382.49" ybr="345.84" z_order="0">
      <attribute name="smudge">false</attribute>
    </box>
  </image>
  <image id="215" name="rc19-experiment/INDOOR/PLAY_FROM_CIRCLE_GOAL_bottom/69484.png" width="640" height="480">
    <box label="ball" occluded="0" source="auto" xtl="258.65" ytl="213.19" xbr="376.76" ybr="325.04" z_order="0">
      <attribute name="smudge">false</attribute>
    </box>
  </image>
  <image id="214" name="rc19-experiment/INDOOR/PLAY_FROM_CIRCLE_GOAL_bottom/69480.png" width="640" height="480">
    <box label="ball" occluded="0" source="auto" xtl="222.16" ytl="282.49" xbr="341.80" ybr="410.76" z_order="0">
      <attribute name="smudge">false</attribute>
    </box>
  </image>
  <image id="213" name="rc19-experiment/INDOOR/PLAY_FROM_CIRCLE_GOAL_bottom/69476.png" width="640" height="480">
    <box label="ball" occluded="0" source="auto" xtl="240.16" ytl="72.69" xbr="347.25" ybr="188.68" z_order="0">
      <attribute name="smudge">false</attribute>
    </box>
  </image>
  <image id="212" name="rc19-experiment/INDOOR/PLAY_FROM_CIRCLE_GOAL_bottom/69473.png" width="640" height="480">
    <box label="ball" occluded="0" source="auto" xtl="264.39" ytl="50.53" xbr="368.58" ybr="152.48" z_order="0">
      <attribute name="smudge">false</attribute>
    </box>
  </image>
  <image id="211" name="rc19-experiment/INDOOR/PLAY_FROM_CIRCLE_GOAL_bottom/69470.png" width="640" height="480">
    <box label="ball" occluded="0" source="auto" xtl="286.25" ytl="114.28" xbr="385.22" ybr="209.91" z_order="0">
      <attribute name="smudge">false</attribute>
    </box>
  </image>
  <image id="210" name="rc19-experiment/INDOOR/PLAY_FROM_CIRCLE_GOAL_bottom/69467.png" width="640" height="480">
    <box label="ball" occluded="0" source="auto" xtl="258.29" ytl="111.85" xbr="352.40" ybr="203.29" z_order="0">
      <attribute name="smudge">false</attribute>
    </box>
  </image>
  <image id="209" name="rc19-experiment/INDOOR/PLAY_FROM_CIRCLE_GOAL_bottom/69463.png" width="640" height="480">
    <box label="ball" occluded="0" source="auto" xtl="280.29" ytl="156.61" xbr="371.67" ybr="248.21" z_order="0">
      <attribute name="smudge">false</attribute>
    </box>
  </image>
  <image id="208" name="rc19-experiment/INDOOR/PLAY_FROM_CIRCLE_GOAL_bottom/69460.png" width="640" height="480">
    <box label="ball" occluded="0" source="auto" xtl="270.42" ytl="114.56" xbr="358.37" ybr="208.46" z_order="0">
      <attribute name="smudge">false</attribute>
    </box>
  </image>
  <image id="207" name="rc19-experiment/INDOOR/PLAY_FROM_CIRCLE_GOAL_bottom/69456.png" width="640" height="480">
    <box label="ball" occluded="0" source="auto" xtl="290.94" ytl="126.88" xbr="375.82" ybr="220.71" z_order="0">
      <attribute name="smudge">false</attribute>
    </box>
  </image>
  <image id="206" name="rc19-experiment/INDOOR/PLAY_FROM_CIRCLE_GOAL_bottom/69453.png" width="640" height="480">
    <box label="ball" occluded="0" source="auto" xtl="300.96" ytl="70.55" xbr="383.95" ybr="152.65" z_order="0">
      <attribute name="smudge">false</attribute>
    </box>
  </image>
  <image id="205" name="rc19-experiment/INDOOR/PLAY_FROM_CIRCLE_GOAL_bottom/69450.png" width="640" height="480">
    <box label="ball" occluded="0" source="auto" xtl="279.11" ytl="126.23" xbr="360.22" ybr="205.34" z_order="0">
      <attribute name="smudge">false</attribute>
    </box>
  </image>
  <image id="204" name="rc19-experiment/INDOOR/PLAY_FROM_CIRCLE_GOAL_bottom/69446.png" width="640" height="480">
    <box label="ball" occluded="0" source="auto" xtl="285.19" ytl="43.34" xbr="362.57" ybr="121.30" z_order="0">
      <attribute name="smudge">false</attribute>
    </box>
  </image>
  <image id="203" name="rc19-experiment/INDOOR/PLAY_FROM_CIRCLE_GOAL_bottom/69443.png" width="640" height="480">
    <box label="ball" occluded="0" source="auto" xtl="311.80" ytl="99.49" xbr="389.04" ybr="175.59" z_order="0">
      <attribute name="smudge">false</attribute>
    </box>
  </image>
  <image id="202" name="rc19-experiment/INDOOR/PLAY_FROM_CIRCLE_GOAL_bottom/69439.png" width="640" height="480">
    <box label="ball" occluded="0" source="auto" xtl="294.87" ytl="43.17" xbr="369.33" ybr="123.27" z_order="0">
      <attribute name="smudge">false</attribute>
    </box>
  </image>
  <image id="201" name="rc19-experiment/INDOOR/PLAY_FROM_CIRCLE_GOAL_bottom/69435.png" width="640" height="480">
    <box label="ball" occluded="0" source="auto" xtl="256.52" ytl="7.48" xbr="328.42" ybr="81.34" z_order="0">
      <attribute name="smudge">false</attribute>
    </box>
  </image>
  <image id="200" name="rc19-experiment/INDOOR/PLAY_FROM_CIRCLE_GOAL_bottom/69432.png" width="640" height="480">
    <box label="ball" occluded="0" source="auto" xtl="296.03" ytl="69.34" xbr="364.59" ybr="160.22" z_order="0">
      <attribute name="smudge">false</attribute>
    </box>
  </image>
  <image id="199" name="rc19-experiment/INDOOR/PLAY_FROM_CIRCLE_GOAL_bottom/69429.png" width="640" height="480">
    <box label="ball" occluded="0" source="auto" xtl="260.44" ytl="13.59" xbr="328.89" ybr="80.78" z_order="0">
      <attribute name="smudge">false</attribute>
    </box>
  </image>
  <image id="198" name="rc19-experiment/INDOOR/PLAY_FROM_CIRCLE_GOAL_bottom/69426.png" width="640" height="480">
    <box label="ball" occluded="0" source="auto" xtl="289.65" ytl="58.68" xbr="355.64" ybr="123.12" z_order="0">
      <attribute name="smudge">false</attribute>
    </box>
  </image>
  <image id="197" name="rc19-experiment/INDOOR/PLAY_FROM_CIRCLE_GOAL_bottom/69422.png" width="640" height="480">
    <box label="ball" occluded="0" source="auto" xtl="321.36" ytl="0.23" xbr="387.30" ybr="40.76" z_order="0">
      <attribute name="smudge">false</attribute>
    </box>
  </image>
  <image id="196" name="rc19-experiment/INDOOR/PLAY_FROM_CIRCLE_GOAL_bottom/69419.png" width="640" height="480">
    <box label="ball" occluded="0" source="auto" xtl="254.97" ytl="33.70" xbr="317.09" ybr="93.59" z_order="0">
      <attribute name="smudge">false</attribute>
    </box>
  </image>
  <image id="195" name="rc19-experiment/INDOOR/PLAY_FROM_CIRCLE_GOAL_bottom/69415.png" width="640" height="480">
    <box label="ball" occluded="0" source="auto" xtl="272.33" ytl="0.12" xbr="337.35" ybr="50.66" z_order="0">
      <attribute name="smudge">false</attribute>
    </box>
  </image>
  <image id="194" name="rc19-experiment/INDOOR/PLAY_FROM_CIRCLE_GOAL_bottom/69412.png" width="640" height="480">
    <box label="ball" occluded="0" source="auto" xtl="333.51" ytl="0.02" xbr="399.22" ybr="41.65" z_order="0">
      <attribute name="smudge">false</attribute>
    </box>
  </image>
  <image id="193" name="rc19-experiment/INDOOR/PLAY_FROM_CIRCLE_GOAL_bottom/69409.png" width="640" height="480">
    <box label="ball" occluded="0" source="auto" xtl="337.41" ytl="53.34" xbr="393.95" ybr="117.36" z_order="0">
      <attribute name="smudge">false</attribute>
    </box>
  </image>
  <image id="192" name="rc19-experiment/INDOOR/PLAY_FROM_CIRCLE_GOAL_bottom/69405.png" width="640" height="480">
  </image>
  <image id="191" name="rc19-experiment/INDOOR/PLAY_FROM_CIRCLE_GOAL_bottom/69402.png" width="640" height="480">
    <box label="ball" occluded="0" source="auto" xtl="274.59" ytl="7.55" xbr="331.22" ybr="59.86" z_order="0">
      <attribute name="smudge">false</attribute>
    </box>
  </image>
  <image id="190" name="rc19-experiment/INDOOR/PLAY_FROM_CIRCLE_GOAL_bottom/69399.png" width="640" height="480">
    <box label="ball" occluded="0" source="auto" xtl="289.58" ytl="0.48" xbr="342.90" ybr="30.29" z_order="0">
      <attribute name="smudge">false</attribute>
    </box>
  </image>
  <image id="189" name="rc19-experiment/INDOOR/PLAY_FROM_CIRCLE_GOAL_bottom/69396.png" width="640" height="480">
  </image>
  <image id="188" name="rc19-experiment/INDOOR/PLAY_FROM_CIRCLE_GOAL_bottom/69393.png" width="640" height="480">
    <box label="ball" occluded="0" source="auto" xtl="285.48" ytl="18.77" xbr="339.32" ybr="68.17" z_order="0">
      <attribute name="smudge">false</attribute>
    </box>
  </image>
  <image id="187" name="rc19-experiment/INDOOR/PLAY_FROM_CIRCLE_GOAL_bottom/69389.png" width="640" height="480">
  </image>
  <image id="186" name="rc19-experiment/INDOOR/PLAY_FROM_CIRCLE_GOAL_bottom/69385.png" width="640" height="480">
    <box label="ball" occluded="0" source="auto" xtl="273.26" ytl="0.00" xbr="326.86" ybr="41.78" z_order="0">
      <attribute name="smudge">false</attribute>
    </box>
  </image>
  <image id="185" name="rc19-experiment/INDOOR/PLAY_FROM_CIRCLE_GOAL_bottom/69382.png" width="640" height="480">
  </image>
  <image id="184" name="rc19-experiment/INDOOR/PLAY_FROM_CIRCLE_GOAL_bottom/69378.png" width="640" height="480">
    <box label="ball" occluded="0" source="auto" xtl="358.92" ytl="0.32" xbr="406.95" ybr="37.92" z_order="0">
      <attribute name="smudge">false</attribute>
    </box>
  </image>
  <image id="183" name="rc19-experiment/INDOOR/PLAY_FROM_CIRCLE_GOAL_bottom/69375.png" width="640" height="480">
  </image>
  <image id="182" name="rc19-experiment/INDOOR/PLAY_FROM_CIRCLE_GOAL_bottom/69371.png" width="640" height="480">
  </image>
  <image id="181" name="rc19-experiment/INDOOR/PLAY_FROM_CIRCLE_GOAL_bottom/69368.png" width="640" height="480">
  </image>
  <image id="180" name="rc19-experiment/INDOOR/PLAY_FROM_CIRCLE_GOAL_bottom/69365.png" width="640" height="480">
  </image>
  <image id="179" name="rc19-experiment/INDOOR/PLAY_FROM_CIRCLE_GOAL_bottom/69362.png" width="640" height="480">
    <box label="ball" occluded="0" source="auto" xtl="337.49" ytl="0.18" xbr="378.12" ybr="34.24" z_order="0">
      <attribute name="smudge">false</attribute>
    </box>
  </image>
  <image id="178" name="rc19-experiment/INDOOR/PLAY_FROM_CIRCLE_GOAL_bottom/69358.png" width="640" height="480">
  </image>
  <image id="177" name="rc19-experiment/INDOOR/PLAY_FROM_CIRCLE_GOAL_bottom/69355.png" width="640" height="480">
  </image>
  <image id="176" name="rc19-experiment/INDOOR/PLAY_FROM_CIRCLE_GOAL_bottom/69351.png" width="640" height="480">
  </image>
  <image id="175" name="rc19-experiment/INDOOR/PLAY_FROM_CIRCLE_GOAL_bottom/69348.png" width="640" height="480">
  </image>
  <image id="174" name="rc19-experiment/INDOOR/PLAY_FROM_CIRCLE_GOAL_bottom/69344.png" width="640" height="480">
  </image>
  <image id="173" name="rc19-experiment/INDOOR/PLAY_FROM_CIRCLE_GOAL_bottom/69341.png" width="640" height="480">
  </image>
  <image id="172" name="rc19-experiment/INDOOR/PLAY_FROM_CIRCLE_GOAL_bottom/69338.png" width="640" height="480">
  </image>
  <image id="171" name="rc19-experiment/INDOOR/PLAY_FROM_CIRCLE_GOAL_bottom/69334.png" width="640" height="480">
  </image>
  <image id="170" name="rc19-experiment/INDOOR/PLAY_FROM_CIRCLE_GOAL_bottom/69331.png" width="640" height="480">
  </image>
  <image id="169" name="rc19-experiment/INDOOR/PLAY_FROM_CIRCLE_GOAL_bottom/69328.png" width="640" height="480">
  </image>
  <image id="168" name="rc19-experiment/INDOOR/PLAY_FROM_CIRCLE_GOAL_bottom/69324.png" width="640" height="480">
  </image>
  <image id="167" name="rc19-experiment/INDOOR/PLAY_FROM_CIRCLE_GOAL_bottom/69321.png" width="640" height="480">
  </image>
  <image id="166" name="rc19-experiment/INDOOR/PLAY_FROM_CIRCLE_GOAL_bottom/69318.png" width="640" height="480">
    <box label="ball" occluded="0" source="auto" xtl="315.01" ytl="2.22" xbr="359.54" ybr="47.27" z_order="0">
      <attribute name="smudge">false</attribute>
    </box>
  </image>
  <image id="165" name="rc19-experiment/INDOOR/PLAY_FROM_CIRCLE_GOAL_bottom/69315.png" width="640" height="480">
    <box label="ball" occluded="0" source="auto" xtl="330.51" ytl="0.22" xbr="376.01" ybr="33.60" z_order="0">
      <attribute name="smudge">false</attribute>
    </box>
  </image>
  <image id="164" name="rc19-experiment/INDOOR/PLAY_FROM_CIRCLE_GOAL_bottom/69311.png" width="640" height="480">
  </image>
  <image id="163" name="rc19-experiment/INDOOR/PLAY_FROM_CIRCLE_GOAL_bottom/69307.png" width="640" height="480">
    <box label="ball" occluded="0" source="auto" xtl="302.05" ytl="0.16" xbr="340.83" ybr="16.42" z_order="0">
      <attribute name="smudge">false</attribute>
    </box>
  </image>
  <image id="162" name="rc19-experiment/INDOOR/PLAY_FROM_CIRCLE_GOAL_bottom/69304.png" width="640" height="480">
    <box label="ball" occluded="0" source="auto" xtl="267.05" ytl="0.00" xbr="318.81" ybr="33.32" z_order="0">
      <attribute name="smudge">false</attribute>
    </box>
  </image>
  <image id="161" name="rc19-experiment/INDOOR/PLAY_FROM_CIRCLE_GOAL_bottom/69301.png" width="640" height="480">
    <box label="ball" occluded="0" source="auto" xtl="279.45" ytl="16.54" xbr="335.12" ybr="70.61" z_order="0">
      <attribute name="smudge">false</attribute>
    </box>
  </image>
  <image id="160" name="rc19-experiment/INDOOR/PLAY_FROM_CIRCLE_GOAL_bottom/69298.png" width="640" height="480">
    <box label="ball" occluded="0" source="auto" xtl="307.43" ytl="16.18" xbr="368.02" ybr="78.49" z_order="0">
      <attribute name="smudge">false</attribute>
    </box>
  </image>
  <image id="159" name="rc19-experiment/INDOOR/PLAY_FROM_CIRCLE_GOAL_bottom/69294.png" width="640" height="480">
  </image>
  <image id="158" name="rc19-experiment/INDOOR/PLAY_FROM_CIRCLE_GOAL_bottom/69291.png" width="640" height="480">
  </image>
  <image id="157" name="rc19-experiment/INDOOR/PLAY_FROM_CIRCLE_GOAL_bottom/69288.png" width="640" height="480">
  </image>
  <image id="156" name="rc19-experiment/INDOOR/PLAY_FROM_CIRCLE_GOAL_bottom/69284.png" width="640" height="480">
  </image>
  <image id="155" name="rc19-experiment/INDOOR/PLAY_FROM_CIRCLE_GOAL_bottom/69281.png" width="640" height="480">
  </image>
  <image id="154" name="rc19-experiment/INDOOR/PLAY_FROM_CIRCLE_GOAL_bottom/69277.png" width="640" height="480">
    <box label="ball" occluded="0" source="auto" xtl="374.58" ytl="0.18" xbr="491.33" ybr="97.47" z_order="0">
      <attribute name="smudge">false</attribute>
    </box>
  </image>
  <image id="153" name="rc19-experiment/INDOOR/PLAY_FROM_CIRCLE_GOAL_bottom/69274.png" width="640" height="480">
    <box label="ball" occluded="0" source="auto" xtl="372.10" ytl="69.36" xbr="498.65" ybr="188.96" z_order="0">
      <attribute name="smudge">false</attribute>
    </box>
  </image>
  <image id="152" name="rc19-experiment/INDOOR/PLAY_FROM_CIRCLE_GOAL_bottom/69270.png" width="640" height="480">
    <box label="ball" occluded="0" source="auto" xtl="322.64" ytl="142.97" xbr="466.42" ybr="284.55" z_order="0">
      <attribute name="smudge">false</attribute>
    </box>
  </image>
  <image id="151" name="rc19-experiment/INDOOR/PLAY_FROM_CIRCLE_GOAL_bottom/69266.png" width="640" height="480">
    <box label="ball" occluded="0" source="manual" xtl="211.60" ytl="291.69" xbr="377.33" ybr="443.90" z_order="0">
      <attribute name="smudge">false</attribute>
    </box>
  </image>
  <image id="150" name="rc19-experiment/INDOOR/PLAY_FROM_CIRCLE_GOAL_bottom/69263.png" width="640" height="480">
    <box label="ball" occluded="0" source="auto" xtl="195.02" ytl="289.68" xbr="360.64" ybr="462.81" z_order="0">
      <attribute name="smudge">false</attribute>
    </box>
  </image>
  <image id="149" name="rc19-experiment/INDOOR/PLAY_FROM_CIRCLE_GOAL_bottom/69260.png" width="640" height="480">
    <box label="ball" occluded="0" source="auto" xtl="235.22" ytl="274.55" xbr="401.81" ybr="453.60" z_order="0">
      <attribute name="smudge">false</attribute>
    </box>
  </image>
  <image id="148" name="rc19-experiment/INDOOR/PLAY_FROM_CIRCLE_GOAL_bottom/69256.png" width="640" height="480">
    <box label="ball" occluded="0" source="auto" xtl="264.89" ytl="265.12" xbr="425.60" ybr="430.70" z_order="0">
      <attribute name="smudge">false</attribute>
    </box>
  </image>
  <image id="147" name="rc19-experiment/INDOOR/PLAY_FROM_CIRCLE_GOAL_bottom/69252.png" width="640" height="480">
    <box label="ball" occluded="0" source="auto" xtl="262.04" ytl="231.03" xbr="418.22" ybr="396.03" z_order="0">
      <attribute name="smudge">false</attribute>
    </box>
  </image>
  <image id="146" name="rc19-experiment/INDOOR/PLAY_FROM_CIRCLE_GOAL_bottom/69249.png" width="640" height="480">
    <box label="ball" occluded="0" source="auto" xtl="221.66" ytl="216.13" xbr="375.07" ybr="371.49" z_order="0">
      <attribute name="smudge">false</attribute>
    </box>
  </image>
  <image id="145" name="rc19-experiment/INDOOR/PLAY_FROM_CIRCLE_GOAL_bottom/69246.png" width="640" height="480">
    <box label="ball" occluded="0" source="auto" xtl="207.78" ytl="220.47" xbr="364.02" ybr="379.60" z_order="0">
      <attribute name="smudge">false</attribute>
    </box>
  </image>
  <image id="144" name="rc19-experiment/INDOOR/PLAY_FROM_CIRCLE_GOAL_bottom/69243.png" width="640" height="480">
    <box label="ball" occluded="0" source="auto" xtl="227.74" ytl="189.40" xbr="382.14" ybr="355.75" z_order="0">
      <attribute name="smudge">false</attribute>
    </box>
  </image>
  <image id="143" name="rc19-experiment/INDOOR/PLAY_FROM_CIRCLE_GOAL_bottom/69239.png" width="640" height="480">
    <box label="ball" occluded="0" source="auto" xtl="247.26" ytl="160.92" xbr="398.21" ybr="307.67" z_order="0">
      <attribute name="smudge">false</attribute>
    </box>
  </image>
  <image id="142" name="rc19-experiment/INDOOR/PLAY_FROM_CIRCLE_GOAL_bottom/69236.png" width="640" height="480">
    <box label="ball" occluded="0" source="auto" xtl="270.38" ytl="197.50" xbr="416.95" ybr="347.41" z_order="0">
      <attribute name="smudge">false</attribute>
    </box>
  </image>
  <image id="141" name="rc19-experiment/INDOOR/PLAY_FROM_CIRCLE_GOAL_bottom/69233.png" width="640" height="480">
    <box label="ball" occluded="0" source="auto" xtl="253.56" ytl="170.38" xbr="397.86" ybr="315.72" z_order="0">
      <attribute name="smudge">false</attribute>
    </box>
  </image>
  <image id="140" name="rc19-experiment/INDOOR/PLAY_FROM_CIRCLE_GOAL_bottom/69229.png" width="640" height="480">
    <box label="ball" occluded="0" source="auto" xtl="208.25" ytl="183.92" xbr="348.02" ybr="318.39" z_order="0">
      <attribute name="smudge">false</attribute>
    </box>
  </image>
  <image id="139" name="rc19-experiment/INDOOR/PLAY_FROM_CIRCLE_GOAL_bottom/69226.png" width="640" height="480">
    <box label="ball" occluded="0" source="auto" xtl="222.26" ytl="176.52" xbr="363.01" ybr="317.62" z_order="0">
      <attribute name="smudge">false</attribute>
    </box>
  </image>
  <image id="138" name="rc19-experiment/INDOOR/PLAY_FROM_CIRCLE_GOAL_bottom/69222.png" width="640" height="480">
    <box label="ball" occluded="0" source="auto" xtl="267.26" ytl="161.81" xbr="401.27" ybr="291.94" z_order="0">
      <attribute name="smudge">false</attribute>
    </box>
  </image>
  <image id="137" name="rc19-experiment/INDOOR/PLAY_FROM_CIRCLE_GOAL_bottom/69219.png" width="640" height="480">
    <box label="ball" occluded="0" source="auto" xtl="294.98" ytl="219.20" xbr="428.22" ybr="345.94" z_order="0">
      <attribute name="smudge">false</attribute>
    </box>
  </image>
  <image id="136" name="rc19-experiment/INDOOR/PLAY_FROM_CIRCLE_GOAL_bottom/69216.png" width="640" height="480">
    <box label="ball" occluded="0" source="auto" xtl="279.55" ytl="189.47" xbr="409.64" ybr="317.18" z_order="0">
      <attribute name="smudge">false</attribute>
    </box>
  </image>
  <image id="135" name="rc19-experiment/INDOOR/PLAY_FROM_CIRCLE_GOAL_bottom/69212.png" width="640" height="480">
    <box label="ball" occluded="0" source="auto" xtl="232.00" ytl="168.91" xbr="360.24" ybr="290.53" z_order="0">
      <attribute name="smudge">false</attribute>
    </box>
  </image>
  <image id="134" name="rc19-experiment/INDOOR/PLAY_FROM_CIRCLE_GOAL_bottom/69208.png" width="640" height="480">
    <box label="ball" occluded="0" source="auto" xtl="250.14" ytl="197.49" xbr="374.77" ybr="326.18" z_order="0">
      <attribute name="smudge">false</attribute>
    </box>
  </image>
  <image id="133" name="rc19-experiment/INDOOR/PLAY_FROM_CIRCLE_GOAL_bottom/69205.png" width="640" height="480">
    <box label="ball" occluded="0" source="auto" xtl="259.59" ytl="181.78" xbr="378.61" ybr="298.67" z_order="0">
      <attribute name="smudge">false</attribute>
    </box>
  </image>
  <image id="132" name="rc19-experiment/INDOOR/PLAY_FROM_CIRCLE_GOAL_bottom/69202.png" width="640" height="480">
    <box label="ball" occluded="0" source="auto" xtl="279.50" ytl="193.89" xbr="397.29" ybr="301.73" z_order="0">
      <attribute name="smudge">false</attribute>
    </box>
  </image>
  <image id="131" name="rc19-experiment/INDOOR/PLAY_FROM_CIRCLE_GOAL_bottom/69198.png" width="640" height="480">
    <box label="ball" occluded="0" source="auto" xtl="285.98" ytl="200.05" xbr="398.95" ybr="311.33" z_order="0">
      <attribute name="smudge">false</attribute>
    </box>
  </image>
  <image id="130" name="rc19-experiment/INDOOR/PLAY_FROM_CIRCLE_GOAL_bottom/69195.png" width="640" height="480">
    <box label="ball" occluded="0" source="auto" xtl="244.24" ytl="183.46" xbr="354.25" ybr="289.28" z_order="0">
      <attribute name="smudge">false</attribute>
    </box>
  </image>
  <image id="129" name="rc19-experiment/INDOOR/PLAY_FROM_CIRCLE_GOAL_bottom/69191.png" width="640" height="480">
    <box label="ball" occluded="0" source="auto" xtl="230.95" ytl="190.00" xbr="338.53" ybr="289.12" z_order="0">
      <attribute name="smudge">false</attribute>
    </box>
  </image>
  <image id="128" name="rc19-experiment/INDOOR/PLAY_FROM_CIRCLE_GOAL_bottom/69188.png" width="640" height="480">
    <box label="ball" occluded="0" source="auto" xtl="273.56" ytl="215.78" xbr="379.43" ybr="319.49" z_order="0">
      <attribute name="smudge">false</attribute>
    </box>
  </image>
  <image id="127" name="rc19-experiment/INDOOR/PLAY_FROM_CIRCLE_GOAL_bottom/69185.png" width="640" height="480">
    <box label="ball" occluded="0" source="auto" xtl="286.03" ytl="153.52" xbr="389.11" ybr="254.13" z_order="0">
      <attribute name="smudge">false</attribute>
    </box>
  </image>
  <image id="126" name="rc19-experiment/INDOOR/PLAY_FROM_CIRCLE_GOAL_bottom/69182.png" width="640" height="480">
    <box label="ball" occluded="0" source="auto" xtl="283.20" ytl="197.48" xbr="384.46" ybr="292.36" z_order="0">
      <attribute name="smudge">false</attribute>
    </box>
  </image>
  <image id="125" name="rc19-experiment/INDOOR/PLAY_FROM_CIRCLE_GOAL_bottom/69178.png" width="640" height="480">
    <box label="ball" occluded="0" source="auto" xtl="250.63" ytl="159.76" xbr="351.08" ybr="262.98" z_order="0">
      <attribute name="smudge">false</attribute>
    </box>
  </image>
  <image id="124" name="rc19-experiment/INDOOR/PLAY_FROM_CIRCLE_GOAL_bottom/69175.png" width="640" height="480">
    <box label="ball" occluded="0" source="auto" xtl="271.74" ytl="155.60" xbr="368.97" ybr="247.61" z_order="0">
      <attribute name="smudge">false</attribute>
    </box>
  </image>
  <image id="123" name="rc19-experiment/INDOOR/PLAY_FROM_CIRCLE_GOAL_bottom/69172.png" width="640" height="480">
    <box label="ball" occluded="0" source="auto" xtl="280.39" ytl="220.75" xbr="378.64" ybr="319.38" z_order="0">
      <attribute name="smudge">false</attribute>
    </box>
  </image>
  <image id="122" name="rc19-experiment/INDOOR/PLAY_FROM_CIRCLE_GOAL_bottom/69168.png" width="640" height="480">
    <box label="ball" occluded="0" source="auto" xtl="283.60" ytl="118.65" xbr="379.31" ybr="214.00" z_order="0">
      <attribute name="smudge">false</attribute>
    </box>
  </image>
  <image id="121" name="rc19-experiment/INDOOR/PLAY_FROM_CIRCLE_GOAL_bottom/69165.png" width="640" height="480">
    <box label="ball" occluded="0" source="auto" xtl="278.07" ytl="143.00" xbr="368.68" ybr="228.76" z_order="0">
      <attribute name="smudge">false</attribute>
    </box>
  </image>
  <image id="120" name="rc19-experiment/INDOOR/PLAY_FROM_CIRCLE_GOAL_bottom/69162.png" width="640" height="480">
    <box label="ball" occluded="0" source="auto" xtl="269.82" ytl="126.11" xbr="361.57" ybr="220.67" z_order="0">
      <attribute name="smudge">false</attribute>
    </box>
  </image>
  <image id="119" name="rc19-experiment/INDOOR/PLAY_FROM_CIRCLE_GOAL_bottom/69158.png" width="640" height="480">
    <box label="ball" occluded="0" source="auto" xtl="246.56" ytl="117.21" xbr="334.35" ybr="202.59" z_order="0">
      <attribute name="smudge">false</attribute>
    </box>
  </image>
  <image id="118" name="rc19-experiment/INDOOR/PLAY_FROM_CIRCLE_GOAL_bottom/69155.png" width="640" height="480">
    <box label="ball" occluded="0" source="auto" xtl="258.71" ytl="143.15" xbr="346.86" ybr="226.97" z_order="0">
      <attribute name="smudge">false</attribute>
    </box>
  </image>
  <image id="117" name="rc19-experiment/INDOOR/PLAY_FROM_CIRCLE_GOAL_bottom/69152.png" width="640" height="480">
    <box label="ball" occluded="0" source="auto" xtl="275.15" ytl="54.11" xbr="360.75" ybr="143.63" z_order="0">
      <attribute name="smudge">false</attribute>
    </box>
  </image>
  <image id="116" name="rc19-experiment/INDOOR/PLAY_FROM_CIRCLE_GOAL_bottom/69148.png" width="640" height="480">
    <box label="ball" occluded="0" source="auto" xtl="272.34" ytl="105.24" xbr="350.14" ybr="181.51" z_order="0">
      <attribute name="smudge">false</attribute>
    </box>
  </image>
  <image id="115" name="rc19-experiment/INDOOR/PLAY_FROM_CIRCLE_GOAL_bottom/69144.png" width="640" height="480">
    <box label="ball" occluded="0" source="auto" xtl="337.97" ytl="0.35" xbr="416.40" ybr="66.20" z_order="0">
      <attribute name="smudge">false</attribute>
    </box>
  </image>
  <image id="114" name="rc19-experiment/INDOOR/PLAY_FROM_CIRCLE_GOAL_bottom/69141.png" width="640" height="480">
    <box label="ball" occluded="0" source="auto" xtl="377.95" ytl="50.65" xbr="455.46" ybr="123.90" z_order="0">
      <attribute name="smudge">false</attribute>
    </box>
  </image>
  <image id="113" name="rc19-experiment/INDOOR/PLAY_FROM_CIRCLE_GOAL_bottom/69138.png" width="640" height="480">
    <box label="ball" occluded="0" source="auto" xtl="300.09" ytl="67.79" xbr="375.72" ybr="144.44" z_order="0">
      <attribute name="smudge">false</attribute>
    </box>
  </image>
  <image id="112" name="rc19-experiment/INDOOR/PLAY_FROM_CIRCLE_GOAL_bottom/69134.png" width="640" height="480">
    <box label="ball" occluded="0" source="auto" xtl="238.16" ytl="4.98" xbr="305.43" ybr="73.86" z_order="0">
      <attribute name="smudge">false</attribute>
    </box>
  </image>
  <image id="111" name="rc19-experiment/INDOOR/PLAY_FROM_CIRCLE_GOAL_bottom/69131.png" width="640" height="480">
    <box label="ball" occluded="0" source="auto" xtl="280.15" ytl="87.54" xbr="344.87" ybr="157.09" z_order="0">
      <attribute name="smudge">false</attribute>
    </box>
  </image>
  <image id="110" name="rc19-experiment/INDOOR/PLAY_FROM_CIRCLE_GOAL_bottom/69128.png" width="640" height="480">
    <box label="ball" occluded="0" source="auto" xtl="275.07" ytl="13.43" xbr="342.00" ybr="81.10" z_order="0">
      <attribute name="smudge">false</attribute>
    </box>
  </image>
  <image id="109" name="rc19-experiment/INDOOR/PLAY_FROM_CIRCLE_GOAL_bottom/69124.png" width="640" height="480">
    <box label="ball" occluded="0" source="auto" xtl="252.59" ytl="43.83" xbr="315.90" ybr="107.02" z_order="0">
      <attribute name="smudge">false</attribute>
    </box>
  </image>
  <image id="108" name="rc19-experiment/INDOOR/PLAY_FROM_CIRCLE_GOAL_bottom/69121.png" width="640" height="480">
    <box label="ball" occluded="0" source="auto" xtl="289.33" ytl="0.53" xbr="352.64" ybr="61.45" z_order="0">
      <attribute name="smudge">false</attribute>
    </box>
  </image>
  <image id="107" name="rc19-experiment/INDOOR/PLAY_FROM_CIRCLE_GOAL_bottom/69118.png" width="640" height="480">
    <box label="ball" occluded="0" source="auto" xtl="294.20" ytl="0.41" xbr="349.90" ybr="24.78" z_order="0">
      <attribute name="smudge">false</attribute>
    </box>
  </image>
  <image id="106" name="rc19-experiment/INDOOR/PLAY_FROM_CIRCLE_GOAL_bottom/69114.png" width="640" height="480">
    <box label="ball" occluded="0" source="auto" xtl="291.27" ytl="0.52" xbr="348.67" ybr="35.56" z_order="0">
      <attribute name="smudge">false</attribute>
    </box>
  </image>
  <image id="105" name="rc19-experiment/INDOOR/PLAY_FROM_CIRCLE_GOAL_bottom/69111.png" width="640" height="480">
    <box label="ball" occluded="0" source="auto" xtl="345.41" ytl="0.02" xbr="389.77" ybr="15.77" z_order="0">
      <attribute name="smudge">false</attribute>
    </box>
  </image>
  <image id="104" name="rc19-experiment/INDOOR/PLAY_FROM_CIRCLE_GOAL_bottom/69108.png" width="640" height="480">
    <box label="ball" occluded="0" source="auto" xtl="394.94" ytl="19.55" xbr="449.05" ybr="76.36" z_order="0">
      <attribute name="smudge">false</attribute>
    </box>
  </image>
  <image id="103" name="rc19-experiment/INDOOR/PLAY_FROM_CIRCLE_GOAL_bottom/69104.png" width="640" height="480">
  </image>
  <image id="102" name="rc19-experiment/INDOOR/PLAY_FROM_CIRCLE_GOAL_bottom/69101.png" width="640" height="480">
    <box label="ball" occluded="0" source="auto" xtl="237.70" ytl="0.13" xbr="280.06" ybr="14.61" z_order="0">
      <attribute name="smudge">false</attribute>
    </box>
  </image>
  <image id="101" name="rc19-experiment/INDOOR/PLAY_FROM_CIRCLE_GOAL_bottom/69097.png" width="640" height="480">
    <box label="ball" occluded="0" source="auto" xtl="267.22" ytl="0.17" xbr="319.14" ybr="47.34" z_order="0">
      <attribute name="smudge">false</attribute>
    </box>
  </image>
  <image id="100" name="rc19-experiment/INDOOR/PLAY_FROM_CIRCLE_GOAL_bottom/69094.png" width="640" height="480">
  </image>
  <image id="99" name="rc19-experiment/INDOOR/PLAY_FROM_CIRCLE_GOAL_bottom/69090.png" width="640" height="480">
    <box label="ball" occluded="0" source="auto" xtl="317.23" ytl="11.31" xbr="360.77" ybr="79.96" z_order="0">
      <attribute name="smudge">false</attribute>
    </box>
  </image>
  <image id="98" name="rc19-experiment/INDOOR/PLAY_FROM_CIRCLE_GOAL_bottom/69087.png" width="640" height="480">
  </image>
  <image id="97" name="rc19-experiment/INDOOR/PLAY_FROM_CIRCLE_GOAL_bottom/69084.png" width="640" height="480">
    <box label="ball" occluded="0" source="auto" xtl="279.33" ytl="0.23" xbr="327.18" ybr="36.19" z_order="0">
      <attribute name="smudge">false</attribute>
    </box>
  </image>
  <image id="96" name="rc19-experiment/INDOOR/PLAY_FROM_CIRCLE_GOAL_bottom/69081.png" width="640" height="480">
  </image>
  <image id="95" name="rc19-experiment/INDOOR/PLAY_FROM_CIRCLE_GOAL_bottom/69078.png" width="640" height="480">
  </image>
  <image id="94" name="rc19-experiment/INDOOR/PLAY_FROM_CIRCLE_GOAL_bottom/69075.png" width="640" height="480">
  </image>
  <image id="93" name="rc19-experiment/INDOOR/PLAY_FROM_CIRCLE_GOAL_bottom/69072.png" width="640" height="480">
  </image>
  <image id="92" name="rc19-experiment/INDOOR/PLAY_FROM_CIRCLE_GOAL_bottom/69068.png" width="640" height="480">
  </image>
  <image id="91" name="rc19-experiment/INDOOR/PLAY_FROM_CIRCLE_GOAL_bottom/69064.png" width="640" height="480">
  </image>
  <image id="90" name="rc19-experiment/INDOOR/PLAY_FROM_CIRCLE_GOAL_bottom/69061.png" width="640" height="480">
  </image>
  <image id="89" name="rc19-experiment/INDOOR/PLAY_FROM_CIRCLE_GOAL_bottom/69057.png" width="640" height="480">
    <box label="ball" occluded="0" source="auto" xtl="351.66" ytl="3.35" xbr="396.45" ybr="51.79" z_order="0">
      <attribute name="smudge">false</attribute>
    </box>
  </image>
  <image id="88" name="rc19-experiment/INDOOR/PLAY_FROM_CIRCLE_GOAL_bottom/69054.png" width="640" height="480">
  </image>
  <image id="87" name="rc19-experiment/INDOOR/PLAY_FROM_CIRCLE_GOAL_bottom/69050.png" width="640" height="480">
    <box label="ball" occluded="0" source="auto" xtl="319.39" ytl="0.27" xbr="360.38" ybr="16.23" z_order="0">
      <attribute name="smudge">false</attribute>
    </box>
  </image>
  <image id="86" name="rc19-experiment/INDOOR/PLAY_FROM_CIRCLE_GOAL_bottom/69047.png" width="640" height="480">
  </image>
  <image id="85" name="rc19-experiment/INDOOR/PLAY_FROM_CIRCLE_GOAL_bottom/69044.png" width="640" height="480">
  </image>
  <image id="84" name="rc19-experiment/INDOOR/PLAY_FROM_CIRCLE_GOAL_bottom/69040.png" width="640" height="480">
  </image>
  <image id="83" name="rc19-experiment/INDOOR/PLAY_FROM_CIRCLE_GOAL_bottom/69037.png" width="640" height="480">
  </image>
  <image id="82" name="rc19-experiment/INDOOR/PLAY_FROM_CIRCLE_GOAL_bottom/69034.png" width="640" height="480">
  </image>
  <image id="81" name="rc19-experiment/INDOOR/PLAY_FROM_CIRCLE_GOAL_bottom/69030.png" width="640" height="480">
  </image>
  <image id="80" name="rc19-experiment/INDOOR/PLAY_FROM_CIRCLE_GOAL_bottom/69027.png" width="640" height="480">
  </image>
  <image id="79" name="rc19-experiment/INDOOR/PLAY_FROM_CIRCLE_GOAL_bottom/69023.png" width="640" height="480">
  </image>
  <image id="78" name="rc19-experiment/INDOOR/PLAY_FROM_CIRCLE_GOAL_bottom/69020.png" width="640" height="480">
  </image>
  <image id="77" name="rc19-experiment/INDOOR/PLAY_FROM_CIRCLE_GOAL_bottom/69017.png" width="640" height="480">
  </image>
  <image id="76" name="rc19-experiment/INDOOR/PLAY_FROM_CIRCLE_GOAL_bottom/69014.png" width="640" height="480">
  </image>
  <image id="75" name="rc19-experiment/INDOOR/PLAY_FROM_CIRCLE_GOAL_bottom/69010.png" width="640" height="480">
    <box label="ball" occluded="0" source="auto" xtl="337.81" ytl="0.33" xbr="372.90" ybr="17.88" z_order="0">
      <attribute name="smudge">false</attribute>
    </box>
  </image>
  <image id="74" name="rc19-experiment/INDOOR/PLAY_FROM_CIRCLE_GOAL_bottom/69007.png" width="640" height="480">
  </image>
  <image id="73" name="rc19-experiment/INDOOR/PLAY_FROM_CIRCLE_GOAL_bottom/69003.png" width="640" height="480">
  </image>
  <image id="72" name="rc19-experiment/INDOOR/PLAY_FROM_CIRCLE_GOAL_bottom/69000.png" width="640" height="480">
  </image>
  <image id="71" name="rc19-experiment/INDOOR/PLAY_FROM_CIRCLE_GOAL_bottom/68997.png" width="640" height="480">
  </image>
  <image id="70" name="rc19-experiment/INDOOR/PLAY_FROM_CIRCLE_GOAL_bottom/68993.png" width="640" height="480">
  </image>
  <image id="69" name="rc19-experiment/INDOOR/PLAY_FROM_CIRCLE_GOAL_bottom/68990.png" width="640" height="480">
  </image>
  <image id="68" name="rc19-experiment/INDOOR/PLAY_FROM_CIRCLE_GOAL_bottom/68987.png" width="640" height="480">
  </image>
  <image id="67" name="rc19-experiment/INDOOR/PLAY_FROM_CIRCLE_GOAL_bottom/68983.png" width="640" height="480">
  </image>
  <image id="66" name="rc19-experiment/INDOOR/PLAY_FROM_CIRCLE_GOAL_bottom/68980.png" width="640" height="480">
  </image>
  <image id="65" name="rc19-experiment/INDOOR/PLAY_FROM_CIRCLE_GOAL_bottom/68977.png" width="640" height="480">
  </image>
  <image id="64" name="rc19-experiment/INDOOR/PLAY_FROM_CIRCLE_GOAL_bottom/68974.png" width="640" height="480">
  </image>
  <image id="63" name="rc19-experiment/INDOOR/PLAY_FROM_CIRCLE_GOAL_bottom/68970.png" width="640" height="480">
  </image>
  <image id="62" name="rc19-experiment/INDOOR/PLAY_FROM_CIRCLE_GOAL_bottom/68967.png" width="640" height="480">
    <box label="ball" occluded="0" source="auto" xtl="363.97" ytl="0.54" xbr="402.95" ybr="24.39" z_order="0">
      <attribute name="smudge">false</attribute>
    </box>
  </image>
  <image id="61" name="rc19-experiment/INDOOR/PLAY_FROM_CIRCLE_GOAL_bottom/68964.png" width="640" height="480">
  </image>
  <image id="60" name="rc19-experiment/INDOOR/PLAY_FROM_CIRCLE_GOAL_bottom/68960.png" width="640" height="480">
  </image>
  <image id="59" name="rc19-experiment/INDOOR/PLAY_FROM_CIRCLE_GOAL_bottom/68957.png" width="640" height="480">
    <box label="ball" occluded="0" source="auto" xtl="331.76" ytl="0.25" xbr="371.14" ybr="15.26" z_order="0">
      <attribute name="smudge">false</attribute>
    </box>
  </image>
  <image id="58" name="rc19-experiment/INDOOR/PLAY_FROM_CIRCLE_GOAL_bottom/68954.png" width="640" height="480">
  </image>
  <image id="57" name="rc19-experiment/INDOOR/PLAY_FROM_CIRCLE_GOAL_bottom/68951.png" width="640" height="480">
    <box label="ball" occluded="0" source="auto" xtl="274.23" ytl="0.35" xbr="317.77" ybr="21.40" z_order="0">
      <attribute name="smudge">false</attribute>
    </box>
  </image>
  <image id="56" name="rc19-experiment/INDOOR/PLAY_FROM_CIRCLE_GOAL_bottom/68947.png" width="640" height="480">
    <box label="ball" occluded="0" source="auto" xtl="323.64" ytl="0.20" xbr="376.93" ybr="39.98" z_order="0">
      <attribute name="smudge">false</attribute>
    </box>
  </image>
  <image id="55" name="rc19-experiment/INDOOR/PLAY_FROM_CIRCLE_GOAL_bottom/68944.png" width="640" height="480">
  </image>
  <image id="54" name="rc19-experiment/INDOOR/PLAY_FROM_CIRCLE_GOAL_bottom/68940.png" width="640" height="480">
  </image>
  <image id="53" name="rc19-experiment/INDOOR/PLAY_FROM_CIRCLE_GOAL_bottom/68936.png" width="640" height="480">
  </image>
  <image id="52" name="rc19-experiment/INDOOR/PLAY_FROM_CIRCLE_GOAL_bottom/68933.png" width="640" height="480">
  </image>
  <image id="51" name="rc19-experiment/INDOOR/PLAY_FROM_CIRCLE_GOAL_bottom/68929.png" width="640" height="480">
  </image>
  <image id="50" name="rc19-experiment/INDOOR/PLAY_FROM_CIRCLE_GOAL_bottom/68926.png" width="640" height="480">
    <box label="ball" occluded="0" source="auto" xtl="310.88" ytl="0.51" xbr="418.30" ybr="58.48" z_order="0">
      <attribute name="smudge">false</attribute>
    </box>
  </image>
  <image id="49" name="rc19-experiment/INDOOR/PLAY_FROM_CIRCLE_GOAL_bottom/68923.png" width="640" height="480">
    <box label="ball" occluded="0" source="auto" xtl="314.10" ytl="32.36" xbr="436.82" ybr="147.00" z_order="0">
      <attribute name="smudge">false</attribute>
    </box>
  </image>
  <image id="48" name="rc19-experiment/INDOOR/PLAY_FROM_CIRCLE_GOAL_bottom/68919.png" width="640" height="480">
    <box label="ball" occluded="0" source="auto" xtl="303.27" ytl="125.14" xbr="443.30" ybr="264.61" z_order="0">
      <attribute name="smudge">false</attribute>
    </box>
  </image>
  <image id="47" name="rc19-experiment/INDOOR/PLAY_FROM_CIRCLE_GOAL_bottom/68916.png" width="640" height="480">
    <box label="ball" occluded="0" source="auto" xtl="220.82" ytl="258.34" xbr="382.47" ybr="383.36" z_order="0">
      <attribute name="smudge">false</attribute>
    </box>
  </image>
  <image id="46" name="rc19-experiment/INDOOR/PLAY_FROM_CIRCLE_GOAL_bottom/68913.png" width="640" height="480">
    <box label="ball" occluded="0" source="auto" xtl="201.34" ytl="337.59" xbr="364.80" ybr="473.32" z_order="0">
      <attribute name="smudge">false</attribute>
    </box>
  </image>
  <image id="45" name="rc19-experiment/INDOOR/PLAY_FROM_CIRCLE_GOAL_bottom/68909.png" width="640" height="480">
    <box label="ball" occluded="0" source="manual" xtl="242.50" ytl="279.84" xbr="409.80" ybr="455.40" z_order="0">
      <attribute name="smudge">false</attribute>
    </box>
  </image>
  <image id="44" name="rc19-experiment/INDOOR/PLAY_FROM_CIRCLE_GOAL_bottom/68906.png" width="640" height="480">
    <box label="ball" occluded="0" source="manual" xtl="281.50" ytl="257.64" xbr="443.15" ybr="416.24" z_order="0">
      <attribute name="smudge">false</attribute>
    </box>
  </image>
  <image id="43" name="rc19-experiment/INDOOR/PLAY_FROM_CIRCLE_GOAL_bottom/68902.png" width="640" height="480">
    <box label="ball" occluded="0" source="manual" xtl="260.00" ytl="282.14" xbr="417.33" ybr="438.58" z_order="0">
      <attribute name="smudge">false</attribute>
    </box>
  </image>
  <image id="42" name="rc19-experiment/INDOOR/PLAY_FROM_CIRCLE_GOAL_bottom/68899.png" width="640" height="480">
    <box label="ball" occluded="0" source="auto" xtl="214.35" ytl="285.27" xbr="369.80" ybr="447.35" z_order="0">
      <attribute name="smudge">false</attribute>
    </box>
  </image>
  <image id="41" name="rc19-experiment/INDOOR/PLAY_FROM_CIRCLE_GOAL_bottom/68895.png" width="640" height="480">
    <box label="ball" occluded="0" source="auto" xtl="185.46" ytl="268.83" xbr="341.67" ybr="436.62" z_order="0">
      <attribute name="smudge">false</attribute>
    </box>
  </image>
  <image id="40" name="rc19-experiment/INDOOR/PLAY_FROM_CIRCLE_GOAL_bottom/68892.png" width="640" height="480">
    <box label="ball" occluded="0" source="auto" xtl="219.11" ytl="232.14" xbr="375.41" ybr="395.73" z_order="0">
      <attribute name="smudge">false</attribute>
    </box>
  </image>
  <image id="39" name="rc19-experiment/INDOOR/PLAY_FROM_CIRCLE_GOAL_bottom/68888.png" width="640" height="480">
    <box label="ball" occluded="0" source="auto" xtl="283.51" ytl="240.53" xbr="447.80" ybr="400.74" z_order="0">
      <attribute name="smudge">false</attribute>
    </box>
  </image>
  <image id="38" name="rc19-experiment/INDOOR/PLAY_FROM_CIRCLE_GOAL_bottom/68885.png" width="640" height="480">
    <box label="ball" occluded="0" source="manual" xtl="291.40" ytl="237.72" xbr="446.96" ybr="395.99" z_order="0">
      <attribute name="smudge">false</attribute>
    </box>
  </image>
  <image id="37" name="rc19-experiment/INDOOR/PLAY_FROM_CIRCLE_GOAL_bottom/68882.png" width="640" height="480">
    <box label="ball" occluded="0" source="auto" xtl="237.31" ytl="215.56" xbr="391.14" ybr="376.00" z_order="0">
      <attribute name="smudge">false</attribute>
    </box>
  </image>
  <image id="36" name="rc19-experiment/INDOOR/PLAY_FROM_CIRCLE_GOAL_bottom/68878.png" width="640" height="480">
    <box label="ball" occluded="0" source="manual" xtl="212.03" ytl="203.15" xbr="367.26" ybr="353.20" z_order="0">
      <attribute name="smudge">false</attribute>
    </box>
  </image>
  <image id="35" name="rc19-experiment/INDOOR/PLAY_FROM_CIRCLE_GOAL_bottom/68875.png" width="640" height="480">
    <box label="ball" occluded="0" source="manual" xtl="237.43" ytl="195.47" xbr="386.60" ybr="347.70" z_order="0">
      <attribute name="smudge">false</attribute>
    </box>
  </image>
  <image id="34" name="rc19-experiment/INDOOR/PLAY_FROM_CIRCLE_GOAL_bottom/68872.png" width="640" height="480">
    <box label="ball" occluded="0" source="manual" xtl="255.55" ytl="180.72" xbr="399.01" ybr="323.30" z_order="0">
      <attribute name="smudge">false</attribute>
    </box>
  </image>
  <image id="33" name="rc19-experiment/INDOOR/PLAY_FROM_CIRCLE_GOAL_bottom/68868.png" width="640" height="480">
    <box label="ball" occluded="0" source="manual" xtl="285.37" ytl="188.19" xbr="427.58" ybr="325.70" z_order="0">
      <attribute name="smudge">false</attribute>
    </box>
  </image>
  <image id="32" name="rc19-experiment/INDOOR/PLAY_FROM_CIRCLE_GOAL_bottom/68865.png" width="640" height="480">
    <box label="ball" occluded="0" source="manual" xtl="283.52" ytl="178.49" xbr="425.35" ybr="317.70" z_order="0">
      <attribute name="smudge">false</attribute>
    </box>
  </image>
  <image id="31" name="rc19-experiment/INDOOR/PLAY_FROM_CIRCLE_GOAL_bottom/68862.png" width="640" height="480">
    <box label="ball" occluded="0" source="manual" xtl="234.99" ytl="168.83" xbr="370.94" ybr="300.40" z_order="0">
      <attribute name="smudge">false</attribute>
    </box>
  </image>
  <image id="30" name="rc19-experiment/INDOOR/PLAY_FROM_CIRCLE_GOAL_bottom/68858.png" width="640" height="480">
    <box label="ball" occluded="0" source="manual" xtl="207.38" ytl="199.86" xbr="343.09" ybr="327.80" z_order="0">
      <attribute name="smudge">false</attribute>
    </box>
  </image>
  <image id="29" name="rc19-experiment/INDOOR/PLAY_FROM_CIRCLE_GOAL_bottom/68854.png" width="640" height="480">
    <box label="ball" occluded="0" source="manual" xtl="259.37" ytl="213.18" xbr="398.04" ybr="349.00" z_order="0">
      <attribute name="smudge">false</attribute>
    </box>
  </image>
  <image id="28" name="rc19-experiment/INDOOR/PLAY_FROM_CIRCLE_GOAL_bottom/68851.png" width="640" height="480">
    <box label="ball" occluded="0" source="manual" xtl="262.34" ytl="137.49" xbr="399.18" ybr="275.30" z_order="0">
      <attribute name="smudge">false</attribute>
    </box>
  </image>
  <image id="27" name="rc19-experiment/INDOOR/PLAY_FROM_CIRCLE_GOAL_bottom/68848.png" width="640" height="480">
    <box label="ball" occluded="0" source="manual" xtl="241.49" ytl="93.89" xbr="378.60" ybr="222.80" z_order="0">
      <attribute name="smudge">false</attribute>
    </box>
  </image>
  <image id="26" name="rc19-experiment/INDOOR/PLAY_FROM_CIRCLE_GOAL_bottom/68844.png" width="640" height="480">
    <box label="ball" occluded="0" source="manual" xtl="289.89" ytl="189.35" xbr="422.61" ybr="316.50" z_order="0">
      <attribute name="smudge">false</attribute>
    </box>
  </image>
  <image id="25" name="rc19-experiment/INDOOR/PLAY_FROM_CIRCLE_GOAL_bottom/68841.png" width="640" height="480">
    <box label="ball" occluded="0" source="manual" xtl="260.59" ytl="191.78" xbr="388.59" ybr="318.10" z_order="0">
      <attribute name="smudge">false</attribute>
    </box>
  </image>
  <image id="24" name="rc19-experiment/INDOOR/PLAY_FROM_CIRCLE_GOAL_bottom/68838.png" width="640" height="480">
    <box label="ball" occluded="0" source="manual" xtl="212.36" ytl="192.84" xbr="340.26" ybr="309.80" z_order="0">
      <attribute name="smudge">false</attribute>
    </box>
  </image>
  <image id="23" name="rc19-experiment/INDOOR/PLAY_FROM_CIRCLE_GOAL_bottom/68834.png" width="640" height="480">
    <box label="ball" occluded="0" source="manual" xtl="273.09" ytl="170.10" xbr="397.13" ybr="293.40" z_order="0">
      <attribute name="smudge">false</attribute>
    </box>
  </image>
  <image id="22" name="rc19-experiment/INDOOR/PLAY_FROM_CIRCLE_GOAL_bottom/68830.png" width="640" height="480">
    <box label="ball" occluded="0" source="manual" xtl="276.33" ytl="188.80" xbr="394.52" ybr="297.20" z_order="0">
      <attribute name="smudge">false</attribute>
    </box>
  </image>
  <image id="21" name="rc19-experiment/INDOOR/PLAY_FROM_CIRCLE_GOAL_bottom/68827.png" width="640" height="480">
    <box label="ball" occluded="0" source="manual" xtl="257.33" ytl="198.05" xbr="374.51" ybr="319.40" z_order="0">
      <attribute name="smudge">false</attribute>
    </box>
  </image>
  <image id="20" name="rc19-experiment/INDOOR/PLAY_FROM_CIRCLE_GOAL_bottom/68824.png" width="640" height="480">
    <box label="ball" occluded="0" source="manual" xtl="242.03" ytl="166.56" xbr="355.09" ybr="282.10" z_order="0">
      <attribute name="smudge">false</attribute>
    </box>
  </image>
  <image id="19" name="rc19-experiment/INDOOR/PLAY_FROM_CIRCLE_GOAL_bottom/68821.png" width="640" height="480">
    <box label="ball" occluded="0" source="manual" xtl="266.50" ytl="135.66" xbr="380.20" ybr="243.20" z_order="0">
      <attribute name="smudge">false</attribute>
    </box>
  </image>
  <image id="18" name="rc19-experiment/INDOOR/PLAY_FROM_CIRCLE_GOAL_bottom/68818.png" width="640" height="480">
    <box label="ball" occluded="0" source="manual" xtl="289.48" ytl="225.52" xbr="399.69" ybr="334.90" z_order="0">
      <attribute name="smudge">false</attribute>
    </box>
  </image>
  <image id="17" name="rc19-experiment/INDOOR/PLAY_FROM_CIRCLE_GOAL_bottom/68814.png" width="640" height="480">
    <box label="ball" occluded="0" source="manual" xtl="260.28" ytl="180.20" xbr="367.08" ybr="288.20" z_order="0">
      <attribute name="smudge">false</attribute>
    </box>
  </image>
  <image id="16" name="rc19-experiment/INDOOR/PLAY_FROM_CIRCLE_GOAL_bottom/68811.png" width="640" height="480">
    <box label="ball" occluded="0" source="manual" xtl="254.42" ytl="179.77" xbr="359.73" ybr="276.00" z_order="0">
      <attribute name="smudge">false</attribute>
    </box>
  </image>
  <image id="15" name="rc19-experiment/INDOOR/PLAY_FROM_CIRCLE_GOAL_bottom/68808.png" width="640" height="480">
    <box label="ball" occluded="0" source="manual" xtl="298.31" ytl="177.02" xbr="399.35" ybr="278.80" z_order="0">
      <attribute name="smudge">false</attribute>
    </box>
  </image>
  <image id="14" name="rc19-experiment/INDOOR/PLAY_FROM_CIRCLE_GOAL_bottom/68805.png" width="640" height="480">
    <box label="ball" occluded="0" source="manual" xtl="255.49" ytl="150.11" xbr="354.51" ybr="248.80" z_order="0">
      <attribute name="smudge">false</attribute>
    </box>
  </image>
  <image id="13" name="rc19-experiment/INDOOR/PLAY_FROM_CIRCLE_GOAL_bottom/68801.png" width="640" height="480">
    <box label="ball" occluded="0" source="manual" xtl="262.96" ytl="186.79" xbr="366.54" ybr="291.00" z_order="0">
      <attribute name="smudge">false</attribute>
    </box>
  </image>
  <image id="12" name="rc19-experiment/INDOOR/PLAY_FROM_CIRCLE_GOAL_bottom/68797.png" width="640" height="480">
    <box label="ball" occluded="0" source="manual" xtl="279.59" ytl="65.04" xbr="372.99" ybr="157.70" z_order="0">
      <attribute name="smudge">false</attribute>
    </box>
  </image>
  <image id="11" name="rc19-experiment/INDOOR/PLAY_FROM_CIRCLE_GOAL_bottom/68794.png" width="640" height="480">
    <box label="ball" occluded="0" source="manual" xtl="278.41" ytl="141.58" xbr="362.00" ybr="225.40" z_order="0">
      <attribute name="smudge">false</attribute>
    </box>
  </image>
  <image id="10" name="rc19-experiment/INDOOR/PLAY_FROM_CIRCLE_GOAL_bottom/68791.png" width="640" height="480">
    <box label="ball" occluded="0" source="manual" xtl="271.59" ytl="62.35" xbr="356.09" ybr="151.00" z_order="0">
      <attribute name="smudge">false</attribute>
    </box>
  </image>
  <image id="9" name="rc19-experiment/INDOOR/PLAY_FROM_CIRCLE_GOAL_bottom/68787.png" width="640" height="480">
    <box label="ball" occluded="0" source="manual" xtl="324.91" ytl="99.91" xbr="405.51" ybr="172.60" z_order="0">
      <attribute name="smudge">false</attribute>
    </box>
  </image>
  <image id="8" name="rc19-experiment/INDOOR/PLAY_FROM_CIRCLE_GOAL_bottom/68784.png" width="640" height="480">
    <box label="ball" occluded="0" source="manual" xtl="287.68" ytl="95.14" xbr="368.83" ybr="179.30" z_order="0">
      <attribute name="smudge">false</attribute>
    </box>
  </image>
  <image id="7" name="rc19-experiment/INDOOR/PLAY_FROM_CIRCLE_GOAL_bottom/68781.png" width="640" height="480">
    <box label="ball" occluded="0" source="manual" xtl="250.45" ytl="17.59" xbr="326.67" ybr="96.50" z_order="0">
      <attribute name="smudge">false</attribute>
    </box>
  </image>
  <image id="6" name="rc19-experiment/INDOOR/PLAY_FROM_CIRCLE_GOAL_bottom/68777.png" width="640" height="480">
    <box label="ball" occluded="0" source="manual" xtl="288.86" ytl="117.22" xbr="360.87" ybr="183.50" z_order="0">
      <attribute name="smudge">false</attribute>
    </box>
  </image>
  <image id="5" name="rc19-experiment/INDOOR/PLAY_FROM_CIRCLE_GOAL_bottom/68774.png" width="640" height="480">
    <box label="ball" occluded="0" source="manual" xtl="246.53" ytl="40.82" xbr="320.32" ybr="114.90" z_order="0">
      <attribute name="smudge">false</attribute>
    </box>
  </image>
  <image id="4" name="rc19-experiment/INDOOR/PLAY_FROM_CIRCLE_GOAL_bottom/68770.png" width="640" height="480">
    <box label="ball" occluded="0" source="manual" xtl="266.62" ytl="62.88" xbr="336.09" ybr="132.00" z_order="0">
      <attribute name="smudge">false</attribute>
    </box>
  </image>
  <image id="3" name="rc19-experiment/INDOOR/PLAY_FROM_CIRCLE_GOAL_bottom/68767.png" width="640" height="480">
    <box label="ball" occluded="0" source="manual" xtl="292.08" ytl="60.01" xbr="362.44" ybr="124.30" z_order="0">
      <attribute name="smudge">false</attribute>
    </box>
  </image>
  <image id="2" name="rc19-experiment/INDOOR/PLAY_FROM_CIRCLE_GOAL_bottom/68764.png" width="640" height="480">
    <box label="ball" occluded="0" source="manual" xtl="257.41" ytl="14.92" xbr="329.16" ybr="83.10" z_order="0">
      <attribute name="smudge">false</attribute>
    </box>
  </image>
  <image id="1" name="rc19-experiment/INDOOR/PLAY_FROM_CIRCLE_GOAL_bottom/68761.png" width="640" height="480">
    <box label="ball" occluded="0" source="manual" xtl="286.85" ytl="48.03" xbr="354.78" ybr="112.10" z_order="0">
      <attribute name="smudge">false</attribute>
    </box>
  </image>
  <image id="0" name="rc19-experiment/INDOOR/PLAY_FROM_CIRCLE_GOAL_bottom/68758.png" width="640" height="480">
    <box label="ball" occluded="0" source="manual" xtl="266.20" ytl="44.01" xbr="333.98" ybr="110.70" z_order="0">
      <attribute name="smudge">false</attribute>
    </box>
  </image>
</annotations>