<?xml version="1.0" encoding="utf-8"?>
<annotations>
  <version>1.1</version>
  <meta>
    <task>
      <id>36</id>
      <name>RC19Experiments-INDOOR-READY_WEIRD_LOCA_top</name>
      <size>424</size>
      <mode>annotation</mode>
      <overlap>0</overlap>
      <bugtracker></bugtracker>
      <created>2020-04-05 10:35:52.004000+00:00</created>
      <updated>2021-03-14 22:44:30.515157+00:00</updated>
      <start_frame>0</start_frame>
      <stop_frame>423</stop_frame>
      <frame_filter></frame_filter>
      <labels>
        <label>
          <name>ball</name>
          <color>#804080</color>
          <attributes>
            <attribute>
              <name>smudge</name>
              <mutable>False</mutable>
              <input_type>checkbox</input_type>
              <default_value>false</default_value>
              <values>false</values>
            </attribute>
          </attributes>
        </label>
      </labels>
      <segments>
        <segment>
          <id>36</id>
          <start>0</start>
          <stop>423</stop>
          <url>httpball.informatik.hu-berlin.de/?id=36</url>
        </segment>
      </segments>
      <owner>
        <username>nao</username>
        <email></email>
      </owner>
      <assignee></assignee>
    </task>
    <dumped>2021-03-14 22:44:35.043466+00:00</dumped>
  </meta>
  <image id="423" name="rc19-experiment/INDOOR/READY_WEIRD_LOCA_top/7169.png" width="640" height="480">
  </image>
  <image id="422" name="rc19-experiment/INDOOR/READY_WEIRD_LOCA_top/7166.png" width="640" height="480">
  </image>
  <image id="421" name="rc19-experiment/INDOOR/READY_WEIRD_LOCA_top/7162.png" width="640" height="480">
  </image>
  <image id="420" name="rc19-experiment/INDOOR/READY_WEIRD_LOCA_top/7159.png" width="640" height="480">
  </image>
  <image id="419" name="rc19-experiment/INDOOR/READY_WEIRD_LOCA_top/7155.png" width="640" height="480">
  </image>
  <image id="418" name="rc19-experiment/INDOOR/READY_WEIRD_LOCA_top/7151.png" width="640" height="480">
  </image>
  <image id="417" name="rc19-experiment/INDOOR/READY_WEIRD_LOCA_top/7148.png" width="640" height="480">
  </image>
  <image id="416" name="rc19-experiment/INDOOR/READY_WEIRD_LOCA_top/7145.png" width="640" height="480">
  </image>
  <image id="415" name="rc19-experiment/INDOOR/READY_WEIRD_LOCA_top/7142.png" width="640" height="480">
  </image>
  <image id="414" name="rc19-experiment/INDOOR/READY_WEIRD_LOCA_top/7138.png" width="640" height="480">
  </image>
  <image id="413" name="rc19-experiment/INDOOR/READY_WEIRD_LOCA_top/7135.png" width="640" height="480">
  </image>
  <image id="412" name="rc19-experiment/INDOOR/READY_WEIRD_LOCA_top/7131.png" width="640" height="480">
  </image>
  <image id="411" name="rc19-experiment/INDOOR/READY_WEIRD_LOCA_top/7128.png" width="640" height="480">
  </image>
  <image id="410" name="rc19-experiment/INDOOR/READY_WEIRD_LOCA_top/7124.png" width="640" height="480">
  </image>
  <image id="409" name="rc19-experiment/INDOOR/READY_WEIRD_LOCA_top/7121.png" width="640" height="480">
  </image>
  <image id="408" name="rc19-experiment/INDOOR/READY_WEIRD_LOCA_top/7118.png" width="640" height="480">
  </image>
  <image id="407" name="rc19-experiment/INDOOR/READY_WEIRD_LOCA_top/7115.png" width="640" height="480">
  </image>
  <image id="406" name="rc19-experiment/INDOOR/READY_WEIRD_LOCA_top/7111.png" width="640" height="480">
  </image>
  <image id="405" name="rc19-experiment/INDOOR/READY_WEIRD_LOCA_top/7108.png" width="640" height="480">
  </image>
  <image id="404" name="rc19-experiment/INDOOR/READY_WEIRD_LOCA_top/7104.png" width="640" height="480">
  </image>
  <image id="403" name="rc19-experiment/INDOOR/READY_WEIRD_LOCA_top/7101.png" width="640" height="480">
  </image>
  <image id="402" name="rc19-experiment/INDOOR/READY_WEIRD_LOCA_top/7097.png" width="640" height="480">
  </image>
  <image id="401" name="rc19-experiment/INDOOR/READY_WEIRD_LOCA_top/7094.png" width="640" height="480">
  </image>
  <image id="400" name="rc19-experiment/INDOOR/READY_WEIRD_LOCA_top/7090.png" width="640" height="480">
  </image>
  <image id="399" name="rc19-experiment/INDOOR/READY_WEIRD_LOCA_top/7087.png" width="640" height="480">
  </image>
  <image id="398" name="rc19-experiment/INDOOR/READY_WEIRD_LOCA_top/7084.png" width="640" height="480">
  </image>
  <image id="397" name="rc19-experiment/INDOOR/READY_WEIRD_LOCA_top/7081.png" width="640" height="480">
  </image>
  <image id="396" name="rc19-experiment/INDOOR/READY_WEIRD_LOCA_top/7078.png" width="640" height="480">
  </image>
  <image id="395" name="rc19-experiment/INDOOR/READY_WEIRD_LOCA_top/7075.png" width="640" height="480">
  </image>
  <image id="394" name="rc19-experiment/INDOOR/READY_WEIRD_LOCA_top/7072.png" width="640" height="480">
  </image>
  <image id="393" name="rc19-experiment/INDOOR/READY_WEIRD_LOCA_top/7069.png" width="640" height="480">
  </image>
  <image id="392" name="rc19-experiment/INDOOR/READY_WEIRD_LOCA_top/7066.png" width="640" height="480">
  </image>
  <image id="391" name="rc19-experiment/INDOOR/READY_WEIRD_LOCA_top/7062.png" width="640" height="480">
  </image>
  <image id="390" name="rc19-experiment/INDOOR/READY_WEIRD_LOCA_top/7059.png" width="640" height="480">
  </image>
  <image id="389" name="rc19-experiment/INDOOR/READY_WEIRD_LOCA_top/7056.png" width="640" height="480">
  </image>
  <image id="388" name="rc19-experiment/INDOOR/READY_WEIRD_LOCA_top/7053.png" width="640" height="480">
  </image>
  <image id="387" name="rc19-experiment/INDOOR/READY_WEIRD_LOCA_top/7050.png" width="640" height="480">
  </image>
  <image id="386" name="rc19-experiment/INDOOR/READY_WEIRD_LOCA_top/7047.png" width="640" height="480">
  </image>
  <image id="385" name="rc19-experiment/INDOOR/READY_WEIRD_LOCA_top/7044.png" width="640" height="480">
  </image>
  <image id="384" name="rc19-experiment/INDOOR/READY_WEIRD_LOCA_top/7041.png" width="640" height="480">
  </image>
  <image id="383" name="rc19-experiment/INDOOR/READY_WEIRD_LOCA_top/7038.png" width="640" height="480">
  </image>
  <image id="382" name="rc19-experiment/INDOOR/READY_WEIRD_LOCA_top/7035.png" width="640" height="480">
  </image>
  <image id="381" name="rc19-experiment/INDOOR/READY_WEIRD_LOCA_top/7032.png" width="640" height="480">
  </image>
  <image id="380" name="rc19-experiment/INDOOR/READY_WEIRD_LOCA_top/7028.png" width="640" height="480">
  </image>
  <image id="379" name="rc19-experiment/INDOOR/READY_WEIRD_LOCA_top/7025.png" width="640" height="480">
  </image>
  <image id="378" name="rc19-experiment/INDOOR/READY_WEIRD_LOCA_top/7022.png" width="640" height="480">
  </image>
  <image id="377" name="rc19-experiment/INDOOR/READY_WEIRD_LOCA_top/7018.png" width="640" height="480">
  </image>
  <image id="376" name="rc19-experiment/INDOOR/READY_WEIRD_LOCA_top/7014.png" width="640" height="480">
  </image>
  <image id="375" name="rc19-experiment/INDOOR/READY_WEIRD_LOCA_top/7011.png" width="640" height="480">
  </image>
  <image id="374" name="rc19-experiment/INDOOR/READY_WEIRD_LOCA_top/7008.png" width="640" height="480">
  </image>
  <image id="373" name="rc19-experiment/INDOOR/READY_WEIRD_LOCA_top/7005.png" width="640" height="480">
  </image>
  <image id="372" name="rc19-experiment/INDOOR/READY_WEIRD_LOCA_top/7001.png" width="640" height="480">
  </image>
  <image id="371" name="rc19-experiment/INDOOR/READY_WEIRD_LOCA_top/6997.png" width="640" height="480">
  </image>
  <image id="370" name="rc19-experiment/INDOOR/READY_WEIRD_LOCA_top/6994.png" width="640" height="480">
  </image>
  <image id="369" name="rc19-experiment/INDOOR/READY_WEIRD_LOCA_top/6991.png" width="640" height="480">
  </image>
  <image id="368" name="rc19-experiment/INDOOR/READY_WEIRD_LOCA_top/6988.png" width="640" height="480">
  </image>
  <image id="367" name="rc19-experiment/INDOOR/READY_WEIRD_LOCA_top/6984.png" width="640" height="480">
  </image>
  <image id="366" name="rc19-experiment/INDOOR/READY_WEIRD_LOCA_top/6981.png" width="640" height="480">
  </image>
  <image id="365" name="rc19-experiment/INDOOR/READY_WEIRD_LOCA_top/6977.png" width="640" height="480">
  </image>
  <image id="364" name="rc19-experiment/INDOOR/READY_WEIRD_LOCA_top/6974.png" width="640" height="480">
  </image>
  <image id="363" name="rc19-experiment/INDOOR/READY_WEIRD_LOCA_top/6971.png" width="640" height="480">
  </image>
  <image id="362" name="rc19-experiment/INDOOR/READY_WEIRD_LOCA_top/6968.png" width="640" height="480">
  </image>
  <image id="361" name="rc19-experiment/INDOOR/READY_WEIRD_LOCA_top/6964.png" width="640" height="480">
  </image>
  <image id="360" name="rc19-experiment/INDOOR/READY_WEIRD_LOCA_top/6961.png" width="640" height="480">
  </image>
  <image id="359" name="rc19-experiment/INDOOR/READY_WEIRD_LOCA_top/6957.png" width="640" height="480">
  </image>
  <image id="358" name="rc19-experiment/INDOOR/READY_WEIRD_LOCA_top/6953.png" width="640" height="480">
  </image>
  <image id="357" name="rc19-experiment/INDOOR/READY_WEIRD_LOCA_top/6950.png" width="640" height="480">
  </image>
  <image id="356" name="rc19-experiment/INDOOR/READY_WEIRD_LOCA_top/6946.png" width="640" height="480">
  </image>
  <image id="355" name="rc19-experiment/INDOOR/READY_WEIRD_LOCA_top/6943.png" width="640" height="480">
  </image>
  <image id="354" name="rc19-experiment/INDOOR/READY_WEIRD_LOCA_top/6940.png" width="640" height="480">
  </image>
  <image id="353" name="rc19-experiment/INDOOR/READY_WEIRD_LOCA_top/6936.png" width="640" height="480">
  </image>
  <image id="352" name="rc19-experiment/INDOOR/READY_WEIRD_LOCA_top/6932.png" width="640" height="480">
  </image>
  <image id="351" name="rc19-experiment/INDOOR/READY_WEIRD_LOCA_top/6929.png" width="640" height="480">
  </image>
  <image id="350" name="rc19-experiment/INDOOR/READY_WEIRD_LOCA_top/6926.png" width="640" height="480">
  </image>
  <image id="349" name="rc19-experiment/INDOOR/READY_WEIRD_LOCA_top/6922.png" width="640" height="480">
  </image>
  <image id="348" name="rc19-experiment/INDOOR/READY_WEIRD_LOCA_top/6919.png" width="640" height="480">
  </image>
  <image id="347" name="rc19-experiment/INDOOR/READY_WEIRD_LOCA_top/6915.png" width="640" height="480">
  </image>
  <image id="346" name="rc19-experiment/INDOOR/READY_WEIRD_LOCA_top/6912.png" width="640" height="480">
  </image>
  <image id="345" name="rc19-experiment/INDOOR/READY_WEIRD_LOCA_top/6909.png" width="640" height="480">
  </image>
  <image id="344" name="rc19-experiment/INDOOR/READY_WEIRD_LOCA_top/6905.png" width="640" height="480">
  </image>
  <image id="343" name="rc19-experiment/INDOOR/READY_WEIRD_LOCA_top/6902.png" width="640" height="480">
  </image>
  <image id="342" name="rc19-experiment/INDOOR/READY_WEIRD_LOCA_top/6899.png" width="640" height="480">
  </image>
  <image id="341" name="rc19-experiment/INDOOR/READY_WEIRD_LOCA_top/6895.png" width="640" height="480">
  </image>
  <image id="340" name="rc19-experiment/INDOOR/READY_WEIRD_LOCA_top/6892.png" width="640" height="480">
  </image>
  <image id="339" name="rc19-experiment/INDOOR/READY_WEIRD_LOCA_top/6888.png" width="640" height="480">
  </image>
  <image id="338" name="rc19-experiment/INDOOR/READY_WEIRD_LOCA_top/6885.png" width="640" height="480">
  </image>
  <image id="337" name="rc19-experiment/INDOOR/READY_WEIRD_LOCA_top/6882.png" width="640" height="480">
  </image>
  <image id="336" name="rc19-experiment/INDOOR/READY_WEIRD_LOCA_top/6878.png" width="640" height="480">
  </image>
  <image id="335" name="rc19-experiment/INDOOR/READY_WEIRD_LOCA_top/6874.png" width="640" height="480">
  </image>
  <image id="334" name="rc19-experiment/INDOOR/READY_WEIRD_LOCA_top/6871.png" width="640" height="480">
  </image>
  <image id="333" name="rc19-experiment/INDOOR/READY_WEIRD_LOCA_top/6868.png" width="640" height="480">
  </image>
  <image id="332" name="rc19-experiment/INDOOR/READY_WEIRD_LOCA_top/6864.png" width="640" height="480">
  </image>
  <image id="331" name="rc19-experiment/INDOOR/READY_WEIRD_LOCA_top/6861.png" width="640" height="480">
  </image>
  <image id="330" name="rc19-experiment/INDOOR/READY_WEIRD_LOCA_top/6857.png" width="640" height="480">
  </image>
  <image id="329" name="rc19-experiment/INDOOR/READY_WEIRD_LOCA_top/6853.png" width="640" height="480">
  </image>
  <image id="328" name="rc19-experiment/INDOOR/READY_WEIRD_LOCA_top/6850.png" width="640" height="480">
  </image>
  <image id="327" name="rc19-experiment/INDOOR/READY_WEIRD_LOCA_top/6847.png" width="640" height="480">
  </image>
  <image id="326" name="rc19-experiment/INDOOR/READY_WEIRD_LOCA_top/6844.png" width="640" height="480">
  </image>
  <image id="325" name="rc19-experiment/INDOOR/READY_WEIRD_LOCA_top/6840.png" width="640" height="480">
  </image>
  <image id="324" name="rc19-experiment/INDOOR/READY_WEIRD_LOCA_top/6837.png" width="640" height="480">
  </image>
  <image id="323" name="rc19-experiment/INDOOR/READY_WEIRD_LOCA_top/6834.png" width="640" height="480">
  </image>
  <image id="322" name="rc19-experiment/INDOOR/READY_WEIRD_LOCA_top/6830.png" width="640" height="480">
  </image>
  <image id="321" name="rc19-experiment/INDOOR/READY_WEIRD_LOCA_top/6827.png" width="640" height="480">
  </image>
  <image id="320" name="rc19-experiment/INDOOR/READY_WEIRD_LOCA_top/6823.png" width="640" height="480">
  </image>
  <image id="319" name="rc19-experiment/INDOOR/READY_WEIRD_LOCA_top/6820.png" width="640" height="480">
  </image>
  <image id="318" name="rc19-experiment/INDOOR/READY_WEIRD_LOCA_top/6816.png" width="640" height="480">
  </image>
  <image id="317" name="rc19-experiment/INDOOR/READY_WEIRD_LOCA_top/6813.png" width="640" height="480">
  </image>
  <image id="316" name="rc19-experiment/INDOOR/READY_WEIRD_LOCA_top/6810.png" width="640" height="480">
  </image>
  <image id="315" name="rc19-experiment/INDOOR/READY_WEIRD_LOCA_top/6806.png" width="640" height="480">
  </image>
  <image id="314" name="rc19-experiment/INDOOR/READY_WEIRD_LOCA_top/6803.png" width="640" height="480">
  </image>
  <image id="313" name="rc19-experiment/INDOOR/READY_WEIRD_LOCA_top/6800.png" width="640" height="480">
  </image>
  <image id="312" name="rc19-experiment/INDOOR/READY_WEIRD_LOCA_top/6797.png" width="640" height="480">
  </image>
  <image id="311" name="rc19-experiment/INDOOR/READY_WEIRD_LOCA_top/6793.png" width="640" height="480">
  </image>
  <image id="310" name="rc19-experiment/INDOOR/READY_WEIRD_LOCA_top/6790.png" width="640" height="480">
  </image>
  <image id="309" name="rc19-experiment/INDOOR/READY_WEIRD_LOCA_top/6786.png" width="640" height="480">
  </image>
  <image id="308" name="rc19-experiment/INDOOR/READY_WEIRD_LOCA_top/6783.png" width="640" height="480">
  </image>
  <image id="307" name="rc19-experiment/INDOOR/READY_WEIRD_LOCA_top/6779.png" width="640" height="480">
  </image>
  <image id="306" name="rc19-experiment/INDOOR/READY_WEIRD_LOCA_top/6776.png" width="640" height="480">
  </image>
  <image id="305" name="rc19-experiment/INDOOR/READY_WEIRD_LOCA_top/6773.png" width="640" height="480">
  </image>
  <image id="304" name="rc19-experiment/INDOOR/READY_WEIRD_LOCA_top/6769.png" width="640" height="480">
  </image>
  <image id="303" name="rc19-experiment/INDOOR/READY_WEIRD_LOCA_top/6766.png" width="640" height="480">
  </image>
  <image id="302" name="rc19-experiment/INDOOR/READY_WEIRD_LOCA_top/6762.png" width="640" height="480">
  </image>
  <image id="301" name="rc19-experiment/INDOOR/READY_WEIRD_LOCA_top/6758.png" width="640" height="480">
  </image>
  <image id="300" name="rc19-experiment/INDOOR/READY_WEIRD_LOCA_top/6755.png" width="640" height="480">
  </image>
  <image id="299" name="rc19-experiment/INDOOR/READY_WEIRD_LOCA_top/6752.png" width="640" height="480">
  </image>
  <image id="298" name="rc19-experiment/INDOOR/READY_WEIRD_LOCA_top/6749.png" width="640" height="480">
  </image>
  <image id="297" name="rc19-experiment/INDOOR/READY_WEIRD_LOCA_top/6746.png" width="640" height="480">
  </image>
  <image id="296" name="rc19-experiment/INDOOR/READY_WEIRD_LOCA_top/6742.png" width="640" height="480">
  </image>
  <image id="295" name="rc19-experiment/INDOOR/READY_WEIRD_LOCA_top/6739.png" width="640" height="480">
  </image>
  <image id="294" name="rc19-experiment/INDOOR/READY_WEIRD_LOCA_top/6736.png" width="640" height="480">
  </image>
  <image id="293" name="rc19-experiment/INDOOR/READY_WEIRD_LOCA_top/6733.png" width="640" height="480">
  </image>
  <image id="292" name="rc19-experiment/INDOOR/READY_WEIRD_LOCA_top/6730.png" width="640" height="480">
  </image>
  <image id="291" name="rc19-experiment/INDOOR/READY_WEIRD_LOCA_top/6727.png" width="640" height="480">
  </image>
  <image id="290" name="rc19-experiment/INDOOR/READY_WEIRD_LOCA_top/6723.png" width="640" height="480">
  </image>
  <image id="289" name="rc19-experiment/INDOOR/READY_WEIRD_LOCA_top/6720.png" width="640" height="480">
  </image>
  <image id="288" name="rc19-experiment/INDOOR/READY_WEIRD_LOCA_top/6717.png" width="640" height="480">
  </image>
  <image id="287" name="rc19-experiment/INDOOR/READY_WEIRD_LOCA_top/6714.png" width="640" height="480">
  </image>
  <image id="286" name="rc19-experiment/INDOOR/READY_WEIRD_LOCA_top/6710.png" width="640" height="480">
  </image>
  <image id="285" name="rc19-experiment/INDOOR/READY_WEIRD_LOCA_top/6707.png" width="640" height="480">
  </image>
  <image id="284" name="rc19-experiment/INDOOR/READY_WEIRD_LOCA_top/6704.png" width="640" height="480">
  </image>
  <image id="283" name="rc19-experiment/INDOOR/READY_WEIRD_LOCA_top/6701.png" width="640" height="480">
  </image>
  <image id="282" name="rc19-experiment/INDOOR/READY_WEIRD_LOCA_top/6698.png" width="640" height="480">
  </image>
  <image id="281" name="rc19-experiment/INDOOR/READY_WEIRD_LOCA_top/6695.png" width="640" height="480">
  </image>
  <image id="280" name="rc19-experiment/INDOOR/READY_WEIRD_LOCA_top/6691.png" width="640" height="480">
  </image>
  <image id="279" name="rc19-experiment/INDOOR/READY_WEIRD_LOCA_top/6688.png" width="640" height="480">
  </image>
  <image id="278" name="rc19-experiment/INDOOR/READY_WEIRD_LOCA_top/6684.png" width="640" height="480">
  </image>
  <image id="277" name="rc19-experiment/INDOOR/READY_WEIRD_LOCA_top/6681.png" width="640" height="480">
  </image>
  <image id="276" name="rc19-experiment/INDOOR/READY_WEIRD_LOCA_top/6678.png" width="640" height="480">
  </image>
  <image id="275" name="rc19-experiment/INDOOR/READY_WEIRD_LOCA_top/6674.png" width="640" height="480">
  </image>
  <image id="274" name="rc19-experiment/INDOOR/READY_WEIRD_LOCA_top/6671.png" width="640" height="480">
  </image>
  <image id="273" name="rc19-experiment/INDOOR/READY_WEIRD_LOCA_top/6667.png" width="640" height="480">
  </image>
  <image id="272" name="rc19-experiment/INDOOR/READY_WEIRD_LOCA_top/6664.png" width="640" height="480">
  </image>
  <image id="271" name="rc19-experiment/INDOOR/READY_WEIRD_LOCA_top/6660.png" width="640" height="480">
  </image>
  <image id="270" name="rc19-experiment/INDOOR/READY_WEIRD_LOCA_top/6656.png" width="640" height="480">
  </image>
  <image id="269" name="rc19-experiment/INDOOR/READY_WEIRD_LOCA_top/6653.png" width="640" height="480">
  </image>
  <image id="268" name="rc19-experiment/INDOOR/READY_WEIRD_LOCA_top/6650.png" width="640" height="480">
  </image>
  <image id="267" name="rc19-experiment/INDOOR/READY_WEIRD_LOCA_top/6646.png" width="640" height="480">
  </image>
  <image id="266" name="rc19-experiment/INDOOR/READY_WEIRD_LOCA_top/6643.png" width="640" height="480">
  </image>
  <image id="265" name="rc19-experiment/INDOOR/READY_WEIRD_LOCA_top/6639.png" width="640" height="480">
  </image>
  <image id="264" name="rc19-experiment/INDOOR/READY_WEIRD_LOCA_top/6636.png" width="640" height="480">
  </image>
  <image id="263" name="rc19-experiment/INDOOR/READY_WEIRD_LOCA_top/6633.png" width="640" height="480">
  </image>
  <image id="262" name="rc19-experiment/INDOOR/READY_WEIRD_LOCA_top/6629.png" width="640" height="480">
  </image>
  <image id="261" name="rc19-experiment/INDOOR/READY_WEIRD_LOCA_top/6626.png" width="640" height="480">
  </image>
  <image id="260" name="rc19-experiment/INDOOR/READY_WEIRD_LOCA_top/6623.png" width="640" height="480">
  </image>
  <image id="259" name="rc19-experiment/INDOOR/READY_WEIRD_LOCA_top/6619.png" width="640" height="480">
  </image>
  <image id="258" name="rc19-experiment/INDOOR/READY_WEIRD_LOCA_top/6616.png" width="640" height="480">
  </image>
  <image id="257" name="rc19-experiment/INDOOR/READY_WEIRD_LOCA_top/6613.png" width="640" height="480">
  </image>
  <image id="256" name="rc19-experiment/INDOOR/READY_WEIRD_LOCA_top/6610.png" width="640" height="480">
  </image>
  <image id="255" name="rc19-experiment/INDOOR/READY_WEIRD_LOCA_top/6607.png" width="640" height="480">
  </image>
  <image id="254" name="rc19-experiment/INDOOR/READY_WEIRD_LOCA_top/6603.png" width="640" height="480">
  </image>
  <image id="253" name="rc19-experiment/INDOOR/READY_WEIRD_LOCA_top/6600.png" width="640" height="480">
  </image>
  <image id="252" name="rc19-experiment/INDOOR/READY_WEIRD_LOCA_top/6596.png" width="640" height="480">
  </image>
  <image id="251" name="rc19-experiment/INDOOR/READY_WEIRD_LOCA_top/6593.png" width="640" height="480">
  </image>
  <image id="250" name="rc19-experiment/INDOOR/READY_WEIRD_LOCA_top/6589.png" width="640" height="480">
  </image>
  <image id="249" name="rc19-experiment/INDOOR/READY_WEIRD_LOCA_top/6586.png" width="640" height="480">
  </image>
  <image id="248" name="rc19-experiment/INDOOR/READY_WEIRD_LOCA_top/6583.png" width="640" height="480">
  </image>
  <image id="247" name="rc19-experiment/INDOOR/READY_WEIRD_LOCA_top/6580.png" width="640" height="480">
  </image>
  <image id="246" name="rc19-experiment/INDOOR/READY_WEIRD_LOCA_top/6577.png" width="640" height="480">
  </image>
  <image id="245" name="rc19-experiment/INDOOR/READY_WEIRD_LOCA_top/6574.png" width="640" height="480">
  </image>
  <image id="244" name="rc19-experiment/INDOOR/READY_WEIRD_LOCA_top/6571.png" width="640" height="480">
  </image>
  <image id="243" name="rc19-experiment/INDOOR/READY_WEIRD_LOCA_top/6568.png" width="640" height="480">
  </image>
  <image id="242" name="rc19-experiment/INDOOR/READY_WEIRD_LOCA_top/6565.png" width="640" height="480">
  </image>
  <image id="241" name="rc19-experiment/INDOOR/READY_WEIRD_LOCA_top/6561.png" width="640" height="480">
  </image>
  <image id="240" name="rc19-experiment/INDOOR/READY_WEIRD_LOCA_top/6558.png" width="640" height="480">
  </image>
  <image id="239" name="rc19-experiment/INDOOR/READY_WEIRD_LOCA_top/6555.png" width="640" height="480">
  </image>
  <image id="238" name="rc19-experiment/INDOOR/READY_WEIRD_LOCA_top/6551.png" width="640" height="480">
  </image>
  <image id="237" name="rc19-experiment/INDOOR/READY_WEIRD_LOCA_top/6548.png" width="640" height="480">
  </image>
  <image id="236" name="rc19-experiment/INDOOR/READY_WEIRD_LOCA_top/6545.png" width="640" height="480">
  </image>
  <image id="235" name="rc19-experiment/INDOOR/READY_WEIRD_LOCA_top/6541.png" width="640" height="480">
  </image>
  <image id="234" name="rc19-experiment/INDOOR/READY_WEIRD_LOCA_top/6538.png" width="640" height="480">
  </image>
  <image id="233" name="rc19-experiment/INDOOR/READY_WEIRD_LOCA_top/6535.png" width="640" height="480">
  </image>
  <image id="232" name="rc19-experiment/INDOOR/READY_WEIRD_LOCA_top/6531.png" width="640" height="480">
  </image>
  <image id="231" name="rc19-experiment/INDOOR/READY_WEIRD_LOCA_top/6528.png" width="640" height="480">
  </image>
  <image id="230" name="rc19-experiment/INDOOR/READY_WEIRD_LOCA_top/6525.png" width="640" height="480">
  </image>
  <image id="229" name="rc19-experiment/INDOOR/READY_WEIRD_LOCA_top/6522.png" width="640" height="480">
  </image>
  <image id="228" name="rc19-experiment/INDOOR/READY_WEIRD_LOCA_top/6519.png" width="640" height="480">
  </image>
  <image id="227" name="rc19-experiment/INDOOR/READY_WEIRD_LOCA_top/6515.png" width="640" height="480">
  </image>
  <image id="226" name="rc19-experiment/INDOOR/READY_WEIRD_LOCA_top/6512.png" width="640" height="480">
  </image>
  <image id="225" name="rc19-experiment/INDOOR/READY_WEIRD_LOCA_top/6509.png" width="640" height="480">
  </image>
  <image id="224" name="rc19-experiment/INDOOR/READY_WEIRD_LOCA_top/6505.png" width="640" height="480">
  </image>
  <image id="223" name="rc19-experiment/INDOOR/READY_WEIRD_LOCA_top/6502.png" width="640" height="480">
  </image>
  <image id="222" name="rc19-experiment/INDOOR/READY_WEIRD_LOCA_top/6499.png" width="640" height="480">
  </image>
  <image id="221" name="rc19-experiment/INDOOR/READY_WEIRD_LOCA_top/6495.png" width="640" height="480">
  </image>
  <image id="220" name="rc19-experiment/INDOOR/READY_WEIRD_LOCA_top/6492.png" width="640" height="480">
  </image>
  <image id="219" name="rc19-experiment/INDOOR/READY_WEIRD_LOCA_top/6488.png" width="640" height="480">
  </image>
  <image id="218" name="rc19-experiment/INDOOR/READY_WEIRD_LOCA_top/6485.png" width="640" height="480">
  </image>
  <image id="217" name="rc19-experiment/INDOOR/READY_WEIRD_LOCA_top/6482.png" width="640" height="480">
  </image>
  <image id="216" name="rc19-experiment/INDOOR/READY_WEIRD_LOCA_top/6478.png" width="640" height="480">
  </image>
  <image id="215" name="rc19-experiment/INDOOR/READY_WEIRD_LOCA_top/6475.png" width="640" height="480">
  </image>
  <image id="214" name="rc19-experiment/INDOOR/READY_WEIRD_LOCA_top/6471.png" width="640" height="480">
  </image>
  <image id="213" name="rc19-experiment/INDOOR/READY_WEIRD_LOCA_top/6468.png" width="640" height="480">
  </image>
  <image id="212" name="rc19-experiment/INDOOR/READY_WEIRD_LOCA_top/6465.png" width="640" height="480">
  </image>
  <image id="211" name="rc19-experiment/INDOOR/READY_WEIRD_LOCA_top/6461.png" width="640" height="480">
  </image>
  <image id="210" name="rc19-experiment/INDOOR/READY_WEIRD_LOCA_top/6457.png" width="640" height="480">
  </image>
  <image id="209" name="rc19-experiment/INDOOR/READY_WEIRD_LOCA_top/6454.png" width="640" height="480">
  </image>
  <image id="208" name="rc19-experiment/INDOOR/READY_WEIRD_LOCA_top/6450.png" width="640" height="480">
  </image>
  <image id="207" name="rc19-experiment/INDOOR/READY_WEIRD_LOCA_top/6447.png" width="640" height="480">
  </image>
  <image id="206" name="rc19-experiment/INDOOR/READY_WEIRD_LOCA_top/6443.png" width="640" height="480">
  </image>
  <image id="205" name="rc19-experiment/INDOOR/READY_WEIRD_LOCA_top/6440.png" width="640" height="480">
  </image>
  <image id="204" name="rc19-experiment/INDOOR/READY_WEIRD_LOCA_top/6436.png" width="640" height="480">
  </image>
  <image id="203" name="rc19-experiment/INDOOR/READY_WEIRD_LOCA_top/6433.png" width="640" height="480">
  </image>
  <image id="202" name="rc19-experiment/INDOOR/READY_WEIRD_LOCA_top/6430.png" width="640" height="480">
  </image>
  <image id="201" name="rc19-experiment/INDOOR/READY_WEIRD_LOCA_top/6427.png" width="640" height="480">
  </image>
  <image id="200" name="rc19-experiment/INDOOR/READY_WEIRD_LOCA_top/6424.png" width="640" height="480">
  </image>
  <image id="199" name="rc19-experiment/INDOOR/READY_WEIRD_LOCA_top/6420.png" width="640" height="480">
  </image>
  <image id="198" name="rc19-experiment/INDOOR/READY_WEIRD_LOCA_top/6417.png" width="640" height="480">
  </image>
  <image id="197" name="rc19-experiment/INDOOR/READY_WEIRD_LOCA_top/6413.png" width="640" height="480">
  </image>
  <image id="196" name="rc19-experiment/INDOOR/READY_WEIRD_LOCA_top/6410.png" width="640" height="480">
  </image>
  <image id="195" name="rc19-experiment/INDOOR/READY_WEIRD_LOCA_top/6407.png" width="640" height="480">
  </image>
  <image id="194" name="rc19-experiment/INDOOR/READY_WEIRD_LOCA_top/6403.png" width="640" height="480">
  </image>
  <image id="193" name="rc19-experiment/INDOOR/READY_WEIRD_LOCA_top/6400.png" width="640" height="480">
  </image>
  <image id="192" name="rc19-experiment/INDOOR/READY_WEIRD_LOCA_top/6397.png" width="640" height="480">
  </image>
  <image id="191" name="rc19-experiment/INDOOR/READY_WEIRD_LOCA_top/6393.png" width="640" height="480">
  </image>
  <image id="190" name="rc19-experiment/INDOOR/READY_WEIRD_LOCA_top/6390.png" width="640" height="480">
  </image>
  <image id="189" name="rc19-experiment/INDOOR/READY_WEIRD_LOCA_top/6386.png" width="640" height="480">
  </image>
  <image id="188" name="rc19-experiment/INDOOR/READY_WEIRD_LOCA_top/6383.png" width="640" height="480">
  </image>
  <image id="187" name="rc19-experiment/INDOOR/READY_WEIRD_LOCA_top/6379.png" width="640" height="480">
  </image>
  <image id="186" name="rc19-experiment/INDOOR/READY_WEIRD_LOCA_top/6376.png" width="640" height="480">
  </image>
  <image id="185" name="rc19-experiment/INDOOR/READY_WEIRD_LOCA_top/6373.png" width="640" height="480">
  </image>
  <image id="184" name="rc19-experiment/INDOOR/READY_WEIRD_LOCA_top/6370.png" width="640" height="480">
  </image>
  <image id="183" name="rc19-experiment/INDOOR/READY_WEIRD_LOCA_top/6366.png" width="640" height="480">
  </image>
  <image id="182" name="rc19-experiment/INDOOR/READY_WEIRD_LOCA_top/6363.png" width="640" height="480">
  </image>
  <image id="181" name="rc19-experiment/INDOOR/READY_WEIRD_LOCA_top/6359.png" width="640" height="480">
  </image>
  <image id="180" name="rc19-experiment/INDOOR/READY_WEIRD_LOCA_top/6356.png" width="640" height="480">
  </image>
  <image id="179" name="rc19-experiment/INDOOR/READY_WEIRD_LOCA_top/6352.png" width="640" height="480">
  </image>
  <image id="178" name="rc19-experiment/INDOOR/READY_WEIRD_LOCA_top/6348.png" width="640" height="480">
  </image>
  <image id="177" name="rc19-experiment/INDOOR/READY_WEIRD_LOCA_top/6345.png" width="640" height="480">
  </image>
  <image id="176" name="rc19-experiment/INDOOR/READY_WEIRD_LOCA_top/6342.png" width="640" height="480">
  </image>
  <image id="175" name="rc19-experiment/INDOOR/READY_WEIRD_LOCA_top/6338.png" width="640" height="480">
  </image>
  <image id="174" name="rc19-experiment/INDOOR/READY_WEIRD_LOCA_top/6334.png" width="640" height="480">
  </image>
  <image id="173" name="rc19-experiment/INDOOR/READY_WEIRD_LOCA_top/6331.png" width="640" height="480">
  </image>
  <image id="172" name="rc19-experiment/INDOOR/READY_WEIRD_LOCA_top/6328.png" width="640" height="480">
  </image>
  <image id="171" name="rc19-experiment/INDOOR/READY_WEIRD_LOCA_top/6325.png" width="640" height="480">
  </image>
  <image id="170" name="rc19-experiment/INDOOR/READY_WEIRD_LOCA_top/6322.png" width="640" height="480">
  </image>
  <image id="169" name="rc19-experiment/INDOOR/READY_WEIRD_LOCA_top/6318.png" width="640" height="480">
  </image>
  <image id="168" name="rc19-experiment/INDOOR/READY_WEIRD_LOCA_top/6315.png" width="640" height="480">
  </image>
  <image id="167" name="rc19-experiment/INDOOR/READY_WEIRD_LOCA_top/6311.png" width="640" height="480">
  </image>
  <image id="166" name="rc19-experiment/INDOOR/READY_WEIRD_LOCA_top/6308.png" width="640" height="480">
  </image>
  <image id="165" name="rc19-experiment/INDOOR/READY_WEIRD_LOCA_top/6305.png" width="640" height="480">
  </image>
  <image id="164" name="rc19-experiment/INDOOR/READY_WEIRD_LOCA_top/6301.png" width="640" height="480">
  </image>
  <image id="163" name="rc19-experiment/INDOOR/READY_WEIRD_LOCA_top/6298.png" width="640" height="480">
  </image>
  <image id="162" name="rc19-experiment/INDOOR/READY_WEIRD_LOCA_top/6295.png" width="640" height="480">
  </image>
  <image id="161" name="rc19-experiment/INDOOR/READY_WEIRD_LOCA_top/6291.png" width="640" height="480">
  </image>
  <image id="160" name="rc19-experiment/INDOOR/READY_WEIRD_LOCA_top/6288.png" width="640" height="480">
  </image>
  <image id="159" name="rc19-experiment/INDOOR/READY_WEIRD_LOCA_top/6284.png" width="640" height="480">
  </image>
  <image id="158" name="rc19-experiment/INDOOR/READY_WEIRD_LOCA_top/6281.png" width="640" height="480">
  </image>
  <image id="157" name="rc19-experiment/INDOOR/READY_WEIRD_LOCA_top/6278.png" width="640" height="480">
  </image>
  <image id="156" name="rc19-experiment/INDOOR/READY_WEIRD_LOCA_top/6274.png" width="640" height="480">
  </image>
  <image id="155" name="rc19-experiment/INDOOR/READY_WEIRD_LOCA_top/6271.png" width="640" height="480">
  </image>
  <image id="154" name="rc19-experiment/INDOOR/READY_WEIRD_LOCA_top/6267.png" width="640" height="480">
  </image>
  <image id="153" name="rc19-experiment/INDOOR/READY_WEIRD_LOCA_top/6264.png" width="640" height="480">
  </image>
  <image id="152" name="rc19-experiment/INDOOR/READY_WEIRD_LOCA_top/6261.png" width="640" height="480">
  </image>
  <image id="151" name="rc19-experiment/INDOOR/READY_WEIRD_LOCA_top/6257.png" width="640" height="480">
  </image>
  <image id="150" name="rc19-experiment/INDOOR/READY_WEIRD_LOCA_top/6254.png" width="640" height="480">
  </image>
  <image id="149" name="rc19-experiment/INDOOR/READY_WEIRD_LOCA_top/6250.png" width="640" height="480">
  </image>
  <image id="148" name="rc19-experiment/INDOOR/READY_WEIRD_LOCA_top/6247.png" width="640" height="480">
  </image>
  <image id="147" name="rc19-experiment/INDOOR/READY_WEIRD_LOCA_top/6243.png" width="640" height="480">
  </image>
  <image id="146" name="rc19-experiment/INDOOR/READY_WEIRD_LOCA_top/6240.png" width="640" height="480">
  </image>
  <image id="145" name="rc19-experiment/INDOOR/READY_WEIRD_LOCA_top/6236.png" width="640" height="480">
  </image>
  <image id="144" name="rc19-experiment/INDOOR/READY_WEIRD_LOCA_top/6232.png" width="640" height="480">
  </image>
  <image id="143" name="rc19-experiment/INDOOR/READY_WEIRD_LOCA_top/6229.png" width="640" height="480">
  </image>
  <image id="142" name="rc19-experiment/INDOOR/READY_WEIRD_LOCA_top/6226.png" width="640" height="480">
  </image>
  <image id="141" name="rc19-experiment/INDOOR/READY_WEIRD_LOCA_top/6223.png" width="640" height="480">
  </image>
  <image id="140" name="rc19-experiment/INDOOR/READY_WEIRD_LOCA_top/6219.png" width="640" height="480">
  </image>
  <image id="139" name="rc19-experiment/INDOOR/READY_WEIRD_LOCA_top/6216.png" width="640" height="480">
  </image>
  <image id="138" name="rc19-experiment/INDOOR/READY_WEIRD_LOCA_top/6212.png" width="640" height="480">
  </image>
  <image id="137" name="rc19-experiment/INDOOR/READY_WEIRD_LOCA_top/6209.png" width="640" height="480">
  </image>
  <image id="136" name="rc19-experiment/INDOOR/READY_WEIRD_LOCA_top/6206.png" width="640" height="480">
  </image>
  <image id="135" name="rc19-experiment/INDOOR/READY_WEIRD_LOCA_top/6203.png" width="640" height="480">
  </image>
  <image id="134" name="rc19-experiment/INDOOR/READY_WEIRD_LOCA_top/6199.png" width="640" height="480">
  </image>
  <image id="133" name="rc19-experiment/INDOOR/READY_WEIRD_LOCA_top/6196.png" width="640" height="480">
  </image>
  <image id="132" name="rc19-experiment/INDOOR/READY_WEIRD_LOCA_top/6192.png" width="640" height="480">
  </image>
  <image id="131" name="rc19-experiment/INDOOR/READY_WEIRD_LOCA_top/6189.png" width="640" height="480">
  </image>
  <image id="130" name="rc19-experiment/INDOOR/READY_WEIRD_LOCA_top/6186.png" width="640" height="480">
  </image>
  <image id="129" name="rc19-experiment/INDOOR/READY_WEIRD_LOCA_top/6183.png" width="640" height="480">
  </image>
  <image id="128" name="rc19-experiment/INDOOR/READY_WEIRD_LOCA_top/6179.png" width="640" height="480">
  </image>
  <image id="127" name="rc19-experiment/INDOOR/READY_WEIRD_LOCA_top/6175.png" width="640" height="480">
  </image>
  <image id="126" name="rc19-experiment/INDOOR/READY_WEIRD_LOCA_top/6172.png" width="640" height="480">
  </image>
  <image id="125" name="rc19-experiment/INDOOR/READY_WEIRD_LOCA_top/6168.png" width="640" height="480">
  </image>
  <image id="124" name="rc19-experiment/INDOOR/READY_WEIRD_LOCA_top/6165.png" width="640" height="480">
  </image>
  <image id="123" name="rc19-experiment/INDOOR/READY_WEIRD_LOCA_top/6162.png" width="640" height="480">
  </image>
  <image id="122" name="rc19-experiment/INDOOR/READY_WEIRD_LOCA_top/6159.png" width="640" height="480">
  </image>
  <image id="121" name="rc19-experiment/INDOOR/READY_WEIRD_LOCA_top/6155.png" width="640" height="480">
  </image>
  <image id="120" name="rc19-experiment/INDOOR/READY_WEIRD_LOCA_top/6151.png" width="640" height="480">
  </image>
  <image id="119" name="rc19-experiment/INDOOR/READY_WEIRD_LOCA_top/6148.png" width="640" height="480">
  </image>
  <image id="118" name="rc19-experiment/INDOOR/READY_WEIRD_LOCA_top/6145.png" width="640" height="480">
  </image>
  <image id="117" name="rc19-experiment/INDOOR/READY_WEIRD_LOCA_top/6141.png" width="640" height="480">
  </image>
  <image id="116" name="rc19-experiment/INDOOR/READY_WEIRD_LOCA_top/6138.png" width="640" height="480">
  </image>
  <image id="115" name="rc19-experiment/INDOOR/READY_WEIRD_LOCA_top/6135.png" width="640" height="480">
  </image>
  <image id="114" name="rc19-experiment/INDOOR/READY_WEIRD_LOCA_top/6131.png" width="640" height="480">
  </image>
  <image id="113" name="rc19-experiment/INDOOR/READY_WEIRD_LOCA_top/6128.png" width="640" height="480">
  </image>
  <image id="112" name="rc19-experiment/INDOOR/READY_WEIRD_LOCA_top/6125.png" width="640" height="480">
  </image>
  <image id="111" name="rc19-experiment/INDOOR/READY_WEIRD_LOCA_top/6121.png" width="640" height="480">
  </image>
  <image id="110" name="rc19-experiment/INDOOR/READY_WEIRD_LOCA_top/6118.png" width="640" height="480">
  </image>
  <image id="109" name="rc19-experiment/INDOOR/READY_WEIRD_LOCA_top/6114.png" width="640" height="480">
  </image>
  <image id="108" name="rc19-experiment/INDOOR/READY_WEIRD_LOCA_top/6111.png" width="640" height="480">
  </image>
  <image id="107" name="rc19-experiment/INDOOR/READY_WEIRD_LOCA_top/6108.png" width="640" height="480">
  </image>
  <image id="106" name="rc19-experiment/INDOOR/READY_WEIRD_LOCA_top/6104.png" width="640" height="480">
  </image>
  <image id="105" name="rc19-experiment/INDOOR/READY_WEIRD_LOCA_top/6101.png" width="640" height="480">
  </image>
  <image id="104" name="rc19-experiment/INDOOR/READY_WEIRD_LOCA_top/6097.png" width="640" height="480">
  </image>
  <image id="103" name="rc19-experiment/INDOOR/READY_WEIRD_LOCA_top/6094.png" width="640" height="480">
  </image>
  <image id="102" name="rc19-experiment/INDOOR/READY_WEIRD_LOCA_top/6091.png" width="640" height="480">
  </image>
  <image id="101" name="rc19-experiment/INDOOR/READY_WEIRD_LOCA_top/6087.png" width="640" height="480">
  </image>
  <image id="100" name="rc19-experiment/INDOOR/READY_WEIRD_LOCA_top/6084.png" width="640" height="480">
  </image>
  <image id="99" name="rc19-experiment/INDOOR/READY_WEIRD_LOCA_top/6081.png" width="640" height="480">
  </image>
  <image id="98" name="rc19-experiment/INDOOR/READY_WEIRD_LOCA_top/6077.png" width="640" height="480">
  </image>
  <image id="97" name="rc19-experiment/INDOOR/READY_WEIRD_LOCA_top/6074.png" width="640" height="480">
  </image>
  <image id="96" name="rc19-experiment/INDOOR/READY_WEIRD_LOCA_top/6070.png" width="640" height="480">
  </image>
  <image id="95" name="rc19-experiment/INDOOR/READY_WEIRD_LOCA_top/6067.png" width="640" height="480">
  </image>
  <image id="94" name="rc19-experiment/INDOOR/READY_WEIRD_LOCA_top/6063.png" width="640" height="480">
  </image>
  <image id="93" name="rc19-experiment/INDOOR/READY_WEIRD_LOCA_top/6060.png" width="640" height="480">
  </image>
  <image id="92" name="rc19-experiment/INDOOR/READY_WEIRD_LOCA_top/6057.png" width="640" height="480">
  </image>
  <image id="91" name="rc19-experiment/INDOOR/READY_WEIRD_LOCA_top/6054.png" width="640" height="480">
  </image>
  <image id="90" name="rc19-experiment/INDOOR/READY_WEIRD_LOCA_top/6050.png" width="640" height="480">
  </image>
  <image id="89" name="rc19-experiment/INDOOR/READY_WEIRD_LOCA_top/6047.png" width="640" height="480">
  </image>
  <image id="88" name="rc19-experiment/INDOOR/READY_WEIRD_LOCA_top/6043.png" width="640" height="480">
  </image>
  <image id="87" name="rc19-experiment/INDOOR/READY_WEIRD_LOCA_top/6040.png" width="640" height="480">
  </image>
  <image id="86" name="rc19-experiment/INDOOR/READY_WEIRD_LOCA_top/6036.png" width="640" height="480">
  </image>
  <image id="85" name="rc19-experiment/INDOOR/READY_WEIRD_LOCA_top/6032.png" width="640" height="480">
  </image>
  <image id="84" name="rc19-experiment/INDOOR/READY_WEIRD_LOCA_top/6029.png" width="640" height="480">
  </image>
  <image id="83" name="rc19-experiment/INDOOR/READY_WEIRD_LOCA_top/6025.png" width="640" height="480">
  </image>
  <image id="82" name="rc19-experiment/INDOOR/READY_WEIRD_LOCA_top/6022.png" width="640" height="480">
  </image>
  <image id="81" name="rc19-experiment/INDOOR/READY_WEIRD_LOCA_top/6019.png" width="640" height="480">
  </image>
  <image id="80" name="rc19-experiment/INDOOR/READY_WEIRD_LOCA_top/6015.png" width="640" height="480">
  </image>
  <image id="79" name="rc19-experiment/INDOOR/READY_WEIRD_LOCA_top/6012.png" width="640" height="480">
  </image>
  <image id="78" name="rc19-experiment/INDOOR/READY_WEIRD_LOCA_top/6009.png" width="640" height="480">
  </image>
  <image id="77" name="rc19-experiment/INDOOR/READY_WEIRD_LOCA_top/6005.png" width="640" height="480">
  </image>
  <image id="76" name="rc19-experiment/INDOOR/READY_WEIRD_LOCA_top/6002.png" width="640" height="480">
  </image>
  <image id="75" name="rc19-experiment/INDOOR/READY_WEIRD_LOCA_top/5999.png" width="640" height="480">
  </image>
  <image id="74" name="rc19-experiment/INDOOR/READY_WEIRD_LOCA_top/5996.png" width="640" height="480">
  </image>
  <image id="73" name="rc19-experiment/INDOOR/READY_WEIRD_LOCA_top/5992.png" width="640" height="480">
  </image>
  <image id="72" name="rc19-experiment/INDOOR/READY_WEIRD_LOCA_top/5989.png" width="640" height="480">
  </image>
  <image id="71" name="rc19-experiment/INDOOR/READY_WEIRD_LOCA_top/5985.png" width="640" height="480">
  </image>
  <image id="70" name="rc19-experiment/INDOOR/READY_WEIRD_LOCA_top/5982.png" width="640" height="480">
  </image>
  <image id="69" name="rc19-experiment/INDOOR/READY_WEIRD_LOCA_top/5979.png" width="640" height="480">
  </image>
  <image id="68" name="rc19-experiment/INDOOR/READY_WEIRD_LOCA_top/5976.png" width="640" height="480">
  </image>
  <image id="67" name="rc19-experiment/INDOOR/READY_WEIRD_LOCA_top/5972.png" width="640" height="480">
  </image>
  <image id="66" name="rc19-experiment/INDOOR/READY_WEIRD_LOCA_top/5968.png" width="640" height="480">
  </image>
  <image id="65" name="rc19-experiment/INDOOR/READY_WEIRD_LOCA_top/5965.png" width="640" height="480">
  </image>
  <image id="64" name="rc19-experiment/INDOOR/READY_WEIRD_LOCA_top/5961.png" width="640" height="480">
  </image>
  <image id="63" name="rc19-experiment/INDOOR/READY_WEIRD_LOCA_top/5958.png" width="640" height="480">
  </image>
  <image id="62" name="rc19-experiment/INDOOR/READY_WEIRD_LOCA_top/5955.png" width="640" height="480">
  </image>
  <image id="61" name="rc19-experiment/INDOOR/READY_WEIRD_LOCA_top/5951.png" width="640" height="480">
  </image>
  <image id="60" name="rc19-experiment/INDOOR/READY_WEIRD_LOCA_top/5948.png" width="640" height="480">
  </image>
  <image id="59" name="rc19-experiment/INDOOR/READY_WEIRD_LOCA_top/5944.png" width="640" height="480">
  </image>
  <image id="58" name="rc19-experiment/INDOOR/READY_WEIRD_LOCA_top/5941.png" width="640" height="480">
  </image>
  <image id="57" name="rc19-experiment/INDOOR/READY_WEIRD_LOCA_top/5937.png" width="640" height="480">
  </image>
  <image id="56" name="rc19-experiment/INDOOR/READY_WEIRD_LOCA_top/5933.png" width="640" height="480">
  </image>
  <image id="55" name="rc19-experiment/INDOOR/READY_WEIRD_LOCA_top/5929.png" width="640" height="480">
  </image>
  <image id="54" name="rc19-experiment/INDOOR/READY_WEIRD_LOCA_top/5926.png" width="640" height="480">
  </image>
  <image id="53" name="rc19-experiment/INDOOR/READY_WEIRD_LOCA_top/5923.png" width="640" height="480">
  </image>
  <image id="52" name="rc19-experiment/INDOOR/READY_WEIRD_LOCA_top/5920.png" width="640" height="480">
  </image>
  <image id="51" name="rc19-experiment/INDOOR/READY_WEIRD_LOCA_top/5916.png" width="640" height="480">
  </image>
  <image id="50" name="rc19-experiment/INDOOR/READY_WEIRD_LOCA_top/5913.png" width="640" height="480">
  </image>
  <image id="49" name="rc19-experiment/INDOOR/READY_WEIRD_LOCA_top/5910.png" width="640" height="480">
  </image>
  <image id="48" name="rc19-experiment/INDOOR/READY_WEIRD_LOCA_top/5906.png" width="640" height="480">
  </image>
  <image id="47" name="rc19-experiment/INDOOR/READY_WEIRD_LOCA_top/5902.png" width="640" height="480">
  </image>
  <image id="46" name="rc19-experiment/INDOOR/READY_WEIRD_LOCA_top/5899.png" width="640" height="480">
  </image>
  <image id="45" name="rc19-experiment/INDOOR/READY_WEIRD_LOCA_top/5896.png" width="640" height="480">
  </image>
  <image id="44" name="rc19-experiment/INDOOR/READY_WEIRD_LOCA_top/5893.png" width="640" height="480">
  </image>
  <image id="43" name="rc19-experiment/INDOOR/READY_WEIRD_LOCA_top/5890.png" width="640" height="480">
  </image>
  <image id="42" name="rc19-experiment/INDOOR/READY_WEIRD_LOCA_top/5886.png" width="640" height="480">
  </image>
  <image id="41" name="rc19-experiment/INDOOR/READY_WEIRD_LOCA_top/5883.png" width="640" height="480">
  </image>
  <image id="40" name="rc19-experiment/INDOOR/READY_WEIRD_LOCA_top/5879.png" width="640" height="480">
  </image>
  <image id="39" name="rc19-experiment/INDOOR/READY_WEIRD_LOCA_top/5876.png" width="640" height="480">
  </image>
  <image id="38" name="rc19-experiment/INDOOR/READY_WEIRD_LOCA_top/5872.png" width="640" height="480">
  </image>
  <image id="37" name="rc19-experiment/INDOOR/READY_WEIRD_LOCA_top/5869.png" width="640" height="480">
  </image>
  <image id="36" name="rc19-experiment/INDOOR/READY_WEIRD_LOCA_top/5866.png" width="640" height="480">
  </image>
  <image id="35" name="rc19-experiment/INDOOR/READY_WEIRD_LOCA_top/5863.png" width="640" height="480">
  </image>
  <image id="34" name="rc19-experiment/INDOOR/READY_WEIRD_LOCA_top/5859.png" width="640" height="480">
  </image>
  <image id="33" name="rc19-experiment/INDOOR/READY_WEIRD_LOCA_top/5855.png" width="640" height="480">
  </image>
  <image id="32" name="rc19-experiment/INDOOR/READY_WEIRD_LOCA_top/5852.png" width="640" height="480">
  </image>
  <image id="31" name="rc19-experiment/INDOOR/READY_WEIRD_LOCA_top/5849.png" width="640" height="480">
  </image>
  <image id="30" name="rc19-experiment/INDOOR/READY_WEIRD_LOCA_top/5845.png" width="640" height="480">
  </image>
  <image id="29" name="rc19-experiment/INDOOR/READY_WEIRD_LOCA_top/5842.png" width="640" height="480">
  </image>
  <image id="28" name="rc19-experiment/INDOOR/READY_WEIRD_LOCA_top/5839.png" width="640" height="480">
  </image>
  <image id="27" name="rc19-experiment/INDOOR/READY_WEIRD_LOCA_top/5836.png" width="640" height="480">
  </image>
  <image id="26" name="rc19-experiment/INDOOR/READY_WEIRD_LOCA_top/5833.png" width="640" height="480">
  </image>
  <image id="25" name="rc19-experiment/INDOOR/READY_WEIRD_LOCA_top/5830.png" width="640" height="480">
  </image>
  <image id="24" name="rc19-experiment/INDOOR/READY_WEIRD_LOCA_top/5827.png" width="640" height="480">
  </image>
  <image id="23" name="rc19-experiment/INDOOR/READY_WEIRD_LOCA_top/5823.png" width="640" height="480">
  </image>
  <image id="22" name="rc19-experiment/INDOOR/READY_WEIRD_LOCA_top/5820.png" width="640" height="480">
  </image>
  <image id="21" name="rc19-experiment/INDOOR/READY_WEIRD_LOCA_top/5817.png" width="640" height="480">
  </image>
  <image id="20" name="rc19-experiment/INDOOR/READY_WEIRD_LOCA_top/5814.png" width="640" height="480">
  </image>
  <image id="19" name="rc19-experiment/INDOOR/READY_WEIRD_LOCA_top/5811.png" width="640" height="480">
  </image>
  <image id="18" name="rc19-experiment/INDOOR/READY_WEIRD_LOCA_top/5807.png" width="640" height="480">
  </image>
  <image id="17" name="rc19-experiment/INDOOR/READY_WEIRD_LOCA_top/5804.png" width="640" height="480">
  </image>
  <image id="16" name="rc19-experiment/INDOOR/READY_WEIRD_LOCA_top/5801.png" width="640" height="480">
  </image>
  <image id="15" name="rc19-experiment/INDOOR/READY_WEIRD_LOCA_top/5797.png" width="640" height="480">
  </image>
  <image id="14" name="rc19-experiment/INDOOR/READY_WEIRD_LOCA_top/5793.png" width="640" height="480">
  </image>
  <image id="13" name="rc19-experiment/INDOOR/READY_WEIRD_LOCA_top/5790.png" width="640" height="480">
  </image>
  <image id="12" name="rc19-experiment/INDOOR/READY_WEIRD_LOCA_top/5787.png" width="640" height="480">
  </image>
  <image id="11" name="rc19-experiment/INDOOR/READY_WEIRD_LOCA_top/5784.png" width="640" height="480">
  </image>
  <image id="10" name="rc19-experiment/INDOOR/READY_WEIRD_LOCA_top/5780.png" width="640" height="480">
  </image>
  <image id="9" name="rc19-experiment/INDOOR/READY_WEIRD_LOCA_top/5776.png" width="640" height="480">
  </image>
  <image id="8" name="rc19-experiment/INDOOR/READY_WEIRD_LOCA_top/5773.png" width="640" height="480">
  </image>
  <image id="7" name="rc19-experiment/INDOOR/READY_WEIRD_LOCA_top/5770.png" width="640" height="480">
  </image>
  <image id="6" name="rc19-experiment/INDOOR/READY_WEIRD_LOCA_top/5767.png" width="640" height="480">
  </image>
  <image id="5" name="rc19-experiment/INDOOR/READY_WEIRD_LOCA_top/5763.png" width="640" height="480">
  </image>
  <image id="4" name="rc19-experiment/INDOOR/READY_WEIRD_LOCA_top/5760.png" width="640" height="480">
  </image>
  <image id="3" name="rc19-experiment/INDOOR/READY_WEIRD_LOCA_top/5757.png" width="640" height="480">
  </image>
  <image id="2" name="rc19-experiment/INDOOR/READY_WEIRD_LOCA_top/5753.png" width="640" height="480">
  </image>
  <image id="1" name="rc19-experiment/INDOOR/READY_WEIRD_LOCA_top/5750.png" width="640" height="480">
  </image>
  <image id="0" name="rc19-experiment/INDOOR/READY_WEIRD_LOCA_top/5746.png" width="640" height="480">
  </image>
</annotations>