<?xml version="1.0" encoding="utf-8"?>
<annotations>
  <version>1.1</version>
  <meta>
    <task>
      <id>39</id>
      <name>RC19Experiments-INDOOR-READY_OFFSET_LOCA_2_bottom</name>
      <size>424</size>
      <mode>annotation</mode>
      <overlap>0</overlap>
      <bugtracker></bugtracker>
      <created>2020-04-05 10:38:47.658954+00:00</created>
      <updated>2020-04-05 10:38:47.658999+00:00</updated>
      <start_frame>0</start_frame>
      <stop_frame>423</stop_frame>
      <frame_filter></frame_filter>
      <labels>
        <label>
          <name>ball</name>
          <color>#804080</color>
          <attributes>
            <attribute>
              <name>smudge</name>
              <mutable>False</mutable>
              <input_type>checkbox</input_type>
              <default_value>false</default_value>
              <values>false</values>
            </attribute>
          </attributes>
        </label>
      </labels>
      <segments>
        <segment>
          <id>39</id>
          <start>0</start>
          <stop>423</stop>
          <url>httpball.informatik.hu-berlin.de/?id=39</url>
        </segment>
      </segments>
      <owner>
        <username>nao</username>
        <email></email>
      </owner>
      <assignee></assignee>
    </task>
    <dumped>2021-01-20 10:28:29.170325+00:00</dumped>
  </meta>
  <image id="423" name="rc19-experiment/INDOOR/READY_OFFSET_LOCA_2_bottom/26349.png" width="640" height="480">
  </image>
  <image id="422" name="rc19-experiment/INDOOR/READY_OFFSET_LOCA_2_bottom/26346.png" width="640" height="480">
  </image>
  <image id="421" name="rc19-experiment/INDOOR/READY_OFFSET_LOCA_2_bottom/26343.png" width="640" height="480">
  </image>
  <image id="420" name="rc19-experiment/INDOOR/READY_OFFSET_LOCA_2_bottom/26339.png" width="640" height="480">
  </image>
  <image id="419" name="rc19-experiment/INDOOR/READY_OFFSET_LOCA_2_bottom/26335.png" width="640" height="480">
  </image>
  <image id="418" name="rc19-experiment/INDOOR/READY_OFFSET_LOCA_2_bottom/26332.png" width="640" height="480">
  </image>
  <image id="417" name="rc19-experiment/INDOOR/READY_OFFSET_LOCA_2_bottom/26329.png" width="640" height="480">
  </image>
  <image id="416" name="rc19-experiment/INDOOR/READY_OFFSET_LOCA_2_bottom/26326.png" width="640" height="480">
  </image>
  <image id="415" name="rc19-experiment/INDOOR/READY_OFFSET_LOCA_2_bottom/26322.png" width="640" height="480">
  </image>
  <image id="414" name="rc19-experiment/INDOOR/READY_OFFSET_LOCA_2_bottom/26318.png" width="640" height="480">
  </image>
  <image id="413" name="rc19-experiment/INDOOR/READY_OFFSET_LOCA_2_bottom/26315.png" width="640" height="480">
  </image>
  <image id="412" name="rc19-experiment/INDOOR/READY_OFFSET_LOCA_2_bottom/26312.png" width="640" height="480">
  </image>
  <image id="411" name="rc19-experiment/INDOOR/READY_OFFSET_LOCA_2_bottom/26309.png" width="640" height="480">
  </image>
  <image id="410" name="rc19-experiment/INDOOR/READY_OFFSET_LOCA_2_bottom/26305.png" width="640" height="480">
  </image>
  <image id="409" name="rc19-experiment/INDOOR/READY_OFFSET_LOCA_2_bottom/26301.png" width="640" height="480">
  </image>
  <image id="408" name="rc19-experiment/INDOOR/READY_OFFSET_LOCA_2_bottom/26298.png" width="640" height="480">
  </image>
  <image id="407" name="rc19-experiment/INDOOR/READY_OFFSET_LOCA_2_bottom/26295.png" width="640" height="480">
  </image>
  <image id="406" name="rc19-experiment/INDOOR/READY_OFFSET_LOCA_2_bottom/26291.png" width="640" height="480">
  </image>
  <image id="405" name="rc19-experiment/INDOOR/READY_OFFSET_LOCA_2_bottom/26288.png" width="640" height="480">
  </image>
  <image id="404" name="rc19-experiment/INDOOR/READY_OFFSET_LOCA_2_bottom/26285.png" width="640" height="480">
  </image>
  <image id="403" name="rc19-experiment/INDOOR/READY_OFFSET_LOCA_2_bottom/26282.png" width="640" height="480">
  </image>
  <image id="402" name="rc19-experiment/INDOOR/READY_OFFSET_LOCA_2_bottom/26279.png" width="640" height="480">
  </image>
  <image id="401" name="rc19-experiment/INDOOR/READY_OFFSET_LOCA_2_bottom/26275.png" width="640" height="480">
  </image>
  <image id="400" name="rc19-experiment/INDOOR/READY_OFFSET_LOCA_2_bottom/26272.png" width="640" height="480">
  </image>
  <image id="399" name="rc19-experiment/INDOOR/READY_OFFSET_LOCA_2_bottom/26268.png" width="640" height="480">
  </image>
  <image id="398" name="rc19-experiment/INDOOR/READY_OFFSET_LOCA_2_bottom/26265.png" width="640" height="480">
  </image>
  <image id="397" name="rc19-experiment/INDOOR/READY_OFFSET_LOCA_2_bottom/26261.png" width="640" height="480">
  </image>
  <image id="396" name="rc19-experiment/INDOOR/READY_OFFSET_LOCA_2_bottom/26258.png" width="640" height="480">
  </image>
  <image id="395" name="rc19-experiment/INDOOR/READY_OFFSET_LOCA_2_bottom/26255.png" width="640" height="480">
  </image>
  <image id="394" name="rc19-experiment/INDOOR/READY_OFFSET_LOCA_2_bottom/26252.png" width="640" height="480">
  </image>
  <image id="393" name="rc19-experiment/INDOOR/READY_OFFSET_LOCA_2_bottom/26249.png" width="640" height="480">
  </image>
  <image id="392" name="rc19-experiment/INDOOR/READY_OFFSET_LOCA_2_bottom/26246.png" width="640" height="480">
  </image>
  <image id="391" name="rc19-experiment/INDOOR/READY_OFFSET_LOCA_2_bottom/26242.png" width="640" height="480">
  </image>
  <image id="390" name="rc19-experiment/INDOOR/READY_OFFSET_LOCA_2_bottom/26239.png" width="640" height="480">
  </image>
  <image id="389" name="rc19-experiment/INDOOR/READY_OFFSET_LOCA_2_bottom/26235.png" width="640" height="480">
  </image>
  <image id="388" name="rc19-experiment/INDOOR/READY_OFFSET_LOCA_2_bottom/26232.png" width="640" height="480">
  </image>
  <image id="387" name="rc19-experiment/INDOOR/READY_OFFSET_LOCA_2_bottom/26229.png" width="640" height="480">
  </image>
  <image id="386" name="rc19-experiment/INDOOR/READY_OFFSET_LOCA_2_bottom/26225.png" width="640" height="480">
  </image>
  <image id="385" name="rc19-experiment/INDOOR/READY_OFFSET_LOCA_2_bottom/26222.png" width="640" height="480">
  </image>
  <image id="384" name="rc19-experiment/INDOOR/READY_OFFSET_LOCA_2_bottom/26219.png" width="640" height="480">
  </image>
  <image id="383" name="rc19-experiment/INDOOR/READY_OFFSET_LOCA_2_bottom/26216.png" width="640" height="480">
  </image>
  <image id="382" name="rc19-experiment/INDOOR/READY_OFFSET_LOCA_2_bottom/26213.png" width="640" height="480">
  </image>
  <image id="381" name="rc19-experiment/INDOOR/READY_OFFSET_LOCA_2_bottom/26210.png" width="640" height="480">
  </image>
  <image id="380" name="rc19-experiment/INDOOR/READY_OFFSET_LOCA_2_bottom/26207.png" width="640" height="480">
  </image>
  <image id="379" name="rc19-experiment/INDOOR/READY_OFFSET_LOCA_2_bottom/26203.png" width="640" height="480">
  </image>
  <image id="378" name="rc19-experiment/INDOOR/READY_OFFSET_LOCA_2_bottom/26200.png" width="640" height="480">
  </image>
  <image id="377" name="rc19-experiment/INDOOR/READY_OFFSET_LOCA_2_bottom/26197.png" width="640" height="480">
  </image>
  <image id="376" name="rc19-experiment/INDOOR/READY_OFFSET_LOCA_2_bottom/26194.png" width="640" height="480">
  </image>
  <image id="375" name="rc19-experiment/INDOOR/READY_OFFSET_LOCA_2_bottom/26190.png" width="640" height="480">
  </image>
  <image id="374" name="rc19-experiment/INDOOR/READY_OFFSET_LOCA_2_bottom/26187.png" width="640" height="480">
  </image>
  <image id="373" name="rc19-experiment/INDOOR/READY_OFFSET_LOCA_2_bottom/26184.png" width="640" height="480">
  </image>
  <image id="372" name="rc19-experiment/INDOOR/READY_OFFSET_LOCA_2_bottom/26181.png" width="640" height="480">
  </image>
  <image id="371" name="rc19-experiment/INDOOR/READY_OFFSET_LOCA_2_bottom/26178.png" width="640" height="480">
  </image>
  <image id="370" name="rc19-experiment/INDOOR/READY_OFFSET_LOCA_2_bottom/26174.png" width="640" height="480">
  </image>
  <image id="369" name="rc19-experiment/INDOOR/READY_OFFSET_LOCA_2_bottom/26170.png" width="640" height="480">
  </image>
  <image id="368" name="rc19-experiment/INDOOR/READY_OFFSET_LOCA_2_bottom/26167.png" width="640" height="480">
  </image>
  <image id="367" name="rc19-experiment/INDOOR/READY_OFFSET_LOCA_2_bottom/26164.png" width="640" height="480">
  </image>
  <image id="366" name="rc19-experiment/INDOOR/READY_OFFSET_LOCA_2_bottom/26160.png" width="640" height="480">
  </image>
  <image id="365" name="rc19-experiment/INDOOR/READY_OFFSET_LOCA_2_bottom/26157.png" width="640" height="480">
  </image>
  <image id="364" name="rc19-experiment/INDOOR/READY_OFFSET_LOCA_2_bottom/26154.png" width="640" height="480">
  </image>
  <image id="363" name="rc19-experiment/INDOOR/READY_OFFSET_LOCA_2_bottom/26151.png" width="640" height="480">
  </image>
  <image id="362" name="rc19-experiment/INDOOR/READY_OFFSET_LOCA_2_bottom/26147.png" width="640" height="480">
  </image>
  <image id="361" name="rc19-experiment/INDOOR/READY_OFFSET_LOCA_2_bottom/26144.png" width="640" height="480">
  </image>
  <image id="360" name="rc19-experiment/INDOOR/READY_OFFSET_LOCA_2_bottom/26140.png" width="640" height="480">
  </image>
  <image id="359" name="rc19-experiment/INDOOR/READY_OFFSET_LOCA_2_bottom/26137.png" width="640" height="480">
  </image>
  <image id="358" name="rc19-experiment/INDOOR/READY_OFFSET_LOCA_2_bottom/26133.png" width="640" height="480">
  </image>
  <image id="357" name="rc19-experiment/INDOOR/READY_OFFSET_LOCA_2_bottom/26129.png" width="640" height="480">
  </image>
  <image id="356" name="rc19-experiment/INDOOR/READY_OFFSET_LOCA_2_bottom/26126.png" width="640" height="480">
  </image>
  <image id="355" name="rc19-experiment/INDOOR/READY_OFFSET_LOCA_2_bottom/26123.png" width="640" height="480">
  </image>
  <image id="354" name="rc19-experiment/INDOOR/READY_OFFSET_LOCA_2_bottom/26120.png" width="640" height="480">
  </image>
  <image id="353" name="rc19-experiment/INDOOR/READY_OFFSET_LOCA_2_bottom/26117.png" width="640" height="480">
  </image>
  <image id="352" name="rc19-experiment/INDOOR/READY_OFFSET_LOCA_2_bottom/26114.png" width="640" height="480">
  </image>
  <image id="351" name="rc19-experiment/INDOOR/READY_OFFSET_LOCA_2_bottom/26111.png" width="640" height="480">
  </image>
  <image id="350" name="rc19-experiment/INDOOR/READY_OFFSET_LOCA_2_bottom/26108.png" width="640" height="480">
  </image>
  <image id="349" name="rc19-experiment/INDOOR/READY_OFFSET_LOCA_2_bottom/26105.png" width="640" height="480">
  </image>
  <image id="348" name="rc19-experiment/INDOOR/READY_OFFSET_LOCA_2_bottom/26101.png" width="640" height="480">
  </image>
  <image id="347" name="rc19-experiment/INDOOR/READY_OFFSET_LOCA_2_bottom/26098.png" width="640" height="480">
  </image>
  <image id="346" name="rc19-experiment/INDOOR/READY_OFFSET_LOCA_2_bottom/26095.png" width="640" height="480">
  </image>
  <image id="345" name="rc19-experiment/INDOOR/READY_OFFSET_LOCA_2_bottom/26092.png" width="640" height="480">
  </image>
  <image id="344" name="rc19-experiment/INDOOR/READY_OFFSET_LOCA_2_bottom/26089.png" width="640" height="480">
  </image>
  <image id="343" name="rc19-experiment/INDOOR/READY_OFFSET_LOCA_2_bottom/26085.png" width="640" height="480">
  </image>
  <image id="342" name="rc19-experiment/INDOOR/READY_OFFSET_LOCA_2_bottom/26082.png" width="640" height="480">
  </image>
  <image id="341" name="rc19-experiment/INDOOR/READY_OFFSET_LOCA_2_bottom/26078.png" width="640" height="480">
  </image>
  <image id="340" name="rc19-experiment/INDOOR/READY_OFFSET_LOCA_2_bottom/26075.png" width="640" height="480">
  </image>
  <image id="339" name="rc19-experiment/INDOOR/READY_OFFSET_LOCA_2_bottom/26071.png" width="640" height="480">
  </image>
  <image id="338" name="rc19-experiment/INDOOR/READY_OFFSET_LOCA_2_bottom/26068.png" width="640" height="480">
  </image>
  <image id="337" name="rc19-experiment/INDOOR/READY_OFFSET_LOCA_2_bottom/26064.png" width="640" height="480">
  </image>
  <image id="336" name="rc19-experiment/INDOOR/READY_OFFSET_LOCA_2_bottom/26061.png" width="640" height="480">
  </image>
  <image id="335" name="rc19-experiment/INDOOR/READY_OFFSET_LOCA_2_bottom/26058.png" width="640" height="480">
  </image>
  <image id="334" name="rc19-experiment/INDOOR/READY_OFFSET_LOCA_2_bottom/26054.png" width="640" height="480">
  </image>
  <image id="333" name="rc19-experiment/INDOOR/READY_OFFSET_LOCA_2_bottom/26050.png" width="640" height="480">
  </image>
  <image id="332" name="rc19-experiment/INDOOR/READY_OFFSET_LOCA_2_bottom/26047.png" width="640" height="480">
  </image>
  <image id="331" name="rc19-experiment/INDOOR/READY_OFFSET_LOCA_2_bottom/26044.png" width="640" height="480">
  </image>
  <image id="330" name="rc19-experiment/INDOOR/READY_OFFSET_LOCA_2_bottom/26040.png" width="640" height="480">
  </image>
  <image id="329" name="rc19-experiment/INDOOR/READY_OFFSET_LOCA_2_bottom/26037.png" width="640" height="480">
  </image>
  <image id="328" name="rc19-experiment/INDOOR/READY_OFFSET_LOCA_2_bottom/26033.png" width="640" height="480">
  </image>
  <image id="327" name="rc19-experiment/INDOOR/READY_OFFSET_LOCA_2_bottom/26030.png" width="640" height="480">
  </image>
  <image id="326" name="rc19-experiment/INDOOR/READY_OFFSET_LOCA_2_bottom/26027.png" width="640" height="480">
  </image>
  <image id="325" name="rc19-experiment/INDOOR/READY_OFFSET_LOCA_2_bottom/26023.png" width="640" height="480">
  </image>
  <image id="324" name="rc19-experiment/INDOOR/READY_OFFSET_LOCA_2_bottom/26020.png" width="640" height="480">
  </image>
  <image id="323" name="rc19-experiment/INDOOR/READY_OFFSET_LOCA_2_bottom/26016.png" width="640" height="480">
  </image>
  <image id="322" name="rc19-experiment/INDOOR/READY_OFFSET_LOCA_2_bottom/26012.png" width="640" height="480">
  </image>
  <image id="321" name="rc19-experiment/INDOOR/READY_OFFSET_LOCA_2_bottom/26009.png" width="640" height="480">
  </image>
  <image id="320" name="rc19-experiment/INDOOR/READY_OFFSET_LOCA_2_bottom/26006.png" width="640" height="480">
  </image>
  <image id="319" name="rc19-experiment/INDOOR/READY_OFFSET_LOCA_2_bottom/26003.png" width="640" height="480">
  </image>
  <image id="318" name="rc19-experiment/INDOOR/READY_OFFSET_LOCA_2_bottom/25999.png" width="640" height="480">
  </image>
  <image id="317" name="rc19-experiment/INDOOR/READY_OFFSET_LOCA_2_bottom/25996.png" width="640" height="480">
  </image>
  <image id="316" name="rc19-experiment/INDOOR/READY_OFFSET_LOCA_2_bottom/25992.png" width="640" height="480">
  </image>
  <image id="315" name="rc19-experiment/INDOOR/READY_OFFSET_LOCA_2_bottom/25989.png" width="640" height="480">
  </image>
  <image id="314" name="rc19-experiment/INDOOR/READY_OFFSET_LOCA_2_bottom/25985.png" width="640" height="480">
  </image>
  <image id="313" name="rc19-experiment/INDOOR/READY_OFFSET_LOCA_2_bottom/25982.png" width="640" height="480">
  </image>
  <image id="312" name="rc19-experiment/INDOOR/READY_OFFSET_LOCA_2_bottom/25978.png" width="640" height="480">
  </image>
  <image id="311" name="rc19-experiment/INDOOR/READY_OFFSET_LOCA_2_bottom/25975.png" width="640" height="480">
  </image>
  <image id="310" name="rc19-experiment/INDOOR/READY_OFFSET_LOCA_2_bottom/25972.png" width="640" height="480">
  </image>
  <image id="309" name="rc19-experiment/INDOOR/READY_OFFSET_LOCA_2_bottom/25968.png" width="640" height="480">
  </image>
  <image id="308" name="rc19-experiment/INDOOR/READY_OFFSET_LOCA_2_bottom/25965.png" width="640" height="480">
  </image>
  <image id="307" name="rc19-experiment/INDOOR/READY_OFFSET_LOCA_2_bottom/25961.png" width="640" height="480">
  </image>
  <image id="306" name="rc19-experiment/INDOOR/READY_OFFSET_LOCA_2_bottom/25958.png" width="640" height="480">
  </image>
  <image id="305" name="rc19-experiment/INDOOR/READY_OFFSET_LOCA_2_bottom/25954.png" width="640" height="480">
  </image>
  <image id="304" name="rc19-experiment/INDOOR/READY_OFFSET_LOCA_2_bottom/25951.png" width="640" height="480">
  </image>
  <image id="303" name="rc19-experiment/INDOOR/READY_OFFSET_LOCA_2_bottom/25947.png" width="640" height="480">
  </image>
  <image id="302" name="rc19-experiment/INDOOR/READY_OFFSET_LOCA_2_bottom/25944.png" width="640" height="480">
  </image>
  <image id="301" name="rc19-experiment/INDOOR/READY_OFFSET_LOCA_2_bottom/25941.png" width="640" height="480">
  </image>
  <image id="300" name="rc19-experiment/INDOOR/READY_OFFSET_LOCA_2_bottom/25937.png" width="640" height="480">
  </image>
  <image id="299" name="rc19-experiment/INDOOR/READY_OFFSET_LOCA_2_bottom/25933.png" width="640" height="480">
  </image>
  <image id="298" name="rc19-experiment/INDOOR/READY_OFFSET_LOCA_2_bottom/25930.png" width="640" height="480">
  </image>
  <image id="297" name="rc19-experiment/INDOOR/READY_OFFSET_LOCA_2_bottom/25927.png" width="640" height="480">
  </image>
  <image id="296" name="rc19-experiment/INDOOR/READY_OFFSET_LOCA_2_bottom/25924.png" width="640" height="480">
  </image>
  <image id="295" name="rc19-experiment/INDOOR/READY_OFFSET_LOCA_2_bottom/25921.png" width="640" height="480">
  </image>
  <image id="294" name="rc19-experiment/INDOOR/READY_OFFSET_LOCA_2_bottom/25917.png" width="640" height="480">
  </image>
  <image id="293" name="rc19-experiment/INDOOR/READY_OFFSET_LOCA_2_bottom/25913.png" width="640" height="480">
  </image>
  <image id="292" name="rc19-experiment/INDOOR/READY_OFFSET_LOCA_2_bottom/25910.png" width="640" height="480">
  </image>
  <image id="291" name="rc19-experiment/INDOOR/READY_OFFSET_LOCA_2_bottom/25906.png" width="640" height="480">
  </image>
  <image id="290" name="rc19-experiment/INDOOR/READY_OFFSET_LOCA_2_bottom/25903.png" width="640" height="480">
  </image>
  <image id="289" name="rc19-experiment/INDOOR/READY_OFFSET_LOCA_2_bottom/25899.png" width="640" height="480">
  </image>
  <image id="288" name="rc19-experiment/INDOOR/READY_OFFSET_LOCA_2_bottom/25896.png" width="640" height="480">
  </image>
  <image id="287" name="rc19-experiment/INDOOR/READY_OFFSET_LOCA_2_bottom/25893.png" width="640" height="480">
  </image>
  <image id="286" name="rc19-experiment/INDOOR/READY_OFFSET_LOCA_2_bottom/25889.png" width="640" height="480">
  </image>
  <image id="285" name="rc19-experiment/INDOOR/READY_OFFSET_LOCA_2_bottom/25886.png" width="640" height="480">
  </image>
  <image id="284" name="rc19-experiment/INDOOR/READY_OFFSET_LOCA_2_bottom/25883.png" width="640" height="480">
  </image>
  <image id="283" name="rc19-experiment/INDOOR/READY_OFFSET_LOCA_2_bottom/25879.png" width="640" height="480">
  </image>
  <image id="282" name="rc19-experiment/INDOOR/READY_OFFSET_LOCA_2_bottom/25876.png" width="640" height="480">
  </image>
  <image id="281" name="rc19-experiment/INDOOR/READY_OFFSET_LOCA_2_bottom/25872.png" width="640" height="480">
  </image>
  <image id="280" name="rc19-experiment/INDOOR/READY_OFFSET_LOCA_2_bottom/25869.png" width="640" height="480">
  </image>
  <image id="279" name="rc19-experiment/INDOOR/READY_OFFSET_LOCA_2_bottom/25865.png" width="640" height="480">
  </image>
  <image id="278" name="rc19-experiment/INDOOR/READY_OFFSET_LOCA_2_bottom/25862.png" width="640" height="480">
  </image>
  <image id="277" name="rc19-experiment/INDOOR/READY_OFFSET_LOCA_2_bottom/25858.png" width="640" height="480">
  </image>
  <image id="276" name="rc19-experiment/INDOOR/READY_OFFSET_LOCA_2_bottom/25855.png" width="640" height="480">
  </image>
  <image id="275" name="rc19-experiment/INDOOR/READY_OFFSET_LOCA_2_bottom/25852.png" width="640" height="480">
  </image>
  <image id="274" name="rc19-experiment/INDOOR/READY_OFFSET_LOCA_2_bottom/25849.png" width="640" height="480">
  </image>
  <image id="273" name="rc19-experiment/INDOOR/READY_OFFSET_LOCA_2_bottom/25846.png" width="640" height="480">
  </image>
  <image id="272" name="rc19-experiment/INDOOR/READY_OFFSET_LOCA_2_bottom/25843.png" width="640" height="480">
  </image>
  <image id="271" name="rc19-experiment/INDOOR/READY_OFFSET_LOCA_2_bottom/25839.png" width="640" height="480">
  </image>
  <image id="270" name="rc19-experiment/INDOOR/READY_OFFSET_LOCA_2_bottom/25836.png" width="640" height="480">
  </image>
  <image id="269" name="rc19-experiment/INDOOR/READY_OFFSET_LOCA_2_bottom/25833.png" width="640" height="480">
  </image>
  <image id="268" name="rc19-experiment/INDOOR/READY_OFFSET_LOCA_2_bottom/25830.png" width="640" height="480">
  </image>
  <image id="267" name="rc19-experiment/INDOOR/READY_OFFSET_LOCA_2_bottom/25827.png" width="640" height="480">
  </image>
  <image id="266" name="rc19-experiment/INDOOR/READY_OFFSET_LOCA_2_bottom/25823.png" width="640" height="480">
  </image>
  <image id="265" name="rc19-experiment/INDOOR/READY_OFFSET_LOCA_2_bottom/25820.png" width="640" height="480">
  </image>
  <image id="264" name="rc19-experiment/INDOOR/READY_OFFSET_LOCA_2_bottom/25817.png" width="640" height="480">
  </image>
  <image id="263" name="rc19-experiment/INDOOR/READY_OFFSET_LOCA_2_bottom/25814.png" width="640" height="480">
  </image>
  <image id="262" name="rc19-experiment/INDOOR/READY_OFFSET_LOCA_2_bottom/25810.png" width="640" height="480">
  </image>
  <image id="261" name="rc19-experiment/INDOOR/READY_OFFSET_LOCA_2_bottom/25806.png" width="640" height="480">
  </image>
  <image id="260" name="rc19-experiment/INDOOR/READY_OFFSET_LOCA_2_bottom/25803.png" width="640" height="480">
  </image>
  <image id="259" name="rc19-experiment/INDOOR/READY_OFFSET_LOCA_2_bottom/25800.png" width="640" height="480">
  </image>
  <image id="258" name="rc19-experiment/INDOOR/READY_OFFSET_LOCA_2_bottom/25796.png" width="640" height="480">
  </image>
  <image id="257" name="rc19-experiment/INDOOR/READY_OFFSET_LOCA_2_bottom/25793.png" width="640" height="480">
  </image>
  <image id="256" name="rc19-experiment/INDOOR/READY_OFFSET_LOCA_2_bottom/25790.png" width="640" height="480">
  </image>
  <image id="255" name="rc19-experiment/INDOOR/READY_OFFSET_LOCA_2_bottom/25786.png" width="640" height="480">
  </image>
  <image id="254" name="rc19-experiment/INDOOR/READY_OFFSET_LOCA_2_bottom/25783.png" width="640" height="480">
  </image>
  <image id="253" name="rc19-experiment/INDOOR/READY_OFFSET_LOCA_2_bottom/25780.png" width="640" height="480">
  </image>
  <image id="252" name="rc19-experiment/INDOOR/READY_OFFSET_LOCA_2_bottom/25776.png" width="640" height="480">
  </image>
  <image id="251" name="rc19-experiment/INDOOR/READY_OFFSET_LOCA_2_bottom/25773.png" width="640" height="480">
  </image>
  <image id="250" name="rc19-experiment/INDOOR/READY_OFFSET_LOCA_2_bottom/25770.png" width="640" height="480">
  </image>
  <image id="249" name="rc19-experiment/INDOOR/READY_OFFSET_LOCA_2_bottom/25766.png" width="640" height="480">
  </image>
  <image id="248" name="rc19-experiment/INDOOR/READY_OFFSET_LOCA_2_bottom/25762.png" width="640" height="480">
  </image>
  <image id="247" name="rc19-experiment/INDOOR/READY_OFFSET_LOCA_2_bottom/25759.png" width="640" height="480">
  </image>
  <image id="246" name="rc19-experiment/INDOOR/READY_OFFSET_LOCA_2_bottom/25755.png" width="640" height="480">
  </image>
  <image id="245" name="rc19-experiment/INDOOR/READY_OFFSET_LOCA_2_bottom/25752.png" width="640" height="480">
  </image>
  <image id="244" name="rc19-experiment/INDOOR/READY_OFFSET_LOCA_2_bottom/25749.png" width="640" height="480">
  </image>
  <image id="243" name="rc19-experiment/INDOOR/READY_OFFSET_LOCA_2_bottom/25745.png" width="640" height="480">
  </image>
  <image id="242" name="rc19-experiment/INDOOR/READY_OFFSET_LOCA_2_bottom/25742.png" width="640" height="480">
  </image>
  <image id="241" name="rc19-experiment/INDOOR/READY_OFFSET_LOCA_2_bottom/25738.png" width="640" height="480">
  </image>
  <image id="240" name="rc19-experiment/INDOOR/READY_OFFSET_LOCA_2_bottom/25735.png" width="640" height="480">
  </image>
  <image id="239" name="rc19-experiment/INDOOR/READY_OFFSET_LOCA_2_bottom/25731.png" width="640" height="480">
  </image>
  <image id="238" name="rc19-experiment/INDOOR/READY_OFFSET_LOCA_2_bottom/25728.png" width="640" height="480">
  </image>
  <image id="237" name="rc19-experiment/INDOOR/READY_OFFSET_LOCA_2_bottom/25724.png" width="640" height="480">
  </image>
  <image id="236" name="rc19-experiment/INDOOR/READY_OFFSET_LOCA_2_bottom/25721.png" width="640" height="480">
  </image>
  <image id="235" name="rc19-experiment/INDOOR/READY_OFFSET_LOCA_2_bottom/25717.png" width="640" height="480">
  </image>
  <image id="234" name="rc19-experiment/INDOOR/READY_OFFSET_LOCA_2_bottom/25714.png" width="640" height="480">
  </image>
  <image id="233" name="rc19-experiment/INDOOR/READY_OFFSET_LOCA_2_bottom/25710.png" width="640" height="480">
  </image>
  <image id="232" name="rc19-experiment/INDOOR/READY_OFFSET_LOCA_2_bottom/25707.png" width="640" height="480">
  </image>
  <image id="231" name="rc19-experiment/INDOOR/READY_OFFSET_LOCA_2_bottom/25703.png" width="640" height="480">
  </image>
  <image id="230" name="rc19-experiment/INDOOR/READY_OFFSET_LOCA_2_bottom/25700.png" width="640" height="480">
  </image>
  <image id="229" name="rc19-experiment/INDOOR/READY_OFFSET_LOCA_2_bottom/25696.png" width="640" height="480">
  </image>
  <image id="228" name="rc19-experiment/INDOOR/READY_OFFSET_LOCA_2_bottom/25693.png" width="640" height="480">
  </image>
  <image id="227" name="rc19-experiment/INDOOR/READY_OFFSET_LOCA_2_bottom/25690.png" width="640" height="480">
  </image>
  <image id="226" name="rc19-experiment/INDOOR/READY_OFFSET_LOCA_2_bottom/25687.png" width="640" height="480">
  </image>
  <image id="225" name="rc19-experiment/INDOOR/READY_OFFSET_LOCA_2_bottom/25683.png" width="640" height="480">
  </image>
  <image id="224" name="rc19-experiment/INDOOR/READY_OFFSET_LOCA_2_bottom/25680.png" width="640" height="480">
  </image>
  <image id="223" name="rc19-experiment/INDOOR/READY_OFFSET_LOCA_2_bottom/25676.png" width="640" height="480">
  </image>
  <image id="222" name="rc19-experiment/INDOOR/READY_OFFSET_LOCA_2_bottom/25673.png" width="640" height="480">
  </image>
  <image id="221" name="rc19-experiment/INDOOR/READY_OFFSET_LOCA_2_bottom/25670.png" width="640" height="480">
  </image>
  <image id="220" name="rc19-experiment/INDOOR/READY_OFFSET_LOCA_2_bottom/25666.png" width="640" height="480">
  </image>
  <image id="219" name="rc19-experiment/INDOOR/READY_OFFSET_LOCA_2_bottom/25663.png" width="640" height="480">
  </image>
  <image id="218" name="rc19-experiment/INDOOR/READY_OFFSET_LOCA_2_bottom/25659.png" width="640" height="480">
  </image>
  <image id="217" name="rc19-experiment/INDOOR/READY_OFFSET_LOCA_2_bottom/25656.png" width="640" height="480">
  </image>
  <image id="216" name="rc19-experiment/INDOOR/READY_OFFSET_LOCA_2_bottom/25652.png" width="640" height="480">
  </image>
  <image id="215" name="rc19-experiment/INDOOR/READY_OFFSET_LOCA_2_bottom/25649.png" width="640" height="480">
  </image>
  <image id="214" name="rc19-experiment/INDOOR/READY_OFFSET_LOCA_2_bottom/25646.png" width="640" height="480">
  </image>
  <image id="213" name="rc19-experiment/INDOOR/READY_OFFSET_LOCA_2_bottom/25642.png" width="640" height="480">
  </image>
  <image id="212" name="rc19-experiment/INDOOR/READY_OFFSET_LOCA_2_bottom/25638.png" width="640" height="480">
  </image>
  <image id="211" name="rc19-experiment/INDOOR/READY_OFFSET_LOCA_2_bottom/25635.png" width="640" height="480">
  </image>
  <image id="210" name="rc19-experiment/INDOOR/READY_OFFSET_LOCA_2_bottom/25632.png" width="640" height="480">
  </image>
  <image id="209" name="rc19-experiment/INDOOR/READY_OFFSET_LOCA_2_bottom/25629.png" width="640" height="480">
  </image>
  <image id="208" name="rc19-experiment/INDOOR/READY_OFFSET_LOCA_2_bottom/25625.png" width="640" height="480">
  </image>
  <image id="207" name="rc19-experiment/INDOOR/READY_OFFSET_LOCA_2_bottom/25622.png" width="640" height="480">
  </image>
  <image id="206" name="rc19-experiment/INDOOR/READY_OFFSET_LOCA_2_bottom/25619.png" width="640" height="480">
  </image>
  <image id="205" name="rc19-experiment/INDOOR/READY_OFFSET_LOCA_2_bottom/25615.png" width="640" height="480">
  </image>
  <image id="204" name="rc19-experiment/INDOOR/READY_OFFSET_LOCA_2_bottom/25611.png" width="640" height="480">
  </image>
  <image id="203" name="rc19-experiment/INDOOR/READY_OFFSET_LOCA_2_bottom/25607.png" width="640" height="480">
  </image>
  <image id="202" name="rc19-experiment/INDOOR/READY_OFFSET_LOCA_2_bottom/25604.png" width="640" height="480">
  </image>
  <image id="201" name="rc19-experiment/INDOOR/READY_OFFSET_LOCA_2_bottom/25601.png" width="640" height="480">
  </image>
  <image id="200" name="rc19-experiment/INDOOR/READY_OFFSET_LOCA_2_bottom/25597.png" width="640" height="480">
  </image>
  <image id="199" name="rc19-experiment/INDOOR/READY_OFFSET_LOCA_2_bottom/25594.png" width="640" height="480">
  </image>
  <image id="198" name="rc19-experiment/INDOOR/READY_OFFSET_LOCA_2_bottom/25590.png" width="640" height="480">
  </image>
  <image id="197" name="rc19-experiment/INDOOR/READY_OFFSET_LOCA_2_bottom/25587.png" width="640" height="480">
  </image>
  <image id="196" name="rc19-experiment/INDOOR/READY_OFFSET_LOCA_2_bottom/25583.png" width="640" height="480">
  </image>
  <image id="195" name="rc19-experiment/INDOOR/READY_OFFSET_LOCA_2_bottom/25580.png" width="640" height="480">
  </image>
  <image id="194" name="rc19-experiment/INDOOR/READY_OFFSET_LOCA_2_bottom/25577.png" width="640" height="480">
  </image>
  <image id="193" name="rc19-experiment/INDOOR/READY_OFFSET_LOCA_2_bottom/25574.png" width="640" height="480">
  </image>
  <image id="192" name="rc19-experiment/INDOOR/READY_OFFSET_LOCA_2_bottom/25570.png" width="640" height="480">
  </image>
  <image id="191" name="rc19-experiment/INDOOR/READY_OFFSET_LOCA_2_bottom/25567.png" width="640" height="480">
  </image>
  <image id="190" name="rc19-experiment/INDOOR/READY_OFFSET_LOCA_2_bottom/25563.png" width="640" height="480">
  </image>
  <image id="189" name="rc19-experiment/INDOOR/READY_OFFSET_LOCA_2_bottom/25559.png" width="640" height="480">
  </image>
  <image id="188" name="rc19-experiment/INDOOR/READY_OFFSET_LOCA_2_bottom/25556.png" width="640" height="480">
  </image>
  <image id="187" name="rc19-experiment/INDOOR/READY_OFFSET_LOCA_2_bottom/25553.png" width="640" height="480">
  </image>
  <image id="186" name="rc19-experiment/INDOOR/READY_OFFSET_LOCA_2_bottom/25550.png" width="640" height="480">
  </image>
  <image id="185" name="rc19-experiment/INDOOR/READY_OFFSET_LOCA_2_bottom/25547.png" width="640" height="480">
  </image>
  <image id="184" name="rc19-experiment/INDOOR/READY_OFFSET_LOCA_2_bottom/25544.png" width="640" height="480">
  </image>
  <image id="183" name="rc19-experiment/INDOOR/READY_OFFSET_LOCA_2_bottom/25541.png" width="640" height="480">
  </image>
  <image id="182" name="rc19-experiment/INDOOR/READY_OFFSET_LOCA_2_bottom/25537.png" width="640" height="480">
  </image>
  <image id="181" name="rc19-experiment/INDOOR/READY_OFFSET_LOCA_2_bottom/25534.png" width="640" height="480">
  </image>
  <image id="180" name="rc19-experiment/INDOOR/READY_OFFSET_LOCA_2_bottom/25531.png" width="640" height="480">
  </image>
  <image id="179" name="rc19-experiment/INDOOR/READY_OFFSET_LOCA_2_bottom/25528.png" width="640" height="480">
  </image>
  <image id="178" name="rc19-experiment/INDOOR/READY_OFFSET_LOCA_2_bottom/25525.png" width="640" height="480">
  </image>
  <image id="177" name="rc19-experiment/INDOOR/READY_OFFSET_LOCA_2_bottom/25521.png" width="640" height="480">
  </image>
  <image id="176" name="rc19-experiment/INDOOR/READY_OFFSET_LOCA_2_bottom/25517.png" width="640" height="480">
  </image>
  <image id="175" name="rc19-experiment/INDOOR/READY_OFFSET_LOCA_2_bottom/25514.png" width="640" height="480">
  </image>
  <image id="174" name="rc19-experiment/INDOOR/READY_OFFSET_LOCA_2_bottom/25511.png" width="640" height="480">
  </image>
  <image id="173" name="rc19-experiment/INDOOR/READY_OFFSET_LOCA_2_bottom/25508.png" width="640" height="480">
  </image>
  <image id="172" name="rc19-experiment/INDOOR/READY_OFFSET_LOCA_2_bottom/25504.png" width="640" height="480">
  </image>
  <image id="171" name="rc19-experiment/INDOOR/READY_OFFSET_LOCA_2_bottom/25501.png" width="640" height="480">
  </image>
  <image id="170" name="rc19-experiment/INDOOR/READY_OFFSET_LOCA_2_bottom/25498.png" width="640" height="480">
  </image>
  <image id="169" name="rc19-experiment/INDOOR/READY_OFFSET_LOCA_2_bottom/25494.png" width="640" height="480">
  </image>
  <image id="168" name="rc19-experiment/INDOOR/READY_OFFSET_LOCA_2_bottom/25491.png" width="640" height="480">
  </image>
  <image id="167" name="rc19-experiment/INDOOR/READY_OFFSET_LOCA_2_bottom/25488.png" width="640" height="480">
  </image>
  <image id="166" name="rc19-experiment/INDOOR/READY_OFFSET_LOCA_2_bottom/25484.png" width="640" height="480">
  </image>
  <image id="165" name="rc19-experiment/INDOOR/READY_OFFSET_LOCA_2_bottom/25481.png" width="640" height="480">
  </image>
  <image id="164" name="rc19-experiment/INDOOR/READY_OFFSET_LOCA_2_bottom/25478.png" width="640" height="480">
  </image>
  <image id="163" name="rc19-experiment/INDOOR/READY_OFFSET_LOCA_2_bottom/25474.png" width="640" height="480">
  </image>
  <image id="162" name="rc19-experiment/INDOOR/READY_OFFSET_LOCA_2_bottom/25470.png" width="640" height="480">
  </image>
  <image id="161" name="rc19-experiment/INDOOR/READY_OFFSET_LOCA_2_bottom/25467.png" width="640" height="480">
  </image>
  <image id="160" name="rc19-experiment/INDOOR/READY_OFFSET_LOCA_2_bottom/25464.png" width="640" height="480">
  </image>
  <image id="159" name="rc19-experiment/INDOOR/READY_OFFSET_LOCA_2_bottom/25460.png" width="640" height="480">
  </image>
  <image id="158" name="rc19-experiment/INDOOR/READY_OFFSET_LOCA_2_bottom/25457.png" width="640" height="480">
  </image>
  <image id="157" name="rc19-experiment/INDOOR/READY_OFFSET_LOCA_2_bottom/25454.png" width="640" height="480">
  </image>
  <image id="156" name="rc19-experiment/INDOOR/READY_OFFSET_LOCA_2_bottom/25450.png" width="640" height="480">
  </image>
  <image id="155" name="rc19-experiment/INDOOR/READY_OFFSET_LOCA_2_bottom/25447.png" width="640" height="480">
  </image>
  <image id="154" name="rc19-experiment/INDOOR/READY_OFFSET_LOCA_2_bottom/25443.png" width="640" height="480">
  </image>
  <image id="153" name="rc19-experiment/INDOOR/READY_OFFSET_LOCA_2_bottom/25439.png" width="640" height="480">
  </image>
  <image id="152" name="rc19-experiment/INDOOR/READY_OFFSET_LOCA_2_bottom/25436.png" width="640" height="480">
  </image>
  <image id="151" name="rc19-experiment/INDOOR/READY_OFFSET_LOCA_2_bottom/25433.png" width="640" height="480">
  </image>
  <image id="150" name="rc19-experiment/INDOOR/READY_OFFSET_LOCA_2_bottom/25430.png" width="640" height="480">
  </image>
  <image id="149" name="rc19-experiment/INDOOR/READY_OFFSET_LOCA_2_bottom/25426.png" width="640" height="480">
  </image>
  <image id="148" name="rc19-experiment/INDOOR/READY_OFFSET_LOCA_2_bottom/25422.png" width="640" height="480">
  </image>
  <image id="147" name="rc19-experiment/INDOOR/READY_OFFSET_LOCA_2_bottom/25419.png" width="640" height="480">
  </image>
  <image id="146" name="rc19-experiment/INDOOR/READY_OFFSET_LOCA_2_bottom/25416.png" width="640" height="480">
  </image>
  <image id="145" name="rc19-experiment/INDOOR/READY_OFFSET_LOCA_2_bottom/25412.png" width="640" height="480">
  </image>
  <image id="144" name="rc19-experiment/INDOOR/READY_OFFSET_LOCA_2_bottom/25409.png" width="640" height="480">
  </image>
  <image id="143" name="rc19-experiment/INDOOR/READY_OFFSET_LOCA_2_bottom/25405.png" width="640" height="480">
  </image>
  <image id="142" name="rc19-experiment/INDOOR/READY_OFFSET_LOCA_2_bottom/25402.png" width="640" height="480">
  </image>
  <image id="141" name="rc19-experiment/INDOOR/READY_OFFSET_LOCA_2_bottom/25398.png" width="640" height="480">
  </image>
  <image id="140" name="rc19-experiment/INDOOR/READY_OFFSET_LOCA_2_bottom/25395.png" width="640" height="480">
  </image>
  <image id="139" name="rc19-experiment/INDOOR/READY_OFFSET_LOCA_2_bottom/25392.png" width="640" height="480">
  </image>
  <image id="138" name="rc19-experiment/INDOOR/READY_OFFSET_LOCA_2_bottom/25388.png" width="640" height="480">
  </image>
  <image id="137" name="rc19-experiment/INDOOR/READY_OFFSET_LOCA_2_bottom/25384.png" width="640" height="480">
  </image>
  <image id="136" name="rc19-experiment/INDOOR/READY_OFFSET_LOCA_2_bottom/25381.png" width="640" height="480">
  </image>
  <image id="135" name="rc19-experiment/INDOOR/READY_OFFSET_LOCA_2_bottom/25377.png" width="640" height="480">
  </image>
  <image id="134" name="rc19-experiment/INDOOR/READY_OFFSET_LOCA_2_bottom/25374.png" width="640" height="480">
  </image>
  <image id="133" name="rc19-experiment/INDOOR/READY_OFFSET_LOCA_2_bottom/25371.png" width="640" height="480">
  </image>
  <image id="132" name="rc19-experiment/INDOOR/READY_OFFSET_LOCA_2_bottom/25368.png" width="640" height="480">
  </image>
  <image id="131" name="rc19-experiment/INDOOR/READY_OFFSET_LOCA_2_bottom/25364.png" width="640" height="480">
  </image>
  <image id="130" name="rc19-experiment/INDOOR/READY_OFFSET_LOCA_2_bottom/25360.png" width="640" height="480">
  </image>
  <image id="129" name="rc19-experiment/INDOOR/READY_OFFSET_LOCA_2_bottom/25357.png" width="640" height="480">
  </image>
  <image id="128" name="rc19-experiment/INDOOR/READY_OFFSET_LOCA_2_bottom/25353.png" width="640" height="480">
  </image>
  <image id="127" name="rc19-experiment/INDOOR/READY_OFFSET_LOCA_2_bottom/25350.png" width="640" height="480">
  </image>
  <image id="126" name="rc19-experiment/INDOOR/READY_OFFSET_LOCA_2_bottom/25347.png" width="640" height="480">
  </image>
  <image id="125" name="rc19-experiment/INDOOR/READY_OFFSET_LOCA_2_bottom/25344.png" width="640" height="480">
  </image>
  <image id="124" name="rc19-experiment/INDOOR/READY_OFFSET_LOCA_2_bottom/25341.png" width="640" height="480">
  </image>
  <image id="123" name="rc19-experiment/INDOOR/READY_OFFSET_LOCA_2_bottom/25337.png" width="640" height="480">
  </image>
  <image id="122" name="rc19-experiment/INDOOR/READY_OFFSET_LOCA_2_bottom/25334.png" width="640" height="480">
  </image>
  <image id="121" name="rc19-experiment/INDOOR/READY_OFFSET_LOCA_2_bottom/25330.png" width="640" height="480">
  </image>
  <image id="120" name="rc19-experiment/INDOOR/READY_OFFSET_LOCA_2_bottom/25326.png" width="640" height="480">
  </image>
  <image id="119" name="rc19-experiment/INDOOR/READY_OFFSET_LOCA_2_bottom/25323.png" width="640" height="480">
  </image>
  <image id="118" name="rc19-experiment/INDOOR/READY_OFFSET_LOCA_2_bottom/25319.png" width="640" height="480">
  </image>
  <image id="117" name="rc19-experiment/INDOOR/READY_OFFSET_LOCA_2_bottom/25316.png" width="640" height="480">
  </image>
  <image id="116" name="rc19-experiment/INDOOR/READY_OFFSET_LOCA_2_bottom/25313.png" width="640" height="480">
  </image>
  <image id="115" name="rc19-experiment/INDOOR/READY_OFFSET_LOCA_2_bottom/25309.png" width="640" height="480">
  </image>
  <image id="114" name="rc19-experiment/INDOOR/READY_OFFSET_LOCA_2_bottom/25306.png" width="640" height="480">
  </image>
  <image id="113" name="rc19-experiment/INDOOR/READY_OFFSET_LOCA_2_bottom/25302.png" width="640" height="480">
  </image>
  <image id="112" name="rc19-experiment/INDOOR/READY_OFFSET_LOCA_2_bottom/25299.png" width="640" height="480">
  </image>
  <image id="111" name="rc19-experiment/INDOOR/READY_OFFSET_LOCA_2_bottom/25296.png" width="640" height="480">
  </image>
  <image id="110" name="rc19-experiment/INDOOR/READY_OFFSET_LOCA_2_bottom/25292.png" width="640" height="480">
  </image>
  <image id="109" name="rc19-experiment/INDOOR/READY_OFFSET_LOCA_2_bottom/25288.png" width="640" height="480">
  </image>
  <image id="108" name="rc19-experiment/INDOOR/READY_OFFSET_LOCA_2_bottom/25285.png" width="640" height="480">
  </image>
  <image id="107" name="rc19-experiment/INDOOR/READY_OFFSET_LOCA_2_bottom/25282.png" width="640" height="480">
  </image>
  <image id="106" name="rc19-experiment/INDOOR/READY_OFFSET_LOCA_2_bottom/25278.png" width="640" height="480">
  </image>
  <image id="105" name="rc19-experiment/INDOOR/READY_OFFSET_LOCA_2_bottom/25275.png" width="640" height="480">
  </image>
  <image id="104" name="rc19-experiment/INDOOR/READY_OFFSET_LOCA_2_bottom/25271.png" width="640" height="480">
  </image>
  <image id="103" name="rc19-experiment/INDOOR/READY_OFFSET_LOCA_2_bottom/25268.png" width="640" height="480">
  </image>
  <image id="102" name="rc19-experiment/INDOOR/READY_OFFSET_LOCA_2_bottom/25265.png" width="640" height="480">
  </image>
  <image id="101" name="rc19-experiment/INDOOR/READY_OFFSET_LOCA_2_bottom/25261.png" width="640" height="480">
  </image>
  <image id="100" name="rc19-experiment/INDOOR/READY_OFFSET_LOCA_2_bottom/25258.png" width="640" height="480">
  </image>
  <image id="99" name="rc19-experiment/INDOOR/READY_OFFSET_LOCA_2_bottom/25254.png" width="640" height="480">
  </image>
  <image id="98" name="rc19-experiment/INDOOR/READY_OFFSET_LOCA_2_bottom/25250.png" width="640" height="480">
  </image>
  <image id="97" name="rc19-experiment/INDOOR/READY_OFFSET_LOCA_2_bottom/25247.png" width="640" height="480">
  </image>
  <image id="96" name="rc19-experiment/INDOOR/READY_OFFSET_LOCA_2_bottom/25244.png" width="640" height="480">
  </image>
  <image id="95" name="rc19-experiment/INDOOR/READY_OFFSET_LOCA_2_bottom/25240.png" width="640" height="480">
  </image>
  <image id="94" name="rc19-experiment/INDOOR/READY_OFFSET_LOCA_2_bottom/25237.png" width="640" height="480">
  </image>
  <image id="93" name="rc19-experiment/INDOOR/READY_OFFSET_LOCA_2_bottom/25233.png" width="640" height="480">
  </image>
  <image id="92" name="rc19-experiment/INDOOR/READY_OFFSET_LOCA_2_bottom/25230.png" width="640" height="480">
  </image>
  <image id="91" name="rc19-experiment/INDOOR/READY_OFFSET_LOCA_2_bottom/25227.png" width="640" height="480">
  </image>
  <image id="90" name="rc19-experiment/INDOOR/READY_OFFSET_LOCA_2_bottom/25223.png" width="640" height="480">
  </image>
  <image id="89" name="rc19-experiment/INDOOR/READY_OFFSET_LOCA_2_bottom/25219.png" width="640" height="480">
  </image>
  <image id="88" name="rc19-experiment/INDOOR/READY_OFFSET_LOCA_2_bottom/25216.png" width="640" height="480">
  </image>
  <image id="87" name="rc19-experiment/INDOOR/READY_OFFSET_LOCA_2_bottom/25213.png" width="640" height="480">
  </image>
  <image id="86" name="rc19-experiment/INDOOR/READY_OFFSET_LOCA_2_bottom/25209.png" width="640" height="480">
  </image>
  <image id="85" name="rc19-experiment/INDOOR/READY_OFFSET_LOCA_2_bottom/25206.png" width="640" height="480">
  </image>
  <image id="84" name="rc19-experiment/INDOOR/READY_OFFSET_LOCA_2_bottom/25202.png" width="640" height="480">
  </image>
  <image id="83" name="rc19-experiment/INDOOR/READY_OFFSET_LOCA_2_bottom/25199.png" width="640" height="480">
  </image>
  <image id="82" name="rc19-experiment/INDOOR/READY_OFFSET_LOCA_2_bottom/25195.png" width="640" height="480">
  </image>
  <image id="81" name="rc19-experiment/INDOOR/READY_OFFSET_LOCA_2_bottom/25192.png" width="640" height="480">
  </image>
  <image id="80" name="rc19-experiment/INDOOR/READY_OFFSET_LOCA_2_bottom/25189.png" width="640" height="480">
  </image>
  <image id="79" name="rc19-experiment/INDOOR/READY_OFFSET_LOCA_2_bottom/25186.png" width="640" height="480">
  </image>
  <image id="78" name="rc19-experiment/INDOOR/READY_OFFSET_LOCA_2_bottom/25183.png" width="640" height="480">
  </image>
  <image id="77" name="rc19-experiment/INDOOR/READY_OFFSET_LOCA_2_bottom/25179.png" width="640" height="480">
  </image>
  <image id="76" name="rc19-experiment/INDOOR/READY_OFFSET_LOCA_2_bottom/25176.png" width="640" height="480">
  </image>
  <image id="75" name="rc19-experiment/INDOOR/READY_OFFSET_LOCA_2_bottom/25173.png" width="640" height="480">
  </image>
  <image id="74" name="rc19-experiment/INDOOR/READY_OFFSET_LOCA_2_bottom/25170.png" width="640" height="480">
  </image>
  <image id="73" name="rc19-experiment/INDOOR/READY_OFFSET_LOCA_2_bottom/25167.png" width="640" height="480">
  </image>
  <image id="72" name="rc19-experiment/INDOOR/READY_OFFSET_LOCA_2_bottom/25163.png" width="640" height="480">
  </image>
  <image id="71" name="rc19-experiment/INDOOR/READY_OFFSET_LOCA_2_bottom/25160.png" width="640" height="480">
  </image>
  <image id="70" name="rc19-experiment/INDOOR/READY_OFFSET_LOCA_2_bottom/25157.png" width="640" height="480">
  </image>
  <image id="69" name="rc19-experiment/INDOOR/READY_OFFSET_LOCA_2_bottom/25153.png" width="640" height="480">
  </image>
  <image id="68" name="rc19-experiment/INDOOR/READY_OFFSET_LOCA_2_bottom/25150.png" width="640" height="480">
  </image>
  <image id="67" name="rc19-experiment/INDOOR/READY_OFFSET_LOCA_2_bottom/25147.png" width="640" height="480">
  </image>
  <image id="66" name="rc19-experiment/INDOOR/READY_OFFSET_LOCA_2_bottom/25143.png" width="640" height="480">
  </image>
  <image id="65" name="rc19-experiment/INDOOR/READY_OFFSET_LOCA_2_bottom/25140.png" width="640" height="480">
  </image>
  <image id="64" name="rc19-experiment/INDOOR/READY_OFFSET_LOCA_2_bottom/25137.png" width="640" height="480">
  </image>
  <image id="63" name="rc19-experiment/INDOOR/READY_OFFSET_LOCA_2_bottom/25133.png" width="640" height="480">
  </image>
  <image id="62" name="rc19-experiment/INDOOR/READY_OFFSET_LOCA_2_bottom/25130.png" width="640" height="480">
  </image>
  <image id="61" name="rc19-experiment/INDOOR/READY_OFFSET_LOCA_2_bottom/25127.png" width="640" height="480">
  </image>
  <image id="60" name="rc19-experiment/INDOOR/READY_OFFSET_LOCA_2_bottom/25123.png" width="640" height="480">
  </image>
  <image id="59" name="rc19-experiment/INDOOR/READY_OFFSET_LOCA_2_bottom/25120.png" width="640" height="480">
  </image>
  <image id="58" name="rc19-experiment/INDOOR/READY_OFFSET_LOCA_2_bottom/25117.png" width="640" height="480">
  </image>
  <image id="57" name="rc19-experiment/INDOOR/READY_OFFSET_LOCA_2_bottom/25113.png" width="640" height="480">
  </image>
  <image id="56" name="rc19-experiment/INDOOR/READY_OFFSET_LOCA_2_bottom/25110.png" width="640" height="480">
  </image>
  <image id="55" name="rc19-experiment/INDOOR/READY_OFFSET_LOCA_2_bottom/25106.png" width="640" height="480">
  </image>
  <image id="54" name="rc19-experiment/INDOOR/READY_OFFSET_LOCA_2_bottom/25103.png" width="640" height="480">
  </image>
  <image id="53" name="rc19-experiment/INDOOR/READY_OFFSET_LOCA_2_bottom/25099.png" width="640" height="480">
  </image>
  <image id="52" name="rc19-experiment/INDOOR/READY_OFFSET_LOCA_2_bottom/25096.png" width="640" height="480">
  </image>
  <image id="51" name="rc19-experiment/INDOOR/READY_OFFSET_LOCA_2_bottom/25093.png" width="640" height="480">
  </image>
  <image id="50" name="rc19-experiment/INDOOR/READY_OFFSET_LOCA_2_bottom/25089.png" width="640" height="480">
  </image>
  <image id="49" name="rc19-experiment/INDOOR/READY_OFFSET_LOCA_2_bottom/25086.png" width="640" height="480">
  </image>
  <image id="48" name="rc19-experiment/INDOOR/READY_OFFSET_LOCA_2_bottom/25083.png" width="640" height="480">
  </image>
  <image id="47" name="rc19-experiment/INDOOR/READY_OFFSET_LOCA_2_bottom/25080.png" width="640" height="480">
  </image>
  <image id="46" name="rc19-experiment/INDOOR/READY_OFFSET_LOCA_2_bottom/25076.png" width="640" height="480">
  </image>
  <image id="45" name="rc19-experiment/INDOOR/READY_OFFSET_LOCA_2_bottom/25072.png" width="640" height="480">
  </image>
  <image id="44" name="rc19-experiment/INDOOR/READY_OFFSET_LOCA_2_bottom/25069.png" width="640" height="480">
  </image>
  <image id="43" name="rc19-experiment/INDOOR/READY_OFFSET_LOCA_2_bottom/25066.png" width="640" height="480">
  </image>
  <image id="42" name="rc19-experiment/INDOOR/READY_OFFSET_LOCA_2_bottom/25063.png" width="640" height="480">
  </image>
  <image id="41" name="rc19-experiment/INDOOR/READY_OFFSET_LOCA_2_bottom/25059.png" width="640" height="480">
  </image>
  <image id="40" name="rc19-experiment/INDOOR/READY_OFFSET_LOCA_2_bottom/25056.png" width="640" height="480">
  </image>
  <image id="39" name="rc19-experiment/INDOOR/READY_OFFSET_LOCA_2_bottom/25052.png" width="640" height="480">
  </image>
  <image id="38" name="rc19-experiment/INDOOR/READY_OFFSET_LOCA_2_bottom/25049.png" width="640" height="480">
  </image>
  <image id="37" name="rc19-experiment/INDOOR/READY_OFFSET_LOCA_2_bottom/25046.png" width="640" height="480">
  </image>
  <image id="36" name="rc19-experiment/INDOOR/READY_OFFSET_LOCA_2_bottom/25042.png" width="640" height="480">
  </image>
  <image id="35" name="rc19-experiment/INDOOR/READY_OFFSET_LOCA_2_bottom/25038.png" width="640" height="480">
  </image>
  <image id="34" name="rc19-experiment/INDOOR/READY_OFFSET_LOCA_2_bottom/25034.png" width="640" height="480">
  </image>
  <image id="33" name="rc19-experiment/INDOOR/READY_OFFSET_LOCA_2_bottom/25031.png" width="640" height="480">
  </image>
  <image id="32" name="rc19-experiment/INDOOR/READY_OFFSET_LOCA_2_bottom/25028.png" width="640" height="480">
  </image>
  <image id="31" name="rc19-experiment/INDOOR/READY_OFFSET_LOCA_2_bottom/25025.png" width="640" height="480">
  </image>
  <image id="30" name="rc19-experiment/INDOOR/READY_OFFSET_LOCA_2_bottom/25022.png" width="640" height="480">
  </image>
  <image id="29" name="rc19-experiment/INDOOR/READY_OFFSET_LOCA_2_bottom/25019.png" width="640" height="480">
  </image>
  <image id="28" name="rc19-experiment/INDOOR/READY_OFFSET_LOCA_2_bottom/25015.png" width="640" height="480">
  </image>
  <image id="27" name="rc19-experiment/INDOOR/READY_OFFSET_LOCA_2_bottom/25011.png" width="640" height="480">
  </image>
  <image id="26" name="rc19-experiment/INDOOR/READY_OFFSET_LOCA_2_bottom/25008.png" width="640" height="480">
  </image>
  <image id="25" name="rc19-experiment/INDOOR/READY_OFFSET_LOCA_2_bottom/25004.png" width="640" height="480">
  </image>
  <image id="24" name="rc19-experiment/INDOOR/READY_OFFSET_LOCA_2_bottom/25001.png" width="640" height="480">
  </image>
  <image id="23" name="rc19-experiment/INDOOR/READY_OFFSET_LOCA_2_bottom/24998.png" width="640" height="480">
  </image>
  <image id="22" name="rc19-experiment/INDOOR/READY_OFFSET_LOCA_2_bottom/24994.png" width="640" height="480">
  </image>
  <image id="21" name="rc19-experiment/INDOOR/READY_OFFSET_LOCA_2_bottom/24991.png" width="640" height="480">
  </image>
  <image id="20" name="rc19-experiment/INDOOR/READY_OFFSET_LOCA_2_bottom/24988.png" width="640" height="480">
  </image>
  <image id="19" name="rc19-experiment/INDOOR/READY_OFFSET_LOCA_2_bottom/24984.png" width="640" height="480">
  </image>
  <image id="18" name="rc19-experiment/INDOOR/READY_OFFSET_LOCA_2_bottom/24980.png" width="640" height="480">
  </image>
  <image id="17" name="rc19-experiment/INDOOR/READY_OFFSET_LOCA_2_bottom/24977.png" width="640" height="480">
  </image>
  <image id="16" name="rc19-experiment/INDOOR/READY_OFFSET_LOCA_2_bottom/24974.png" width="640" height="480">
  </image>
  <image id="15" name="rc19-experiment/INDOOR/READY_OFFSET_LOCA_2_bottom/24971.png" width="640" height="480">
  </image>
  <image id="14" name="rc19-experiment/INDOOR/READY_OFFSET_LOCA_2_bottom/24968.png" width="640" height="480">
  </image>
  <image id="13" name="rc19-experiment/INDOOR/READY_OFFSET_LOCA_2_bottom/24964.png" width="640" height="480">
  </image>
  <image id="12" name="rc19-experiment/INDOOR/READY_OFFSET_LOCA_2_bottom/24961.png" width="640" height="480">
  </image>
  <image id="11" name="rc19-experiment/INDOOR/READY_OFFSET_LOCA_2_bottom/24957.png" width="640" height="480">
  </image>
  <image id="10" name="rc19-experiment/INDOOR/READY_OFFSET_LOCA_2_bottom/24954.png" width="640" height="480">
  </image>
  <image id="9" name="rc19-experiment/INDOOR/READY_OFFSET_LOCA_2_bottom/24950.png" width="640" height="480">
  </image>
  <image id="8" name="rc19-experiment/INDOOR/READY_OFFSET_LOCA_2_bottom/24947.png" width="640" height="480">
  </image>
  <image id="7" name="rc19-experiment/INDOOR/READY_OFFSET_LOCA_2_bottom/24944.png" width="640" height="480">
  </image>
  <image id="6" name="rc19-experiment/INDOOR/READY_OFFSET_LOCA_2_bottom/24940.png" width="640" height="480">
  </image>
  <image id="5" name="rc19-experiment/INDOOR/READY_OFFSET_LOCA_2_bottom/24937.png" width="640" height="480">
  </image>
  <image id="4" name="rc19-experiment/INDOOR/READY_OFFSET_LOCA_2_bottom/24933.png" width="640" height="480">
  </image>
  <image id="3" name="rc19-experiment/INDOOR/READY_OFFSET_LOCA_2_bottom/24929.png" width="640" height="480">
  </image>
  <image id="2" name="rc19-experiment/INDOOR/READY_OFFSET_LOCA_2_bottom/24926.png" width="640" height="480">
  </image>
  <image id="1" name="rc19-experiment/INDOOR/READY_OFFSET_LOCA_2_bottom/24923.png" width="640" height="480">
  </image>
  <image id="0" name="rc19-experiment/INDOOR/READY_OFFSET_LOCA_2_bottom/24919.png" width="640" height="480">
  </image>
</annotations>