<?xml version="1.0" encoding="utf-8"?>
<annotations>
  <version>1.1</version>
  <meta>
    <task>
      <id>34</id>
      <name>RC19Experiments-INDOOR-PLAY2_top</name>
      <size>424</size>
      <mode>annotation</mode>
      <overlap>0</overlap>
      <bugtracker></bugtracker>
      <created>2020-04-05 10:26:58.848467+00:00</created>
      <updated>2021-03-15 08:41:09.357641+00:00</updated>
      <start_frame>0</start_frame>
      <stop_frame>423</stop_frame>
      <frame_filter></frame_filter>
      <labels>
        <label>
          <name>ball</name>
          <color>#804080</color>
          <attributes>
            <attribute>
              <name>smudge</name>
              <mutable>False</mutable>
              <input_type>checkbox</input_type>
              <default_value>false</default_value>
              <values>false</values>
            </attribute>
          </attributes>
        </label>
      </labels>
      <segments>
        <segment>
          <id>34</id>
          <start>0</start>
          <stop>423</stop>
          <url>httpball.informatik.hu-berlin.de/?id=34</url>
        </segment>
      </segments>
      <owner>
        <username>nao</username>
        <email></email>
      </owner>
      <assignee></assignee>
    </task>
    <dumped>2021-03-15 08:41:14.075328+00:00</dumped>
  </meta>
  <image id="423" name="rc19-experiment/INDOOR/PLAY2_top/96296.png" width="640" height="480">
    <box label="ball" occluded="0" source="manual" xtl="157.92" ytl="434.23" xbr="212.35" ybr="480.00" z_order="0">
      <attribute name="smudge">false</attribute>
    </box>
  </image>
  <image id="422" name="rc19-experiment/INDOOR/PLAY2_top/96293.png" width="640" height="480">
    <box label="ball" occluded="0" source="manual" xtl="178.95" ytl="417.53" xbr="235.24" ybr="474.43" z_order="0">
      <attribute name="smudge">false</attribute>
    </box>
  </image>
  <image id="421" name="rc19-experiment/INDOOR/PLAY2_top/96290.png" width="640" height="480">
    <box label="ball" occluded="0" source="manual" xtl="198.12" ytl="408.87" xbr="254.41" ybr="465.15" z_order="0">
      <attribute name="smudge">false</attribute>
    </box>
  </image>
  <image id="420" name="rc19-experiment/INDOOR/PLAY2_top/96286.png" width="640" height="480">
    <box label="ball" occluded="0" source="manual" xtl="154.83" ytl="437.32" xbr="211.80" ybr="480.00" z_order="0">
      <attribute name="smudge">false</attribute>
    </box>
  </image>
  <image id="419" name="rc19-experiment/INDOOR/PLAY2_top/96283.png" width="640" height="480">
    <box label="ball" occluded="0" source="auto" xtl="191.81" ytl="430.58" xbr="250.65" ybr="479.93" z_order="0">
      <attribute name="smudge">false</attribute>
    </box>
  </image>
  <image id="418" name="rc19-experiment/INDOOR/PLAY2_top/96279.png" width="640" height="480">
    <box label="ball" occluded="0" source="manual" xtl="205.55" ytl="432.99" xbr="258.12" ybr="477.53" z_order="0">
      <attribute name="smudge">false</attribute>
    </box>
  </image>
  <image id="417" name="rc19-experiment/INDOOR/PLAY2_top/96276.png" width="640" height="480">
    <box label="ball" occluded="0" source="auto" xtl="272.53" ytl="419.21" xbr="333.62" ybr="479.33" z_order="0">
      <attribute name="smudge">false</attribute>
    </box>
  </image>
  <image id="416" name="rc19-experiment/INDOOR/PLAY2_top/96273.png" width="640" height="480">
    <box label="ball" occluded="0" source="auto" xtl="270.96" ytl="406.07" xbr="328.85" ybr="459.61" z_order="0">
      <attribute name="smudge">false</attribute>
    </box>
  </image>
  <image id="415" name="rc19-experiment/INDOOR/PLAY2_top/96269.png" width="640" height="480">
    <box label="ball" occluded="0" source="auto" xtl="241.27" ytl="441.45" xbr="298.38" ybr="480.00" z_order="0">
      <attribute name="smudge">false</attribute>
    </box>
  </image>
  <image id="414" name="rc19-experiment/INDOOR/PLAY2_top/96266.png" width="640" height="480">
    <box label="ball" occluded="0" source="manual" xtl="283.48" ytl="455.88" xbr="338.54" ybr="480.00" z_order="0">
      <attribute name="smudge">false</attribute>
    </box>
  </image>
  <image id="413" name="rc19-experiment/INDOOR/PLAY2_top/96263.png" width="640" height="480">
    <box label="ball" occluded="0" source="auto" xtl="309.00" ytl="441.41" xbr="369.05" ybr="480.00" z_order="0">
      <attribute name="smudge">false</attribute>
    </box>
  </image>
  <image id="412" name="rc19-experiment/INDOOR/PLAY2_top/96260.png" width="640" height="480">
  </image>
  <image id="411" name="rc19-experiment/INDOOR/PLAY2_top/96256.png" width="640" height="480">
  </image>
  <image id="410" name="rc19-experiment/INDOOR/PLAY2_top/96253.png" width="640" height="480">
  </image>
  <image id="409" name="rc19-experiment/INDOOR/PLAY2_top/96249.png" width="640" height="480">
  </image>
  <image id="408" name="rc19-experiment/INDOOR/PLAY2_top/96246.png" width="640" height="480">
  </image>
  <image id="407" name="rc19-experiment/INDOOR/PLAY2_top/96243.png" width="640" height="480">
  </image>
  <image id="406" name="rc19-experiment/INDOOR/PLAY2_top/96240.png" width="640" height="480">
    <box label="ball" occluded="0" source="auto" xtl="409.51" ytl="430.52" xbr="495.26" ybr="480.00" z_order="0">
      <attribute name="smudge">false</attribute>
    </box>
  </image>
  <image id="405" name="rc19-experiment/INDOOR/PLAY2_top/96236.png" width="640" height="480">
    <box label="ball" occluded="0" source="auto" xtl="438.76" ytl="425.11" xbr="529.33" ybr="479.69" z_order="0">
      <attribute name="smudge">false</attribute>
    </box>
  </image>
  <image id="404" name="rc19-experiment/INDOOR/PLAY2_top/96232.png" width="640" height="480">
    <box label="ball" occluded="0" source="auto" xtl="469.39" ytl="433.83" xbr="576.53" ybr="478.97" z_order="0">
      <attribute name="smudge">false</attribute>
    </box>
  </image>
  <image id="403" name="rc19-experiment/INDOOR/PLAY2_top/96229.png" width="640" height="480">
  </image>
  <image id="402" name="rc19-experiment/INDOOR/PLAY2_top/96226.png" width="640" height="480">
  </image>
  <image id="401" name="rc19-experiment/INDOOR/PLAY2_top/96222.png" width="640" height="480">
  </image>
  <image id="400" name="rc19-experiment/INDOOR/PLAY2_top/96219.png" width="640" height="480">
  </image>
  <image id="399" name="rc19-experiment/INDOOR/PLAY2_top/96215.png" width="640" height="480">
  </image>
  <image id="398" name="rc19-experiment/INDOOR/PLAY2_top/96212.png" width="640" height="480">
  </image>
  <image id="397" name="rc19-experiment/INDOOR/PLAY2_top/96209.png" width="640" height="480">
  </image>
  <image id="396" name="rc19-experiment/INDOOR/PLAY2_top/96205.png" width="640" height="480">
  </image>
  <image id="395" name="rc19-experiment/INDOOR/PLAY2_top/96202.png" width="640" height="480">
  </image>
  <image id="394" name="rc19-experiment/INDOOR/PLAY2_top/96199.png" width="640" height="480">
  </image>
  <image id="393" name="rc19-experiment/INDOOR/PLAY2_top/96195.png" width="640" height="480">
  </image>
  <image id="392" name="rc19-experiment/INDOOR/PLAY2_top/96192.png" width="640" height="480">
  </image>
  <image id="391" name="rc19-experiment/INDOOR/PLAY2_top/96188.png" width="640" height="480">
  </image>
  <image id="390" name="rc19-experiment/INDOOR/PLAY2_top/96184.png" width="640" height="480">
  </image>
  <image id="389" name="rc19-experiment/INDOOR/PLAY2_top/96181.png" width="640" height="480">
  </image>
  <image id="388" name="rc19-experiment/INDOOR/PLAY2_top/96178.png" width="640" height="480">
  </image>
  <image id="387" name="rc19-experiment/INDOOR/PLAY2_top/96174.png" width="640" height="480">
  </image>
  <image id="386" name="rc19-experiment/INDOOR/PLAY2_top/96171.png" width="640" height="480">
  </image>
  <image id="385" name="rc19-experiment/INDOOR/PLAY2_top/96168.png" width="640" height="480">
  </image>
  <image id="384" name="rc19-experiment/INDOOR/PLAY2_top/96164.png" width="640" height="480">
  </image>
  <image id="383" name="rc19-experiment/INDOOR/PLAY2_top/96161.png" width="640" height="480">
  </image>
  <image id="382" name="rc19-experiment/INDOOR/PLAY2_top/96158.png" width="640" height="480">
  </image>
  <image id="381" name="rc19-experiment/INDOOR/PLAY2_top/96154.png" width="640" height="480">
  </image>
  <image id="380" name="rc19-experiment/INDOOR/PLAY2_top/96150.png" width="640" height="480">
  </image>
  <image id="379" name="rc19-experiment/INDOOR/PLAY2_top/96147.png" width="640" height="480">
  </image>
  <image id="378" name="rc19-experiment/INDOOR/PLAY2_top/96144.png" width="640" height="480">
  </image>
  <image id="377" name="rc19-experiment/INDOOR/PLAY2_top/96141.png" width="640" height="480">
  </image>
  <image id="376" name="rc19-experiment/INDOOR/PLAY2_top/96137.png" width="640" height="480">
  </image>
  <image id="375" name="rc19-experiment/INDOOR/PLAY2_top/96134.png" width="640" height="480">
  </image>
  <image id="374" name="rc19-experiment/INDOOR/PLAY2_top/96130.png" width="640" height="480">
  </image>
  <image id="373" name="rc19-experiment/INDOOR/PLAY2_top/96127.png" width="640" height="480">
  </image>
  <image id="372" name="rc19-experiment/INDOOR/PLAY2_top/96124.png" width="640" height="480">
  </image>
  <image id="371" name="rc19-experiment/INDOOR/PLAY2_top/96121.png" width="640" height="480">
  </image>
  <image id="370" name="rc19-experiment/INDOOR/PLAY2_top/96117.png" width="640" height="480">
  </image>
  <image id="369" name="rc19-experiment/INDOOR/PLAY2_top/96113.png" width="640" height="480">
  </image>
  <image id="368" name="rc19-experiment/INDOOR/PLAY2_top/96110.png" width="640" height="480">
  </image>
  <image id="367" name="rc19-experiment/INDOOR/PLAY2_top/96106.png" width="640" height="480">
  </image>
  <image id="366" name="rc19-experiment/INDOOR/PLAY2_top/96103.png" width="640" height="480">
  </image>
  <image id="365" name="rc19-experiment/INDOOR/PLAY2_top/96100.png" width="640" height="480">
    <box label="ball" occluded="0" source="auto" xtl="298.74" ytl="454.44" xbr="370.63" ybr="480.00" z_order="0">
      <attribute name="smudge">false</attribute>
    </box>
  </image>
  <image id="364" name="rc19-experiment/INDOOR/PLAY2_top/96096.png" width="640" height="480">
  </image>
  <image id="363" name="rc19-experiment/INDOOR/PLAY2_top/96093.png" width="640" height="480">
  </image>
  <image id="362" name="rc19-experiment/INDOOR/PLAY2_top/96090.png" width="640" height="480">
  </image>
  <image id="361" name="rc19-experiment/INDOOR/PLAY2_top/96086.png" width="640" height="480">
  </image>
  <image id="360" name="rc19-experiment/INDOOR/PLAY2_top/96083.png" width="640" height="480">
  </image>
  <image id="359" name="rc19-experiment/INDOOR/PLAY2_top/96080.png" width="640" height="480">
    <box label="ball" occluded="0" source="auto" xtl="322.02" ytl="450.58" xbr="394.39" ybr="480.00" z_order="0">
      <attribute name="smudge">false</attribute>
    </box>
  </image>
  <image id="358" name="rc19-experiment/INDOOR/PLAY2_top/96076.png" width="640" height="480">
  </image>
  <image id="357" name="rc19-experiment/INDOOR/PLAY2_top/96073.png" width="640" height="480">
  </image>
  <image id="356" name="rc19-experiment/INDOOR/PLAY2_top/96069.png" width="640" height="480">
  </image>
  <image id="355" name="rc19-experiment/INDOOR/PLAY2_top/96066.png" width="640" height="480">
    <box label="ball" occluded="0" source="auto" xtl="334.20" ytl="461.11" xbr="405.29" ybr="480.00" z_order="0">
      <attribute name="smudge">false</attribute>
    </box>
  </image>
  <image id="354" name="rc19-experiment/INDOOR/PLAY2_top/96062.png" width="640" height="480">
    <box label="ball" occluded="0" source="auto" xtl="305.03" ytl="369.91" xbr="394.32" ybr="467.01" z_order="0">
      <attribute name="smudge">false</attribute>
    </box>
  </image>
  <image id="353" name="rc19-experiment/INDOOR/PLAY2_top/96059.png" width="640" height="480">
    <box label="ball" occluded="0" source="auto" xtl="283.95" ytl="371.55" xbr="377.15" ybr="469.57" z_order="0">
      <attribute name="smudge">false</attribute>
    </box>
  </image>
  <image id="352" name="rc19-experiment/INDOOR/PLAY2_top/96055.png" width="640" height="480">
    <box label="ball" occluded="0" source="auto" xtl="296.51" ytl="361.24" xbr="396.35" ybr="459.08" z_order="0">
      <attribute name="smudge">false</attribute>
    </box>
  </image>
  <image id="351" name="rc19-experiment/INDOOR/PLAY2_top/96052.png" width="640" height="480">
    <box label="ball" occluded="0" source="auto" xtl="300.14" ytl="406.90" xbr="404.20" ybr="480.00" z_order="0">
      <attribute name="smudge">false</attribute>
    </box>
  </image>
  <image id="350" name="rc19-experiment/INDOOR/PLAY2_top/96048.png" width="640" height="480">
  </image>
  <image id="349" name="rc19-experiment/INDOOR/PLAY2_top/96045.png" width="640" height="480">
  </image>
  <image id="348" name="rc19-experiment/INDOOR/PLAY2_top/96042.png" width="640" height="480">
  </image>
  <image id="347" name="rc19-experiment/INDOOR/PLAY2_top/96038.png" width="640" height="480">
  </image>
  <image id="346" name="rc19-experiment/INDOOR/PLAY2_top/96035.png" width="640" height="480">
  </image>
  <image id="345" name="rc19-experiment/INDOOR/PLAY2_top/96031.png" width="640" height="480">
  </image>
  <image id="344" name="rc19-experiment/INDOOR/PLAY2_top/96028.png" width="640" height="480">
  </image>
  <image id="343" name="rc19-experiment/INDOOR/PLAY2_top/96025.png" width="640" height="480">
  </image>
  <image id="342" name="rc19-experiment/INDOOR/PLAY2_top/96021.png" width="640" height="480">
  </image>
  <image id="341" name="rc19-experiment/INDOOR/PLAY2_top/96018.png" width="640" height="480">
  </image>
  <image id="340" name="rc19-experiment/INDOOR/PLAY2_top/96014.png" width="640" height="480">
  </image>
  <image id="339" name="rc19-experiment/INDOOR/PLAY2_top/96010.png" width="640" height="480">
  </image>
  <image id="338" name="rc19-experiment/INDOOR/PLAY2_top/96007.png" width="640" height="480">
  </image>
  <image id="337" name="rc19-experiment/INDOOR/PLAY2_top/96004.png" width="640" height="480">
  </image>
  <image id="336" name="rc19-experiment/INDOOR/PLAY2_top/96000.png" width="640" height="480">
  </image>
  <image id="335" name="rc19-experiment/INDOOR/PLAY2_top/95997.png" width="640" height="480">
  </image>
  <image id="334" name="rc19-experiment/INDOOR/PLAY2_top/95993.png" width="640" height="480">
  </image>
  <image id="333" name="rc19-experiment/INDOOR/PLAY2_top/95990.png" width="640" height="480">
  </image>
  <image id="332" name="rc19-experiment/INDOOR/PLAY2_top/95987.png" width="640" height="480">
  </image>
  <image id="331" name="rc19-experiment/INDOOR/PLAY2_top/95983.png" width="640" height="480">
  </image>
  <image id="330" name="rc19-experiment/INDOOR/PLAY2_top/95979.png" width="640" height="480">
  </image>
  <image id="329" name="rc19-experiment/INDOOR/PLAY2_top/95976.png" width="640" height="480">
  </image>
  <image id="328" name="rc19-experiment/INDOOR/PLAY2_top/95973.png" width="640" height="480">
  </image>
  <image id="327" name="rc19-experiment/INDOOR/PLAY2_top/95970.png" width="640" height="480">
  </image>
  <image id="326" name="rc19-experiment/INDOOR/PLAY2_top/95966.png" width="640" height="480">
  </image>
  <image id="325" name="rc19-experiment/INDOOR/PLAY2_top/95962.png" width="640" height="480">
  </image>
  <image id="324" name="rc19-experiment/INDOOR/PLAY2_top/95958.png" width="640" height="480">
  </image>
  <image id="323" name="rc19-experiment/INDOOR/PLAY2_top/95955.png" width="640" height="480">
  </image>
  <image id="322" name="rc19-experiment/INDOOR/PLAY2_top/95952.png" width="640" height="480">
  </image>
  <image id="321" name="rc19-experiment/INDOOR/PLAY2_top/95949.png" width="640" height="480">
  </image>
  <image id="320" name="rc19-experiment/INDOOR/PLAY2_top/95945.png" width="640" height="480">
  </image>
  <image id="319" name="rc19-experiment/INDOOR/PLAY2_top/95941.png" width="640" height="480">
  </image>
  <image id="318" name="rc19-experiment/INDOOR/PLAY2_top/95938.png" width="640" height="480">
  </image>
  <image id="317" name="rc19-experiment/INDOOR/PLAY2_top/95935.png" width="640" height="480">
  </image>
  <image id="316" name="rc19-experiment/INDOOR/PLAY2_top/95932.png" width="640" height="480">
  </image>
  <image id="315" name="rc19-experiment/INDOOR/PLAY2_top/95928.png" width="640" height="480">
  </image>
  <image id="314" name="rc19-experiment/INDOOR/PLAY2_top/95925.png" width="640" height="480">
  </image>
  <image id="313" name="rc19-experiment/INDOOR/PLAY2_top/95922.png" width="640" height="480">
  </image>
  <image id="312" name="rc19-experiment/INDOOR/PLAY2_top/95918.png" width="640" height="480">
  </image>
  <image id="311" name="rc19-experiment/INDOOR/PLAY2_top/95914.png" width="640" height="480">
  </image>
  <image id="310" name="rc19-experiment/INDOOR/PLAY2_top/95911.png" width="640" height="480">
  </image>
  <image id="309" name="rc19-experiment/INDOOR/PLAY2_top/95907.png" width="640" height="480">
  </image>
  <image id="308" name="rc19-experiment/INDOOR/PLAY2_top/95904.png" width="640" height="480">
  </image>
  <image id="307" name="rc19-experiment/INDOOR/PLAY2_top/95901.png" width="640" height="480">
  </image>
  <image id="306" name="rc19-experiment/INDOOR/PLAY2_top/95897.png" width="640" height="480">
  </image>
  <image id="305" name="rc19-experiment/INDOOR/PLAY2_top/95894.png" width="640" height="480">
  </image>
  <image id="304" name="rc19-experiment/INDOOR/PLAY2_top/95891.png" width="640" height="480">
  </image>
  <image id="303" name="rc19-experiment/INDOOR/PLAY2_top/95888.png" width="640" height="480">
  </image>
  <image id="302" name="rc19-experiment/INDOOR/PLAY2_top/95884.png" width="640" height="480">
  </image>
  <image id="301" name="rc19-experiment/INDOOR/PLAY2_top/95880.png" width="640" height="480">
  </image>
  <image id="300" name="rc19-experiment/INDOOR/PLAY2_top/95877.png" width="640" height="480">
  </image>
  <image id="299" name="rc19-experiment/INDOOR/PLAY2_top/95873.png" width="640" height="480">
  </image>
  <image id="298" name="rc19-experiment/INDOOR/PLAY2_top/95870.png" width="640" height="480">
  </image>
  <image id="297" name="rc19-experiment/INDOOR/PLAY2_top/95867.png" width="640" height="480">
  </image>
  <image id="296" name="rc19-experiment/INDOOR/PLAY2_top/95863.png" width="640" height="480">
  </image>
  <image id="295" name="rc19-experiment/INDOOR/PLAY2_top/95860.png" width="640" height="480">
  </image>
  <image id="294" name="rc19-experiment/INDOOR/PLAY2_top/95856.png" width="640" height="480">
  </image>
  <image id="293" name="rc19-experiment/INDOOR/PLAY2_top/95853.png" width="640" height="480">
  </image>
  <image id="292" name="rc19-experiment/INDOOR/PLAY2_top/95850.png" width="640" height="480">
  </image>
  <image id="291" name="rc19-experiment/INDOOR/PLAY2_top/95846.png" width="640" height="480">
  </image>
  <image id="290" name="rc19-experiment/INDOOR/PLAY2_top/95842.png" width="640" height="480">
  </image>
  <image id="289" name="rc19-experiment/INDOOR/PLAY2_top/95839.png" width="640" height="480">
  </image>
  <image id="288" name="rc19-experiment/INDOOR/PLAY2_top/95836.png" width="640" height="480">
  </image>
  <image id="287" name="rc19-experiment/INDOOR/PLAY2_top/95832.png" width="640" height="480">
  </image>
  <image id="286" name="rc19-experiment/INDOOR/PLAY2_top/95829.png" width="640" height="480">
  </image>
  <image id="285" name="rc19-experiment/INDOOR/PLAY2_top/95826.png" width="640" height="480">
  </image>
  <image id="284" name="rc19-experiment/INDOOR/PLAY2_top/95822.png" width="640" height="480">
  </image>
  <image id="283" name="rc19-experiment/INDOOR/PLAY2_top/95819.png" width="640" height="480">
  </image>
  <image id="282" name="rc19-experiment/INDOOR/PLAY2_top/95816.png" width="640" height="480">
  </image>
  <image id="281" name="rc19-experiment/INDOOR/PLAY2_top/95812.png" width="640" height="480">
  </image>
  <image id="280" name="rc19-experiment/INDOOR/PLAY2_top/95809.png" width="640" height="480">
  </image>
  <image id="279" name="rc19-experiment/INDOOR/PLAY2_top/95805.png" width="640" height="480">
  </image>
  <image id="278" name="rc19-experiment/INDOOR/PLAY2_top/95802.png" width="640" height="480">
  </image>
  <image id="277" name="rc19-experiment/INDOOR/PLAY2_top/95799.png" width="640" height="480">
  </image>
  <image id="276" name="rc19-experiment/INDOOR/PLAY2_top/95795.png" width="640" height="480">
  </image>
  <image id="275" name="rc19-experiment/INDOOR/PLAY2_top/95792.png" width="640" height="480">
  </image>
  <image id="274" name="rc19-experiment/INDOOR/PLAY2_top/95789.png" width="640" height="480">
  </image>
  <image id="273" name="rc19-experiment/INDOOR/PLAY2_top/95785.png" width="640" height="480">
  </image>
  <image id="272" name="rc19-experiment/INDOOR/PLAY2_top/95782.png" width="640" height="480">
  </image>
  <image id="271" name="rc19-experiment/INDOOR/PLAY2_top/95779.png" width="640" height="480">
  </image>
  <image id="270" name="rc19-experiment/INDOOR/PLAY2_top/95775.png" width="640" height="480">
  </image>
  <image id="269" name="rc19-experiment/INDOOR/PLAY2_top/95772.png" width="640" height="480">
  </image>
  <image id="268" name="rc19-experiment/INDOOR/PLAY2_top/95769.png" width="640" height="480">
  </image>
  <image id="267" name="rc19-experiment/INDOOR/PLAY2_top/95766.png" width="640" height="480">
  </image>
  <image id="266" name="rc19-experiment/INDOOR/PLAY2_top/95763.png" width="640" height="480">
  </image>
  <image id="265" name="rc19-experiment/INDOOR/PLAY2_top/95760.png" width="640" height="480">
  </image>
  <image id="264" name="rc19-experiment/INDOOR/PLAY2_top/95757.png" width="640" height="480">
  </image>
  <image id="263" name="rc19-experiment/INDOOR/PLAY2_top/95753.png" width="640" height="480">
  </image>
  <image id="262" name="rc19-experiment/INDOOR/PLAY2_top/95749.png" width="640" height="480">
  </image>
  <image id="261" name="rc19-experiment/INDOOR/PLAY2_top/95746.png" width="640" height="480">
  </image>
  <image id="260" name="rc19-experiment/INDOOR/PLAY2_top/95743.png" width="640" height="480">
  </image>
  <image id="259" name="rc19-experiment/INDOOR/PLAY2_top/95740.png" width="640" height="480">
  </image>
  <image id="258" name="rc19-experiment/INDOOR/PLAY2_top/95737.png" width="640" height="480">
  </image>
  <image id="257" name="rc19-experiment/INDOOR/PLAY2_top/95734.png" width="640" height="480">
  </image>
  <image id="256" name="rc19-experiment/INDOOR/PLAY2_top/95730.png" width="640" height="480">
  </image>
  <image id="255" name="rc19-experiment/INDOOR/PLAY2_top/95727.png" width="640" height="480">
  </image>
  <image id="254" name="rc19-experiment/INDOOR/PLAY2_top/95724.png" width="640" height="480">
  </image>
  <image id="253" name="rc19-experiment/INDOOR/PLAY2_top/95721.png" width="640" height="480">
  </image>
  <image id="252" name="rc19-experiment/INDOOR/PLAY2_top/95717.png" width="640" height="480">
  </image>
  <image id="251" name="rc19-experiment/INDOOR/PLAY2_top/95714.png" width="640" height="480">
  </image>
  <image id="250" name="rc19-experiment/INDOOR/PLAY2_top/95710.png" width="640" height="480">
  </image>
  <image id="249" name="rc19-experiment/INDOOR/PLAY2_top/95707.png" width="640" height="480">
  </image>
  <image id="248" name="rc19-experiment/INDOOR/PLAY2_top/95704.png" width="640" height="480">
  </image>
  <image id="247" name="rc19-experiment/INDOOR/PLAY2_top/95700.png" width="640" height="480">
  </image>
  <image id="246" name="rc19-experiment/INDOOR/PLAY2_top/95697.png" width="640" height="480">
  </image>
  <image id="245" name="rc19-experiment/INDOOR/PLAY2_top/95694.png" width="640" height="480">
  </image>
  <image id="244" name="rc19-experiment/INDOOR/PLAY2_top/95690.png" width="640" height="480">
  </image>
  <image id="243" name="rc19-experiment/INDOOR/PLAY2_top/95687.png" width="640" height="480">
  </image>
  <image id="242" name="rc19-experiment/INDOOR/PLAY2_top/95683.png" width="640" height="480">
  </image>
  <image id="241" name="rc19-experiment/INDOOR/PLAY2_top/95680.png" width="640" height="480">
  </image>
  <image id="240" name="rc19-experiment/INDOOR/PLAY2_top/95677.png" width="640" height="480">
  </image>
  <image id="239" name="rc19-experiment/INDOOR/PLAY2_top/95673.png" width="640" height="480">
  </image>
  <image id="238" name="rc19-experiment/INDOOR/PLAY2_top/95670.png" width="640" height="480">
    <box label="ball" occluded="0" source="auto" xtl="314.19" ytl="444.18" xbr="387.81" ybr="480.00" z_order="0">
      <attribute name="smudge">false</attribute>
    </box>
  </image>
  <image id="237" name="rc19-experiment/INDOOR/PLAY2_top/95667.png" width="640" height="480">
  </image>
  <image id="236" name="rc19-experiment/INDOOR/PLAY2_top/95663.png" width="640" height="480">
    <box label="ball" occluded="0" source="manual" xtl="296.47" ytl="407.63" xbr="361.42" ybr="477.53" z_order="0">
      <attribute name="smudge">false</attribute>
    </box>
  </image>
  <image id="235" name="rc19-experiment/INDOOR/PLAY2_top/95659.png" width="640" height="480">
  </image>
  <image id="234" name="rc19-experiment/INDOOR/PLAY2_top/95656.png" width="640" height="480">
    <box label="ball" occluded="0" source="auto" xtl="294.68" ytl="450.91" xbr="360.45" ybr="480.00" z_order="0">
      <attribute name="smudge">false</attribute>
    </box>
  </image>
  <image id="233" name="rc19-experiment/INDOOR/PLAY2_top/95653.png" width="640" height="480">
    <box label="ball" occluded="0" source="auto" xtl="285.84" ytl="375.15" xbr="348.06" ybr="438.04" z_order="0">
      <attribute name="smudge">false</attribute>
    </box>
  </image>
  <image id="232" name="rc19-experiment/INDOOR/PLAY2_top/95650.png" width="640" height="480">
    <box label="ball" occluded="0" source="manual" xtl="323.69" ytl="461.44" xbr="375.03" ybr="480.00" z_order="0">
      <attribute name="smudge">false</attribute>
    </box>
  </image>
  <image id="231" name="rc19-experiment/INDOOR/PLAY2_top/95646.png" width="640" height="480">
    <box label="ball" occluded="0" source="auto" xtl="247.77" ytl="426.27" xbr="316.60" ybr="479.54" z_order="0">
      <attribute name="smudge">false</attribute>
    </box>
  </image>
  <image id="230" name="rc19-experiment/INDOOR/PLAY2_top/95643.png" width="640" height="480">
    <box label="ball" occluded="0" source="manual" xtl="212.97" ytl="458.35" xbr="271.10" ybr="480.00" z_order="0">
      <attribute name="smudge">false</attribute>
    </box>
  </image>
  <image id="229" name="rc19-experiment/INDOOR/PLAY2_top/95640.png" width="640" height="480">
    <box label="ball" occluded="0" source="auto" xtl="285.28" ytl="429.52" xbr="351.44" ybr="480.00" z_order="0">
      <attribute name="smudge">false</attribute>
    </box>
  </image>
  <image id="228" name="rc19-experiment/INDOOR/PLAY2_top/95636.png" width="640" height="480">
    <box label="ball" occluded="0" source="auto" xtl="301.79" ytl="401.85" xbr="359.72" ybr="457.41" z_order="0">
      <attribute name="smudge">false</attribute>
    </box>
  </image>
  <image id="227" name="rc19-experiment/INDOOR/PLAY2_top/95633.png" width="640" height="480">
    <box label="ball" occluded="0" source="auto" xtl="239.69" ytl="378.83" xbr="301.54" ybr="433.10" z_order="0">
      <attribute name="smudge">false</attribute>
    </box>
  </image>
  <image id="226" name="rc19-experiment/INDOOR/PLAY2_top/95629.png" width="640" height="480">
    <box label="ball" occluded="0" source="auto" xtl="306.07" ytl="375.15" xbr="360.09" ybr="425.42" z_order="0">
      <attribute name="smudge">false</attribute>
    </box>
  </image>
  <image id="225" name="rc19-experiment/INDOOR/PLAY2_top/95626.png" width="640" height="480">
    <box label="ball" occluded="0" source="auto" xtl="345.92" ytl="432.43" xbr="403.77" ybr="480.00" z_order="0">
      <attribute name="smudge">false</attribute>
    </box>
  </image>
  <image id="224" name="rc19-experiment/INDOOR/PLAY2_top/95623.png" width="640" height="480">
    <box label="ball" occluded="0" source="auto" xtl="362.84" ytl="355.09" xbr="416.56" ybr="408.28" z_order="0">
      <attribute name="smudge">false</attribute>
    </box>
  </image>
  <image id="223" name="rc19-experiment/INDOOR/PLAY2_top/95620.png" width="640" height="480">
    <box label="ball" occluded="0" source="manual" xtl="300.80" ytl="387.83" xbr="342.90" ybr="432.99" z_order="0">
      <attribute name="smudge">false</attribute>
    </box>
  </image>
  <image id="222" name="rc19-experiment/INDOOR/PLAY2_top/95616.png" width="640" height="480">
    <box label="ball" occluded="0" source="auto" xtl="348.62" ytl="397.17" xbr="397.33" ybr="447.40" z_order="0">
      <attribute name="smudge">false</attribute>
    </box>
  </image>
  <image id="221" name="rc19-experiment/INDOOR/PLAY2_top/95613.png" width="640" height="480">
    <box label="ball" occluded="0" source="manual" xtl="315.60" ytl="337.73" xbr="357.09" ybr="377.32" z_order="0">
      <attribute name="smudge">false</attribute>
    </box>
  </image>
  <image id="220" name="rc19-experiment/INDOOR/PLAY2_top/95610.png" width="640" height="480">
    <box label="ball" occluded="0" source="auto" xtl="304.49" ytl="414.09" xbr="352.13" ybr="455.21" z_order="0">
      <attribute name="smudge">false</attribute>
    </box>
  </image>
  <image id="219" name="rc19-experiment/INDOOR/PLAY2_top/95606.png" width="640" height="480">
    <box label="ball" occluded="0" source="manual" xtl="325.55" ytl="344.50" xbr="366.37" ybr="389.69" z_order="0">
      <attribute name="smudge">false</attribute>
    </box>
  </image>
  <image id="218" name="rc19-experiment/INDOOR/PLAY2_top/95602.png" width="640" height="480">
    <box label="ball" occluded="0" source="manual" xtl="285.96" ytl="284.54" xbr="323.07" ybr="325.98" z_order="0">
      <attribute name="smudge">false</attribute>
    </box>
  </image>
  <image id="217" name="rc19-experiment/INDOOR/PLAY2_top/95599.png" width="640" height="480">
    <box label="ball" occluded="0" source="auto" xtl="268.86" ytl="148.30" xbr="311.70" ybr="196.09" z_order="0">
      <attribute name="smudge">false</attribute>
    </box>
  </image>
  <image id="216" name="rc19-experiment/INDOOR/PLAY2_top/95596.png" width="640" height="480">
    <box label="ball" occluded="0" source="auto" xtl="291.10" ytl="142.07" xbr="334.72" ybr="181.42" z_order="0">
      <attribute name="smudge">false</attribute>
    </box>
  </image>
  <image id="215" name="rc19-experiment/INDOOR/PLAY2_top/95593.png" width="640" height="480">
    <box label="ball" occluded="0" source="auto" xtl="250.14" ytl="192.12" xbr="291.10" ybr="229.67" z_order="0">
      <attribute name="smudge">false</attribute>
    </box>
  </image>
  <image id="214" name="rc19-experiment/INDOOR/PLAY2_top/95589.png" width="640" height="480">
    <box label="ball" occluded="0" source="auto" xtl="183.07" ytl="249.43" xbr="224.09" ybr="290.25" z_order="0">
      <attribute name="smudge">false</attribute>
    </box>
  </image>
  <image id="213" name="rc19-experiment/INDOOR/PLAY2_top/95586.png" width="640" height="480">
    <box label="ball" occluded="0" source="auto" xtl="133.59" ytl="342.09" xbr="178.40" ybr="379.18" z_order="0">
      <attribute name="smudge">false</attribute>
    </box>
  </image>
  <image id="212" name="rc19-experiment/INDOOR/PLAY2_top/95583.png" width="640" height="480">
    <box label="ball" occluded="0" source="auto" xtl="98.68" ytl="326.29" xbr="142.22" ybr="362.86" z_order="0">
      <attribute name="smudge">false</attribute>
    </box>
  </image>
  <image id="211" name="rc19-experiment/INDOOR/PLAY2_top/95579.png" width="640" height="480">
    <box label="ball" occluded="0" source="manual" xtl="143.69" ytl="357.53" xbr="185.13" ybr="395.26" z_order="0">
      <attribute name="smudge">false</attribute>
    </box>
  </image>
  <image id="210" name="rc19-experiment/INDOOR/PLAY2_top/95576.png" width="640" height="480">
    <box label="ball" occluded="0" source="auto" xtl="236.38" ytl="322.08" xbr="275.09" ybr="357.20" z_order="0">
      <attribute name="smudge">false</attribute>
    </box>
  </image>
  <image id="209" name="rc19-experiment/INDOOR/PLAY2_top/95573.png" width="640" height="480">
    <box label="ball" occluded="0" source="auto" xtl="254.95" ytl="268.22" xbr="295.32" ybr="303.31" z_order="0">
      <attribute name="smudge">false</attribute>
    </box>
  </image>
  <image id="208" name="rc19-experiment/INDOOR/PLAY2_top/95569.png" width="640" height="480">
    <box label="ball" occluded="0" source="auto" xtl="409.36" ytl="249.45" xbr="447.80" ybr="283.10" z_order="0">
      <attribute name="smudge">false</attribute>
    </box>
  </image>
  <image id="207" name="rc19-experiment/INDOOR/PLAY2_top/95566.png" width="640" height="480">
    <box label="ball" occluded="0" source="auto" xtl="565.04" ytl="226.92" xbr="607.27" ybr="260.96" z_order="0">
      <attribute name="smudge">false</attribute>
    </box>
  </image>
  <image id="206" name="rc19-experiment/INDOOR/PLAY2_top/95562.png" width="640" height="480">
  </image>
  <image id="205" name="rc19-experiment/INDOOR/PLAY2_top/95559.png" width="640" height="480">
  </image>
  <image id="204" name="rc19-experiment/INDOOR/PLAY2_top/95556.png" width="640" height="480">
  </image>
  <image id="203" name="rc19-experiment/INDOOR/PLAY2_top/95552.png" width="640" height="480">
  </image>
  <image id="202" name="rc19-experiment/INDOOR/PLAY2_top/95549.png" width="640" height="480">
  </image>
  <image id="201" name="rc19-experiment/INDOOR/PLAY2_top/95546.png" width="640" height="480">
  </image>
  <image id="200" name="rc19-experiment/INDOOR/PLAY2_top/95542.png" width="640" height="480">
  </image>
  <image id="199" name="rc19-experiment/INDOOR/PLAY2_top/95538.png" width="640" height="480">
  </image>
  <image id="198" name="rc19-experiment/INDOOR/PLAY2_top/95535.png" width="640" height="480">
  </image>
  <image id="197" name="rc19-experiment/INDOOR/PLAY2_top/95531.png" width="640" height="480">
    <box label="ball" occluded="0" source="manual" xtl="574.21" ytl="368.66" xbr="619.98" ybr="407.60" z_order="0">
      <attribute name="smudge">false</attribute>
    </box>
  </image>
  <image id="196" name="rc19-experiment/INDOOR/PLAY2_top/95528.png" width="640" height="480">
    <box label="ball" occluded="0" source="manual" xtl="453.59" ytl="341.44" xbr="493.18" ybr="382.89" z_order="0">
      <attribute name="smudge">false</attribute>
    </box>
  </image>
  <image id="195" name="rc19-experiment/INDOOR/PLAY2_top/95525.png" width="640" height="480">
    <box label="ball" occluded="0" source="auto" xtl="328.53" ytl="336.92" xbr="367.83" ybr="374.96" z_order="0">
      <attribute name="smudge">false</attribute>
    </box>
  </image>
  <image id="194" name="rc19-experiment/INDOOR/PLAY2_top/95522.png" width="640" height="480">
    <box label="ball" occluded="0" source="auto" xtl="335.07" ytl="332.18" xbr="378.87" ybr="371.76" z_order="0">
      <attribute name="smudge">false</attribute>
    </box>
  </image>
  <image id="193" name="rc19-experiment/INDOOR/PLAY2_top/95519.png" width="640" height="480">
    <box label="ball" occluded="0" source="auto" xtl="387.16" ytl="388.40" xbr="429.28" ybr="428.13" z_order="0">
      <attribute name="smudge">false</attribute>
    </box>
  </image>
  <image id="192" name="rc19-experiment/INDOOR/PLAY2_top/95515.png" width="640" height="480">
    <box label="ball" occluded="0" source="auto" xtl="336.09" ytl="397.71" xbr="382.12" ybr="441.52" z_order="0">
      <attribute name="smudge">false</attribute>
    </box>
  </image>
  <image id="191" name="rc19-experiment/INDOOR/PLAY2_top/95511.png" width="640" height="480">
    <box label="ball" occluded="0" source="auto" xtl="337.34" ytl="414.00" xbr="385.07" ybr="470.49" z_order="0">
      <attribute name="smudge">false</attribute>
    </box>
  </image>
  <image id="190" name="rc19-experiment/INDOOR/PLAY2_top/95508.png" width="640" height="480">
    <box label="ball" occluded="0" source="auto" xtl="324.18" ytl="392.59" xbr="374.58" ybr="441.16" z_order="0">
      <attribute name="smudge">false</attribute>
    </box>
  </image>
  <image id="189" name="rc19-experiment/INDOOR/PLAY2_top/95505.png" width="640" height="480">
    <box label="ball" occluded="0" source="auto" xtl="271.91" ytl="394.55" xbr="324.41" ybr="445.56" z_order="0">
      <attribute name="smudge">false</attribute>
    </box>
  </image>
  <image id="188" name="rc19-experiment/INDOOR/PLAY2_top/95501.png" width="640" height="480">
    <box label="ball" occluded="0" source="auto" xtl="298.68" ytl="398.13" xbr="358.62" ybr="451.61" z_order="0">
      <attribute name="smudge">false</attribute>
    </box>
  </image>
  <image id="187" name="rc19-experiment/INDOOR/PLAY2_top/95498.png" width="640" height="480">
    <box label="ball" occluded="0" source="auto" xtl="359.46" ytl="422.56" xbr="417.84" ybr="479.66" z_order="0">
      <attribute name="smudge">false</attribute>
    </box>
  </image>
  <image id="186" name="rc19-experiment/INDOOR/PLAY2_top/95494.png" width="640" height="480">
  </image>
  <image id="185" name="rc19-experiment/INDOOR/PLAY2_top/95491.png" width="640" height="480">
    <box label="ball" occluded="0" source="auto" xtl="230.18" ytl="455.52" xbr="294.18" ybr="480.00" z_order="0">
      <attribute name="smudge">false</attribute>
    </box>
  </image>
  <image id="184" name="rc19-experiment/INDOOR/PLAY2_top/95487.png" width="640" height="480">
    <box label="ball" occluded="0" source="auto" xtl="125.02" ytl="450.37" xbr="211.22" ybr="479.94" z_order="0">
      <attribute name="smudge">false</attribute>
    </box>
  </image>
  <image id="183" name="rc19-experiment/INDOOR/PLAY2_top/95484.png" width="640" height="480">
    <box label="ball" occluded="0" source="auto" xtl="57.39" ytl="445.56" xbr="149.16" ybr="479.71" z_order="0">
      <attribute name="smudge">false</attribute>
    </box>
  </image>
  <image id="182" name="rc19-experiment/INDOOR/PLAY2_top/95480.png" width="640" height="480">
    <box label="ball" occluded="0" source="auto" xtl="18.23" ytl="437.32" xbr="134.07" ybr="478.76" z_order="0">
      <attribute name="smudge">false</attribute>
    </box>
  </image>
  <image id="181" name="rc19-experiment/INDOOR/PLAY2_top/95477.png" width="640" height="480">
  </image>
  <image id="180" name="rc19-experiment/INDOOR/PLAY2_top/95474.png" width="640" height="480">
  </image>
  <image id="179" name="rc19-experiment/INDOOR/PLAY2_top/95470.png" width="640" height="480">
  </image>
  <image id="178" name="rc19-experiment/INDOOR/PLAY2_top/95467.png" width="640" height="480">
  </image>
  <image id="177" name="rc19-experiment/INDOOR/PLAY2_top/95464.png" width="640" height="480">
  </image>
  <image id="176" name="rc19-experiment/INDOOR/PLAY2_top/95460.png" width="640" height="480">
  </image>
  <image id="175" name="rc19-experiment/INDOOR/PLAY2_top/95456.png" width="640" height="480">
  </image>
  <image id="174" name="rc19-experiment/INDOOR/PLAY2_top/95453.png" width="640" height="480">
  </image>
  <image id="173" name="rc19-experiment/INDOOR/PLAY2_top/95450.png" width="640" height="480">
  </image>
  <image id="172" name="rc19-experiment/INDOOR/PLAY2_top/95447.png" width="640" height="480">
  </image>
  <image id="171" name="rc19-experiment/INDOOR/PLAY2_top/95443.png" width="640" height="480">
  </image>
  <image id="170" name="rc19-experiment/INDOOR/PLAY2_top/95439.png" width="640" height="480">
  </image>
  <image id="169" name="rc19-experiment/INDOOR/PLAY2_top/95436.png" width="640" height="480">
  </image>
  <image id="168" name="rc19-experiment/INDOOR/PLAY2_top/95433.png" width="640" height="480">
  </image>
  <image id="167" name="rc19-experiment/INDOOR/PLAY2_top/95430.png" width="640" height="480">
  </image>
  <image id="166" name="rc19-experiment/INDOOR/PLAY2_top/95426.png" width="640" height="480">
  </image>
  <image id="165" name="rc19-experiment/INDOOR/PLAY2_top/95423.png" width="640" height="480">
  </image>
  <image id="164" name="rc19-experiment/INDOOR/PLAY2_top/95420.png" width="640" height="480">
  </image>
  <image id="163" name="rc19-experiment/INDOOR/PLAY2_top/95417.png" width="640" height="480">
  </image>
  <image id="162" name="rc19-experiment/INDOOR/PLAY2_top/95414.png" width="640" height="480">
  </image>
  <image id="161" name="rc19-experiment/INDOOR/PLAY2_top/95411.png" width="640" height="480">
  </image>
  <image id="160" name="rc19-experiment/INDOOR/PLAY2_top/95407.png" width="640" height="480">
  </image>
  <image id="159" name="rc19-experiment/INDOOR/PLAY2_top/95403.png" width="640" height="480">
  </image>
  <image id="158" name="rc19-experiment/INDOOR/PLAY2_top/95399.png" width="640" height="480">
  </image>
  <image id="157" name="rc19-experiment/INDOOR/PLAY2_top/95396.png" width="640" height="480">
  </image>
  <image id="156" name="rc19-experiment/INDOOR/PLAY2_top/95393.png" width="640" height="480">
  </image>
  <image id="155" name="rc19-experiment/INDOOR/PLAY2_top/95389.png" width="640" height="480">
  </image>
  <image id="154" name="rc19-experiment/INDOOR/PLAY2_top/95386.png" width="640" height="480">
  </image>
  <image id="153" name="rc19-experiment/INDOOR/PLAY2_top/95383.png" width="640" height="480">
  </image>
  <image id="152" name="rc19-experiment/INDOOR/PLAY2_top/95379.png" width="640" height="480">
  </image>
  <image id="151" name="rc19-experiment/INDOOR/PLAY2_top/95376.png" width="640" height="480">
  </image>
  <image id="150" name="rc19-experiment/INDOOR/PLAY2_top/95373.png" width="640" height="480">
  </image>
  <image id="149" name="rc19-experiment/INDOOR/PLAY2_top/95369.png" width="640" height="480">
    <box label="ball" occluded="0" source="manual" xtl="229.67" ytl="452.17" xbr="335.44" ybr="480.00" z_order="0">
      <attribute name="smudge">false</attribute>
    </box>
  </image>
  <image id="148" name="rc19-experiment/INDOOR/PLAY2_top/95365.png" width="640" height="480">
  </image>
  <image id="147" name="rc19-experiment/INDOOR/PLAY2_top/95362.png" width="640" height="480">
  </image>
  <image id="146" name="rc19-experiment/INDOOR/PLAY2_top/95359.png" width="640" height="480">
  </image>
  <image id="145" name="rc19-experiment/INDOOR/PLAY2_top/95356.png" width="640" height="480">
  </image>
  <image id="144" name="rc19-experiment/INDOOR/PLAY2_top/95352.png" width="640" height="480">
  </image>
  <image id="143" name="rc19-experiment/INDOOR/PLAY2_top/95349.png" width="640" height="480">
  </image>
  <image id="142" name="rc19-experiment/INDOOR/PLAY2_top/95345.png" width="640" height="480">
  </image>
  <image id="141" name="rc19-experiment/INDOOR/PLAY2_top/95342.png" width="640" height="480">
  </image>
  <image id="140" name="rc19-experiment/INDOOR/PLAY2_top/95339.png" width="640" height="480">
  </image>
  <image id="139" name="rc19-experiment/INDOOR/PLAY2_top/95335.png" width="640" height="480">
  </image>
  <image id="138" name="rc19-experiment/INDOOR/PLAY2_top/95332.png" width="640" height="480">
  </image>
  <image id="137" name="rc19-experiment/INDOOR/PLAY2_top/95329.png" width="640" height="480">
  </image>
  <image id="136" name="rc19-experiment/INDOOR/PLAY2_top/95325.png" width="640" height="480">
  </image>
  <image id="135" name="rc19-experiment/INDOOR/PLAY2_top/95322.png" width="640" height="480">
    <box label="ball" occluded="0" source="auto" xtl="315.31" ytl="433.66" xbr="404.49" ybr="479.01" z_order="0">
      <attribute name="smudge">false</attribute>
    </box>
  </image>
  <image id="134" name="rc19-experiment/INDOOR/PLAY2_top/95319.png" width="640" height="480">
  </image>
  <image id="133" name="rc19-experiment/INDOOR/PLAY2_top/95316.png" width="640" height="480">
  </image>
  <image id="132" name="rc19-experiment/INDOOR/PLAY2_top/95312.png" width="640" height="480">
  </image>
  <image id="131" name="rc19-experiment/INDOOR/PLAY2_top/95309.png" width="640" height="480">
  </image>
  <image id="130" name="rc19-experiment/INDOOR/PLAY2_top/95306.png" width="640" height="480">
  </image>
  <image id="129" name="rc19-experiment/INDOOR/PLAY2_top/95302.png" width="640" height="480">
  </image>
  <image id="128" name="rc19-experiment/INDOOR/PLAY2_top/95299.png" width="640" height="480">
  </image>
  <image id="127" name="rc19-experiment/INDOOR/PLAY2_top/95295.png" width="640" height="480">
  </image>
  <image id="126" name="rc19-experiment/INDOOR/PLAY2_top/95292.png" width="640" height="480">
    <box label="ball" occluded="0" source="auto" xtl="221.73" ytl="449.37" xbr="291.60" ybr="480.00" z_order="0">
      <attribute name="smudge">false</attribute>
    </box>
  </image>
  <image id="125" name="rc19-experiment/INDOOR/PLAY2_top/95288.png" width="640" height="480">
    <box label="ball" occluded="0" source="auto" xtl="351.40" ytl="447.84" xbr="429.57" ybr="480.00" z_order="0">
      <attribute name="smudge">false</attribute>
    </box>
  </image>
  <image id="124" name="rc19-experiment/INDOOR/PLAY2_top/95285.png" width="640" height="480">
    <box label="ball" occluded="0" source="auto" xtl="437.89" ytl="457.49" xbr="495.35" ybr="479.67" z_order="0">
      <attribute name="smudge">false</attribute>
    </box>
  </image>
  <image id="123" name="rc19-experiment/INDOOR/PLAY2_top/95281.png" width="640" height="480">
    <box label="ball" occluded="0" source="auto" xtl="419.90" ytl="414.12" xbr="498.01" ybr="480.00" z_order="0">
      <attribute name="smudge">false</attribute>
    </box>
  </image>
  <image id="122" name="rc19-experiment/INDOOR/PLAY2_top/95278.png" width="640" height="480">
  </image>
  <image id="121" name="rc19-experiment/INDOOR/PLAY2_top/95275.png" width="640" height="480">
    <box label="ball" occluded="0" source="auto" xtl="183.58" ytl="424.74" xbr="252.19" ybr="480.00" z_order="0">
      <attribute name="smudge">false</attribute>
    </box>
  </image>
  <image id="120" name="rc19-experiment/INDOOR/PLAY2_top/95271.png" width="640" height="480">
  </image>
  <image id="119" name="rc19-experiment/INDOOR/PLAY2_top/95268.png" width="640" height="480">
    <box label="ball" occluded="0" source="auto" xtl="321.32" ytl="449.75" xbr="380.41" ybr="480.00" z_order="0">
      <attribute name="smudge">false</attribute>
    </box>
  </image>
  <image id="118" name="rc19-experiment/INDOOR/PLAY2_top/95265.png" width="640" height="480">
    <box label="ball" occluded="0" source="auto" xtl="351.37" ytl="403.37" xbr="413.12" ybr="460.57" z_order="0">
      <attribute name="smudge">false</attribute>
    </box>
  </image>
  <image id="117" name="rc19-experiment/INDOOR/PLAY2_top/95262.png" width="640" height="480">
  </image>
  <image id="116" name="rc19-experiment/INDOOR/PLAY2_top/95258.png" width="640" height="480">
    <box label="ball" occluded="0" source="auto" xtl="277.62" ytl="399.71" xbr="336.18" ybr="460.92" z_order="0">
      <attribute name="smudge">false</attribute>
    </box>
  </image>
  <image id="115" name="rc19-experiment/INDOOR/PLAY2_top/95255.png" width="640" height="480">
    <box label="ball" occluded="0" source="auto" xtl="351.07" ytl="418.49" xbr="407.96" ybr="479.85" z_order="0">
      <attribute name="smudge">false</attribute>
    </box>
  </image>
  <image id="114" name="rc19-experiment/INDOOR/PLAY2_top/95251.png" width="640" height="480">
    <box label="ball" occluded="0" source="auto" xtl="214.32" ytl="267.32" xbr="275.12" ybr="322.30" z_order="0">
      <attribute name="smudge">false</attribute>
    </box>
  </image>
  <image id="113" name="rc19-experiment/INDOOR/PLAY2_top/95248.png" width="640" height="480">
    <box label="ball" occluded="0" source="auto" xtl="39.86" ytl="250.52" xbr="102.65" ybr="306.94" z_order="0">
      <attribute name="smudge">false</attribute>
    </box>
  </image>
  <image id="112" name="rc19-experiment/INDOOR/PLAY2_top/95245.png" width="640" height="480">
  </image>
  <image id="111" name="rc19-experiment/INDOOR/PLAY2_top/95241.png" width="640" height="480">
  </image>
  <image id="110" name="rc19-experiment/INDOOR/PLAY2_top/95238.png" width="640" height="480">
  </image>
  <image id="109" name="rc19-experiment/INDOOR/PLAY2_top/95234.png" width="640" height="480">
  </image>
  <image id="108" name="rc19-experiment/INDOOR/PLAY2_top/95231.png" width="640" height="480">
  </image>
  <image id="107" name="rc19-experiment/INDOOR/PLAY2_top/95228.png" width="640" height="480">
  </image>
  <image id="106" name="rc19-experiment/INDOOR/PLAY2_top/95224.png" width="640" height="480">
  </image>
  <image id="105" name="rc19-experiment/INDOOR/PLAY2_top/95221.png" width="640" height="480">
  </image>
  <image id="104" name="rc19-experiment/INDOOR/PLAY2_top/95217.png" width="640" height="480">
  </image>
  <image id="103" name="rc19-experiment/INDOOR/PLAY2_top/95214.png" width="640" height="480">
    <box label="ball" occluded="0" source="manual" xtl="25.55" ytl="426.19" xbr="74.41" ybr="474.43" z_order="0">
      <attribute name="smudge">false</attribute>
    </box>
  </image>
  <image id="102" name="rc19-experiment/INDOOR/PLAY2_top/95210.png" width="640" height="480">
    <box label="ball" occluded="0" source="auto" xtl="188.82" ytl="398.31" xbr="240.08" ybr="445.37" z_order="0">
      <attribute name="smudge">false</attribute>
    </box>
  </image>
  <image id="101" name="rc19-experiment/INDOOR/PLAY2_top/95207.png" width="640" height="480">
    <box label="ball" occluded="0" source="auto" xtl="286.53" ytl="408.59" xbr="334.21" ybr="458.47" z_order="0">
      <attribute name="smudge">false</attribute>
    </box>
  </image>
  <image id="100" name="rc19-experiment/INDOOR/PLAY2_top/95204.png" width="640" height="480">
    <box label="ball" occluded="0" source="auto" xtl="358.56" ytl="371.33" xbr="406.91" ybr="417.83" z_order="0">
      <attribute name="smudge">false</attribute>
    </box>
  </image>
  <image id="99" name="rc19-experiment/INDOOR/PLAY2_top/95201.png" width="640" height="480">
    <box label="ball" occluded="0" source="auto" xtl="423.80" ytl="352.97" xbr="472.56" ybr="401.30" z_order="0">
      <attribute name="smudge">false</attribute>
    </box>
  </image>
  <image id="98" name="rc19-experiment/INDOOR/PLAY2_top/95198.png" width="640" height="480">
    <box label="ball" occluded="0" source="auto" xtl="482.29" ytl="346.51" xbr="530.66" ybr="392.02" z_order="0">
      <attribute name="smudge">false</attribute>
    </box>
  </image>
  <image id="97" name="rc19-experiment/INDOOR/PLAY2_top/95194.png" width="640" height="480">
    <box label="ball" occluded="0" source="auto" xtl="403.38" ytl="343.40" xbr="449.32" ybr="387.31" z_order="0">
      <attribute name="smudge">false</attribute>
    </box>
  </image>
  <image id="96" name="rc19-experiment/INDOOR/PLAY2_top/95191.png" width="640" height="480">
    <box label="ball" occluded="0" source="auto" xtl="448.49" ytl="379.26" xbr="494.51" ybr="424.68" z_order="0">
      <attribute name="smudge">false</attribute>
    </box>
  </image>
  <image id="95" name="rc19-experiment/INDOOR/PLAY2_top/95188.png" width="640" height="480">
    <box label="ball" occluded="0" source="auto" xtl="403.55" ytl="360.80" xbr="450.91" ybr="408.37" z_order="0">
      <attribute name="smudge">false</attribute>
    </box>
  </image>
  <image id="94" name="rc19-experiment/INDOOR/PLAY2_top/95184.png" width="640" height="480">
    <box label="ball" occluded="0" source="auto" xtl="376.12" ytl="432.47" xbr="422.46" ybr="479.10" z_order="0">
      <attribute name="smudge">false</attribute>
    </box>
  </image>
  <image id="93" name="rc19-experiment/INDOOR/PLAY2_top/95181.png" width="640" height="480">
    <box label="ball" occluded="0" source="auto" xtl="339.28" ytl="409.11" xbr="384.06" ybr="455.29" z_order="0">
      <attribute name="smudge">false</attribute>
    </box>
  </image>
  <image id="92" name="rc19-experiment/INDOOR/PLAY2_top/95177.png" width="640" height="480">
    <box label="ball" occluded="0" source="auto" xtl="320.54" ytl="420.05" xbr="364.54" ybr="465.44" z_order="0">
      <attribute name="smudge">false</attribute>
    </box>
  </image>
  <image id="91" name="rc19-experiment/INDOOR/PLAY2_top/95174.png" width="640" height="480">
  </image>
  <image id="90" name="rc19-experiment/INDOOR/PLAY2_top/95170.png" width="640" height="480">
    <box label="ball" occluded="0" source="auto" xtl="376.85" ytl="241.29" xbr="428.82" ybr="286.48" z_order="0">
      <attribute name="smudge">false</attribute>
    </box>
  </image>
  <image id="89" name="rc19-experiment/INDOOR/PLAY2_top/95166.png" width="640" height="480">
    <box label="ball" occluded="0" source="auto" xtl="249.05" ytl="204.87" xbr="294.27" ybr="249.17" z_order="0">
      <attribute name="smudge">false</attribute>
    </box>
  </image>
  <image id="88" name="rc19-experiment/INDOOR/PLAY2_top/95162.png" width="640" height="480">
    <box label="ball" occluded="0" source="auto" xtl="372.60" ytl="364.49" xbr="427.36" ybr="409.23" z_order="0">
      <attribute name="smudge">false</attribute>
    </box>
  </image>
  <image id="87" name="rc19-experiment/INDOOR/PLAY2_top/95159.png" width="640" height="480">
    <box label="ball" occluded="0" source="auto" xtl="408.76" ytl="284.44" xbr="464.84" ybr="340.84" z_order="0">
      <attribute name="smudge">false</attribute>
    </box>
  </image>
  <image id="86" name="rc19-experiment/INDOOR/PLAY2_top/95156.png" width="640" height="480">
    <box label="ball" occluded="0" source="auto" xtl="311.62" ytl="292.24" xbr="354.09" ybr="333.64" z_order="0">
      <attribute name="smudge">false</attribute>
    </box>
  </image>
  <image id="85" name="rc19-experiment/INDOOR/PLAY2_top/95153.png" width="640" height="480">
    <box label="ball" occluded="0" source="auto" xtl="112.87" ytl="200.78" xbr="162.09" ybr="244.52" z_order="0">
      <attribute name="smudge">false</attribute>
    </box>
  </image>
  <image id="84" name="rc19-experiment/INDOOR/PLAY2_top/95150.png" width="640" height="480">
    <box label="ball" occluded="0" source="auto" xtl="97.80" ytl="208.98" xbr="144.61" ybr="253.38" z_order="0">
      <attribute name="smudge">false</attribute>
    </box>
  </image>
  <image id="83" name="rc19-experiment/INDOOR/PLAY2_top/95147.png" width="640" height="480">
    <box label="ball" occluded="0" source="auto" xtl="158.36" ytl="331.30" xbr="205.64" ybr="374.77" z_order="0">
      <attribute name="smudge">false</attribute>
    </box>
  </image>
  <image id="82" name="rc19-experiment/INDOOR/PLAY2_top/95144.png" width="640" height="480">
  </image>
  <image id="81" name="rc19-experiment/INDOOR/PLAY2_top/95140.png" width="640" height="480">
    <box label="ball" occluded="0" source="auto" xtl="358.73" ytl="433.26" xbr="402.90" ybr="478.90" z_order="0">
      <attribute name="smudge">false</attribute>
    </box>
  </image>
  <image id="80" name="rc19-experiment/INDOOR/PLAY2_top/95137.png" width="640" height="480">
    <box label="ball" occluded="0" source="auto" xtl="330.88" ytl="398.96" xbr="374.52" ybr="442.19" z_order="0">
      <attribute name="smudge">false</attribute>
    </box>
  </image>
  <image id="79" name="rc19-experiment/INDOOR/PLAY2_top/95134.png" width="640" height="480">
  </image>
  <image id="78" name="rc19-experiment/INDOOR/PLAY2_top/95130.png" width="640" height="480">
    <box label="ball" occluded="0" source="auto" xtl="245.99" ytl="401.49" xbr="295.40" ybr="452.62" z_order="0">
      <attribute name="smudge">false</attribute>
    </box>
  </image>
  <image id="77" name="rc19-experiment/INDOOR/PLAY2_top/95127.png" width="640" height="480">
    <box label="ball" occluded="0" source="auto" xtl="238.81" ytl="406.32" xbr="285.75" ybr="450.08" z_order="0">
      <attribute name="smudge">false</attribute>
    </box>
  </image>
  <image id="76" name="rc19-experiment/INDOOR/PLAY2_top/95123.png" width="640" height="480">
    <box label="ball" occluded="0" source="auto" xtl="272.74" ytl="437.53" xbr="321.07" ybr="480.00" z_order="0">
      <attribute name="smudge">false</attribute>
    </box>
  </image>
  <image id="75" name="rc19-experiment/INDOOR/PLAY2_top/95120.png" width="640" height="480">
    <box label="ball" occluded="0" source="auto" xtl="328.68" ytl="343.95" xbr="373.39" ybr="390.93" z_order="0">
      <attribute name="smudge">false</attribute>
    </box>
  </image>
  <image id="74" name="rc19-experiment/INDOOR/PLAY2_top/95117.png" width="640" height="480">
    <box label="ball" occluded="0" source="auto" xtl="337.22" ytl="392.11" xbr="384.01" ybr="437.74" z_order="0">
      <attribute name="smudge">false</attribute>
    </box>
  </image>
  <image id="73" name="rc19-experiment/INDOOR/PLAY2_top/95114.png" width="640" height="480">
    <box label="ball" occluded="0" source="auto" xtl="284.83" ytl="421.88" xbr="333.69" ybr="473.95" z_order="0">
      <attribute name="smudge">false</attribute>
    </box>
  </image>
  <image id="72" name="rc19-experiment/INDOOR/PLAY2_top/95110.png" width="640" height="480">
    <box label="ball" occluded="0" source="auto" xtl="324.69" ytl="386.87" xbr="373.81" ybr="430.97" z_order="0">
      <attribute name="smudge">false</attribute>
    </box>
  </image>
  <image id="71" name="rc19-experiment/INDOOR/PLAY2_top/95107.png" width="640" height="480">
    <box label="ball" occluded="0" source="auto" xtl="378.21" ytl="446.35" xbr="425.08" ybr="480.00" z_order="0">
      <attribute name="smudge">false</attribute>
    </box>
  </image>
  <image id="70" name="rc19-experiment/INDOOR/PLAY2_top/95104.png" width="640" height="480">
    <box label="ball" occluded="0" source="auto" xtl="369.40" ytl="432.37" xbr="421.56" ybr="480.00" z_order="0">
      <attribute name="smudge">false</attribute>
    </box>
  </image>
  <image id="69" name="rc19-experiment/INDOOR/PLAY2_top/95100.png" width="640" height="480">
    <box label="ball" occluded="0" source="auto" xtl="321.32" ytl="377.66" xbr="373.56" ybr="430.52" z_order="0">
      <attribute name="smudge">false</attribute>
    </box>
  </image>
  <image id="68" name="rc19-experiment/INDOOR/PLAY2_top/95096.png" width="640" height="480">
    <box label="ball" occluded="0" source="manual" xtl="332.49" ytl="418.46" xbr="388.72" ybr="475.30" z_order="0">
      <attribute name="smudge">false</attribute>
    </box>
  </image>
  <image id="67" name="rc19-experiment/INDOOR/PLAY2_top/95093.png" width="640" height="480">
    <box label="ball" occluded="0" source="auto" xtl="320.26" ytl="432.96" xbr="380.93" ybr="479.87" z_order="0">
      <attribute name="smudge">false</attribute>
    </box>
  </image>
  <image id="66" name="rc19-experiment/INDOOR/PLAY2_top/95090.png" width="640" height="480">
    <box label="ball" occluded="0" source="auto" xtl="296.97" ytl="464.34" xbr="345.22" ybr="480.00" z_order="0">
      <attribute name="smudge">false</attribute>
    </box>
  </image>
  <image id="65" name="rc19-experiment/INDOOR/PLAY2_top/95086.png" width="640" height="480">
    <box label="ball" occluded="0" source="auto" xtl="328.91" ytl="406.14" xbr="392.62" ybr="475.71" z_order="0">
      <attribute name="smudge">false</attribute>
    </box>
  </image>
  <image id="64" name="rc19-experiment/INDOOR/PLAY2_top/95083.png" width="640" height="480">
    <box label="ball" occluded="0" source="auto" xtl="338.86" ytl="332.70" xbr="408.68" ybr="404.17" z_order="0">
      <attribute name="smudge">false</attribute>
    </box>
  </image>
  <image id="63" name="rc19-experiment/INDOOR/PLAY2_top/95080.png" width="640" height="480">
    <box label="ball" occluded="0" source="auto" xtl="318.28" ytl="288.21" xbr="391.07" ybr="360.17" z_order="0">
      <attribute name="smudge">false</attribute>
    </box>
  </image>
  <image id="62" name="rc19-experiment/INDOOR/PLAY2_top/95076.png" width="640" height="480">
    <box label="ball" occluded="0" source="auto" xtl="310.63" ytl="289.32" xbr="388.15" ybr="367.47" z_order="0">
      <attribute name="smudge">false</attribute>
    </box>
  </image>
  <image id="61" name="rc19-experiment/INDOOR/PLAY2_top/95073.png" width="640" height="480">
    <box label="ball" occluded="0" source="auto" xtl="310.36" ytl="319.28" xbr="394.87" ybr="399.36" z_order="0">
      <attribute name="smudge">false</attribute>
    </box>
  </image>
  <image id="60" name="rc19-experiment/INDOOR/PLAY2_top/95070.png" width="640" height="480">
    <box label="ball" occluded="0" source="auto" xtl="313.12" ytl="391.23" xbr="408.68" ybr="480.00" z_order="0">
      <attribute name="smudge">false</attribute>
    </box>
  </image>
  <image id="59" name="rc19-experiment/INDOOR/PLAY2_top/95066.png" width="640" height="480">
  </image>
  <image id="58" name="rc19-experiment/INDOOR/PLAY2_top/95063.png" width="640" height="480">
  </image>
  <image id="57" name="rc19-experiment/INDOOR/PLAY2_top/95059.png" width="640" height="480">
  </image>
  <image id="56" name="rc19-experiment/INDOOR/PLAY2_top/95056.png" width="640" height="480">
  </image>
  <image id="55" name="rc19-experiment/INDOOR/PLAY2_top/95053.png" width="640" height="480">
  </image>
  <image id="54" name="rc19-experiment/INDOOR/PLAY2_top/95050.png" width="640" height="480">
  </image>
  <image id="53" name="rc19-experiment/INDOOR/PLAY2_top/95047.png" width="640" height="480">
  </image>
  <image id="52" name="rc19-experiment/INDOOR/PLAY2_top/95044.png" width="640" height="480">
  </image>
  <image id="51" name="rc19-experiment/INDOOR/PLAY2_top/95041.png" width="640" height="480">
  </image>
  <image id="50" name="rc19-experiment/INDOOR/PLAY2_top/95038.png" width="640" height="480">
  </image>
  <image id="49" name="rc19-experiment/INDOOR/PLAY2_top/95035.png" width="640" height="480">
  </image>
  <image id="48" name="rc19-experiment/INDOOR/PLAY2_top/95031.png" width="640" height="480">
  </image>
  <image id="47" name="rc19-experiment/INDOOR/PLAY2_top/95028.png" width="640" height="480">
  </image>
  <image id="46" name="rc19-experiment/INDOOR/PLAY2_top/95025.png" width="640" height="480">
  </image>
  <image id="45" name="rc19-experiment/INDOOR/PLAY2_top/95021.png" width="640" height="480">
  </image>
  <image id="44" name="rc19-experiment/INDOOR/PLAY2_top/95018.png" width="640" height="480">
  </image>
  <image id="43" name="rc19-experiment/INDOOR/PLAY2_top/95015.png" width="640" height="480">
  </image>
  <image id="42" name="rc19-experiment/INDOOR/PLAY2_top/95011.png" width="640" height="480">
  </image>
  <image id="41" name="rc19-experiment/INDOOR/PLAY2_top/95008.png" width="640" height="480">
  </image>
  <image id="40" name="rc19-experiment/INDOOR/PLAY2_top/95005.png" width="640" height="480">
  </image>
  <image id="39" name="rc19-experiment/INDOOR/PLAY2_top/95001.png" width="640" height="480">
  </image>
  <image id="38" name="rc19-experiment/INDOOR/PLAY2_top/94998.png" width="640" height="480">
  </image>
  <image id="37" name="rc19-experiment/INDOOR/PLAY2_top/94995.png" width="640" height="480">
  </image>
  <image id="36" name="rc19-experiment/INDOOR/PLAY2_top/94992.png" width="640" height="480">
  </image>
  <image id="35" name="rc19-experiment/INDOOR/PLAY2_top/94988.png" width="640" height="480">
  </image>
  <image id="34" name="rc19-experiment/INDOOR/PLAY2_top/94985.png" width="640" height="480">
  </image>
  <image id="33" name="rc19-experiment/INDOOR/PLAY2_top/94981.png" width="640" height="480">
  </image>
  <image id="32" name="rc19-experiment/INDOOR/PLAY2_top/94978.png" width="640" height="480">
  </image>
  <image id="31" name="rc19-experiment/INDOOR/PLAY2_top/94975.png" width="640" height="480">
  </image>
  <image id="30" name="rc19-experiment/INDOOR/PLAY2_top/94971.png" width="640" height="480">
  </image>
  <image id="29" name="rc19-experiment/INDOOR/PLAY2_top/94968.png" width="640" height="480">
  </image>
  <image id="28" name="rc19-experiment/INDOOR/PLAY2_top/94965.png" width="640" height="480">
  </image>
  <image id="27" name="rc19-experiment/INDOOR/PLAY2_top/94961.png" width="640" height="480">
  </image>
  <image id="26" name="rc19-experiment/INDOOR/PLAY2_top/94958.png" width="640" height="480">
  </image>
  <image id="25" name="rc19-experiment/INDOOR/PLAY2_top/94955.png" width="640" height="480">
  </image>
  <image id="24" name="rc19-experiment/INDOOR/PLAY2_top/94952.png" width="640" height="480">
  </image>
  <image id="23" name="rc19-experiment/INDOOR/PLAY2_top/94949.png" width="640" height="480">
  </image>
  <image id="22" name="rc19-experiment/INDOOR/PLAY2_top/94946.png" width="640" height="480">
  </image>
  <image id="21" name="rc19-experiment/INDOOR/PLAY2_top/94942.png" width="640" height="480">
  </image>
  <image id="20" name="rc19-experiment/INDOOR/PLAY2_top/94939.png" width="640" height="480">
  </image>
  <image id="19" name="rc19-experiment/INDOOR/PLAY2_top/94936.png" width="640" height="480">
  </image>
  <image id="18" name="rc19-experiment/INDOOR/PLAY2_top/94932.png" width="640" height="480">
  </image>
  <image id="17" name="rc19-experiment/INDOOR/PLAY2_top/94929.png" width="640" height="480">
  </image>
  <image id="16" name="rc19-experiment/INDOOR/PLAY2_top/94925.png" width="640" height="480">
  </image>
  <image id="15" name="rc19-experiment/INDOOR/PLAY2_top/94921.png" width="640" height="480">
  </image>
  <image id="14" name="rc19-experiment/INDOOR/PLAY2_top/94918.png" width="640" height="480">
  </image>
  <image id="13" name="rc19-experiment/INDOOR/PLAY2_top/94915.png" width="640" height="480">
  </image>
  <image id="12" name="rc19-experiment/INDOOR/PLAY2_top/94912.png" width="640" height="480">
  </image>
  <image id="11" name="rc19-experiment/INDOOR/PLAY2_top/94908.png" width="640" height="480">
  </image>
  <image id="10" name="rc19-experiment/INDOOR/PLAY2_top/94905.png" width="640" height="480">
  </image>
  <image id="9" name="rc19-experiment/INDOOR/PLAY2_top/94902.png" width="640" height="480">
  </image>
  <image id="8" name="rc19-experiment/INDOOR/PLAY2_top/94898.png" width="640" height="480">
  </image>
  <image id="7" name="rc19-experiment/INDOOR/PLAY2_top/94895.png" width="640" height="480">
    <box label="ball" occluded="0" source="manual" xtl="193.17" ytl="420.62" xbr="261.22" ybr="479.40" z_order="0">
      <attribute name="smudge">false</attribute>
    </box>
  </image>
  <image id="6" name="rc19-experiment/INDOOR/PLAY2_top/94892.png" width="640" height="480">
    <box label="ball" occluded="0" source="manual" xtl="185.50" ytl="369.60" xbr="257.54" ybr="441.04" z_order="0">
      <attribute name="smudge">false</attribute>
    </box>
  </image>
  <image id="5" name="rc19-experiment/INDOOR/PLAY2_top/94888.png" width="640" height="480">
  </image>
  <image id="4" name="rc19-experiment/INDOOR/PLAY2_top/94885.png" width="640" height="480">
    <box label="ball" occluded="0" source="manual" xtl="298.50" ytl="411.30" xbr="362.23" ybr="480.00" z_order="0">
      <attribute name="smudge">false</attribute>
    </box>
  </image>
  <image id="3" name="rc19-experiment/INDOOR/PLAY2_top/94882.png" width="640" height="480">
    <box label="ball" occluded="0" source="manual" xtl="335.25" ytl="425.60" xbr="400.32" ybr="480.00" z_order="0">
      <attribute name="smudge">false</attribute>
    </box>
  </image>
  <image id="2" name="rc19-experiment/INDOOR/PLAY2_top/94878.png" width="640" height="480">
  </image>
  <image id="1" name="rc19-experiment/INDOOR/PLAY2_top/94875.png" width="640" height="480">
    <box label="ball" occluded="0" source="manual" xtl="304.80" ytl="424.70" xbr="369.44" ybr="480.00" z_order="0">
      <attribute name="smudge">false</attribute>
    </box>
  </image>
  <image id="0" name="rc19-experiment/INDOOR/PLAY2_top/94872.png" width="640" height="480">
  </image>
</annotations>