<?xml version="1.0" encoding="utf-8"?>
<annotations>
  <version>1.1</version>
  <meta>
    <task>
      <id>16</id>
      <name>RC19Experiments-OUTDOOR6-top</name>
      <size>248</size>
      <mode>annotation</mode>
      <overlap>0</overlap>
      <bugtracker></bugtracker>
      <created>2020-04-05 09:52:48.849489+00:00</created>
      <updated>2021-06-01 16:29:34.609497+00:00</updated>
      <start_frame>0</start_frame>
      <stop_frame>247</stop_frame>
      <frame_filter></frame_filter>
      <labels>
        <label>
          <name>ball</name>
          <color>#804080</color>
          <attributes>
          </attributes>
        </label>
        <label>
          <name>nao</name>
          <color>#29b666</color>
          <attributes>
          </attributes>
        </label>
      </labels>
      <segments>
        <segment>
          <id>16</id>
          <start>0</start>
          <stop>247</stop>
          <url>httpball.informatik.hu-berlin.de/?id=16</url>
        </segment>
      </segments>
      <owner>
        <username>nao</username>
        <email></email>
      </owner>
      <assignee>
        <username>mellmann</username>
        <email>mellmann@informatik.hu-berlin.de</email>
      </assignee>
    </task>
    <dumped>2021-06-01 16:30:06.390877+00:00</dumped>
  </meta>
  <image id="247" name="rc19-experiment/OUTDOOR6-top/22550.png" width="640" height="480">
    <box label="ball" occluded="0" source="manual" xtl="318.69" ytl="390.03" xbr="367.20" ybr="441.68" z_order="0">
    </box>
  </image>
  <image id="246" name="rc19-experiment/OUTDOOR6-top/22547.png" width="640" height="480">
    <box label="ball" occluded="0" source="manual" xtl="289.98" ytl="407.57" xbr="341.06" ybr="462.41" z_order="0">
    </box>
  </image>
  <image id="245" name="rc19-experiment/OUTDOOR6-top/22544.png" width="640" height="480">
    <box label="ball" occluded="0" source="manual" xtl="294.87" ytl="457.94" xbr="345.80" ybr="506.84" z_order="0">
    </box>
  </image>
  <image id="244" name="rc19-experiment/OUTDOOR6-top/22541.png" width="640" height="480">
    <box label="ball" occluded="0" source="manual" xtl="324.34" ytl="408.54" xbr="382.37" ybr="474.73" z_order="0">
    </box>
  </image>
  <image id="243" name="rc19-experiment/OUTDOOR6-top/22538.png" width="640" height="480">
    <box label="ball" occluded="0" source="manual" xtl="334.60" ytl="277.01" xbr="399.10" ybr="345.98" z_order="0">
    </box>
  </image>
  <image id="242" name="rc19-experiment/OUTDOOR6-top/22535.png" width="640" height="480">
    <box label="ball" occluded="0" source="manual" xtl="314.41" ytl="206.92" xbr="382.82" ybr="279.25" z_order="0">
    </box>
  </image>
  <image id="241" name="rc19-experiment/OUTDOOR6-top/22532.png" width="640" height="480">
    <box label="ball" occluded="0" source="manual" xtl="304.32" ytl="171.59" xbr="378.34" ybr="246.73" z_order="0">
    </box>
  </image>
  <image id="240" name="rc19-experiment/OUTDOOR6-top/22528.png" width="640" height="480">
    <box label="ball" occluded="0" source="manual" xtl="286.37" ytl="229.91" xbr="366.56" ybr="314.02" z_order="0">
    </box>
  </image>
  <image id="239" name="rc19-experiment/OUTDOOR6-top/22525.png" width="640" height="480">
    <box label="ball" occluded="0" source="manual" xtl="298.15" ytl="279.81" xbr="388.43" ybr="372.34" z_order="0">
    </box>
  </image>
  <image id="238" name="rc19-experiment/OUTDOOR6-top/22522.png" width="640" height="480">
    <box label="ball" occluded="0" source="manual" xtl="318.90" ytl="322.43" xbr="424.88" ybr="426.73" z_order="0">
    </box>
  </image>
  <image id="237" name="rc19-experiment/OUTDOOR6-top/22519.png" width="640" height="480">
    <box label="ball" occluded="0" source="manual" xtl="350.90" ytl="382.06" xbr="470.84" ybr="498.49" z_order="0">
    </box>
  </image>
  <image id="236" name="rc19-experiment/OUTDOOR6-top/22515.png" width="640" height="480">
  </image>
  <image id="235" name="rc19-experiment/OUTDOOR6-top/22512.png" width="640" height="480">
  </image>
  <image id="234" name="rc19-experiment/OUTDOOR6-top/22508.png" width="640" height="480">
  </image>
  <image id="233" name="rc19-experiment/OUTDOOR6-top/22505.png" width="640" height="480">
  </image>
  <image id="232" name="rc19-experiment/OUTDOOR6-top/22502.png" width="640" height="480">
  </image>
  <image id="231" name="rc19-experiment/OUTDOOR6-top/22499.png" width="640" height="480">
  </image>
  <image id="230" name="rc19-experiment/OUTDOOR6-top/22495.png" width="640" height="480">
  </image>
  <image id="229" name="rc19-experiment/OUTDOOR6-top/22492.png" width="640" height="480">
  </image>
  <image id="228" name="rc19-experiment/OUTDOOR6-top/22488.png" width="640" height="480">
  </image>
  <image id="227" name="rc19-experiment/OUTDOOR6-top/22485.png" width="640" height="480">
  </image>
  <image id="226" name="rc19-experiment/OUTDOOR6-top/22482.png" width="640" height="480">
  </image>
  <image id="225" name="rc19-experiment/OUTDOOR6-top/22479.png" width="640" height="480">
  </image>
  <image id="224" name="rc19-experiment/OUTDOOR6-top/22476.png" width="640" height="480">
  </image>
  <image id="223" name="rc19-experiment/OUTDOOR6-top/22473.png" width="640" height="480">
  </image>
  <image id="222" name="rc19-experiment/OUTDOOR6-top/22469.png" width="640" height="480">
  </image>
  <image id="221" name="rc19-experiment/OUTDOOR6-top/22466.png" width="640" height="480">
  </image>
  <image id="220" name="rc19-experiment/OUTDOOR6-top/22463.png" width="640" height="480">
  </image>
  <image id="219" name="rc19-experiment/OUTDOOR6-top/22459.png" width="640" height="480">
  </image>
  <image id="218" name="rc19-experiment/OUTDOOR6-top/22456.png" width="640" height="480">
  </image>
  <image id="217" name="rc19-experiment/OUTDOOR6-top/22452.png" width="640" height="480">
  </image>
  <image id="216" name="rc19-experiment/OUTDOOR6-top/22448.png" width="640" height="480">
  </image>
  <image id="215" name="rc19-experiment/OUTDOOR6-top/22444.png" width="640" height="480">
  </image>
  <image id="214" name="rc19-experiment/OUTDOOR6-top/22441.png" width="640" height="480">
  </image>
  <image id="213" name="rc19-experiment/OUTDOOR6-top/22437.png" width="640" height="480">
  </image>
  <image id="212" name="rc19-experiment/OUTDOOR6-top/22434.png" width="640" height="480">
  </image>
  <image id="211" name="rc19-experiment/OUTDOOR6-top/22430.png" width="640" height="480">
  </image>
  <image id="210" name="rc19-experiment/OUTDOOR6-top/22427.png" width="640" height="480">
  </image>
  <image id="209" name="rc19-experiment/OUTDOOR6-top/22423.png" width="640" height="480">
  </image>
  <image id="208" name="rc19-experiment/OUTDOOR6-top/22420.png" width="640" height="480">
  </image>
  <image id="207" name="rc19-experiment/OUTDOOR6-top/22417.png" width="640" height="480">
  </image>
  <image id="206" name="rc19-experiment/OUTDOOR6-top/22413.png" width="640" height="480">
  </image>
  <image id="205" name="rc19-experiment/OUTDOOR6-top/22410.png" width="640" height="480">
  </image>
  <image id="204" name="rc19-experiment/OUTDOOR6-top/22407.png" width="640" height="480">
  </image>
  <image id="203" name="rc19-experiment/OUTDOOR6-top/22403.png" width="640" height="480">
  </image>
  <image id="202" name="rc19-experiment/OUTDOOR6-top/22400.png" width="640" height="480">
  </image>
  <image id="201" name="rc19-experiment/OUTDOOR6-top/22396.png" width="640" height="480">
  </image>
  <image id="200" name="rc19-experiment/OUTDOOR6-top/22392.png" width="640" height="480">
  </image>
  <image id="199" name="rc19-experiment/OUTDOOR6-top/22389.png" width="640" height="480">
  </image>
  <image id="198" name="rc19-experiment/OUTDOOR6-top/22385.png" width="640" height="480">
  </image>
  <image id="197" name="rc19-experiment/OUTDOOR6-top/22382.png" width="640" height="480">
  </image>
  <image id="196" name="rc19-experiment/OUTDOOR6-top/22379.png" width="640" height="480">
  </image>
  <image id="195" name="rc19-experiment/OUTDOOR6-top/22376.png" width="640" height="480">
  </image>
  <image id="194" name="rc19-experiment/OUTDOOR6-top/22373.png" width="640" height="480">
  </image>
  <image id="193" name="rc19-experiment/OUTDOOR6-top/22370.png" width="640" height="480">
  </image>
  <image id="192" name="rc19-experiment/OUTDOOR6-top/22367.png" width="640" height="480">
  </image>
  <image id="191" name="rc19-experiment/OUTDOOR6-top/22363.png" width="640" height="480">
  </image>
  <image id="190" name="rc19-experiment/OUTDOOR6-top/22360.png" width="640" height="480">
  </image>
  <image id="189" name="rc19-experiment/OUTDOOR6-top/22357.png" width="640" height="480">
  </image>
  <image id="188" name="rc19-experiment/OUTDOOR6-top/22354.png" width="640" height="480">
  </image>
  <image id="187" name="rc19-experiment/OUTDOOR6-top/22351.png" width="640" height="480">
  </image>
  <image id="186" name="rc19-experiment/OUTDOOR6-top/22348.png" width="640" height="480">
  </image>
  <image id="185" name="rc19-experiment/OUTDOOR6-top/22345.png" width="640" height="480">
  </image>
  <image id="184" name="rc19-experiment/OUTDOOR6-top/22342.png" width="640" height="480">
  </image>
  <image id="183" name="rc19-experiment/OUTDOOR6-top/22339.png" width="640" height="480">
  </image>
  <image id="182" name="rc19-experiment/OUTDOOR6-top/22336.png" width="640" height="480">
  </image>
  <image id="181" name="rc19-experiment/OUTDOOR6-top/22333.png" width="640" height="480">
  </image>
  <image id="180" name="rc19-experiment/OUTDOOR6-top/22330.png" width="640" height="480">
  </image>
  <image id="179" name="rc19-experiment/OUTDOOR6-top/22327.png" width="640" height="480">
  </image>
  <image id="178" name="rc19-experiment/OUTDOOR6-top/22324.png" width="640" height="480">
  </image>
  <image id="177" name="rc19-experiment/OUTDOOR6-top/22321.png" width="640" height="480">
  </image>
  <image id="176" name="rc19-experiment/OUTDOOR6-top/22318.png" width="640" height="480">
  </image>
  <image id="175" name="rc19-experiment/OUTDOOR6-top/22315.png" width="640" height="480">
  </image>
  <image id="174" name="rc19-experiment/OUTDOOR6-top/22312.png" width="640" height="480">
  </image>
  <image id="173" name="rc19-experiment/OUTDOOR6-top/22308.png" width="640" height="480">
  </image>
  <image id="172" name="rc19-experiment/OUTDOOR6-top/22305.png" width="640" height="480">
  </image>
  <image id="171" name="rc19-experiment/OUTDOOR6-top/22301.png" width="640" height="480">
  </image>
  <image id="170" name="rc19-experiment/OUTDOOR6-top/22298.png" width="640" height="480">
  </image>
  <image id="169" name="rc19-experiment/OUTDOOR6-top/22295.png" width="640" height="480">
  </image>
  <image id="168" name="rc19-experiment/OUTDOOR6-top/22292.png" width="640" height="480">
  </image>
  <image id="167" name="rc19-experiment/OUTDOOR6-top/22288.png" width="640" height="480">
  </image>
  <image id="166" name="rc19-experiment/OUTDOOR6-top/22285.png" width="640" height="480">
  </image>
  <image id="165" name="rc19-experiment/OUTDOOR6-top/22282.png" width="640" height="480">
  </image>
  <image id="164" name="rc19-experiment/OUTDOOR6-top/22279.png" width="640" height="480">
  </image>
  <image id="163" name="rc19-experiment/OUTDOOR6-top/22276.png" width="640" height="480">
  </image>
  <image id="162" name="rc19-experiment/OUTDOOR6-top/22273.png" width="640" height="480">
  </image>
  <image id="161" name="rc19-experiment/OUTDOOR6-top/22269.png" width="640" height="480">
  </image>
  <image id="160" name="rc19-experiment/OUTDOOR6-top/22266.png" width="640" height="480">
  </image>
  <image id="159" name="rc19-experiment/OUTDOOR6-top/22263.png" width="640" height="480">
  </image>
  <image id="158" name="rc19-experiment/OUTDOOR6-top/22259.png" width="640" height="480">
  </image>
  <image id="157" name="rc19-experiment/OUTDOOR6-top/22256.png" width="640" height="480">
  </image>
  <image id="156" name="rc19-experiment/OUTDOOR6-top/22253.png" width="640" height="480">
  </image>
  <image id="155" name="rc19-experiment/OUTDOOR6-top/22250.png" width="640" height="480">
    <box label="ball" occluded="0" source="manual" xtl="269.25" ytl="458.97" xbr="337.56" ybr="519.35" z_order="0">
    </box>
  </image>
  <image id="154" name="rc19-experiment/OUTDOOR6-top/22247.png" width="640" height="480">
  </image>
  <image id="153" name="rc19-experiment/OUTDOOR6-top/22244.png" width="640" height="480">
    <box label="ball" occluded="0" source="manual" xtl="380.37" ytl="431.58" xbr="462.79" ybr="507.83" z_order="0">
    </box>
  </image>
  <image id="152" name="rc19-experiment/OUTDOOR6-top/22241.png" width="640" height="480">
    <box label="ball" occluded="0" source="manual" xtl="352.56" ytl="444.78" xbr="430.76" ybr="509.69" z_order="0">
    </box>
  </image>
  <image id="151" name="rc19-experiment/OUTDOOR6-top/22238.png" width="640" height="480">
    <box label="ball" occluded="0" source="manual" xtl="255.05" ytl="444.32" xbr="321.31" ybr="501.65" z_order="0">
    </box>
  </image>
  <image id="150" name="rc19-experiment/OUTDOOR6-top/22235.png" width="640" height="480">
    <box label="ball" occluded="0" source="manual" xtl="193.10" ytl="415.85" xbr="266.38" ybr="492.65" z_order="0">
    </box>
  </image>
  <image id="149" name="rc19-experiment/OUTDOOR6-top/22232.png" width="640" height="480">
  </image>
  <image id="148" name="rc19-experiment/OUTDOOR6-top/22228.png" width="640" height="480">
    <box label="ball" occluded="0" source="manual" xtl="319.62" ytl="415.28" xbr="388.78" ybr="491.92" z_order="0">
    </box>
  </image>
  <image id="147" name="rc19-experiment/OUTDOOR6-top/22225.png" width="640" height="480">
    <box label="ball" occluded="0" source="manual" xtl="318.23" ytl="440.62" xbr="389.49" ybr="506.04" z_order="0">
    </box>
  </image>
  <image id="146" name="rc19-experiment/OUTDOOR6-top/22222.png" width="640" height="480">
    <box label="ball" occluded="0" source="manual" xtl="271.79" ytl="372.90" xbr="339.08" ybr="450.84" z_order="0">
    </box>
  </image>
  <image id="145" name="rc19-experiment/OUTDOOR6-top/22218.png" width="640" height="480">
    <box label="ball" occluded="0" source="manual" xtl="306.00" ytl="375.70" xbr="368.24" ybr="444.11" z_order="0">
    </box>
  </image>
  <image id="144" name="rc19-experiment/OUTDOOR6-top/22215.png" width="640" height="480">
    <box label="ball" occluded="0" source="manual" xtl="329.06" ytl="451.88" xbr="395.26" ybr="509.51" z_order="0">
    </box>
  </image>
  <image id="143" name="rc19-experiment/OUTDOOR6-top/22212.png" width="640" height="480">
    <box label="ball" occluded="0" source="manual" xtl="353.32" ytl="345.21" xbr="416.98" ybr="407.37" z_order="0">
    </box>
  </image>
  <image id="142" name="rc19-experiment/OUTDOOR6-top/22208.png" width="640" height="480">
    <box label="ball" occluded="0" source="manual" xtl="285.43" ytl="407.59" xbr="344.92" ybr="471.59" z_order="0">
    </box>
  </image>
  <image id="141" name="rc19-experiment/OUTDOOR6-top/22204.png" width="640" height="480">
    <box label="ball" occluded="0" source="manual" xtl="212.83" ytl="337.90" xbr="271.39" ybr="397.37" z_order="0">
    </box>
  </image>
  <image id="140" name="rc19-experiment/OUTDOOR6-top/22201.png" width="640" height="480">
    <box label="ball" occluded="0" source="manual" xtl="268.39" ytl="403.09" xbr="326.43" ybr="464.52" z_order="0">
    </box>
  </image>
  <image id="139" name="rc19-experiment/OUTDOOR6-top/22198.png" width="640" height="480">
    <box label="ball" occluded="0" source="manual" xtl="310.55" ytl="373.46" xbr="368.31" ybr="433.97" z_order="0">
    </box>
  </image>
  <image id="138" name="rc19-experiment/OUTDOOR6-top/22195.png" width="640" height="480">
    <box label="ball" occluded="0" source="manual" xtl="318.42" ytl="367.53" xbr="373.66" ybr="424.65" z_order="0">
    </box>
  </image>
  <image id="137" name="rc19-experiment/OUTDOOR6-top/22192.png" width="640" height="480">
    <box label="ball" occluded="0" source="manual" xtl="292.78" ytl="344.06" xbr="349.30" ybr="406.78" z_order="0">
    </box>
  </image>
  <image id="136" name="rc19-experiment/OUTDOOR6-top/22189.png" width="640" height="480">
    <box label="ball" occluded="0" source="manual" xtl="282.75" ytl="314.66" xbr="334.12" ybr="367.93" z_order="0">
    </box>
  </image>
  <image id="135" name="rc19-experiment/OUTDOOR6-top/22186.png" width="640" height="480">
    <box label="ball" occluded="0" source="manual" xtl="316.07" ytl="401.28" xbr="369.44" ybr="458.09" z_order="0">
    </box>
  </image>
  <image id="134" name="rc19-experiment/OUTDOOR6-top/22183.png" width="640" height="480">
    <box label="ball" occluded="0" source="manual" xtl="333.73" ytl="328.36" xbr="387.44" ybr="385.26" z_order="0">
    </box>
  </image>
  <image id="133" name="rc19-experiment/OUTDOOR6-top/22179.png" width="640" height="480">
    <box label="ball" occluded="0" source="manual" xtl="316.10" ytl="323.76" xbr="364.36" ybr="376.34" z_order="0">
    </box>
  </image>
  <image id="132" name="rc19-experiment/OUTDOOR6-top/22175.png" width="640" height="480">
    <box label="ball" occluded="0" source="manual" xtl="275.16" ytl="334.21" xbr="325.63" ybr="382.99" z_order="0">
    </box>
  </image>
  <image id="131" name="rc19-experiment/OUTDOOR6-top/22172.png" width="640" height="480">
    <box label="ball" occluded="0" source="manual" xtl="255.93" ytl="319.70" xbr="302.35" ybr="366.80" z_order="0">
    </box>
  </image>
  <image id="130" name="rc19-experiment/OUTDOOR6-top/22168.png" width="640" height="480">
    <box label="ball" occluded="0" source="manual" xtl="289.68" ytl="386.30" xbr="341.44" ybr="436.57" z_order="0">
    </box>
  </image>
  <image id="129" name="rc19-experiment/OUTDOOR6-top/22165.png" width="640" height="480">
    <box label="ball" occluded="0" source="manual" xtl="339.65" ytl="331.40" xbr="385.63" ybr="378.50" z_order="0">
    </box>
  </image>
  <image id="128" name="rc19-experiment/OUTDOOR6-top/22162.png" width="640" height="480">
    <box label="ball" occluded="0" source="manual" xtl="329.42" ytl="321.24" xbr="374.04" ybr="369.24" z_order="0">
    </box>
  </image>
  <image id="127" name="rc19-experiment/OUTDOOR6-top/22159.png" width="640" height="480">
    <box label="ball" occluded="0" source="manual" xtl="268.41" ytl="291.67" xbr="311.95" ybr="336.29" z_order="0">
    </box>
  </image>
  <image id="126" name="rc19-experiment/OUTDOOR6-top/22156.png" width="640" height="480">
    <box label="ball" occluded="0" source="manual" xtl="316.77" ytl="352.16" xbr="363.20" ybr="399.25" z_order="0">
    </box>
  </image>
  <image id="125" name="rc19-experiment/OUTDOOR6-top/22153.png" width="640" height="480">
    <box label="ball" occluded="0" source="manual" xtl="362.65" ytl="309.34" xbr="408.03" ybr="361.61" z_order="0">
    </box>
  </image>
  <image id="124" name="rc19-experiment/OUTDOOR6-top/22150.png" width="640" height="480">
    <box label="ball" occluded="0" source="manual" xtl="341.26" ytl="267.35" xbr="385.27" ybr="312.12" z_order="0">
    </box>
  </image>
  <image id="123" name="rc19-experiment/OUTDOOR6-top/22147.png" width="640" height="480">
    <box label="ball" occluded="0" source="manual" xtl="292.25" ytl="365.51" xbr="335.29" ybr="409.64" z_order="0">
    </box>
  </image>
  <image id="122" name="rc19-experiment/OUTDOOR6-top/22144.png" width="640" height="480">
    <box label="ball" occluded="0" source="manual" xtl="246.39" ytl="311.57" xbr="288.95" ybr="354.60" z_order="0">
    </box>
  </image>
  <image id="121" name="rc19-experiment/OUTDOOR6-top/22141.png" width="640" height="480">
    <box label="ball" occluded="0" source="manual" xtl="288.73" ytl="341.99" xbr="330.36" ybr="384.87" z_order="0">
    </box>
  </image>
  <image id="120" name="rc19-experiment/OUTDOOR6-top/22138.png" width="640" height="480">
    <box label="ball" occluded="0" source="manual" xtl="310.08" ytl="325.37" xbr="351.24" ybr="370.44" z_order="0">
    </box>
  </image>
  <image id="119" name="rc19-experiment/OUTDOOR6-top/22135.png" width="640" height="480">
    <box label="ball" occluded="0" source="manual" xtl="316.36" ytl="302.30" xbr="355.99" ybr="342.48" z_order="0">
    </box>
  </image>
  <image id="118" name="rc19-experiment/OUTDOOR6-top/22132.png" width="640" height="480">
    <box label="ball" occluded="0" source="manual" xtl="312.40" ytl="315.49" xbr="352.29" ybr="354.93" z_order="0">
    </box>
  </image>
  <image id="117" name="rc19-experiment/OUTDOOR6-top/22129.png" width="640" height="480">
    <box label="ball" occluded="0" source="manual" xtl="302.69" ytl="276.01" xbr="341.19" ybr="317.70" z_order="0">
    </box>
  </image>
  <image id="116" name="rc19-experiment/OUTDOOR6-top/22126.png" width="640" height="480">
    <box label="ball" occluded="0" source="manual" xtl="313.00" ytl="318.90" xbr="351.10" ybr="359.20" z_order="0">
    </box>
  </image>
  <image id="115" name="rc19-experiment/OUTDOOR6-top/22123.png" width="640" height="480">
    <box label="ball" occluded="0" source="manual" xtl="369.57" ytl="284.50" xbr="406.52" ybr="321.55" z_order="0">
    </box>
  </image>
  <image id="114" name="rc19-experiment/OUTDOOR6-top/22120.png" width="640" height="480">
    <box label="ball" occluded="0" source="manual" xtl="325.51" ytl="251.23" xbr="363.72" ybr="289.18" z_order="0">
    </box>
  </image>
  <image id="113" name="rc19-experiment/OUTDOOR6-top/22116.png" width="640" height="480">
    <box label="ball" occluded="0" source="manual" xtl="298.38" ytl="343.99" xbr="335.94" ybr="382.72" z_order="0">
    </box>
  </image>
  <image id="112" name="rc19-experiment/OUTDOOR6-top/22113.png" width="640" height="480">
    <box label="ball" occluded="0" source="manual" xtl="255.55" ytl="276.68" xbr="291.38" ybr="313.39" z_order="0">
    </box>
  </image>
  <image id="111" name="rc19-experiment/OUTDOOR6-top/22109.png" width="640" height="480">
    <box label="ball" occluded="0" source="manual" xtl="286.42" ytl="339.74" xbr="320.59" ybr="376.38" z_order="0">
    </box>
  </image>
  <image id="110" name="rc19-experiment/OUTDOOR6-top/22105.png" width="640" height="480">
    <box label="ball" occluded="0" source="manual" xtl="325.37" ytl="296.14" xbr="361.21" ybr="333.22" z_order="0">
    </box>
  </image>
  <image id="109" name="rc19-experiment/OUTDOOR6-top/22102.png" width="640" height="480">
    <box label="ball" occluded="0" source="manual" xtl="308.92" ytl="295.35" xbr="344.60" ybr="333.07" z_order="0">
    </box>
  </image>
  <image id="108" name="rc19-experiment/OUTDOOR6-top/22099.png" width="640" height="480">
    <box label="ball" occluded="0" source="manual" xtl="325.79" ytl="261.11" xbr="360.04" ybr="293.79" z_order="0">
    </box>
  </image>
  <image id="107" name="rc19-experiment/OUTDOOR6-top/22096.png" width="640" height="480">
    <box label="ball" occluded="0" source="manual" xtl="373.58" ytl="289.85" xbr="406.59" ybr="323.89" z_order="0">
    </box>
  </image>
  <image id="106" name="rc19-experiment/OUTDOOR6-top/22092.png" width="640" height="480">
    <box label="ball" occluded="0" source="manual" xtl="375.22" ytl="338.33" xbr="408.35" ybr="373.02" z_order="0">
    </box>
  </image>
  <image id="105" name="rc19-experiment/OUTDOOR6-top/22089.png" width="640" height="480">
    <box label="ball" occluded="0" source="manual" xtl="327.28" ytl="237.58" xbr="363.43" ybr="271.53" z_order="0">
    </box>
  </image>
  <image id="104" name="rc19-experiment/OUTDOOR6-top/22085.png" width="640" height="480">
    <box label="ball" occluded="0" source="manual" xtl="304.93" ytl="328.40" xbr="337.17" ybr="361.58" z_order="0">
    </box>
  </image>
  <image id="103" name="rc19-experiment/OUTDOOR6-top/22082.png" width="640" height="480">
    <box label="ball" occluded="0" source="manual" xtl="255.29" ytl="271.44" xbr="287.03" ybr="302.99" z_order="0">
    </box>
  </image>
  <image id="102" name="rc19-experiment/OUTDOOR6-top/22079.png" width="640" height="480">
    <box label="ball" occluded="0" source="manual" xtl="288.56" ytl="313.04" xbr="320.84" ybr="344.78" z_order="0">
    </box>
  </image>
  <image id="101" name="rc19-experiment/OUTDOOR6-top/22076.png" width="640" height="480">
    <box label="ball" occluded="0" source="manual" xtl="298.83" ytl="326.84" xbr="330.91" ybr="356.31" z_order="0">
    </box>
  </image>
  <image id="100" name="rc19-experiment/OUTDOOR6-top/22073.png" width="640" height="480">
    <box label="ball" occluded="0" source="manual" xtl="335.56" ytl="264.82" xbr="366.07" ybr="295.18" z_order="0">
    </box>
  </image>
  <image id="99" name="rc19-experiment/OUTDOOR6-top/22070.png" width="640" height="480">
    <box label="ball" occluded="0" source="manual" xtl="305.17" ytl="287.06" xbr="337.12" ybr="317.06" z_order="0">
    </box>
  </image>
  <image id="98" name="rc19-experiment/OUTDOOR6-top/22067.png" width="640" height="480">
    <box label="ball" occluded="0" source="manual" xtl="285.13" ytl="244.59" xbr="313.96" ybr="274.84" z_order="0">
    </box>
  </image>
  <image id="97" name="rc19-experiment/OUTDOOR6-top/22063.png" width="640" height="480">
    <box label="ball" occluded="0" source="manual" xtl="327.07" ytl="294.59" xbr="356.68" ybr="324.45" z_order="0">
    </box>
  </image>
  <image id="96" name="rc19-experiment/OUTDOOR6-top/22060.png" width="640" height="480">
    <box label="ball" occluded="0" source="manual" xtl="334.77" ytl="278.04" xbr="363.33" ybr="308.82" z_order="0">
    </box>
  </image>
  <image id="95" name="rc19-experiment/OUTDOOR6-top/22057.png" width="640" height="480">
    <box label="ball" occluded="0" source="manual" xtl="314.97" ytl="246.45" xbr="343.65" ybr="274.62" z_order="0">
    </box>
  </image>
  <image id="94" name="rc19-experiment/OUTDOOR6-top/22053.png" width="640" height="480">
    <box label="ball" occluded="0" source="manual" xtl="280.26" ytl="297.98" xbr="308.95" ybr="328.10" z_order="0">
    </box>
  </image>
  <image id="93" name="rc19-experiment/OUTDOOR6-top/22050.png" width="640" height="480">
    <box label="ball" occluded="0" source="manual" xtl="265.48" ytl="262.89" xbr="294.97" ybr="291.97" z_order="0">
    </box>
  </image>
  <image id="92" name="rc19-experiment/OUTDOOR6-top/22047.png" width="640" height="480">
    <box label="ball" occluded="0" source="manual" xtl="309.64" ytl="309.21" xbr="337.03" ybr="337.77" z_order="0">
    </box>
  </image>
  <image id="91" name="rc19-experiment/OUTDOOR6-top/22043.png" width="640" height="480">
    <box label="ball" occluded="0" source="manual" xtl="346.77" ytl="280.13" xbr="373.76" ybr="308.17" z_order="0">
    </box>
  </image>
  <image id="90" name="rc19-experiment/OUTDOOR6-top/22040.png" width="640" height="480">
    <box label="ball" occluded="0" source="manual" xtl="335.45" ytl="279.70" xbr="362.30" ybr="306.22" z_order="0">
    </box>
  </image>
  <image id="89" name="rc19-experiment/OUTDOOR6-top/22036.png" width="640" height="480">
    <box label="ball" occluded="0" source="manual" xtl="286.29" ytl="237.74" xbr="313.78" ybr="266.76" z_order="0">
    </box>
  </image>
  <image id="88" name="rc19-experiment/OUTDOOR6-top/22033.png" width="640" height="480">
    <box label="ball" occluded="0" source="manual" xtl="318.79" ytl="243.48" xbr="345.96" ybr="270.00" z_order="0">
    </box>
  </image>
  <image id="87" name="rc19-experiment/OUTDOOR6-top/22030.png" width="640" height="480">
    <box label="ball" occluded="0" source="manual" xtl="339.11" ytl="318.13" xbr="365.58" ybr="344.60" z_order="0">
    </box>
  </image>
  <image id="86" name="rc19-experiment/OUTDOOR6-top/22027.png" width="640" height="480">
    <box label="ball" occluded="0" source="manual" xtl="334.71" ytl="228.64" xbr="359.81" ybr="253.94" z_order="0">
    </box>
  </image>
  <image id="85" name="rc19-experiment/OUTDOOR6-top/22023.png" width="640" height="480">
    <box label="ball" occluded="0" source="manual" xtl="314.28" ytl="271.79" xbr="338.80" ybr="297.35" z_order="0">
    </box>
  </image>
  <image id="84" name="rc19-experiment/OUTDOOR6-top/22019.png" width="640" height="480">
    <box label="ball" occluded="0" source="manual" xtl="278.70" ytl="254.88" xbr="305.15" ybr="280.55" z_order="0">
    </box>
  </image>
  <image id="83" name="rc19-experiment/OUTDOOR6-top/22016.png" width="640" height="480">
    <box label="ball" occluded="0" source="manual" xtl="283.43" ytl="296.91" xbr="309.84" ybr="322.44" z_order="0">
    </box>
  </image>
  <image id="82" name="rc19-experiment/OUTDOOR6-top/22013.png" width="640" height="480">
    <box label="ball" occluded="0" source="manual" xtl="322.79" ytl="268.27" xbr="348.77" ybr="293.48" z_order="0">
    </box>
  </image>
  <image id="81" name="rc19-experiment/OUTDOOR6-top/22010.png" width="640" height="480">
    <box label="ball" occluded="0" source="manual" xtl="322.92" ytl="254.04" xbr="346.92" ybr="277.74" z_order="0">
    </box>
  </image>
  <image id="80" name="rc19-experiment/OUTDOOR6-top/22006.png" width="640" height="480">
    <box label="ball" occluded="0" source="manual" xtl="311.27" ytl="269.94" xbr="336.83" ybr="295.63" z_order="0">
    </box>
  </image>
  <image id="79" name="rc19-experiment/OUTDOOR6-top/22003.png" width="640" height="480">
    <box label="ball" occluded="0" source="manual" xtl="309.60" ytl="218.83" xbr="334.25" ybr="243.35" z_order="0">
    </box>
  </image>
  <image id="78" name="rc19-experiment/OUTDOOR6-top/22000.png" width="640" height="480">
    <box label="ball" occluded="0" source="manual" xtl="342.18" ytl="291.85" xbr="366.04" ybr="314.28" z_order="0">
    </box>
  </image>
  <image id="77" name="rc19-experiment/OUTDOOR6-top/21997.png" width="640" height="480">
    <box label="ball" occluded="0" source="manual" xtl="350.78" ytl="245.35" xbr="372.95" ybr="267.78" z_order="0">
    </box>
  </image>
  <image id="76" name="rc19-experiment/OUTDOOR6-top/21993.png" width="640" height="480">
    <box label="ball" occluded="0" source="manual" xtl="332.97" ytl="223.20" xbr="355.79" ybr="244.46" z_order="0">
    </box>
  </image>
  <image id="75" name="rc19-experiment/OUTDOOR6-top/21990.png" width="640" height="480">
    <box label="ball" occluded="0" source="manual" xtl="307.67" ytl="269.36" xbr="331.30" ybr="295.02" z_order="0">
    </box>
  </image>
  <image id="74" name="rc19-experiment/OUTDOOR6-top/21987.png" width="640" height="480">
    <box label="ball" occluded="0" source="manual" xtl="290.87" ytl="227.36" xbr="313.43" ybr="248.75" z_order="0">
    </box>
  </image>
  <image id="73" name="rc19-experiment/OUTDOOR6-top/21984.png" width="640" height="480">
    <box label="ball" occluded="0" source="manual" xtl="309.19" ytl="291.35" xbr="332.66" ybr="314.20" z_order="0">
    </box>
  </image>
  <image id="72" name="rc19-experiment/OUTDOOR6-top/21980.png" width="640" height="480">
    <box label="ball" occluded="0" source="manual" xtl="365.22" ytl="237.99" xbr="387.39" ybr="260.42" z_order="0">
    </box>
  </image>
  <image id="71" name="rc19-experiment/OUTDOOR6-top/21977.png" width="640" height="480">
    <box label="ball" occluded="0" source="manual" xtl="307.92" ytl="280.39" xbr="329.17" ybr="301.50" z_order="0">
    </box>
  </image>
  <image id="70" name="rc19-experiment/OUTDOOR6-top/21974.png" width="640" height="480">
    <box label="ball" occluded="0" source="manual" xtl="293.68" ytl="239.40" xbr="315.06" ybr="260.39" z_order="0">
    </box>
  </image>
  <image id="69" name="rc19-experiment/OUTDOOR6-top/21970.png" width="640" height="480">
    <box label="ball" occluded="0" source="manual" xtl="338.36" ytl="249.71" xbr="361.70" ybr="272.14" z_order="0">
    </box>
  </image>
  <image id="68" name="rc19-experiment/OUTDOOR6-top/21967.png" width="640" height="480">
    <box label="ball" occluded="0" source="manual" xtl="361.23" ytl="322.30" xbr="382.75" ybr="343.30" z_order="0">
    </box>
  </image>
  <image id="67" name="rc19-experiment/OUTDOOR6-top/21964.png" width="640" height="480">
    <box label="ball" occluded="0" source="manual" xtl="358.98" ytl="224.32" xbr="380.89" ybr="246.86" z_order="0">
    </box>
  </image>
  <image id="66" name="rc19-experiment/OUTDOOR6-top/21961.png" width="640" height="480">
    <box label="ball" occluded="0" source="manual" xtl="318.29" ytl="228.17" xbr="338.37" ybr="248.25" z_order="0">
    </box>
  </image>
  <image id="65" name="rc19-experiment/OUTDOOR6-top/21957.png" width="640" height="480">
    <box label="ball" occluded="0" source="manual" xtl="316.41" ytl="241.11" xbr="339.10" ybr="266.54" z_order="0">
    </box>
  </image>
  <image id="64" name="rc19-experiment/OUTDOOR6-top/21954.png" width="640" height="480">
    <box label="ball" occluded="0" source="manual" xtl="266.98" ytl="227.81" xbr="289.99" ybr="249.56" z_order="0">
    </box>
  </image>
  <image id="63" name="rc19-experiment/OUTDOOR6-top/21951.png" width="640" height="480">
    <box label="ball" occluded="0" source="manual" xtl="283.68" ytl="290.36" xbr="306.39" ybr="312.86" z_order="0">
    </box>
  </image>
  <image id="62" name="rc19-experiment/OUTDOOR6-top/21948.png" width="640" height="480">
    <box label="ball" occluded="0" source="manual" xtl="287.43" ytl="238.16" xbr="308.95" ybr="259.16" z_order="0">
    </box>
  </image>
  <image id="61" name="rc19-experiment/OUTDOOR6-top/21945.png" width="640" height="480">
    <box label="ball" occluded="0" source="manual" xtl="284.23" ytl="238.61" xbr="305.53" ybr="260.01" z_order="0">
    </box>
  </image>
  <image id="60" name="rc19-experiment/OUTDOOR6-top/21942.png" width="640" height="480">
    <box label="ball" occluded="0" source="manual" xtl="255.02" ytl="224.31" xbr="276.54" ybr="244.74" z_order="0">
    </box>
  </image>
  <image id="59" name="rc19-experiment/OUTDOOR6-top/21938.png" width="640" height="480">
    <box label="ball" occluded="0" source="manual" xtl="306.17" ytl="212.06" xbr="328.47" ybr="233.32" z_order="0">
    </box>
  </image>
  <image id="58" name="rc19-experiment/OUTDOOR6-top/21934.png" width="640" height="480">
    <box label="ball" occluded="0" source="manual" xtl="244.82" ytl="259.14" xbr="266.89" ybr="280.74" z_order="0">
    </box>
  </image>
  <image id="57" name="rc19-experiment/OUTDOOR6-top/21931.png" width="640" height="480">
    <box label="ball" occluded="0" source="manual" xtl="267.31" ytl="238.50" xbr="289.53" ybr="260.25" z_order="0">
    </box>
  </image>
  <image id="56" name="rc19-experiment/OUTDOOR6-top/21928.png" width="640" height="480">
    <box label="ball" occluded="0" source="manual" xtl="274.75" ytl="259.97" xbr="294.96" ybr="280.62" z_order="0">
    </box>
  </image>
  <image id="55" name="rc19-experiment/OUTDOOR6-top/21924.png" width="640" height="480">
    <box label="ball" occluded="0" source="manual" xtl="257.17" ytl="232.18" xbr="281.58" ybr="253.46" z_order="0">
    </box>
  </image>
  <image id="54" name="rc19-experiment/OUTDOOR6-top/21921.png" width="640" height="480">
    <box label="ball" occluded="0" source="manual" xtl="316.46" ytl="227.37" xbr="337.75" ybr="249.44" z_order="0">
    </box>
  </image>
  <image id="53" name="rc19-experiment/OUTDOOR6-top/21918.png" width="640" height="480">
    <box label="ball" occluded="0" source="manual" xtl="332.54" ytl="282.08" xbr="353.98" ybr="302.43" z_order="0">
    </box>
  </image>
  <image id="52" name="rc19-experiment/OUTDOOR6-top/21915.png" width="640" height="480">
    <box label="ball" occluded="0" source="manual" xtl="328.31" ytl="228.08" xbr="350.38" ybr="248.58" z_order="0">
    </box>
  </image>
  <image id="51" name="rc19-experiment/OUTDOOR6-top/21912.png" width="640" height="480">
    <box label="ball" occluded="0" source="manual" xtl="363.76" ytl="242.37" xbr="384.96" ybr="263.24" z_order="0">
    </box>
  </image>
  <image id="50" name="rc19-experiment/OUTDOOR6-top/21908.png" width="640" height="480">
    <box label="ball" occluded="0" source="manual" xtl="420.84" ytl="241.79" xbr="441.19" ybr="263.17" z_order="0">
    </box>
  </image>
  <image id="49" name="rc19-experiment/OUTDOOR6-top/21905.png" width="640" height="480">
    <box label="ball" occluded="0" source="manual" xtl="414.24" ytl="264.10" xbr="435.98" ybr="284.64" z_order="0">
    </box>
  </image>
  <image id="48" name="rc19-experiment/OUTDOOR6-top/21902.png" width="640" height="480">
    <box label="ball" occluded="0" source="manual" xtl="419.80" ytl="282.43" xbr="440.77" ybr="302.54" z_order="0">
    </box>
  </image>
  <image id="47" name="rc19-experiment/OUTDOOR6-top/21899.png" width="640" height="480">
    <box label="ball" occluded="0" source="manual" xtl="370.11" ytl="225.09" xbr="392.93" ybr="246.87" z_order="0">
    </box>
  </image>
  <image id="46" name="rc19-experiment/OUTDOOR6-top/21896.png" width="640" height="480">
    <box label="ball" occluded="0" source="manual" xtl="329.03" ytl="218.23" xbr="350.94" ybr="238.26" z_order="0">
    </box>
  </image>
  <image id="45" name="rc19-experiment/OUTDOOR6-top/21893.png" width="640" height="480">
    <box label="ball" occluded="0" source="manual" xtl="397.21" ytl="256.14" xbr="419.28" ybr="276.79" z_order="0">
    </box>
  </image>
  <image id="44" name="rc19-experiment/OUTDOOR6-top/21889.png" width="640" height="480">
    <box label="ball" occluded="0" source="manual" xtl="390.14" ytl="248.98" xbr="411.79" ybr="272.07" z_order="0">
    </box>
  </image>
  <image id="43" name="rc19-experiment/OUTDOOR6-top/21885.png" width="640" height="480">
    <box label="ball" occluded="0" source="manual" xtl="369.88" ytl="253.29" xbr="390.69" ybr="272.38" z_order="0">
    </box>
  </image>
  <image id="42" name="rc19-experiment/OUTDOOR6-top/21882.png" width="640" height="480">
    <box label="ball" occluded="0" source="manual" xtl="367.83" ytl="203.29" xbr="390.52" ybr="223.79" z_order="0">
    </box>
  </image>
  <image id="41" name="rc19-experiment/OUTDOOR6-top/21879.png" width="640" height="480">
    <box label="ball" occluded="0" source="manual" xtl="367.84" ytl="195.33" xbr="388.57" ybr="216.74" z_order="0">
    </box>
  </image>
  <image id="40" name="rc19-experiment/OUTDOOR6-top/21876.png" width="640" height="480">
    <box label="ball" occluded="0" source="manual" xtl="420.39" ytl="243.93" xbr="438.90" ybr="263.55" z_order="0">
    </box>
  </image>
  <image id="39" name="rc19-experiment/OUTDOOR6-top/21872.png" width="640" height="480">
    <box label="ball" occluded="0" source="manual" xtl="409.74" ytl="266.92" xbr="428.80" ybr="286.54" z_order="0">
    </box>
  </image>
  <image id="38" name="rc19-experiment/OUTDOOR6-top/21869.png" width="640" height="480">
    <box label="ball" occluded="0" source="manual" xtl="420.95" ytl="282.06" xbr="443.94" ybr="300.56" z_order="0">
    </box>
  </image>
  <image id="37" name="rc19-experiment/OUTDOOR6-top/21866.png" width="640" height="480">
    <box label="ball" occluded="0" source="manual" xtl="388.99" ytl="255.70" xbr="410.86" ybr="277.01" z_order="0">
    </box>
  </image>
  <image id="36" name="rc19-experiment/OUTDOOR6-top/21863.png" width="640" height="480">
    <box label="ball" occluded="0" source="manual" xtl="355.35" ytl="264.67" xbr="376.66" ybr="283.74" z_order="0">
    </box>
  </image>
  <image id="35" name="rc19-experiment/OUTDOOR6-top/21859.png" width="640" height="480">
    <box label="ball" occluded="0" source="manual" xtl="385.07" ytl="262.43" xbr="405.81" ybr="283.18" z_order="0">
    </box>
  </image>
  <image id="34" name="rc19-experiment/OUTDOOR6-top/21856.png" width="640" height="480">
    <box label="ball" occluded="0" source="manual" xtl="330.67" ytl="252.90" xbr="351.98" ybr="273.08" z_order="0">
    </box>
  </image>
  <image id="33" name="rc19-experiment/OUTDOOR6-top/21852.png" width="640" height="480">
    <box label="ball" occluded="0" source="manual" xtl="283.01" ytl="253.46" xbr="304.32" ybr="273.65" z_order="0">
    </box>
  </image>
  <image id="32" name="rc19-experiment/OUTDOOR6-top/21849.png" width="640" height="480">
    <box label="ball" occluded="0" source="manual" xtl="235.35" ytl="246.17" xbr="256.66" ybr="266.36" z_order="0">
    </box>
  </image>
  <image id="31" name="rc19-experiment/OUTDOOR6-top/21846.png" width="640" height="480">
    <box label="ball" occluded="0" source="manual" xtl="211.23" ytl="234.39" xbr="233.10" ybr="255.70" z_order="0">
    </box>
  </image>
  <image id="30" name="rc19-experiment/OUTDOOR6-top/21843.png" width="640" height="480">
    <box label="ball" occluded="0" source="manual" xtl="237.59" ytl="287.10" xbr="258.34" ybr="306.73" z_order="0">
    </box>
  </image>
  <image id="29" name="rc19-experiment/OUTDOOR6-top/21840.png" width="640" height="480">
    <box label="ball" occluded="0" source="manual" xtl="246.00" ytl="254.58" xbr="266.20" ybr="274.21" z_order="0">
    </box>
  </image>
  <image id="28" name="rc19-experiment/OUTDOOR6-top/21837.png" width="640" height="480">
    <box label="ball" occluded="0" source="manual" xtl="246.56" ytl="227.66" xbr="266.75" ybr="247.85" z_order="0">
    </box>
  </image>
  <image id="27" name="rc19-experiment/OUTDOOR6-top/21834.png" width="640" height="480">
    <box label="ball" occluded="0" source="manual" xtl="238.71" ytl="181.68" xbr="260.58" ybr="201.87" z_order="0">
    </box>
  </image>
  <image id="26" name="rc19-experiment/OUTDOOR6-top/21831.png" width="640" height="480">
    <box label="ball" occluded="0" source="manual" xtl="237.03" ytl="182.24" xbr="257.78" ybr="202.43" z_order="0">
    </box>
  </image>
  <image id="25" name="rc19-experiment/OUTDOOR6-top/21827.png" width="640" height="480">
    <box label="ball" occluded="0" source="manual" xtl="235.35" ytl="183.37" xbr="254.97" ybr="203.55" z_order="0">
    </box>
  </image>
  <image id="24" name="rc19-experiment/OUTDOOR6-top/21824.png" width="640" height="480">
    <box label="ball" occluded="0" source="manual" xtl="233.66" ytl="182.24" xbr="255.53" ybr="204.11" z_order="0">
    </box>
  </image>
  <image id="23" name="rc19-experiment/OUTDOOR6-top/21821.png" width="640" height="480">
    <box label="ball" occluded="0" source="manual" xtl="233.66" ytl="181.12" xbr="254.97" ybr="201.31" z_order="0">
    </box>
  </image>
  <image id="22" name="rc19-experiment/OUTDOOR6-top/21818.png" width="640" height="480">
    <box label="ball" occluded="0" source="manual" xtl="233.10" ytl="178.88" xbr="254.97" ybr="199.07" z_order="0">
    </box>
  </image>
  <image id="21" name="rc19-experiment/OUTDOOR6-top/21815.png" width="640" height="480">
    <box label="ball" occluded="0" source="manual" xtl="233.66" ytl="180.56" xbr="254.41" ybr="200.75" z_order="0">
    </box>
  </image>
  <image id="20" name="rc19-experiment/OUTDOOR6-top/21811.png" width="640" height="480">
    <box label="ball" occluded="0" source="manual" xtl="212.92" ytl="185.61" xbr="234.22" ybr="205.79" z_order="0">
    </box>
  </image>
  <image id="19" name="rc19-experiment/OUTDOOR6-top/21808.png" width="640" height="480">
    <box label="ball" occluded="0" source="manual" xtl="174.22" ytl="191.22" xbr="196.65" ybr="211.96" z_order="0">
    </box>
  </image>
  <image id="18" name="rc19-experiment/OUTDOOR6-top/21805.png" width="640" height="480">
    <box label="ball" occluded="0" source="manual" xtl="164.69" ytl="193.46" xbr="186.00" ybr="214.21" z_order="0">
    </box>
  </image>
  <image id="17" name="rc19-experiment/OUTDOOR6-top/21802.png" width="640" height="480">
    <box label="ball" occluded="0" source="manual" xtl="168.62" ytl="190.09" xbr="189.37" ybr="210.28" z_order="0">
    </box>
  </image>
  <image id="16" name="rc19-experiment/OUTDOOR6-top/21798.png" width="640" height="480">
    <box label="ball" occluded="0" source="manual" xtl="195.53" ytl="183.37" xbr="217.40" ybr="202.43" z_order="0">
    </box>
  </image>
  <image id="15" name="rc19-experiment/OUTDOOR6-top/21795.png" width="640" height="480">
    <box label="ball" occluded="0" source="manual" xtl="192.73" ytl="180.00" xbr="214.60" ybr="199.63" z_order="0">
    </box>
  </image>
  <image id="14" name="rc19-experiment/OUTDOOR6-top/21792.png" width="640" height="480">
    <box label="ball" occluded="0" source="manual" xtl="200.02" ytl="176.08" xbr="220.77" ybr="195.14" z_order="0">
    </box>
  </image>
  <image id="13" name="rc19-experiment/OUTDOOR6-top/21789.png" width="640" height="480">
    <box label="ball" occluded="0" source="manual" xtl="196.09" ytl="172.71" xbr="217.40" ybr="192.34" z_order="0">
    </box>
  </image>
  <image id="12" name="rc19-experiment/OUTDOOR6-top/21785.png" width="640" height="480">
    <box label="ball" occluded="0" source="manual" xtl="194.41" ytl="178.88" xbr="215.16" ybr="197.94" z_order="0">
    </box>
  </image>
  <image id="11" name="rc19-experiment/OUTDOOR6-top/21781.png" width="640" height="480">
    <box label="ball" occluded="0" source="manual" xtl="196.65" ytl="180.00" xbr="218.52" ybr="199.07" z_order="0">
    </box>
  </image>
  <image id="10" name="rc19-experiment/OUTDOOR6-top/21778.png" width="640" height="480">
    <box label="ball" occluded="0" source="manual" xtl="198.90" ytl="182.24" xbr="218.52" ybr="201.31" z_order="0">
    </box>
  </image>
  <image id="9" name="rc19-experiment/OUTDOOR6-top/21775.png" width="640" height="480">
    <box label="ball" occluded="0" source="manual" xtl="198.34" ytl="183.37" xbr="218.52" ybr="202.99" z_order="0">
    </box>
  </image>
  <image id="8" name="rc19-experiment/OUTDOOR6-top/21771.png" width="640" height="480">
    <box label="ball" occluded="0" source="manual" xtl="198.90" ytl="185.05" xbr="219.08" ybr="204.67" z_order="0">
    </box>
  </image>
  <image id="7" name="rc19-experiment/OUTDOOR6-top/21768.png" width="640" height="480">
    <box label="ball" occluded="0" source="manual" xtl="200.02" ytl="185.05" xbr="217.96" ybr="204.11" z_order="0">
    </box>
  </image>
  <image id="6" name="rc19-experiment/OUTDOOR6-top/21765.png" width="640" height="480">
    <box label="ball" occluded="0" source="manual" xtl="198.90" ytl="184.49" xbr="218.52" ybr="204.67" z_order="0">
    </box>
  </image>
  <image id="5" name="rc19-experiment/OUTDOOR6-top/21761.png" width="640" height="480">
    <box label="ball" occluded="0" source="manual" xtl="198.90" ytl="185.05" xbr="218.52" ybr="203.55" z_order="0">
    </box>
  </image>
  <image id="4" name="rc19-experiment/OUTDOOR6-top/21758.png" width="640" height="480">
    <box label="ball" occluded="0" source="manual" xtl="199.46" ytl="185.05" xbr="219.08" ybr="203.55" z_order="0">
    </box>
  </image>
  <image id="3" name="rc19-experiment/OUTDOOR6-top/21755.png" width="640" height="480">
    <box label="ball" occluded="0" source="manual" xtl="198.90" ytl="184.49" xbr="219.08" ybr="203.55" z_order="0">
    </box>
  </image>
  <image id="2" name="rc19-experiment/OUTDOOR6-top/21752.png" width="640" height="480">
    <box label="ball" occluded="0" source="manual" xtl="198.90" ytl="184.49" xbr="218.52" ybr="202.99" z_order="0">
    </box>
  </image>
  <image id="1" name="rc19-experiment/OUTDOOR6-top/21748.png" width="640" height="480">
    <box label="ball" occluded="0" source="manual" xtl="199.46" ytl="184.49" xbr="218.52" ybr="202.43" z_order="0">
    </box>
  </image>
  <image id="0" name="rc19-experiment/OUTDOOR6-top/21745.png" width="640" height="480">
    <box label="ball" occluded="0" source="manual" xtl="198.90" ytl="185.05" xbr="218.52" ybr="203.55" z_order="0">
    </box>
  </image>
</annotations>