<?xml version="1.0" encoding="utf-8"?>
<annotations>
  <version>1.1</version>
  <meta>
    <task>
      <id>33</id>
      <name>RC19Experiments-INDOOR-PLAY2_bottom</name>
      <size>424</size>
      <mode>annotation</mode>
      <overlap>0</overlap>
      <bugtracker></bugtracker>
      <created>2020-04-05 10:26:15.479598+00:00</created>
      <updated>2020-04-22 14:04:46.460864+00:00</updated>
      <start_frame>0</start_frame>
      <stop_frame>423</stop_frame>
      <frame_filter></frame_filter>
      <labels>
        <label>
          <name>ball</name>
          <color>#804080</color>
          <attributes>
            <attribute>
              <name>smudge</name>
              <mutable>False</mutable>
              <input_type>checkbox</input_type>
              <default_value>false</default_value>
              <values>false</values>
            </attribute>
          </attributes>
        </label>
      </labels>
      <segments>
        <segment>
          <id>33</id>
          <start>0</start>
          <stop>423</stop>
          <url>httpball.informatik.hu-berlin.de/?id=33</url>
        </segment>
      </segments>
      <owner>
        <username>nao</username>
        <email></email>
      </owner>
      <assignee></assignee>
    </task>
    <dumped>2021-01-20 09:58:00.732917+00:00</dumped>
  </meta>
  <image id="423" name="rc19-experiment/INDOOR/PLAY2_bottom/96296.png" width="640" height="480">
  </image>
  <image id="422" name="rc19-experiment/INDOOR/PLAY2_bottom/96293.png" width="640" height="480">
  </image>
  <image id="421" name="rc19-experiment/INDOOR/PLAY2_bottom/96290.png" width="640" height="480">
  </image>
  <image id="420" name="rc19-experiment/INDOOR/PLAY2_bottom/96286.png" width="640" height="480">
  </image>
  <image id="419" name="rc19-experiment/INDOOR/PLAY2_bottom/96283.png" width="640" height="480">
  </image>
  <image id="418" name="rc19-experiment/INDOOR/PLAY2_bottom/96279.png" width="640" height="480">
  </image>
  <image id="417" name="rc19-experiment/INDOOR/PLAY2_bottom/96276.png" width="640" height="480">
  </image>
  <image id="416" name="rc19-experiment/INDOOR/PLAY2_bottom/96273.png" width="640" height="480">
  </image>
  <image id="415" name="rc19-experiment/INDOOR/PLAY2_bottom/96269.png" width="640" height="480">
  </image>
  <image id="414" name="rc19-experiment/INDOOR/PLAY2_bottom/96266.png" width="640" height="480">
  </image>
  <image id="413" name="rc19-experiment/INDOOR/PLAY2_bottom/96263.png" width="640" height="480">
  </image>
  <image id="412" name="rc19-experiment/INDOOR/PLAY2_bottom/96260.png" width="640" height="480">
  </image>
  <image id="411" name="rc19-experiment/INDOOR/PLAY2_bottom/96256.png" width="640" height="480">
  </image>
  <image id="410" name="rc19-experiment/INDOOR/PLAY2_bottom/96253.png" width="640" height="480">
  </image>
  <image id="409" name="rc19-experiment/INDOOR/PLAY2_bottom/96249.png" width="640" height="480">
  </image>
  <image id="408" name="rc19-experiment/INDOOR/PLAY2_bottom/96246.png" width="640" height="480">
  </image>
  <image id="407" name="rc19-experiment/INDOOR/PLAY2_bottom/96243.png" width="640" height="480">
  </image>
  <image id="406" name="rc19-experiment/INDOOR/PLAY2_bottom/96240.png" width="640" height="480">
  </image>
  <image id="405" name="rc19-experiment/INDOOR/PLAY2_bottom/96236.png" width="640" height="480">
  </image>
  <image id="404" name="rc19-experiment/INDOOR/PLAY2_bottom/96232.png" width="640" height="480">
  </image>
  <image id="403" name="rc19-experiment/INDOOR/PLAY2_bottom/96229.png" width="640" height="480">
  </image>
  <image id="402" name="rc19-experiment/INDOOR/PLAY2_bottom/96226.png" width="640" height="480">
  </image>
  <image id="401" name="rc19-experiment/INDOOR/PLAY2_bottom/96222.png" width="640" height="480">
  </image>
  <image id="400" name="rc19-experiment/INDOOR/PLAY2_bottom/96219.png" width="640" height="480">
  </image>
  <image id="399" name="rc19-experiment/INDOOR/PLAY2_bottom/96215.png" width="640" height="480">
  </image>
  <image id="398" name="rc19-experiment/INDOOR/PLAY2_bottom/96212.png" width="640" height="480">
  </image>
  <image id="397" name="rc19-experiment/INDOOR/PLAY2_bottom/96209.png" width="640" height="480">
  </image>
  <image id="396" name="rc19-experiment/INDOOR/PLAY2_bottom/96205.png" width="640" height="480">
  </image>
  <image id="395" name="rc19-experiment/INDOOR/PLAY2_bottom/96202.png" width="640" height="480">
  </image>
  <image id="394" name="rc19-experiment/INDOOR/PLAY2_bottom/96199.png" width="640" height="480">
  </image>
  <image id="393" name="rc19-experiment/INDOOR/PLAY2_bottom/96195.png" width="640" height="480">
  </image>
  <image id="392" name="rc19-experiment/INDOOR/PLAY2_bottom/96192.png" width="640" height="480">
  </image>
  <image id="391" name="rc19-experiment/INDOOR/PLAY2_bottom/96188.png" width="640" height="480">
  </image>
  <image id="390" name="rc19-experiment/INDOOR/PLAY2_bottom/96184.png" width="640" height="480">
  </image>
  <image id="389" name="rc19-experiment/INDOOR/PLAY2_bottom/96181.png" width="640" height="480">
  </image>
  <image id="388" name="rc19-experiment/INDOOR/PLAY2_bottom/96178.png" width="640" height="480">
  </image>
  <image id="387" name="rc19-experiment/INDOOR/PLAY2_bottom/96174.png" width="640" height="480">
  </image>
  <image id="386" name="rc19-experiment/INDOOR/PLAY2_bottom/96171.png" width="640" height="480">
  </image>
  <image id="385" name="rc19-experiment/INDOOR/PLAY2_bottom/96168.png" width="640" height="480">
  </image>
  <image id="384" name="rc19-experiment/INDOOR/PLAY2_bottom/96164.png" width="640" height="480">
  </image>
  <image id="383" name="rc19-experiment/INDOOR/PLAY2_bottom/96161.png" width="640" height="480">
  </image>
  <image id="382" name="rc19-experiment/INDOOR/PLAY2_bottom/96158.png" width="640" height="480">
  </image>
  <image id="381" name="rc19-experiment/INDOOR/PLAY2_bottom/96154.png" width="640" height="480">
  </image>
  <image id="380" name="rc19-experiment/INDOOR/PLAY2_bottom/96150.png" width="640" height="480">
  </image>
  <image id="379" name="rc19-experiment/INDOOR/PLAY2_bottom/96147.png" width="640" height="480">
  </image>
  <image id="378" name="rc19-experiment/INDOOR/PLAY2_bottom/96144.png" width="640" height="480">
  </image>
  <image id="377" name="rc19-experiment/INDOOR/PLAY2_bottom/96141.png" width="640" height="480">
  </image>
  <image id="376" name="rc19-experiment/INDOOR/PLAY2_bottom/96137.png" width="640" height="480">
  </image>
  <image id="375" name="rc19-experiment/INDOOR/PLAY2_bottom/96134.png" width="640" height="480">
  </image>
  <image id="374" name="rc19-experiment/INDOOR/PLAY2_bottom/96130.png" width="640" height="480">
  </image>
  <image id="373" name="rc19-experiment/INDOOR/PLAY2_bottom/96127.png" width="640" height="480">
  </image>
  <image id="372" name="rc19-experiment/INDOOR/PLAY2_bottom/96124.png" width="640" height="480">
  </image>
  <image id="371" name="rc19-experiment/INDOOR/PLAY2_bottom/96121.png" width="640" height="480">
  </image>
  <image id="370" name="rc19-experiment/INDOOR/PLAY2_bottom/96117.png" width="640" height="480">
  </image>
  <image id="369" name="rc19-experiment/INDOOR/PLAY2_bottom/96113.png" width="640" height="480">
  </image>
  <image id="368" name="rc19-experiment/INDOOR/PLAY2_bottom/96110.png" width="640" height="480">
  </image>
  <image id="367" name="rc19-experiment/INDOOR/PLAY2_bottom/96106.png" width="640" height="480">
  </image>
  <image id="366" name="rc19-experiment/INDOOR/PLAY2_bottom/96103.png" width="640" height="480">
  </image>
  <image id="365" name="rc19-experiment/INDOOR/PLAY2_bottom/96100.png" width="640" height="480">
  </image>
  <image id="364" name="rc19-experiment/INDOOR/PLAY2_bottom/96096.png" width="640" height="480">
  </image>
  <image id="363" name="rc19-experiment/INDOOR/PLAY2_bottom/96093.png" width="640" height="480">
  </image>
  <image id="362" name="rc19-experiment/INDOOR/PLAY2_bottom/96090.png" width="640" height="480">
  </image>
  <image id="361" name="rc19-experiment/INDOOR/PLAY2_bottom/96086.png" width="640" height="480">
  </image>
  <image id="360" name="rc19-experiment/INDOOR/PLAY2_bottom/96083.png" width="640" height="480">
  </image>
  <image id="359" name="rc19-experiment/INDOOR/PLAY2_bottom/96080.png" width="640" height="480">
  </image>
  <image id="358" name="rc19-experiment/INDOOR/PLAY2_bottom/96076.png" width="640" height="480">
  </image>
  <image id="357" name="rc19-experiment/INDOOR/PLAY2_bottom/96073.png" width="640" height="480">
  </image>
  <image id="356" name="rc19-experiment/INDOOR/PLAY2_bottom/96069.png" width="640" height="480">
  </image>
  <image id="355" name="rc19-experiment/INDOOR/PLAY2_bottom/96066.png" width="640" height="480">
  </image>
  <image id="354" name="rc19-experiment/INDOOR/PLAY2_bottom/96062.png" width="640" height="480">
  </image>
  <image id="353" name="rc19-experiment/INDOOR/PLAY2_bottom/96059.png" width="640" height="480">
  </image>
  <image id="352" name="rc19-experiment/INDOOR/PLAY2_bottom/96055.png" width="640" height="480">
  </image>
  <image id="351" name="rc19-experiment/INDOOR/PLAY2_bottom/96052.png" width="640" height="480">
  </image>
  <image id="350" name="rc19-experiment/INDOOR/PLAY2_bottom/96048.png" width="640" height="480">
  </image>
  <image id="349" name="rc19-experiment/INDOOR/PLAY2_bottom/96045.png" width="640" height="480">
  </image>
  <image id="348" name="rc19-experiment/INDOOR/PLAY2_bottom/96042.png" width="640" height="480">
  </image>
  <image id="347" name="rc19-experiment/INDOOR/PLAY2_bottom/96038.png" width="640" height="480">
  </image>
  <image id="346" name="rc19-experiment/INDOOR/PLAY2_bottom/96035.png" width="640" height="480">
  </image>
  <image id="345" name="rc19-experiment/INDOOR/PLAY2_bottom/96031.png" width="640" height="480">
  </image>
  <image id="344" name="rc19-experiment/INDOOR/PLAY2_bottom/96028.png" width="640" height="480">
  </image>
  <image id="343" name="rc19-experiment/INDOOR/PLAY2_bottom/96025.png" width="640" height="480">
  </image>
  <image id="342" name="rc19-experiment/INDOOR/PLAY2_bottom/96021.png" width="640" height="480">
  </image>
  <image id="341" name="rc19-experiment/INDOOR/PLAY2_bottom/96018.png" width="640" height="480">
  </image>
  <image id="340" name="rc19-experiment/INDOOR/PLAY2_bottom/96014.png" width="640" height="480">
  </image>
  <image id="339" name="rc19-experiment/INDOOR/PLAY2_bottom/96010.png" width="640" height="480">
  </image>
  <image id="338" name="rc19-experiment/INDOOR/PLAY2_bottom/96007.png" width="640" height="480">
  </image>
  <image id="337" name="rc19-experiment/INDOOR/PLAY2_bottom/96004.png" width="640" height="480">
  </image>
  <image id="336" name="rc19-experiment/INDOOR/PLAY2_bottom/96000.png" width="640" height="480">
  </image>
  <image id="335" name="rc19-experiment/INDOOR/PLAY2_bottom/95997.png" width="640" height="480">
  </image>
  <image id="334" name="rc19-experiment/INDOOR/PLAY2_bottom/95993.png" width="640" height="480">
  </image>
  <image id="333" name="rc19-experiment/INDOOR/PLAY2_bottom/95990.png" width="640" height="480">
  </image>
  <image id="332" name="rc19-experiment/INDOOR/PLAY2_bottom/95987.png" width="640" height="480">
  </image>
  <image id="331" name="rc19-experiment/INDOOR/PLAY2_bottom/95983.png" width="640" height="480">
  </image>
  <image id="330" name="rc19-experiment/INDOOR/PLAY2_bottom/95979.png" width="640" height="480">
  </image>
  <image id="329" name="rc19-experiment/INDOOR/PLAY2_bottom/95976.png" width="640" height="480">
  </image>
  <image id="328" name="rc19-experiment/INDOOR/PLAY2_bottom/95973.png" width="640" height="480">
  </image>
  <image id="327" name="rc19-experiment/INDOOR/PLAY2_bottom/95970.png" width="640" height="480">
  </image>
  <image id="326" name="rc19-experiment/INDOOR/PLAY2_bottom/95966.png" width="640" height="480">
  </image>
  <image id="325" name="rc19-experiment/INDOOR/PLAY2_bottom/95962.png" width="640" height="480">
  </image>
  <image id="324" name="rc19-experiment/INDOOR/PLAY2_bottom/95958.png" width="640" height="480">
  </image>
  <image id="323" name="rc19-experiment/INDOOR/PLAY2_bottom/95955.png" width="640" height="480">
  </image>
  <image id="322" name="rc19-experiment/INDOOR/PLAY2_bottom/95952.png" width="640" height="480">
  </image>
  <image id="321" name="rc19-experiment/INDOOR/PLAY2_bottom/95949.png" width="640" height="480">
  </image>
  <image id="320" name="rc19-experiment/INDOOR/PLAY2_bottom/95945.png" width="640" height="480">
  </image>
  <image id="319" name="rc19-experiment/INDOOR/PLAY2_bottom/95941.png" width="640" height="480">
  </image>
  <image id="318" name="rc19-experiment/INDOOR/PLAY2_bottom/95938.png" width="640" height="480">
  </image>
  <image id="317" name="rc19-experiment/INDOOR/PLAY2_bottom/95935.png" width="640" height="480">
  </image>
  <image id="316" name="rc19-experiment/INDOOR/PLAY2_bottom/95932.png" width="640" height="480">
  </image>
  <image id="315" name="rc19-experiment/INDOOR/PLAY2_bottom/95928.png" width="640" height="480">
  </image>
  <image id="314" name="rc19-experiment/INDOOR/PLAY2_bottom/95925.png" width="640" height="480">
  </image>
  <image id="313" name="rc19-experiment/INDOOR/PLAY2_bottom/95922.png" width="640" height="480">
  </image>
  <image id="312" name="rc19-experiment/INDOOR/PLAY2_bottom/95918.png" width="640" height="480">
  </image>
  <image id="311" name="rc19-experiment/INDOOR/PLAY2_bottom/95914.png" width="640" height="480">
  </image>
  <image id="310" name="rc19-experiment/INDOOR/PLAY2_bottom/95911.png" width="640" height="480">
  </image>
  <image id="309" name="rc19-experiment/INDOOR/PLAY2_bottom/95907.png" width="640" height="480">
  </image>
  <image id="308" name="rc19-experiment/INDOOR/PLAY2_bottom/95904.png" width="640" height="480">
  </image>
  <image id="307" name="rc19-experiment/INDOOR/PLAY2_bottom/95901.png" width="640" height="480">
  </image>
  <image id="306" name="rc19-experiment/INDOOR/PLAY2_bottom/95897.png" width="640" height="480">
  </image>
  <image id="305" name="rc19-experiment/INDOOR/PLAY2_bottom/95894.png" width="640" height="480">
  </image>
  <image id="304" name="rc19-experiment/INDOOR/PLAY2_bottom/95891.png" width="640" height="480">
  </image>
  <image id="303" name="rc19-experiment/INDOOR/PLAY2_bottom/95888.png" width="640" height="480">
  </image>
  <image id="302" name="rc19-experiment/INDOOR/PLAY2_bottom/95884.png" width="640" height="480">
  </image>
  <image id="301" name="rc19-experiment/INDOOR/PLAY2_bottom/95880.png" width="640" height="480">
  </image>
  <image id="300" name="rc19-experiment/INDOOR/PLAY2_bottom/95877.png" width="640" height="480">
  </image>
  <image id="299" name="rc19-experiment/INDOOR/PLAY2_bottom/95873.png" width="640" height="480">
  </image>
  <image id="298" name="rc19-experiment/INDOOR/PLAY2_bottom/95870.png" width="640" height="480">
  </image>
  <image id="297" name="rc19-experiment/INDOOR/PLAY2_bottom/95867.png" width="640" height="480">
  </image>
  <image id="296" name="rc19-experiment/INDOOR/PLAY2_bottom/95863.png" width="640" height="480">
  </image>
  <image id="295" name="rc19-experiment/INDOOR/PLAY2_bottom/95860.png" width="640" height="480">
  </image>
  <image id="294" name="rc19-experiment/INDOOR/PLAY2_bottom/95856.png" width="640" height="480">
  </image>
  <image id="293" name="rc19-experiment/INDOOR/PLAY2_bottom/95853.png" width="640" height="480">
  </image>
  <image id="292" name="rc19-experiment/INDOOR/PLAY2_bottom/95850.png" width="640" height="480">
  </image>
  <image id="291" name="rc19-experiment/INDOOR/PLAY2_bottom/95846.png" width="640" height="480">
  </image>
  <image id="290" name="rc19-experiment/INDOOR/PLAY2_bottom/95842.png" width="640" height="480">
  </image>
  <image id="289" name="rc19-experiment/INDOOR/PLAY2_bottom/95839.png" width="640" height="480">
  </image>
  <image id="288" name="rc19-experiment/INDOOR/PLAY2_bottom/95836.png" width="640" height="480">
  </image>
  <image id="287" name="rc19-experiment/INDOOR/PLAY2_bottom/95832.png" width="640" height="480">
  </image>
  <image id="286" name="rc19-experiment/INDOOR/PLAY2_bottom/95829.png" width="640" height="480">
  </image>
  <image id="285" name="rc19-experiment/INDOOR/PLAY2_bottom/95826.png" width="640" height="480">
  </image>
  <image id="284" name="rc19-experiment/INDOOR/PLAY2_bottom/95822.png" width="640" height="480">
  </image>
  <image id="283" name="rc19-experiment/INDOOR/PLAY2_bottom/95819.png" width="640" height="480">
  </image>
  <image id="282" name="rc19-experiment/INDOOR/PLAY2_bottom/95816.png" width="640" height="480">
  </image>
  <image id="281" name="rc19-experiment/INDOOR/PLAY2_bottom/95812.png" width="640" height="480">
  </image>
  <image id="280" name="rc19-experiment/INDOOR/PLAY2_bottom/95809.png" width="640" height="480">
  </image>
  <image id="279" name="rc19-experiment/INDOOR/PLAY2_bottom/95805.png" width="640" height="480">
  </image>
  <image id="278" name="rc19-experiment/INDOOR/PLAY2_bottom/95802.png" width="640" height="480">
  </image>
  <image id="277" name="rc19-experiment/INDOOR/PLAY2_bottom/95799.png" width="640" height="480">
  </image>
  <image id="276" name="rc19-experiment/INDOOR/PLAY2_bottom/95795.png" width="640" height="480">
  </image>
  <image id="275" name="rc19-experiment/INDOOR/PLAY2_bottom/95792.png" width="640" height="480">
  </image>
  <image id="274" name="rc19-experiment/INDOOR/PLAY2_bottom/95789.png" width="640" height="480">
  </image>
  <image id="273" name="rc19-experiment/INDOOR/PLAY2_bottom/95785.png" width="640" height="480">
  </image>
  <image id="272" name="rc19-experiment/INDOOR/PLAY2_bottom/95782.png" width="640" height="480">
  </image>
  <image id="271" name="rc19-experiment/INDOOR/PLAY2_bottom/95779.png" width="640" height="480">
  </image>
  <image id="270" name="rc19-experiment/INDOOR/PLAY2_bottom/95775.png" width="640" height="480">
  </image>
  <image id="269" name="rc19-experiment/INDOOR/PLAY2_bottom/95772.png" width="640" height="480">
  </image>
  <image id="268" name="rc19-experiment/INDOOR/PLAY2_bottom/95769.png" width="640" height="480">
  </image>
  <image id="267" name="rc19-experiment/INDOOR/PLAY2_bottom/95766.png" width="640" height="480">
  </image>
  <image id="266" name="rc19-experiment/INDOOR/PLAY2_bottom/95763.png" width="640" height="480">
  </image>
  <image id="265" name="rc19-experiment/INDOOR/PLAY2_bottom/95760.png" width="640" height="480">
  </image>
  <image id="264" name="rc19-experiment/INDOOR/PLAY2_bottom/95757.png" width="640" height="480">
  </image>
  <image id="263" name="rc19-experiment/INDOOR/PLAY2_bottom/95753.png" width="640" height="480">
  </image>
  <image id="262" name="rc19-experiment/INDOOR/PLAY2_bottom/95749.png" width="640" height="480">
  </image>
  <image id="261" name="rc19-experiment/INDOOR/PLAY2_bottom/95746.png" width="640" height="480">
  </image>
  <image id="260" name="rc19-experiment/INDOOR/PLAY2_bottom/95743.png" width="640" height="480">
  </image>
  <image id="259" name="rc19-experiment/INDOOR/PLAY2_bottom/95740.png" width="640" height="480">
  </image>
  <image id="258" name="rc19-experiment/INDOOR/PLAY2_bottom/95737.png" width="640" height="480">
  </image>
  <image id="257" name="rc19-experiment/INDOOR/PLAY2_bottom/95734.png" width="640" height="480">
  </image>
  <image id="256" name="rc19-experiment/INDOOR/PLAY2_bottom/95730.png" width="640" height="480">
  </image>
  <image id="255" name="rc19-experiment/INDOOR/PLAY2_bottom/95727.png" width="640" height="480">
  </image>
  <image id="254" name="rc19-experiment/INDOOR/PLAY2_bottom/95724.png" width="640" height="480">
  </image>
  <image id="253" name="rc19-experiment/INDOOR/PLAY2_bottom/95721.png" width="640" height="480">
  </image>
  <image id="252" name="rc19-experiment/INDOOR/PLAY2_bottom/95717.png" width="640" height="480">
  </image>
  <image id="251" name="rc19-experiment/INDOOR/PLAY2_bottom/95714.png" width="640" height="480">
  </image>
  <image id="250" name="rc19-experiment/INDOOR/PLAY2_bottom/95710.png" width="640" height="480">
  </image>
  <image id="249" name="rc19-experiment/INDOOR/PLAY2_bottom/95707.png" width="640" height="480">
  </image>
  <image id="248" name="rc19-experiment/INDOOR/PLAY2_bottom/95704.png" width="640" height="480">
  </image>
  <image id="247" name="rc19-experiment/INDOOR/PLAY2_bottom/95700.png" width="640" height="480">
  </image>
  <image id="246" name="rc19-experiment/INDOOR/PLAY2_bottom/95697.png" width="640" height="480">
  </image>
  <image id="245" name="rc19-experiment/INDOOR/PLAY2_bottom/95694.png" width="640" height="480">
  </image>
  <image id="244" name="rc19-experiment/INDOOR/PLAY2_bottom/95690.png" width="640" height="480">
  </image>
  <image id="243" name="rc19-experiment/INDOOR/PLAY2_bottom/95687.png" width="640" height="480">
  </image>
  <image id="242" name="rc19-experiment/INDOOR/PLAY2_bottom/95683.png" width="640" height="480">
  </image>
  <image id="241" name="rc19-experiment/INDOOR/PLAY2_bottom/95680.png" width="640" height="480">
  </image>
  <image id="240" name="rc19-experiment/INDOOR/PLAY2_bottom/95677.png" width="640" height="480">
  </image>
  <image id="239" name="rc19-experiment/INDOOR/PLAY2_bottom/95673.png" width="640" height="480">
  </image>
  <image id="238" name="rc19-experiment/INDOOR/PLAY2_bottom/95670.png" width="640" height="480">
  </image>
  <image id="237" name="rc19-experiment/INDOOR/PLAY2_bottom/95667.png" width="640" height="480">
  </image>
  <image id="236" name="rc19-experiment/INDOOR/PLAY2_bottom/95663.png" width="640" height="480">
  </image>
  <image id="235" name="rc19-experiment/INDOOR/PLAY2_bottom/95659.png" width="640" height="480">
  </image>
  <image id="234" name="rc19-experiment/INDOOR/PLAY2_bottom/95656.png" width="640" height="480">
  </image>
  <image id="233" name="rc19-experiment/INDOOR/PLAY2_bottom/95653.png" width="640" height="480">
  </image>
  <image id="232" name="rc19-experiment/INDOOR/PLAY2_bottom/95650.png" width="640" height="480">
  </image>
  <image id="231" name="rc19-experiment/INDOOR/PLAY2_bottom/95646.png" width="640" height="480">
  </image>
  <image id="230" name="rc19-experiment/INDOOR/PLAY2_bottom/95643.png" width="640" height="480">
  </image>
  <image id="229" name="rc19-experiment/INDOOR/PLAY2_bottom/95640.png" width="640" height="480">
  </image>
  <image id="228" name="rc19-experiment/INDOOR/PLAY2_bottom/95636.png" width="640" height="480">
  </image>
  <image id="227" name="rc19-experiment/INDOOR/PLAY2_bottom/95633.png" width="640" height="480">
  </image>
  <image id="226" name="rc19-experiment/INDOOR/PLAY2_bottom/95629.png" width="640" height="480">
  </image>
  <image id="225" name="rc19-experiment/INDOOR/PLAY2_bottom/95626.png" width="640" height="480">
  </image>
  <image id="224" name="rc19-experiment/INDOOR/PLAY2_bottom/95623.png" width="640" height="480">
  </image>
  <image id="223" name="rc19-experiment/INDOOR/PLAY2_bottom/95620.png" width="640" height="480">
  </image>
  <image id="222" name="rc19-experiment/INDOOR/PLAY2_bottom/95616.png" width="640" height="480">
  </image>
  <image id="221" name="rc19-experiment/INDOOR/PLAY2_bottom/95613.png" width="640" height="480">
  </image>
  <image id="220" name="rc19-experiment/INDOOR/PLAY2_bottom/95610.png" width="640" height="480">
  </image>
  <image id="219" name="rc19-experiment/INDOOR/PLAY2_bottom/95606.png" width="640" height="480">
  </image>
  <image id="218" name="rc19-experiment/INDOOR/PLAY2_bottom/95602.png" width="640" height="480">
  </image>
  <image id="217" name="rc19-experiment/INDOOR/PLAY2_bottom/95599.png" width="640" height="480">
  </image>
  <image id="216" name="rc19-experiment/INDOOR/PLAY2_bottom/95596.png" width="640" height="480">
  </image>
  <image id="215" name="rc19-experiment/INDOOR/PLAY2_bottom/95593.png" width="640" height="480">
  </image>
  <image id="214" name="rc19-experiment/INDOOR/PLAY2_bottom/95589.png" width="640" height="480">
  </image>
  <image id="213" name="rc19-experiment/INDOOR/PLAY2_bottom/95586.png" width="640" height="480">
  </image>
  <image id="212" name="rc19-experiment/INDOOR/PLAY2_bottom/95583.png" width="640" height="480">
  </image>
  <image id="211" name="rc19-experiment/INDOOR/PLAY2_bottom/95579.png" width="640" height="480">
  </image>
  <image id="210" name="rc19-experiment/INDOOR/PLAY2_bottom/95576.png" width="640" height="480">
  </image>
  <image id="209" name="rc19-experiment/INDOOR/PLAY2_bottom/95573.png" width="640" height="480">
  </image>
  <image id="208" name="rc19-experiment/INDOOR/PLAY2_bottom/95569.png" width="640" height="480">
  </image>
  <image id="207" name="rc19-experiment/INDOOR/PLAY2_bottom/95566.png" width="640" height="480">
  </image>
  <image id="206" name="rc19-experiment/INDOOR/PLAY2_bottom/95562.png" width="640" height="480">
  </image>
  <image id="205" name="rc19-experiment/INDOOR/PLAY2_bottom/95559.png" width="640" height="480">
  </image>
  <image id="204" name="rc19-experiment/INDOOR/PLAY2_bottom/95556.png" width="640" height="480">
  </image>
  <image id="203" name="rc19-experiment/INDOOR/PLAY2_bottom/95552.png" width="640" height="480">
  </image>
  <image id="202" name="rc19-experiment/INDOOR/PLAY2_bottom/95549.png" width="640" height="480">
  </image>
  <image id="201" name="rc19-experiment/INDOOR/PLAY2_bottom/95546.png" width="640" height="480">
  </image>
  <image id="200" name="rc19-experiment/INDOOR/PLAY2_bottom/95542.png" width="640" height="480">
  </image>
  <image id="199" name="rc19-experiment/INDOOR/PLAY2_bottom/95538.png" width="640" height="480">
  </image>
  <image id="198" name="rc19-experiment/INDOOR/PLAY2_bottom/95535.png" width="640" height="480">
  </image>
  <image id="197" name="rc19-experiment/INDOOR/PLAY2_bottom/95531.png" width="640" height="480">
  </image>
  <image id="196" name="rc19-experiment/INDOOR/PLAY2_bottom/95528.png" width="640" height="480">
  </image>
  <image id="195" name="rc19-experiment/INDOOR/PLAY2_bottom/95525.png" width="640" height="480">
  </image>
  <image id="194" name="rc19-experiment/INDOOR/PLAY2_bottom/95522.png" width="640" height="480">
  </image>
  <image id="193" name="rc19-experiment/INDOOR/PLAY2_bottom/95519.png" width="640" height="480">
  </image>
  <image id="192" name="rc19-experiment/INDOOR/PLAY2_bottom/95515.png" width="640" height="480">
  </image>
  <image id="191" name="rc19-experiment/INDOOR/PLAY2_bottom/95511.png" width="640" height="480">
  </image>
  <image id="190" name="rc19-experiment/INDOOR/PLAY2_bottom/95508.png" width="640" height="480">
  </image>
  <image id="189" name="rc19-experiment/INDOOR/PLAY2_bottom/95505.png" width="640" height="480">
  </image>
  <image id="188" name="rc19-experiment/INDOOR/PLAY2_bottom/95501.png" width="640" height="480">
  </image>
  <image id="187" name="rc19-experiment/INDOOR/PLAY2_bottom/95498.png" width="640" height="480">
  </image>
  <image id="186" name="rc19-experiment/INDOOR/PLAY2_bottom/95494.png" width="640" height="480">
  </image>
  <image id="185" name="rc19-experiment/INDOOR/PLAY2_bottom/95491.png" width="640" height="480">
  </image>
  <image id="184" name="rc19-experiment/INDOOR/PLAY2_bottom/95487.png" width="640" height="480">
  </image>
  <image id="183" name="rc19-experiment/INDOOR/PLAY2_bottom/95484.png" width="640" height="480">
  </image>
  <image id="182" name="rc19-experiment/INDOOR/PLAY2_bottom/95480.png" width="640" height="480">
  </image>
  <image id="181" name="rc19-experiment/INDOOR/PLAY2_bottom/95477.png" width="640" height="480">
  </image>
  <image id="180" name="rc19-experiment/INDOOR/PLAY2_bottom/95474.png" width="640" height="480">
  </image>
  <image id="179" name="rc19-experiment/INDOOR/PLAY2_bottom/95470.png" width="640" height="480">
  </image>
  <image id="178" name="rc19-experiment/INDOOR/PLAY2_bottom/95467.png" width="640" height="480">
  </image>
  <image id="177" name="rc19-experiment/INDOOR/PLAY2_bottom/95464.png" width="640" height="480">
  </image>
  <image id="176" name="rc19-experiment/INDOOR/PLAY2_bottom/95460.png" width="640" height="480">
  </image>
  <image id="175" name="rc19-experiment/INDOOR/PLAY2_bottom/95456.png" width="640" height="480">
  </image>
  <image id="174" name="rc19-experiment/INDOOR/PLAY2_bottom/95453.png" width="640" height="480">
  </image>
  <image id="173" name="rc19-experiment/INDOOR/PLAY2_bottom/95450.png" width="640" height="480">
  </image>
  <image id="172" name="rc19-experiment/INDOOR/PLAY2_bottom/95447.png" width="640" height="480">
  </image>
  <image id="171" name="rc19-experiment/INDOOR/PLAY2_bottom/95443.png" width="640" height="480">
  </image>
  <image id="170" name="rc19-experiment/INDOOR/PLAY2_bottom/95439.png" width="640" height="480">
  </image>
  <image id="169" name="rc19-experiment/INDOOR/PLAY2_bottom/95436.png" width="640" height="480">
  </image>
  <image id="168" name="rc19-experiment/INDOOR/PLAY2_bottom/95433.png" width="640" height="480">
  </image>
  <image id="167" name="rc19-experiment/INDOOR/PLAY2_bottom/95430.png" width="640" height="480">
  </image>
  <image id="166" name="rc19-experiment/INDOOR/PLAY2_bottom/95426.png" width="640" height="480">
  </image>
  <image id="165" name="rc19-experiment/INDOOR/PLAY2_bottom/95423.png" width="640" height="480">
  </image>
  <image id="164" name="rc19-experiment/INDOOR/PLAY2_bottom/95420.png" width="640" height="480">
  </image>
  <image id="163" name="rc19-experiment/INDOOR/PLAY2_bottom/95417.png" width="640" height="480">
  </image>
  <image id="162" name="rc19-experiment/INDOOR/PLAY2_bottom/95414.png" width="640" height="480">
  </image>
  <image id="161" name="rc19-experiment/INDOOR/PLAY2_bottom/95411.png" width="640" height="480">
  </image>
  <image id="160" name="rc19-experiment/INDOOR/PLAY2_bottom/95407.png" width="640" height="480">
  </image>
  <image id="159" name="rc19-experiment/INDOOR/PLAY2_bottom/95403.png" width="640" height="480">
  </image>
  <image id="158" name="rc19-experiment/INDOOR/PLAY2_bottom/95399.png" width="640" height="480">
  </image>
  <image id="157" name="rc19-experiment/INDOOR/PLAY2_bottom/95396.png" width="640" height="480">
  </image>
  <image id="156" name="rc19-experiment/INDOOR/PLAY2_bottom/95393.png" width="640" height="480">
  </image>
  <image id="155" name="rc19-experiment/INDOOR/PLAY2_bottom/95389.png" width="640" height="480">
  </image>
  <image id="154" name="rc19-experiment/INDOOR/PLAY2_bottom/95386.png" width="640" height="480">
  </image>
  <image id="153" name="rc19-experiment/INDOOR/PLAY2_bottom/95383.png" width="640" height="480">
  </image>
  <image id="152" name="rc19-experiment/INDOOR/PLAY2_bottom/95379.png" width="640" height="480">
  </image>
  <image id="151" name="rc19-experiment/INDOOR/PLAY2_bottom/95376.png" width="640" height="480">
  </image>
  <image id="150" name="rc19-experiment/INDOOR/PLAY2_bottom/95373.png" width="640" height="480">
  </image>
  <image id="149" name="rc19-experiment/INDOOR/PLAY2_bottom/95369.png" width="640" height="480">
  </image>
  <image id="148" name="rc19-experiment/INDOOR/PLAY2_bottom/95365.png" width="640" height="480">
  </image>
  <image id="147" name="rc19-experiment/INDOOR/PLAY2_bottom/95362.png" width="640" height="480">
  </image>
  <image id="146" name="rc19-experiment/INDOOR/PLAY2_bottom/95359.png" width="640" height="480">
  </image>
  <image id="145" name="rc19-experiment/INDOOR/PLAY2_bottom/95356.png" width="640" height="480">
  </image>
  <image id="144" name="rc19-experiment/INDOOR/PLAY2_bottom/95352.png" width="640" height="480">
  </image>
  <image id="143" name="rc19-experiment/INDOOR/PLAY2_bottom/95349.png" width="640" height="480">
  </image>
  <image id="142" name="rc19-experiment/INDOOR/PLAY2_bottom/95345.png" width="640" height="480">
  </image>
  <image id="141" name="rc19-experiment/INDOOR/PLAY2_bottom/95342.png" width="640" height="480">
  </image>
  <image id="140" name="rc19-experiment/INDOOR/PLAY2_bottom/95339.png" width="640" height="480">
  </image>
  <image id="139" name="rc19-experiment/INDOOR/PLAY2_bottom/95335.png" width="640" height="480">
  </image>
  <image id="138" name="rc19-experiment/INDOOR/PLAY2_bottom/95332.png" width="640" height="480">
  </image>
  <image id="137" name="rc19-experiment/INDOOR/PLAY2_bottom/95329.png" width="640" height="480">
  </image>
  <image id="136" name="rc19-experiment/INDOOR/PLAY2_bottom/95325.png" width="640" height="480">
  </image>
  <image id="135" name="rc19-experiment/INDOOR/PLAY2_bottom/95322.png" width="640" height="480">
  </image>
  <image id="134" name="rc19-experiment/INDOOR/PLAY2_bottom/95319.png" width="640" height="480">
  </image>
  <image id="133" name="rc19-experiment/INDOOR/PLAY2_bottom/95316.png" width="640" height="480">
  </image>
  <image id="132" name="rc19-experiment/INDOOR/PLAY2_bottom/95312.png" width="640" height="480">
  </image>
  <image id="131" name="rc19-experiment/INDOOR/PLAY2_bottom/95309.png" width="640" height="480">
  </image>
  <image id="130" name="rc19-experiment/INDOOR/PLAY2_bottom/95306.png" width="640" height="480">
  </image>
  <image id="129" name="rc19-experiment/INDOOR/PLAY2_bottom/95302.png" width="640" height="480">
  </image>
  <image id="128" name="rc19-experiment/INDOOR/PLAY2_bottom/95299.png" width="640" height="480">
  </image>
  <image id="127" name="rc19-experiment/INDOOR/PLAY2_bottom/95295.png" width="640" height="480">
  </image>
  <image id="126" name="rc19-experiment/INDOOR/PLAY2_bottom/95292.png" width="640" height="480">
  </image>
  <image id="125" name="rc19-experiment/INDOOR/PLAY2_bottom/95288.png" width="640" height="480">
  </image>
  <image id="124" name="rc19-experiment/INDOOR/PLAY2_bottom/95285.png" width="640" height="480">
  </image>
  <image id="123" name="rc19-experiment/INDOOR/PLAY2_bottom/95281.png" width="640" height="480">
  </image>
  <image id="122" name="rc19-experiment/INDOOR/PLAY2_bottom/95278.png" width="640" height="480">
  </image>
  <image id="121" name="rc19-experiment/INDOOR/PLAY2_bottom/95275.png" width="640" height="480">
  </image>
  <image id="120" name="rc19-experiment/INDOOR/PLAY2_bottom/95271.png" width="640" height="480">
  </image>
  <image id="119" name="rc19-experiment/INDOOR/PLAY2_bottom/95268.png" width="640" height="480">
  </image>
  <image id="118" name="rc19-experiment/INDOOR/PLAY2_bottom/95265.png" width="640" height="480">
  </image>
  <image id="117" name="rc19-experiment/INDOOR/PLAY2_bottom/95262.png" width="640" height="480">
  </image>
  <image id="116" name="rc19-experiment/INDOOR/PLAY2_bottom/95258.png" width="640" height="480">
  </image>
  <image id="115" name="rc19-experiment/INDOOR/PLAY2_bottom/95255.png" width="640" height="480">
  </image>
  <image id="114" name="rc19-experiment/INDOOR/PLAY2_bottom/95251.png" width="640" height="480">
  </image>
  <image id="113" name="rc19-experiment/INDOOR/PLAY2_bottom/95248.png" width="640" height="480">
  </image>
  <image id="112" name="rc19-experiment/INDOOR/PLAY2_bottom/95245.png" width="640" height="480">
  </image>
  <image id="111" name="rc19-experiment/INDOOR/PLAY2_bottom/95241.png" width="640" height="480">
  </image>
  <image id="110" name="rc19-experiment/INDOOR/PLAY2_bottom/95238.png" width="640" height="480">
  </image>
  <image id="109" name="rc19-experiment/INDOOR/PLAY2_bottom/95234.png" width="640" height="480">
  </image>
  <image id="108" name="rc19-experiment/INDOOR/PLAY2_bottom/95231.png" width="640" height="480">
  </image>
  <image id="107" name="rc19-experiment/INDOOR/PLAY2_bottom/95228.png" width="640" height="480">
  </image>
  <image id="106" name="rc19-experiment/INDOOR/PLAY2_bottom/95224.png" width="640" height="480">
  </image>
  <image id="105" name="rc19-experiment/INDOOR/PLAY2_bottom/95221.png" width="640" height="480">
  </image>
  <image id="104" name="rc19-experiment/INDOOR/PLAY2_bottom/95217.png" width="640" height="480">
  </image>
  <image id="103" name="rc19-experiment/INDOOR/PLAY2_bottom/95214.png" width="640" height="480">
  </image>
  <image id="102" name="rc19-experiment/INDOOR/PLAY2_bottom/95210.png" width="640" height="480">
  </image>
  <image id="101" name="rc19-experiment/INDOOR/PLAY2_bottom/95207.png" width="640" height="480">
  </image>
  <image id="100" name="rc19-experiment/INDOOR/PLAY2_bottom/95204.png" width="640" height="480">
  </image>
  <image id="99" name="rc19-experiment/INDOOR/PLAY2_bottom/95201.png" width="640" height="480">
  </image>
  <image id="98" name="rc19-experiment/INDOOR/PLAY2_bottom/95198.png" width="640" height="480">
  </image>
  <image id="97" name="rc19-experiment/INDOOR/PLAY2_bottom/95194.png" width="640" height="480">
  </image>
  <image id="96" name="rc19-experiment/INDOOR/PLAY2_bottom/95191.png" width="640" height="480">
  </image>
  <image id="95" name="rc19-experiment/INDOOR/PLAY2_bottom/95188.png" width="640" height="480">
  </image>
  <image id="94" name="rc19-experiment/INDOOR/PLAY2_bottom/95184.png" width="640" height="480">
  </image>
  <image id="93" name="rc19-experiment/INDOOR/PLAY2_bottom/95181.png" width="640" height="480">
  </image>
  <image id="92" name="rc19-experiment/INDOOR/PLAY2_bottom/95177.png" width="640" height="480">
  </image>
  <image id="91" name="rc19-experiment/INDOOR/PLAY2_bottom/95174.png" width="640" height="480">
  </image>
  <image id="90" name="rc19-experiment/INDOOR/PLAY2_bottom/95170.png" width="640" height="480">
  </image>
  <image id="89" name="rc19-experiment/INDOOR/PLAY2_bottom/95166.png" width="640" height="480">
  </image>
  <image id="88" name="rc19-experiment/INDOOR/PLAY2_bottom/95162.png" width="640" height="480">
  </image>
  <image id="87" name="rc19-experiment/INDOOR/PLAY2_bottom/95159.png" width="640" height="480">
  </image>
  <image id="86" name="rc19-experiment/INDOOR/PLAY2_bottom/95156.png" width="640" height="480">
  </image>
  <image id="85" name="rc19-experiment/INDOOR/PLAY2_bottom/95153.png" width="640" height="480">
  </image>
  <image id="84" name="rc19-experiment/INDOOR/PLAY2_bottom/95150.png" width="640" height="480">
  </image>
  <image id="83" name="rc19-experiment/INDOOR/PLAY2_bottom/95147.png" width="640" height="480">
  </image>
  <image id="82" name="rc19-experiment/INDOOR/PLAY2_bottom/95144.png" width="640" height="480">
  </image>
  <image id="81" name="rc19-experiment/INDOOR/PLAY2_bottom/95140.png" width="640" height="480">
  </image>
  <image id="80" name="rc19-experiment/INDOOR/PLAY2_bottom/95137.png" width="640" height="480">
  </image>
  <image id="79" name="rc19-experiment/INDOOR/PLAY2_bottom/95134.png" width="640" height="480">
  </image>
  <image id="78" name="rc19-experiment/INDOOR/PLAY2_bottom/95130.png" width="640" height="480">
  </image>
  <image id="77" name="rc19-experiment/INDOOR/PLAY2_bottom/95127.png" width="640" height="480">
  </image>
  <image id="76" name="rc19-experiment/INDOOR/PLAY2_bottom/95123.png" width="640" height="480">
  </image>
  <image id="75" name="rc19-experiment/INDOOR/PLAY2_bottom/95120.png" width="640" height="480">
  </image>
  <image id="74" name="rc19-experiment/INDOOR/PLAY2_bottom/95117.png" width="640" height="480">
  </image>
  <image id="73" name="rc19-experiment/INDOOR/PLAY2_bottom/95114.png" width="640" height="480">
  </image>
  <image id="72" name="rc19-experiment/INDOOR/PLAY2_bottom/95110.png" width="640" height="480">
  </image>
  <image id="71" name="rc19-experiment/INDOOR/PLAY2_bottom/95107.png" width="640" height="480">
  </image>
  <image id="70" name="rc19-experiment/INDOOR/PLAY2_bottom/95104.png" width="640" height="480">
  </image>
  <image id="69" name="rc19-experiment/INDOOR/PLAY2_bottom/95100.png" width="640" height="480">
  </image>
  <image id="68" name="rc19-experiment/INDOOR/PLAY2_bottom/95096.png" width="640" height="480">
  </image>
  <image id="67" name="rc19-experiment/INDOOR/PLAY2_bottom/95093.png" width="640" height="480">
  </image>
  <image id="66" name="rc19-experiment/INDOOR/PLAY2_bottom/95090.png" width="640" height="480">
  </image>
  <image id="65" name="rc19-experiment/INDOOR/PLAY2_bottom/95086.png" width="640" height="480">
  </image>
  <image id="64" name="rc19-experiment/INDOOR/PLAY2_bottom/95083.png" width="640" height="480">
  </image>
  <image id="63" name="rc19-experiment/INDOOR/PLAY2_bottom/95080.png" width="640" height="480">
  </image>
  <image id="62" name="rc19-experiment/INDOOR/PLAY2_bottom/95076.png" width="640" height="480">
  </image>
  <image id="61" name="rc19-experiment/INDOOR/PLAY2_bottom/95073.png" width="640" height="480">
  </image>
  <image id="60" name="rc19-experiment/INDOOR/PLAY2_bottom/95070.png" width="640" height="480">
  </image>
  <image id="59" name="rc19-experiment/INDOOR/PLAY2_bottom/95066.png" width="640" height="480">
  </image>
  <image id="58" name="rc19-experiment/INDOOR/PLAY2_bottom/95063.png" width="640" height="480">
  </image>
  <image id="57" name="rc19-experiment/INDOOR/PLAY2_bottom/95059.png" width="640" height="480">
  </image>
  <image id="56" name="rc19-experiment/INDOOR/PLAY2_bottom/95056.png" width="640" height="480">
  </image>
  <image id="55" name="rc19-experiment/INDOOR/PLAY2_bottom/95053.png" width="640" height="480">
  </image>
  <image id="54" name="rc19-experiment/INDOOR/PLAY2_bottom/95050.png" width="640" height="480">
  </image>
  <image id="53" name="rc19-experiment/INDOOR/PLAY2_bottom/95047.png" width="640" height="480">
  </image>
  <image id="52" name="rc19-experiment/INDOOR/PLAY2_bottom/95044.png" width="640" height="480">
  </image>
  <image id="51" name="rc19-experiment/INDOOR/PLAY2_bottom/95041.png" width="640" height="480">
  </image>
  <image id="50" name="rc19-experiment/INDOOR/PLAY2_bottom/95038.png" width="640" height="480">
  </image>
  <image id="49" name="rc19-experiment/INDOOR/PLAY2_bottom/95035.png" width="640" height="480">
  </image>
  <image id="48" name="rc19-experiment/INDOOR/PLAY2_bottom/95031.png" width="640" height="480">
  </image>
  <image id="47" name="rc19-experiment/INDOOR/PLAY2_bottom/95028.png" width="640" height="480">
  </image>
  <image id="46" name="rc19-experiment/INDOOR/PLAY2_bottom/95025.png" width="640" height="480">
  </image>
  <image id="45" name="rc19-experiment/INDOOR/PLAY2_bottom/95021.png" width="640" height="480">
  </image>
  <image id="44" name="rc19-experiment/INDOOR/PLAY2_bottom/95018.png" width="640" height="480">
  </image>
  <image id="43" name="rc19-experiment/INDOOR/PLAY2_bottom/95015.png" width="640" height="480">
  </image>
  <image id="42" name="rc19-experiment/INDOOR/PLAY2_bottom/95011.png" width="640" height="480">
  </image>
  <image id="41" name="rc19-experiment/INDOOR/PLAY2_bottom/95008.png" width="640" height="480">
  </image>
  <image id="40" name="rc19-experiment/INDOOR/PLAY2_bottom/95005.png" width="640" height="480">
  </image>
  <image id="39" name="rc19-experiment/INDOOR/PLAY2_bottom/95001.png" width="640" height="480">
  </image>
  <image id="38" name="rc19-experiment/INDOOR/PLAY2_bottom/94998.png" width="640" height="480">
  </image>
  <image id="37" name="rc19-experiment/INDOOR/PLAY2_bottom/94995.png" width="640" height="480">
  </image>
  <image id="36" name="rc19-experiment/INDOOR/PLAY2_bottom/94992.png" width="640" height="480">
  </image>
  <image id="35" name="rc19-experiment/INDOOR/PLAY2_bottom/94988.png" width="640" height="480">
  </image>
  <image id="34" name="rc19-experiment/INDOOR/PLAY2_bottom/94985.png" width="640" height="480">
  </image>
  <image id="33" name="rc19-experiment/INDOOR/PLAY2_bottom/94981.png" width="640" height="480">
  </image>
  <image id="32" name="rc19-experiment/INDOOR/PLAY2_bottom/94978.png" width="640" height="480">
  </image>
  <image id="31" name="rc19-experiment/INDOOR/PLAY2_bottom/94975.png" width="640" height="480">
  </image>
  <image id="30" name="rc19-experiment/INDOOR/PLAY2_bottom/94971.png" width="640" height="480">
  </image>
  <image id="29" name="rc19-experiment/INDOOR/PLAY2_bottom/94968.png" width="640" height="480">
  </image>
  <image id="28" name="rc19-experiment/INDOOR/PLAY2_bottom/94965.png" width="640" height="480">
  </image>
  <image id="27" name="rc19-experiment/INDOOR/PLAY2_bottom/94961.png" width="640" height="480">
  </image>
  <image id="26" name="rc19-experiment/INDOOR/PLAY2_bottom/94958.png" width="640" height="480">
  </image>
  <image id="25" name="rc19-experiment/INDOOR/PLAY2_bottom/94955.png" width="640" height="480">
    <box label="ball" occluded="0" source="manual" xtl="315.79" ytl="158.20" xbr="409.37" ybr="249.37" z_order="0">
      <attribute name="smudge">false</attribute>
    </box>
  </image>
  <image id="24" name="rc19-experiment/INDOOR/PLAY2_bottom/94952.png" width="640" height="480">
    <box label="ball" occluded="0" source="manual" xtl="360.47" ytl="176.32" xbr="448.01" ybr="268.09" z_order="0">
      <attribute name="smudge">false</attribute>
    </box>
  </image>
  <image id="23" name="rc19-experiment/INDOOR/PLAY2_bottom/94949.png" width="640" height="480">
    <box label="ball" occluded="0" source="manual" xtl="294.05" ytl="185.37" xbr="381.60" ybr="276.54" z_order="0">
      <attribute name="smudge">false</attribute>
    </box>
  </image>
  <image id="22" name="rc19-experiment/INDOOR/PLAY2_bottom/94946.png" width="640" height="480">
    <box label="ball" occluded="0" source="manual" xtl="320.02" ytl="156.39" xbr="413.00" ybr="248.77" z_order="0">
      <attribute name="smudge">false</attribute>
    </box>
  </image>
  <image id="21" name="rc19-experiment/INDOOR/PLAY2_bottom/94942.png" width="640" height="480">
    <box label="ball" occluded="0" source="manual" xtl="306.73" ytl="129.22" xbr="393.68" ybr="219.79" z_order="0">
      <attribute name="smudge">false</attribute>
    </box>
  </image>
  <image id="20" name="rc19-experiment/INDOOR/PLAY2_bottom/94939.png" width="640" height="480">
    <box label="ball" occluded="0" source="manual" xtl="305.00" ytl="122.58" xbr="391.86" ybr="210.13" z_order="0">
      <attribute name="smudge">false</attribute>
    </box>
  </image>
  <image id="19" name="rc19-experiment/INDOOR/PLAY2_bottom/94936.png" width="640" height="480">
    <box label="ball" occluded="0" source="manual" xtl="244.54" ytl="141.30" xbr="330.88" ybr="230.66" z_order="0">
      <attribute name="smudge">false</attribute>
    </box>
  </image>
  <image id="18" name="rc19-experiment/INDOOR/PLAY2_bottom/94932.png" width="640" height="480">
    <box label="ball" occluded="0" source="manual" xtl="232.00" ytl="181.15" xbr="313.98" ybr="266.28" z_order="0">
      <attribute name="smudge">false</attribute>
    </box>
  </image>
  <image id="17" name="rc19-experiment/INDOOR/PLAY2_bottom/94929.png" width="640" height="480">
    <box label="ball" occluded="0" source="manual" xtl="271.71" ytl="125.60" xbr="356.24" ybr="210.13" z_order="0">
      <attribute name="smudge">false</attribute>
    </box>
  </image>
  <image id="16" name="rc19-experiment/INDOOR/PLAY2_bottom/94925.png" width="640" height="480">
    <box label="ball" occluded="0" source="manual" xtl="248.17" ytl="112.32" xbr="334.51" ybr="194.43" z_order="0">
      <attribute name="smudge">false</attribute>
    </box>
  </image>
  <image id="15" name="rc19-experiment/INDOOR/PLAY2_bottom/94921.png" width="640" height="480">
    <box label="ball" occluded="0" source="manual" xtl="213.00" ytl="79.71" xbr="294.66" ybr="165.45" z_order="0">
      <attribute name="smudge">false</attribute>
    </box>
  </image>
  <image id="14" name="rc19-experiment/INDOOR/PLAY2_bottom/94918.png" width="640" height="480">
    <box label="ball" occluded="0" source="manual" xtl="278.96" ytl="41.07" xbr="358.66" ybr="122.58" z_order="0">
      <attribute name="smudge">false</attribute>
    </box>
  </image>
  <image id="13" name="rc19-experiment/INDOOR/PLAY2_bottom/94915.png" width="640" height="480">
    <box label="ball" occluded="0" source="manual" xtl="303.11" ytl="159.41" xbr="377.98" ybr="229.45" z_order="0">
      <attribute name="smudge">false</attribute>
    </box>
  </image>
  <image id="12" name="rc19-experiment/INDOOR/PLAY2_bottom/94912.png" width="640" height="480">
    <box label="ball" occluded="0" source="manual" xtl="288.02" ytl="96.02" xbr="361.68" ybr="176.32" z_order="0">
      <attribute name="smudge">false</attribute>
    </box>
  </image>
  <image id="11" name="rc19-experiment/INDOOR/PLAY2_bottom/94908.png" width="640" height="480">
    <box label="ball" occluded="0" source="manual" xtl="271.71" ytl="89.98" xbr="344.77" ybr="161.83" z_order="0">
      <attribute name="smudge">false</attribute>
    </box>
  </image>
  <image id="10" name="rc19-experiment/INDOOR/PLAY2_bottom/94905.png" width="640" height="480">
    <box label="ball" occluded="0" source="manual" xtl="297.68" ytl="83.34" xbr="364.09" ybr="149.75" z_order="0">
      <attribute name="smudge">false</attribute>
    </box>
  </image>
  <image id="9" name="rc19-experiment/INDOOR/PLAY2_bottom/94902.png" width="640" height="480">
    <box label="ball" occluded="0" source="manual" xtl="294.05" ytl="36.85" xbr="364.09" ybr="112.32" z_order="0">
      <attribute name="smudge">false</attribute>
    </box>
  </image>
  <image id="8" name="rc19-experiment/INDOOR/PLAY2_bottom/94898.png" width="640" height="480">
    <box label="ball" occluded="0" source="manual" xtl="224.62" ytl="87.56" xbr="292.24" ybr="151.56" z_order="0">
      <attribute name="smudge">false</attribute>
    </box>
  </image>
  <image id="7" name="rc19-experiment/INDOOR/PLAY2_bottom/94895.png" width="640" height="480">
    <box label="ball" occluded="0" source="manual" xtl="167.80" ytl="2.37" xbr="236.69" ybr="33.83" z_order="0">
      <attribute name="smudge">false</attribute>
    </box>
  </image>
  <image id="6" name="rc19-experiment/INDOOR/PLAY2_bottom/94892.png" width="640" height="480">
  </image>
  <image id="5" name="rc19-experiment/INDOOR/PLAY2_bottom/94888.png" width="640" height="480">
    <box label="ball" occluded="0" source="manual" xtl="265.68" ytl="76.69" xbr="321.22" ybr="138.28" z_order="0">
      <attribute name="smudge">false</attribute>
    </box>
  </image>
  <image id="4" name="rc19-experiment/INDOOR/PLAY2_bottom/94885.png" width="640" height="480">
    <box label="ball" occluded="0" source="manual" xtl="293.39" ytl="1.16" xbr="352.62" ybr="25.37" z_order="0">
      <attribute name="smudge">false</attribute>
    </box>
  </image>
  <image id="3" name="rc19-experiment/INDOOR/PLAY2_bottom/94882.png" width="640" height="480">
    <box label="ball" occluded="0" source="manual" xtl="335.71" ytl="22.35" xbr="395.49" ybr="77.30" z_order="0">
      <attribute name="smudge">false</attribute>
    </box>
  </image>
  <image id="2" name="rc19-experiment/INDOOR/PLAY2_bottom/94878.png" width="640" height="480">
    <box label="ball" occluded="0" source="manual" xtl="307.34" ytl="9.07" xbr="363.49" ybr="62.20" z_order="0">
      <attribute name="smudge">false</attribute>
    </box>
  </image>
  <image id="1" name="rc19-experiment/INDOOR/PLAY2_bottom/94875.png" width="640" height="480">
    <box label="ball" occluded="0" source="manual" xtl="300.69" ytl="7.86" xbr="356.24" ybr="57.98" z_order="0">
      <attribute name="smudge">false</attribute>
    </box>
  </image>
  <image id="0" name="rc19-experiment/INDOOR/PLAY2_bottom/94872.png" width="640" height="480">
    <box label="ball" occluded="0" source="manual" xtl="349.00" ytl="39.86" xbr="403.00" ybr="99.00" z_order="0">
      <attribute name="smudge">false</attribute>
    </box>
  </image>
</annotations>