<?xml version="1.0" encoding="utf-8"?>
<annotations>
  <version>1.1</version>
  <meta>
    <task>
      <id>11</id>
      <name>RC19Experiments-OUTDOOR4-bottom</name>
      <size>262</size>
      <mode>annotation</mode>
      <overlap>0</overlap>
      <bugtracker></bugtracker>
      <created>2020-04-05 09:47:26.259192+00:00</created>
      <updated>2021-06-01 16:43:42.664709+00:00</updated>
      <start_frame>0</start_frame>
      <stop_frame>261</stop_frame>
      <frame_filter></frame_filter>
      <labels>
        <label>
          <name>ball</name>
          <color>#804080</color>
          <attributes>
          </attributes>
        </label>
        <label>
          <name>nao</name>
          <color>#29b666</color>
          <attributes>
          </attributes>
        </label>
      </labels>
      <segments>
        <segment>
          <id>11</id>
          <start>0</start>
          <stop>261</stop>
          <url>httpball.informatik.hu-berlin.de/?id=11</url>
        </segment>
      </segments>
      <owner>
        <username>nao</username>
        <email></email>
      </owner>
      <assignee>
        <username>mellmann</username>
        <email>mellmann@informatik.hu-berlin.de</email>
      </assignee>
    </task>
    <dumped>2021-06-01 16:43:47.544411+00:00</dumped>
  </meta>
  <image id="261" name="rc19-experiment/OUTDOOR4-bottom/13344.png" width="640" height="480">
    <box label="ball" occluded="0" source="manual" xtl="392.36" ytl="10.65" xbr="456.84" ybr="81.87" z_order="0">
    </box>
  </image>
  <image id="260" name="rc19-experiment/OUTDOOR4-bottom/13341.png" width="640" height="480">
    <box label="ball" occluded="0" source="manual" xtl="388.99" ytl="-34.40" xbr="447.87" ybr="21.31" z_order="0">
    </box>
  </image>
  <image id="259" name="rc19-experiment/OUTDOOR4-bottom/13338.png" width="640" height="480">
  </image>
  <image id="258" name="rc19-experiment/OUTDOOR4-bottom/13335.png" width="640" height="480">
  </image>
  <image id="257" name="rc19-experiment/OUTDOOR4-bottom/13332.png" width="640" height="480">
  </image>
  <image id="256" name="rc19-experiment/OUTDOOR4-bottom/13329.png" width="640" height="480">
  </image>
  <image id="255" name="rc19-experiment/OUTDOOR4-bottom/13326.png" width="640" height="480">
  </image>
  <image id="254" name="rc19-experiment/OUTDOOR4-bottom/13322.png" width="640" height="480">
    <box label="ball" occluded="0" source="manual" xtl="320.58" ytl="-31.40" xbr="443.94" ybr="84.67" z_order="0">
    </box>
  </image>
  <image id="253" name="rc19-experiment/OUTDOOR4-bottom/13318.png" width="640" height="480">
    <box label="ball" occluded="0" source="manual" xtl="243.20" ytl="97.57" xbr="374.97" ybr="222.06" z_order="0">
    </box>
  </image>
  <image id="252" name="rc19-experiment/OUTDOOR4-bottom/13315.png" width="640" height="480">
    <box label="ball" occluded="0" source="manual" xtl="200.02" ytl="129.53" xbr="346.38" ybr="274.77" z_order="0">
    </box>
  </image>
  <image id="251" name="rc19-experiment/OUTDOOR4-bottom/13312.png" width="640" height="480">
    <box label="ball" occluded="0" source="manual" xtl="146.75" ytl="281.50" xbr="308.24" ybr="428.97" z_order="0">
    </box>
  </image>
  <image id="250" name="rc19-experiment/OUTDOOR4-bottom/13309.png" width="640" height="480">
    <box label="ball" occluded="0" source="manual" xtl="177.59" ytl="275.33" xbr="344.69" ybr="445.80" z_order="0">
    </box>
  </image>
  <image id="249" name="rc19-experiment/OUTDOOR4-bottom/13306.png" width="640" height="480">
    <box label="ball" occluded="0" source="manual" xtl="263.94" ytl="248.41" xbr="425.44" ybr="413.83" z_order="0">
    </box>
  </image>
  <image id="248" name="rc19-experiment/OUTDOOR4-bottom/13303.png" width="640" height="480">
    <box label="ball" occluded="0" source="manual" xtl="267.31" ytl="237.20" xbr="425.44" ybr="394.77" z_order="0">
    </box>
  </image>
  <image id="247" name="rc19-experiment/OUTDOOR4-bottom/13300.png" width="640" height="480">
    <box label="ball" occluded="0" source="manual" xtl="213.48" ytl="218.69" xbr="371.05" ybr="374.58" z_order="0">
    </box>
  </image>
  <image id="246" name="rc19-experiment/OUTDOOR4-bottom/13297.png" width="640" height="480">
    <box label="ball" occluded="0" source="manual" xtl="214.44" ytl="223.70" xbr="365.00" ybr="375.60" z_order="0">
    </box>
  </image>
  <image id="245" name="rc19-experiment/OUTDOOR4-bottom/13294.png" width="640" height="480">
    <box label="ball" occluded="0" source="manual" xtl="204.50" ytl="230.47" xbr="358.71" ybr="389.16" z_order="0">
    </box>
  </image>
  <image id="244" name="rc19-experiment/OUTDOOR4-bottom/13291.png" width="640" height="480">
    <box label="ball" occluded="0" source="manual" xtl="196.65" ytl="233.27" xbr="354.79" ybr="390.84" z_order="0">
    </box>
  </image>
  <image id="243" name="rc19-experiment/OUTDOOR4-bottom/13288.png" width="640" height="480">
    <box label="ball" occluded="0" source="manual" xtl="239.83" ytl="226.54" xbr="395.72" ybr="385.23" z_order="0">
    </box>
  </image>
  <image id="242" name="rc19-experiment/OUTDOOR4-bottom/13285.png" width="640" height="480">
    <box label="ball" occluded="0" source="manual" xtl="254.97" ytl="218.69" xbr="411.98" ybr="381.31" z_order="0">
    </box>
  </image>
  <image id="241" name="rc19-experiment/OUTDOOR4-bottom/13282.png" width="640" height="480">
    <box label="ball" occluded="0" source="manual" xtl="220.60" ytl="210.70" xbr="375.00" ybr="367.55" z_order="0">
    </box>
  </image>
  <image id="240" name="rc19-experiment/OUTDOOR4-bottom/13279.png" width="640" height="480">
    <box label="ball" occluded="0" source="manual" xtl="183.20" ytl="233.83" xbr="341.89" ybr="386.92" z_order="0">
    </box>
  </image>
  <image id="239" name="rc19-experiment/OUTDOOR4-bottom/13276.png" width="640" height="480">
    <box label="ball" occluded="0" source="manual" xtl="225.81" ytl="227.10" xbr="386.19" ybr="385.23" z_order="0">
    </box>
  </image>
  <image id="238" name="rc19-experiment/OUTDOOR4-bottom/13273.png" width="640" height="480">
    <box label="ball" occluded="0" source="manual" xtl="244.88" ytl="189.53" xbr="399.65" ybr="347.66" z_order="0">
    </box>
  </image>
  <image id="237" name="rc19-experiment/OUTDOOR4-bottom/13270.png" width="640" height="480">
    <box label="ball" occluded="0" source="manual" xtl="186.00" ytl="183.37" xbr="349.18" ybr="341.50" z_order="0">
    </box>
  </image>
  <image id="236" name="rc19-experiment/OUTDOOR4-bottom/13267.png" width="640" height="480">
    <box label="ball" occluded="0" source="manual" xtl="202.82" ytl="202.99" xbr="358.15" ybr="362.24" z_order="0">
    </box>
  </image>
  <image id="235" name="rc19-experiment/OUTDOOR4-bottom/13264.png" width="640" height="480">
    <box label="ball" occluded="0" source="manual" xtl="240.39" ytl="250.09" xbr="391.23" ybr="406.54" z_order="0">
    </box>
  </image>
  <image id="234" name="rc19-experiment/OUTDOOR4-bottom/13261.png" width="640" height="480">
    <box label="ball" occluded="0" source="manual" xtl="257.78" ytl="185.05" xbr="405.81" ybr="332.52" z_order="0">
    </box>
  </image>
  <image id="233" name="rc19-experiment/OUTDOOR4-bottom/13258.png" width="640" height="480">
    <box label="ball" occluded="0" source="manual" xtl="273.48" ytl="194.02" xbr="420.95" ybr="340.38" z_order="0">
    </box>
  </image>
  <image id="232" name="rc19-experiment/OUTDOOR4-bottom/13255.png" width="640" height="480">
    <box label="ball" occluded="0" source="auto" xtl="274.65" ytl="172.87" xbr="417.46" ybr="321.92" z_order="0">
    </box>
  </image>
  <image id="231" name="rc19-experiment/OUTDOOR4-bottom/13252.png" width="640" height="480">
    <box label="ball" occluded="0" source="manual" xtl="249.06" ytl="180.80" xbr="401.90" ybr="331.52" z_order="0">
    </box>
  </image>
  <image id="230" name="rc19-experiment/OUTDOOR4-bottom/13249.png" width="640" height="480">
    <box label="ball" occluded="0" source="manual" xtl="206.75" ytl="168.22" xbr="359.83" ybr="315.70" z_order="0">
    </box>
  </image>
  <image id="229" name="rc19-experiment/OUTDOOR4-bottom/13246.png" width="640" height="480">
    <box label="ball" occluded="0" source="manual" xtl="213.24" ytl="167.30" xbr="376.60" ybr="331.83" z_order="0">
    </box>
  </image>
  <image id="228" name="rc19-experiment/OUTDOOR4-bottom/13243.png" width="640" height="480">
    <box label="ball" occluded="0" source="manual" xtl="264.67" ytl="196.80" xbr="410.40" ybr="348.25" z_order="0">
    </box>
  </image>
  <image id="227" name="rc19-experiment/OUTDOOR4-bottom/13239.png" width="640" height="480">
    <box label="ball" occluded="0" source="manual" xtl="249.73" ytl="156.80" xbr="401.10" ybr="316.20" z_order="0">
    </box>
  </image>
  <image id="226" name="rc19-experiment/OUTDOOR4-bottom/13235.png" width="640" height="480">
    <box label="ball" occluded="0" source="manual" xtl="177.65" ytl="185.70" xbr="330.30" ybr="335.51" z_order="0">
    </box>
  </image>
  <image id="225" name="rc19-experiment/OUTDOOR4-bottom/13232.png" width="640" height="480">
    <box label="ball" occluded="0" source="manual" xtl="199.22" ytl="180.60" xbr="351.60" ybr="332.54" z_order="0">
    </box>
  </image>
  <image id="224" name="rc19-experiment/OUTDOOR4-bottom/13228.png" width="640" height="480">
    <box label="ball" occluded="0" source="manual" xtl="300.19" ytl="184.94" xbr="451.40" ybr="334.50" z_order="0">
    </box>
  </image>
  <image id="223" name="rc19-experiment/OUTDOOR4-bottom/13225.png" width="640" height="480">
    <box label="ball" occluded="0" source="manual" xtl="298.71" ytl="206.36" xbr="452.92" ybr="357.76" z_order="0">
    </box>
  </image>
  <image id="222" name="rc19-experiment/OUTDOOR4-bottom/13222.png" width="640" height="480">
    <box label="ball" occluded="0" source="auto" xtl="262.78" ytl="182.58" xbr="411.32" ybr="331.22" z_order="0">
    </box>
  </image>
  <image id="221" name="rc19-experiment/OUTDOOR4-bottom/13219.png" width="640" height="480">
    <box label="ball" occluded="0" source="manual" xtl="221.65" ytl="179.07" xbr="376.60" ybr="325.23" z_order="0">
    </box>
  </image>
  <image id="220" name="rc19-experiment/OUTDOOR4-bottom/13216.png" width="640" height="480">
    <box label="ball" occluded="0" source="manual" xtl="202.86" ytl="197.62" xbr="355.40" ybr="351.31" z_order="0">
    </box>
  </image>
  <image id="219" name="rc19-experiment/OUTDOOR4-bottom/13213.png" width="640" height="480">
    <box label="ball" occluded="0" source="manual" xtl="228.06" ytl="196.26" xbr="390.11" ybr="356.08" z_order="0">
    </box>
  </image>
  <image id="218" name="rc19-experiment/OUTDOOR4-bottom/13210.png" width="640" height="480">
    <box label="ball" occluded="0" source="manual" xtl="276.00" ytl="218.30" xbr="432.70" ybr="371.60" z_order="0">
    </box>
  </image>
  <image id="217" name="rc19-experiment/OUTDOOR4-bottom/13207.png" width="640" height="480">
    <box label="ball" occluded="0" source="manual" xtl="260.02" ytl="204.11" xbr="418.15" ybr="356.64" z_order="0">
    </box>
  </image>
  <image id="216" name="rc19-experiment/OUTDOOR4-bottom/13204.png" width="640" height="480">
    <box label="ball" occluded="0" source="manual" xtl="183.20" ytl="243.37" xbr="343.57" ybr="399.25" z_order="0">
    </box>
  </image>
  <image id="215" name="rc19-experiment/OUTDOOR4-bottom/13201.png" width="640" height="480">
    <box label="ball" occluded="0" source="manual" xtl="205.07" ytl="224.30" xbr="367.68" ybr="380.75" z_order="0">
    </box>
  </image>
  <image id="214" name="rc19-experiment/OUTDOOR4-bottom/13198.png" width="640" height="480">
    <box label="ball" occluded="0" source="manual" xtl="286.94" ytl="199.63" xbr="460.21" ybr="357.76" z_order="0">
    </box>
  </image>
  <image id="213" name="rc19-experiment/OUTDOOR4-bottom/13195.png" width="640" height="480">
    <box label="ball" occluded="0" source="manual" xtl="319.99" ytl="188.50" xbr="476.40" ybr="343.51" z_order="0">
    </box>
  </image>
  <image id="212" name="rc19-experiment/OUTDOOR4-bottom/13192.png" width="640" height="480">
    <box label="ball" occluded="0" source="manual" xtl="322.82" ytl="192.34" xbr="481.51" ybr="361.12" z_order="0">
    </box>
  </image>
  <image id="211" name="rc19-experiment/OUTDOOR4-bottom/13189.png" width="640" height="480">
    <box label="ball" occluded="0" source="manual" xtl="317.22" ytl="210.28" xbr="475.91" ybr="371.22" z_order="0">
    </box>
  </image>
  <image id="210" name="rc19-experiment/OUTDOOR4-bottom/13186.png" width="640" height="480">
    <box label="ball" occluded="0" source="auto" xtl="229.88" ytl="213.11" xbr="378.48" ybr="360.75" z_order="0">
    </box>
  </image>
  <image id="209" name="rc19-experiment/OUTDOOR4-bottom/13183.png" width="640" height="480">
    <box label="ball" occluded="0" source="manual" xtl="221.33" ytl="222.06" xbr="374.97" ybr="381.87" z_order="0">
    </box>
  </image>
  <image id="208" name="rc19-experiment/OUTDOOR4-bottom/13180.png" width="640" height="480">
    <box label="ball" occluded="0" source="manual" xtl="280.40" ytl="184.10" xbr="432.70" ybr="341.28" z_order="0">
    </box>
  </image>
  <image id="207" name="rc19-experiment/OUTDOOR4-bottom/13177.png" width="640" height="480">
    <box label="ball" occluded="0" source="auto" xtl="274.68" ytl="168.62" xbr="424.72" ybr="322.00" z_order="0">
    </box>
  </image>
  <image id="206" name="rc19-experiment/OUTDOOR4-bottom/13174.png" width="640" height="480">
    <box label="ball" occluded="0" source="manual" xtl="248.80" ytl="129.53" xbr="401.33" ybr="283.74" z_order="0">
    </box>
  </image>
  <image id="205" name="rc19-experiment/OUTDOOR4-bottom/13171.png" width="640" height="480">
    <box label="ball" occluded="0" source="manual" xtl="199.46" ytl="149.72" xbr="346.93" ybr="294.95" z_order="0">
    </box>
  </image>
  <image id="204" name="rc19-experiment/OUTDOOR4-bottom/13168.png" width="640" height="480">
    <box label="ball" occluded="0" source="manual" xtl="197.66" ytl="159.60" xbr="344.40" ybr="301.56" z_order="0">
    </box>
  </image>
  <image id="203" name="rc19-experiment/OUTDOOR4-bottom/13165.png" width="640" height="480">
    <box label="ball" occluded="0" source="manual" xtl="236.47" ytl="75.14" xbr="379.46" ybr="224.30" z_order="0">
    </box>
  </image>
  <image id="202" name="rc19-experiment/OUTDOOR4-bottom/13162.png" width="640" height="480">
    <box label="ball" occluded="0" source="manual" xtl="214.60" ytl="93.65" xbr="356.47" ybr="232.71" z_order="0">
    </box>
  </image>
  <image id="201" name="rc19-experiment/OUTDOOR4-bottom/13159.png" width="640" height="480">
    <box label="ball" occluded="0" source="manual" xtl="174.22" ytl="151.40" xbr="312.17" ybr="285.98" z_order="0">
    </box>
  </image>
  <image id="200" name="rc19-experiment/OUTDOOR4-bottom/13156.png" width="640" height="480">
    <box label="ball" occluded="0" source="manual" xtl="211.23" ytl="136.82" xbr="343.57" ybr="282.06" z_order="0">
    </box>
  </image>
  <image id="199" name="rc19-experiment/OUTDOOR4-bottom/13153.png" width="640" height="480">
    <box label="ball" occluded="0" source="manual" xtl="208.43" ytl="222.06" xbr="335.72" ybr="352.15" z_order="0">
    </box>
  </image>
  <image id="198" name="rc19-experiment/OUTDOOR4-bottom/13150.png" width="640" height="480">
    <box label="ball" occluded="0" source="manual" xtl="218.52" ytl="185.61" xbr="341.89" ybr="315.14" z_order="0">
    </box>
  </image>
  <image id="197" name="rc19-experiment/OUTDOOR4-bottom/13147.png" width="640" height="480">
    <box label="ball" occluded="0" source="manual" xtl="246.56" ytl="154.21" xbr="369.37" ybr="277.57" z_order="0">
    </box>
  </image>
  <image id="196" name="rc19-experiment/OUTDOOR4-bottom/13144.png" width="640" height="480">
    <box label="ball" occluded="0" source="manual" xtl="207.87" ytl="158.69" xbr="332.92" ybr="284.86" z_order="0">
    </box>
  </image>
  <image id="195" name="rc19-experiment/OUTDOOR4-bottom/13141.png" width="640" height="480">
    <box label="ball" occluded="0" source="manual" xtl="220.77" ytl="167.66" xbr="342.45" ybr="289.91" z_order="0">
    </box>
  </image>
  <image id="194" name="rc19-experiment/OUTDOOR4-bottom/13138.png" width="640" height="480">
    <box label="ball" occluded="0" source="manual" xtl="198.90" ytl="200.19" xbr="320.58" ybr="321.87" z_order="0">
    </box>
  </image>
  <image id="193" name="rc19-experiment/OUTDOOR4-bottom/13135.png" width="640" height="480">
    <box label="ball" occluded="0" source="manual" xtl="239.27" ytl="176.64" xbr="358.15" ybr="299.44" z_order="0">
    </box>
  </image>
  <image id="192" name="rc19-experiment/OUTDOOR4-bottom/13132.png" width="640" height="480">
    <box label="ball" occluded="0" source="manual" xtl="260.02" ytl="175.51" xbr="377.22" ybr="296.08" z_order="0">
    </box>
  </image>
  <image id="191" name="rc19-experiment/OUTDOOR4-bottom/13129.png" width="640" height="480">
    <box label="ball" occluded="0" source="manual" xtl="272.36" ytl="166.54" xbr="394.04" ybr="288.79" z_order="0">
    </box>
  </image>
  <image id="190" name="rc19-experiment/OUTDOOR4-bottom/13126.png" width="640" height="480">
    <box label="ball" occluded="0" source="auto" xtl="289.59" ytl="177.82" xbr="406.61" ybr="298.57" z_order="0">
    </box>
  </image>
  <image id="189" name="rc19-experiment/OUTDOOR4-bottom/13123.png" width="640" height="480">
    <box label="ball" occluded="0" source="manual" xtl="320.02" ytl="173.83" xbr="456.28" ybr="303.37" z_order="0">
    </box>
  </image>
  <image id="188" name="rc19-experiment/OUTDOOR4-bottom/13120.png" width="640" height="480">
    <box label="ball" occluded="0" source="manual" xtl="319.46" ytl="138.50" xbr="440.58" ybr="264.11" z_order="0">
    </box>
  </image>
  <image id="187" name="rc19-experiment/OUTDOOR4-bottom/13117.png" width="640" height="480">
    <box label="ball" occluded="0" source="manual" xtl="348.62" ytl="135.14" xbr="469.18" ybr="264.67" z_order="0">
    </box>
  </image>
  <image id="186" name="rc19-experiment/OUTDOOR4-bottom/13114.png" width="640" height="480">
    <box label="ball" occluded="0" source="manual" xtl="371.05" ytl="148.60" xbr="497.78" ybr="275.33" z_order="0">
    </box>
  </image>
  <image id="185" name="rc19-experiment/OUTDOOR4-bottom/13111.png" width="640" height="480">
    <box label="ball" occluded="0" source="auto" xtl="352.22" ytl="196.99" xbr="467.71" ybr="310.49" z_order="0">
    </box>
  </image>
  <image id="184" name="rc19-experiment/OUTDOOR4-bottom/13108.png" width="640" height="480">
    <box label="ball" occluded="0" source="manual" xtl="349.18" ytl="278.69" xbr="473.66" ybr="400.94" z_order="0">
    </box>
  </image>
  <image id="183" name="rc19-experiment/OUTDOOR4-bottom/13105.png" width="640" height="480">
    <box label="ball" occluded="0" source="manual" xtl="316.09" ytl="338.13" xbr="445.63" ybr="462.06" z_order="0">
    </box>
  </image>
  <image id="182" name="rc19-experiment/OUTDOOR4-bottom/13102.png" width="640" height="480">
    <box label="ball" occluded="0" source="manual" xtl="174.79" ytl="337.57" xbr="307.12" ybr="469.35" z_order="0">
    </box>
  </image>
  <image id="181" name="rc19-experiment/OUTDOOR4-bottom/13099.png" width="640" height="480">
    <box label="ball" occluded="0" source="manual" xtl="64.32" ytl="345.42" xbr="206.75" ybr="477.76" z_order="0">
    </box>
  </image>
  <image id="180" name="rc19-experiment/OUTDOOR4-bottom/13096.png" width="640" height="480">
    <box label="ball" occluded="0" source="manual" xtl="-34.80" ytl="394.21" xbr="103.68" ybr="526.30" z_order="0">
    </box>
  </image>
  <image id="179" name="rc19-experiment/OUTDOOR4-bottom/13093.png" width="640" height="480">
  </image>
  <image id="178" name="rc19-experiment/OUTDOOR4-bottom/13090.png" width="640" height="480">
  </image>
  <image id="177" name="rc19-experiment/OUTDOOR4-bottom/13087.png" width="640" height="480">
  </image>
  <image id="176" name="rc19-experiment/OUTDOOR4-bottom/13084.png" width="640" height="480">
  </image>
  <image id="175" name="rc19-experiment/OUTDOOR4-bottom/13081.png" width="640" height="480">
  </image>
  <image id="174" name="rc19-experiment/OUTDOOR4-bottom/13078.png" width="640" height="480">
  </image>
  <image id="173" name="rc19-experiment/OUTDOOR4-bottom/13075.png" width="640" height="480">
  </image>
  <image id="172" name="rc19-experiment/OUTDOOR4-bottom/13072.png" width="640" height="480">
  </image>
  <image id="171" name="rc19-experiment/OUTDOOR4-bottom/13069.png" width="640" height="480">
  </image>
  <image id="170" name="rc19-experiment/OUTDOOR4-bottom/13066.png" width="640" height="480">
  </image>
  <image id="169" name="rc19-experiment/OUTDOOR4-bottom/13063.png" width="640" height="480">
  </image>
  <image id="168" name="rc19-experiment/OUTDOOR4-bottom/13060.png" width="640" height="480">
  </image>
  <image id="167" name="rc19-experiment/OUTDOOR4-bottom/13057.png" width="640" height="480">
  </image>
  <image id="166" name="rc19-experiment/OUTDOOR4-bottom/13054.png" width="640" height="480">
  </image>
  <image id="165" name="rc19-experiment/OUTDOOR4-bottom/13051.png" width="640" height="480">
  </image>
  <image id="164" name="rc19-experiment/OUTDOOR4-bottom/13048.png" width="640" height="480">
  </image>
  <image id="163" name="rc19-experiment/OUTDOOR4-bottom/13045.png" width="640" height="480">
  </image>
  <image id="162" name="rc19-experiment/OUTDOOR4-bottom/13043.png" width="640" height="480">
  </image>
  <image id="161" name="rc19-experiment/OUTDOOR4-bottom/13040.png" width="640" height="480">
  </image>
  <image id="160" name="rc19-experiment/OUTDOOR4-bottom/13037.png" width="640" height="480">
  </image>
  <image id="159" name="rc19-experiment/OUTDOOR4-bottom/13034.png" width="640" height="480">
  </image>
  <image id="158" name="rc19-experiment/OUTDOOR4-bottom/13031.png" width="640" height="480">
  </image>
  <image id="157" name="rc19-experiment/OUTDOOR4-bottom/13028.png" width="640" height="480">
  </image>
  <image id="156" name="rc19-experiment/OUTDOOR4-bottom/13025.png" width="640" height="480">
  </image>
  <image id="155" name="rc19-experiment/OUTDOOR4-bottom/13022.png" width="640" height="480">
    <box label="ball" occluded="0" source="manual" xtl="-36.10" ytl="54.95" xbr="26.75" ybr="127.29" z_order="0">
    </box>
  </image>
  <image id="154" name="rc19-experiment/OUTDOOR4-bottom/13019.png" width="640" height="480">
    <box label="ball" occluded="0" source="manual" xtl="42.45" ytl="28.04" xbr="115.35" ybr="100.94" z_order="0">
    </box>
  </image>
  <image id="153" name="rc19-experiment/OUTDOOR4-bottom/13016.png" width="640" height="480">
    <box label="ball" occluded="0" source="manual" xtl="114.79" ytl="-12.40" xbr="183.76" ybr="60.56" z_order="0">
    </box>
  </image>
  <image id="152" name="rc19-experiment/OUTDOOR4-bottom/13013.png" width="640" height="480">
    <box label="ball" occluded="0" source="manual" xtl="199.46" ytl="16.26" xbr="262.82" ybr="90.84" z_order="0">
    </box>
  </image>
  <image id="151" name="rc19-experiment/OUTDOOR4-bottom/13010.png" width="640" height="480">
    <box label="ball" occluded="0" source="manual" xtl="238.71" ytl="-21.80" xbr="300.95" ybr="42.62" z_order="0">
    </box>
  </image>
  <image id="150" name="rc19-experiment/OUTDOOR4-bottom/13007.png" width="640" height="480">
    <box label="ball" occluded="0" source="manual" xtl="221.89" ytl="15.14" xbr="281.89" ybr="78.50" z_order="0">
    </box>
  </image>
  <image id="149" name="rc19-experiment/OUTDOOR4-bottom/13004.png" width="640" height="480">
  </image>
  <image id="148" name="rc19-experiment/OUTDOOR4-bottom/13001.png" width="640" height="480">
  </image>
  <image id="147" name="rc19-experiment/OUTDOOR4-bottom/12998.png" width="640" height="480">
  </image>
  <image id="146" name="rc19-experiment/OUTDOOR4-bottom/12995.png" width="640" height="480">
  </image>
  <image id="145" name="rc19-experiment/OUTDOOR4-bottom/12992.png" width="640" height="480">
    <box label="ball" occluded="0" source="manual" xtl="259.46" ytl="-15.20" xbr="314.41" ybr="39.25" z_order="0">
    </box>
  </image>
  <image id="144" name="rc19-experiment/OUTDOOR4-bottom/12989.png" width="640" height="480">
  </image>
  <image id="143" name="rc19-experiment/OUTDOOR4-bottom/12986.png" width="640" height="480">
    <box label="ball" occluded="0" source="manual" xtl="255.53" ytl="-21.50" xbr="306.56" ybr="24.11" z_order="0">
    </box>
  </image>
  <image id="142" name="rc19-experiment/OUTDOOR4-bottom/12983.png" width="640" height="480">
  </image>
  <image id="141" name="rc19-experiment/OUTDOOR4-bottom/12980.png" width="640" height="480">
    <box label="ball" occluded="0" source="manual" xtl="291.98" ytl="-17.40" xbr="338.52" ybr="28.04" z_order="0">
    </box>
  </image>
  <image id="140" name="rc19-experiment/OUTDOOR4-bottom/12977.png" width="640" height="480">
  </image>
  <image id="139" name="rc19-experiment/OUTDOOR4-bottom/12974.png" width="640" height="480">
  </image>
  <image id="138" name="rc19-experiment/OUTDOOR4-bottom/12971.png" width="640" height="480">
  </image>
  <image id="137" name="rc19-experiment/OUTDOOR4-bottom/12968.png" width="640" height="480">
  </image>
  <image id="136" name="rc19-experiment/OUTDOOR4-bottom/12965.png" width="640" height="480">
    <box label="ball" occluded="0" source="manual" xtl="307.12" ytl="-18.30" xbr="348.06" ybr="20.19" z_order="0">
    </box>
  </image>
  <image id="135" name="rc19-experiment/OUTDOOR4-bottom/12962.png" width="640" height="480">
  </image>
  <image id="134" name="rc19-experiment/OUTDOOR4-bottom/12959.png" width="640" height="480">
  </image>
  <image id="133" name="rc19-experiment/OUTDOOR4-bottom/12956.png" width="640" height="480">
  </image>
  <image id="132" name="rc19-experiment/OUTDOOR4-bottom/12953.png" width="640" height="480">
  </image>
  <image id="131" name="rc19-experiment/OUTDOOR4-bottom/12950.png" width="640" height="480">
  </image>
  <image id="130" name="rc19-experiment/OUTDOOR4-bottom/12947.png" width="640" height="480">
  </image>
  <image id="129" name="rc19-experiment/OUTDOOR4-bottom/12944.png" width="640" height="480">
  </image>
  <image id="128" name="rc19-experiment/OUTDOOR4-bottom/12941.png" width="640" height="480">
  </image>
  <image id="127" name="rc19-experiment/OUTDOOR4-bottom/12938.png" width="640" height="480">
  </image>
  <image id="126" name="rc19-experiment/OUTDOOR4-bottom/12935.png" width="640" height="480">
  </image>
  <image id="125" name="rc19-experiment/OUTDOOR4-bottom/12932.png" width="640" height="480">
  </image>
  <image id="124" name="rc19-experiment/OUTDOOR4-bottom/12929.png" width="640" height="480">
  </image>
  <image id="123" name="rc19-experiment/OUTDOOR4-bottom/12926.png" width="640" height="480">
  </image>
  <image id="122" name="rc19-experiment/OUTDOOR4-bottom/12923.png" width="640" height="480">
  </image>
  <image id="121" name="rc19-experiment/OUTDOOR4-bottom/12920.png" width="640" height="480">
  </image>
  <image id="120" name="rc19-experiment/OUTDOOR4-bottom/12917.png" width="640" height="480">
  </image>
  <image id="119" name="rc19-experiment/OUTDOOR4-bottom/12914.png" width="640" height="480">
  </image>
  <image id="118" name="rc19-experiment/OUTDOOR4-bottom/12911.png" width="640" height="480">
  </image>
  <image id="117" name="rc19-experiment/OUTDOOR4-bottom/12908.png" width="640" height="480">
  </image>
  <image id="116" name="rc19-experiment/OUTDOOR4-bottom/12905.png" width="640" height="480">
  </image>
  <image id="115" name="rc19-experiment/OUTDOOR4-bottom/12902.png" width="640" height="480">
  </image>
  <image id="114" name="rc19-experiment/OUTDOOR4-bottom/12899.png" width="640" height="480">
  </image>
  <image id="113" name="rc19-experiment/OUTDOOR4-bottom/12896.png" width="640" height="480">
    <box label="ball" occluded="0" source="manual" xtl="279.65" ytl="-23.80" xbr="332.36" ybr="26.36" z_order="0">
    </box>
  </image>
  <image id="112" name="rc19-experiment/OUTDOOR4-bottom/12893.png" width="640" height="480">
    <box label="ball" occluded="0" source="manual" xtl="296.47" ytl="47.66" xbr="349.74" ybr="100.94" z_order="0">
    </box>
  </image>
  <image id="111" name="rc19-experiment/OUTDOOR4-bottom/12890.png" width="640" height="480">
  </image>
  <image id="110" name="rc19-experiment/OUTDOOR4-bottom/12887.png" width="640" height="480">
  </image>
  <image id="109" name="rc19-experiment/OUTDOOR4-bottom/12883.png" width="640" height="480">
  </image>
  <image id="108" name="rc19-experiment/OUTDOOR4-bottom/12879.png" width="640" height="480">
  </image>
  <image id="107" name="rc19-experiment/OUTDOOR4-bottom/12876.png" width="640" height="480">
  </image>
  <image id="106" name="rc19-experiment/OUTDOOR4-bottom/12873.png" width="640" height="480">
  </image>
  <image id="105" name="rc19-experiment/OUTDOOR4-bottom/12870.png" width="640" height="480">
    <box label="ball" occluded="0" source="manual" xtl="374.41" ytl="-56.70" xbr="485.44" ybr="49.91" z_order="0">
    </box>
  </image>
  <image id="104" name="rc19-experiment/OUTDOOR4-bottom/12867.png" width="640" height="480">
    <box label="ball" occluded="0" source="manual" xtl="376.09" ytl="0.56" xbr="497.78" ybr="121.68" z_order="0">
    </box>
  </image>
  <image id="103" name="rc19-experiment/OUTDOOR4-bottom/12864.png" width="640" height="480">
    <box label="ball" occluded="0" source="manual" xtl="336.84" ytl="100.94" xbr="469.18" ybr="231.03" z_order="0">
    </box>
  </image>
  <image id="102" name="rc19-experiment/OUTDOOR4-bottom/12860.png" width="640" height="480">
    <box label="ball" occluded="0" source="manual" xtl="258.90" ytl="192.90" xbr="413.66" ybr="332.52" z_order="0">
    </box>
  </image>
  <image id="101" name="rc19-experiment/OUTDOOR4-bottom/12857.png" width="640" height="480">
    <box label="ball" occluded="0" source="manual" xtl="204.50" ytl="270.28" xbr="365.44" ybr="416.08" z_order="0">
    </box>
  </image>
  <image id="100" name="rc19-experiment/OUTDOOR4-bottom/12854.png" width="640" height="480">
    <box label="ball" occluded="0" source="manual" xtl="197.78" ytl="291.03" xbr="359.83" ybr="461.50" z_order="0">
    </box>
  </image>
  <image id="99" name="rc19-experiment/OUTDOOR4-bottom/12851.png" width="640" height="480">
    <box label="ball" occluded="0" source="manual" xtl="256.21" ytl="287.34" xbr="419.40" ybr="454.50" z_order="0">
    </box>
  </image>
  <image id="98" name="rc19-experiment/OUTDOOR4-bottom/12847.png" width="640" height="480">
    <box label="ball" occluded="0" source="manual" xtl="260.05" ytl="223.90" xbr="420.60" ybr="385.78" z_order="0">
    </box>
  </image>
  <image id="97" name="rc19-experiment/OUTDOOR4-bottom/12844.png" width="640" height="480">
    <box label="ball" occluded="0" source="manual" xtl="263.54" ytl="240.30" xbr="420.30" ybr="397.68" z_order="0">
    </box>
  </image>
  <image id="96" name="rc19-experiment/OUTDOOR4-bottom/12841.png" width="640" height="480">
    <box label="ball" occluded="0" source="manual" xtl="243.59" ytl="219.90" xbr="395.20" ybr="370.99" z_order="0">
    </box>
  </image>
  <image id="95" name="rc19-experiment/OUTDOOR4-bottom/12838.png" width="640" height="480">
    <box label="ball" occluded="0" source="manual" xtl="244.79" ytl="239.42" xbr="397.00" ybr="390.88" z_order="0">
    </box>
  </image>
  <image id="94" name="rc19-experiment/OUTDOOR4-bottom/12835.png" width="640" height="480">
    <box label="ball" occluded="0" source="manual" xtl="250.39" ytl="221.80" xbr="402.80" ybr="377.75" z_order="0">
    </box>
  </image>
  <image id="93" name="rc19-experiment/OUTDOOR4-bottom/12831.png" width="640" height="480">
    <box label="ball" occluded="0" source="manual" xtl="214.21" ytl="213.80" xbr="371.70" ybr="374.26" z_order="0">
    </box>
  </image>
  <image id="92" name="rc19-experiment/OUTDOOR4-bottom/12828.png" width="640" height="480">
    <box label="ball" occluded="0" source="auto" xtl="201.26" ytl="230.02" xbr="350.09" ybr="379.28" z_order="0">
    </box>
  </image>
  <image id="91" name="rc19-experiment/OUTDOOR4-bottom/12825.png" width="640" height="480">
    <box label="ball" occluded="0" source="manual" xtl="228.56" ytl="222.20" xbr="381.80" ybr="376.60" z_order="0">
    </box>
  </image>
  <image id="90" name="rc19-experiment/OUTDOOR4-bottom/12822.png" width="640" height="480">
    <box label="ball" occluded="0" source="manual" xtl="209.65" ytl="214.70" xbr="366.90" ybr="374.32" z_order="0">
    </box>
  </image>
  <image id="89" name="rc19-experiment/OUTDOOR4-bottom/12819.png" width="640" height="480">
    <box label="ball" occluded="0" source="manual" xtl="233.70" ytl="201.20" xbr="381.70" ybr="349.77" z_order="0">
    </box>
  </image>
  <image id="88" name="rc19-experiment/OUTDOOR4-bottom/12816.png" width="640" height="480">
    <box label="ball" occluded="0" source="manual" xtl="258.40" ytl="208.00" xbr="408.90" ybr="358.89" z_order="0">
    </box>
  </image>
  <image id="87" name="rc19-experiment/OUTDOOR4-bottom/12813.png" width="640" height="480">
    <box label="ball" occluded="0" source="manual" xtl="272.87" ytl="213.50" xbr="420.10" ybr="365.60" z_order="0">
    </box>
  </image>
  <image id="86" name="rc19-experiment/OUTDOOR4-bottom/12810.png" width="640" height="480">
    <box label="ball" occluded="0" source="manual" xtl="274.45" ytl="211.82" xbr="428.20" ybr="359.14" z_order="0">
    </box>
  </image>
  <image id="85" name="rc19-experiment/OUTDOOR4-bottom/12807.png" width="640" height="480">
    <box label="ball" occluded="0" source="manual" xtl="261.32" ytl="189.50" xbr="410.30" ybr="344.77" z_order="0">
    </box>
  </image>
  <image id="84" name="rc19-experiment/OUTDOOR4-bottom/12803.png" width="640" height="480">
    <box label="ball" occluded="0" source="manual" xtl="234.05" ytl="184.86" xbr="384.80" ybr="335.01" z_order="0">
    </box>
  </image>
  <image id="83" name="rc19-experiment/OUTDOOR4-bottom/12800.png" width="640" height="480">
    <box label="ball" occluded="0" source="manual" xtl="203.45" ytl="186.00" xbr="353.60" ybr="334.38" z_order="0">
    </box>
  </image>
  <image id="82" name="rc19-experiment/OUTDOOR4-bottom/12796.png" width="640" height="480">
    <box label="ball" occluded="0" source="manual" xtl="198.57" ytl="238.10" xbr="350.00" ybr="387.69" z_order="0">
    </box>
  </image>
  <image id="81" name="rc19-experiment/OUTDOOR4-bottom/12793.png" width="640" height="480">
    <box label="ball" occluded="0" source="manual" xtl="262.98" ytl="186.30" xbr="415.50" ybr="348.10" z_order="0">
    </box>
  </image>
  <image id="80" name="rc19-experiment/OUTDOOR4-bottom/12790.png" width="640" height="480">
    <box label="ball" occluded="0" source="manual" xtl="259.50" ytl="181.20" xbr="410.30" ybr="337.60" z_order="0">
    </box>
  </image>
  <image id="79" name="rc19-experiment/OUTDOOR4-bottom/12787.png" width="640" height="480">
    <box label="ball" occluded="0" source="manual" xtl="247.83" ytl="168.10" xbr="397.60" ybr="314.87" z_order="0">
    </box>
  </image>
  <image id="78" name="rc19-experiment/OUTDOOR4-bottom/12784.png" width="640" height="480">
    <box label="ball" occluded="0" source="manual" xtl="234.53" ytl="164.90" xbr="380.30" ybr="307.04" z_order="0">
    </box>
  </image>
  <image id="77" name="rc19-experiment/OUTDOOR4-bottom/12781.png" width="640" height="480">
    <box label="ball" occluded="0" source="manual" xtl="205.83" ytl="141.70" xbr="350.60" ybr="284.27" z_order="0">
    </box>
  </image>
  <image id="76" name="rc19-experiment/OUTDOOR4-bottom/12778.png" width="640" height="480">
    <box label="ball" occluded="0" source="manual" xtl="253.32" ytl="201.50" xbr="394.20" ybr="343.17" z_order="0">
    </box>
  </image>
  <image id="75" name="rc19-experiment/OUTDOOR4-bottom/12775.png" width="640" height="480">
    <box label="ball" occluded="0" source="manual" xtl="239.44" ytl="171.00" xbr="375.90" ybr="312.87" z_order="0">
    </box>
  </image>
  <image id="74" name="rc19-experiment/OUTDOOR4-bottom/12772.png" width="640" height="480">
    <box label="ball" occluded="0" source="manual" xtl="235.91" ytl="209.72" xbr="368.80" ybr="339.25" z_order="0">
    </box>
  </image>
  <image id="73" name="rc19-experiment/OUTDOOR4-bottom/12769.png" width="640" height="480">
    <box label="ball" occluded="0" source="auto" xtl="256.29" ytl="190.93" xbr="377.72" ybr="309.83" z_order="0">
    </box>
  </image>
  <image id="72" name="rc19-experiment/OUTDOOR4-bottom/12766.png" width="640" height="480">
    <box label="ball" occluded="0" source="manual" xtl="233.66" ytl="176.64" xbr="355.35" ybr="295.51" z_order="0">
    </box>
  </image>
  <image id="71" name="rc19-experiment/OUTDOOR4-bottom/12763.png" width="640" height="480">
    <box label="ball" occluded="0" source="manual" xtl="260.58" ytl="226.54" xbr="393.48" ybr="357.76" z_order="0">
    </box>
  </image>
  <image id="70" name="rc19-experiment/OUTDOOR4-bottom/12760.png" width="640" height="480">
    <box label="ball" occluded="0" source="manual" xtl="250.49" ytl="174.95" xbr="367.12" ybr="289.91" z_order="0">
    </box>
  </image>
  <image id="69" name="rc19-experiment/OUTDOOR4-bottom/12757.png" width="640" height="480">
    <box label="ball" occluded="0" source="manual" xtl="252.17" ytl="186.17" xbr="365.44" ybr="317.94" z_order="0">
    </box>
  </image>
  <image id="68" name="rc19-experiment/OUTDOOR4-bottom/12754.png" width="640" height="480">
    <box label="ball" occluded="0" source="manual" xtl="229.18" ytl="162.06" xbr="335.72" ybr="268.60" z_order="0">
    </box>
  </image>
  <image id="67" name="rc19-experiment/OUTDOOR4-bottom/12751.png" width="640" height="480">
    <box label="ball" occluded="0" source="auto" xtl="244.14" ytl="202.47" xbr="349.90" ybr="303.48" z_order="0">
    </box>
  </image>
  <image id="66" name="rc19-experiment/OUTDOOR4-bottom/12748.png" width="640" height="480">
    <box label="ball" occluded="0" source="manual" xtl="291.42" ytl="90.28" xbr="394.04" ybr="194.58" z_order="0">
    </box>
  </image>
  <image id="65" name="rc19-experiment/OUTDOOR4-bottom/12745.png" width="640" height="480">
    <box label="ball" occluded="0" source="manual" xtl="237.03" ytl="97.01" xbr="332.92" ybr="192.90" z_order="0">
    </box>
  </image>
  <image id="64" name="rc19-experiment/OUTDOOR4-bottom/12742.png" width="640" height="480">
    <box label="ball" occluded="0" source="auto" xtl="245.39" ytl="98.86" xbr="337.62" ybr="186.70" z_order="0">
    </box>
  </image>
  <image id="63" name="rc19-experiment/OUTDOOR4-bottom/12739.png" width="640" height="480">
    <box label="ball" occluded="0" source="manual" xtl="253.85" ytl="76.82" xbr="344.69" ybr="168.23" z_order="0">
    </box>
  </image>
  <image id="62" name="rc19-experiment/OUTDOOR4-bottom/12736.png" width="640" height="480">
    <box label="ball" occluded="0" source="manual" xtl="274.60" ytl="99.25" xbr="362.08" ybr="210.84" z_order="0">
    </box>
  </image>
  <image id="61" name="rc19-experiment/OUTDOOR4-bottom/12733.png" width="640" height="480">
    <box label="ball" occluded="0" source="manual" xtl="279.65" ytl="15.14" xbr="367.68" ybr="109.35" z_order="0">
    </box>
  </image>
  <image id="60" name="rc19-experiment/OUTDOOR4-bottom/12730.png" width="640" height="480">
    <box label="ball" occluded="0" source="manual" xtl="268.43" ytl="70.09" xbr="350.30" ybr="151.96" z_order="0">
    </box>
  </image>
  <image id="59" name="rc19-experiment/OUTDOOR4-bottom/12727.png" width="640" height="480">
    <box label="ball" occluded="0" source="manual" xtl="211.23" ytl="26.92" xbr="291.98" ybr="109.35" z_order="0">
    </box>
  </image>
  <image id="58" name="rc19-experiment/OUTDOOR4-bottom/12724.png" width="640" height="480">
    <box label="ball" occluded="0" source="manual" xtl="276.84" ytl="73.46" xbr="353.10" ybr="150.84" z_order="0">
    </box>
  </image>
  <image id="57" name="rc19-experiment/OUTDOOR4-bottom/12721.png" width="640" height="480">
    <box label="ball" occluded="0" source="manual" xtl="303.76" ytl="-8.10" xbr="378.34" ybr="80.19" z_order="0">
    </box>
  </image>
  <image id="56" name="rc19-experiment/OUTDOOR4-bottom/12718.png" width="640" height="480">
    <box label="ball" occluded="0" source="manual" xtl="241.51" ytl="-40.00" xbr="313.29" ybr="31.40" z_order="0">
    </box>
  </image>
  <image id="55" name="rc19-experiment/OUTDOOR4-bottom/12715.png" width="640" height="480">
    <box label="ball" occluded="0" source="manual" xtl="275.16" ytl="1.68" xbr="346.37" ybr="87.48" z_order="0">
    </box>
  </image>
  <image id="54" name="rc19-experiment/OUTDOOR4-bottom/12712.png" width="640" height="480">
    <box label="ball" occluded="0" source="manual" xtl="252.73" ytl="-25.50" xbr="325.07" ybr="46.54" z_order="0">
    </box>
  </image>
  <image id="53" name="rc19-experiment/OUTDOOR4-bottom/12709.png" width="640" height="480">
    <box label="ball" occluded="0" source="manual" xtl="276.28" ytl="60.56" xbr="343.57" ybr="127.85" z_order="0">
    </box>
  </image>
  <image id="52" name="rc19-experiment/OUTDOOR4-bottom/12706.png" width="640" height="480">
    <box label="ball" occluded="0" source="manual" xtl="324.50" ytl="-28.60" xbr="382.82" ybr="24.11" z_order="0">
    </box>
  </image>
  <image id="51" name="rc19-experiment/OUTDOOR4-bottom/12703.png" width="640" height="480">
    <box label="ball" occluded="0" source="manual" xtl="271.23" ytl="19.07" xbr="333.48" ybr="84.67" z_order="0">
    </box>
  </image>
  <image id="50" name="rc19-experiment/OUTDOOR4-bottom/12700.png" width="640" height="480">
    <box label="ball" occluded="0" source="manual" xtl="279.08" ytl="-26.50" xbr="331.23" ybr="21.31" z_order="0">
    </box>
  </image>
  <image id="49" name="rc19-experiment/OUTDOOR4-bottom/12697.png" width="640" height="480">
    <box label="ball" occluded="0" source="manual" xtl="325.63" ytl="10.65" xbr="384.51" ybr="74.58" z_order="0">
    </box>
  </image>
  <image id="48" name="rc19-experiment/OUTDOOR4-bottom/12694.png" width="640" height="480">
    <box label="ball" occluded="0" source="manual" xtl="295.35" ytl="-10.70" xbr="355.35" ybr="48.23" z_order="0">
    </box>
  </image>
  <image id="47" name="rc19-experiment/OUTDOOR4-bottom/12691.png" width="640" height="480">
  </image>
  <image id="46" name="rc19-experiment/OUTDOOR4-bottom/12688.png" width="640" height="480">
  </image>
  <image id="45" name="rc19-experiment/OUTDOOR4-bottom/12685.png" width="640" height="480">
  </image>
  <image id="44" name="rc19-experiment/OUTDOOR4-bottom/12682.png" width="640" height="480">
    <box label="ball" occluded="0" source="manual" xtl="287.50" ytl="-1.70" xbr="344.13" ybr="55.51" z_order="0">
    </box>
  </image>
  <image id="43" name="rc19-experiment/OUTDOOR4-bottom/12679.png" width="640" height="480">
    <box label="ball" occluded="0" source="manual" xtl="311.61" ytl="-9.20" xbr="371.61" ybr="52.71" z_order="0">
    </box>
  </image>
  <image id="42" name="rc19-experiment/OUTDOOR4-bottom/12675.png" width="640" height="480">
  </image>
  <image id="41" name="rc19-experiment/OUTDOOR4-bottom/12672.png" width="640" height="480">
  </image>
  <image id="40" name="rc19-experiment/OUTDOOR4-bottom/12669.png" width="640" height="480">
  </image>
  <image id="39" name="rc19-experiment/OUTDOOR4-bottom/12666.png" width="640" height="480">
    <box label="ball" occluded="0" source="manual" xtl="272.36" ytl="-4.20" xbr="322.82" ybr="47.10" z_order="0">
    </box>
  </image>
  <image id="38" name="rc19-experiment/OUTDOOR4-bottom/12663.png" width="640" height="480">
    <box label="ball" occluded="0" source="manual" xtl="297.59" ytl="-15.90" xbr="346.93" ybr="31.40" z_order="0">
    </box>
  </image>
  <image id="37" name="rc19-experiment/OUTDOOR4-bottom/12660.png" width="640" height="480">
  </image>
  <image id="36" name="rc19-experiment/OUTDOOR4-bottom/12657.png" width="640" height="480">
  </image>
  <image id="35" name="rc19-experiment/OUTDOOR4-bottom/12654.png" width="640" height="480">
  </image>
  <image id="34" name="rc19-experiment/OUTDOOR4-bottom/12651.png" width="640" height="480">
    <box label="ball" occluded="0" source="manual" xtl="276.84" ytl="-20.50" xbr="324.50" ybr="22.43" z_order="0">
    </box>
  </image>
  <image id="33" name="rc19-experiment/OUTDOOR4-bottom/12648.png" width="640" height="480">
  </image>
  <image id="32" name="rc19-experiment/OUTDOOR4-bottom/12646.png" width="640" height="480">
  </image>
  <image id="31" name="rc19-experiment/OUTDOOR4-bottom/12643.png" width="640" height="480">
  </image>
  <image id="30" name="rc19-experiment/OUTDOOR4-bottom/12640.png" width="640" height="480">
  </image>
  <image id="29" name="rc19-experiment/OUTDOOR4-bottom/12637.png" width="640" height="480">
  </image>
  <image id="28" name="rc19-experiment/OUTDOOR4-bottom/12634.png" width="640" height="480">
  </image>
  <image id="27" name="rc19-experiment/OUTDOOR4-bottom/12631.png" width="640" height="480">
    <box label="ball" occluded="0" source="manual" xtl="237.59" ytl="-15.10" xbr="281.89" ybr="27.48" z_order="0">
    </box>
  </image>
  <image id="26" name="rc19-experiment/OUTDOOR4-bottom/12628.png" width="640" height="480">
  </image>
  <image id="25" name="rc19-experiment/OUTDOOR4-bottom/12625.png" width="640" height="480">
    <box label="ball" occluded="0" source="manual" xtl="304.32" ytl="-3.00" xbr="349.18" ybr="45.42" z_order="0">
    </box>
  </image>
  <image id="24" name="rc19-experiment/OUTDOOR4-bottom/12622.png" width="640" height="480">
    <box label="ball" occluded="0" source="manual" xtl="244.32" ytl="0.56" xbr="289.74" ybr="47.10" z_order="0">
    </box>
  </image>
  <image id="23" name="rc19-experiment/OUTDOOR4-bottom/12619.png" width="640" height="480">
    <box label="ball" occluded="0" source="manual" xtl="268.43" ytl="-17.80" xbr="313.85" ybr="25.79" z_order="0">
    </box>
  </image>
  <image id="22" name="rc19-experiment/OUTDOOR4-bottom/12616.png" width="640" height="480">
  </image>
  <image id="21" name="rc19-experiment/OUTDOOR4-bottom/12613.png" width="640" height="480">
  </image>
  <image id="20" name="rc19-experiment/OUTDOOR4-bottom/12610.png" width="640" height="480">
  </image>
  <image id="19" name="rc19-experiment/OUTDOOR4-bottom/12607.png" width="640" height="480">
  </image>
  <image id="18" name="rc19-experiment/OUTDOOR4-bottom/12604.png" width="640" height="480">
    <box label="ball" occluded="0" source="manual" xtl="598.70" ytl="-2.20" xbr="649.20" ybr="47.66" z_order="0">
    </box>
  </image>
  <image id="17" name="rc19-experiment/OUTDOOR4-bottom/12601.png" width="640" height="480">
  </image>
  <image id="16" name="rc19-experiment/OUTDOOR4-bottom/12598.png" width="640" height="480">
    <box label="ball" occluded="0" source="manual" xtl="596.64" ytl="1.12" xbr="649.40" ybr="55.50" z_order="0">
    </box>
  </image>
  <image id="15" name="rc19-experiment/OUTDOOR4-bottom/12595.png" width="640" height="480">
    <box label="ball" occluded="0" source="manual" xtl="458.52" ytl="-15.30" xbr="509.00" ybr="33.64" z_order="0">
    </box>
  </image>
  <image id="14" name="rc19-experiment/OUTDOOR4-bottom/12592.png" width="640" height="480">
  </image>
  <image id="13" name="rc19-experiment/OUTDOOR4-bottom/12589.png" width="640" height="480">
  </image>
  <image id="12" name="rc19-experiment/OUTDOOR4-bottom/12586.png" width="640" height="480">
  </image>
  <image id="11" name="rc19-experiment/OUTDOOR4-bottom/12583.png" width="640" height="480">
  </image>
  <image id="10" name="rc19-experiment/OUTDOOR4-bottom/12580.png" width="640" height="480">
  </image>
  <image id="9" name="rc19-experiment/OUTDOOR4-bottom/12577.png" width="640" height="480">
  </image>
  <image id="8" name="rc19-experiment/OUTDOOR4-bottom/12574.png" width="640" height="480">
  </image>
  <image id="7" name="rc19-experiment/OUTDOOR4-bottom/12571.png" width="640" height="480">
  </image>
  <image id="6" name="rc19-experiment/OUTDOOR4-bottom/12567.png" width="640" height="480">
  </image>
  <image id="5" name="rc19-experiment/OUTDOOR4-bottom/12564.png" width="640" height="480">
  </image>
  <image id="4" name="rc19-experiment/OUTDOOR4-bottom/12560.png" width="640" height="480">
  </image>
  <image id="3" name="rc19-experiment/OUTDOOR4-bottom/12557.png" width="640" height="480">
  </image>
  <image id="2" name="rc19-experiment/OUTDOOR4-bottom/12554.png" width="640" height="480">
  </image>
  <image id="1" name="rc19-experiment/OUTDOOR4-bottom/12550.png" width="640" height="480">
  </image>
  <image id="0" name="rc19-experiment/OUTDOOR4-bottom/12547.png" width="640" height="480">
  </image>
</annotations>