<?xml version="1.0" encoding="utf-8"?>
<annotations>
  <version>1.1</version>
  <meta>
    <task>
      <id>10</id>
      <name>RC19Experiments-OUTDOOR3-top</name>
      <size>242</size>
      <mode>annotation</mode>
      <overlap>0</overlap>
      <bugtracker></bugtracker>
      <created>2020-04-05 09:46:44.083020+00:00</created>
      <updated>2021-06-01 16:25:04.983370+00:00</updated>
      <start_frame>0</start_frame>
      <stop_frame>241</stop_frame>
      <frame_filter></frame_filter>
      <labels>
        <label>
          <name>ball</name>
          <color>#804080</color>
          <attributes>
          </attributes>
        </label>
        <label>
          <name>nao</name>
          <color>#29b666</color>
          <attributes>
          </attributes>
        </label>
      </labels>
      <segments>
        <segment>
          <id>10</id>
          <start>0</start>
          <stop>241</stop>
          <url>httpball.informatik.hu-berlin.de/?id=10</url>
        </segment>
      </segments>
      <owner>
        <username>nao</username>
        <email></email>
      </owner>
      <assignee>
        <username>mellmann</username>
        <email>mellmann@informatik.hu-berlin.de</email>
      </assignee>
    </task>
    <dumped>2021-06-01 16:25:10.032611+00:00</dumped>
  </meta>
  <image id="241" name="rc19-experiment/OUTDOOR3-top/9695.png" width="640" height="480">
    <box label="ball" occluded="0" source="manual" xtl="477.59" ytl="208.04" xbr="495.53" ybr="226.54" z_order="0">
    </box>
  </image>
  <image id="240" name="rc19-experiment/OUTDOOR3-top/9692.png" width="640" height="480">
    <box label="ball" occluded="0" source="manual" xtl="486.56" ytl="302.24" xbr="507.87" ybr="324.11" z_order="0">
    </box>
  </image>
  <image id="239" name="rc19-experiment/OUTDOOR3-top/9689.png" width="640" height="480">
    <box label="ball" occluded="0" source="manual" xtl="447.87" ytl="306.73" xbr="468.06" ybr="325.23" z_order="0">
    </box>
  </image>
  <image id="238" name="rc19-experiment/OUTDOOR3-top/9686.png" width="640" height="480">
    <box label="ball" occluded="0" source="manual" xtl="400.21" ytl="296.08" xbr="419.27" ybr="314.58" z_order="0">
    </box>
  </image>
  <image id="237" name="rc19-experiment/OUTDOOR3-top/9683.png" width="640" height="480">
    <box label="ball" occluded="0" source="manual" xtl="400.21" ytl="310.65" xbr="419.83" ybr="329.16" z_order="0">
    </box>
  </image>
  <image id="236" name="rc19-experiment/OUTDOOR3-top/9680.png" width="640" height="480">
    <box label="ball" occluded="0" source="manual" xtl="459.08" ytl="331.40" xbr="481.51" ybr="353.27" z_order="0">
    </box>
  </image>
  <image id="235" name="rc19-experiment/OUTDOOR3-top/9677.png" width="640" height="480">
    <box label="ball" occluded="0" source="manual" xtl="571.79" ytl="358.88" xbr="594.79" ybr="382.43" z_order="0">
    </box>
  </image>
  <image id="234" name="rc19-experiment/OUTDOOR3-top/9674.png" width="640" height="480">
  </image>
  <image id="233" name="rc19-experiment/OUTDOOR3-top/9671.png" width="640" height="480">
  </image>
  <image id="232" name="rc19-experiment/OUTDOOR3-top/9668.png" width="640" height="480">
  </image>
  <image id="231" name="rc19-experiment/OUTDOOR3-top/9665.png" width="640" height="480">
  </image>
  <image id="230" name="rc19-experiment/OUTDOOR3-top/9662.png" width="640" height="480">
  </image>
  <image id="229" name="rc19-experiment/OUTDOOR3-top/9659.png" width="640" height="480">
  </image>
  <image id="228" name="rc19-experiment/OUTDOOR3-top/9656.png" width="640" height="480">
  </image>
  <image id="227" name="rc19-experiment/OUTDOOR3-top/9653.png" width="640" height="480">
  </image>
  <image id="226" name="rc19-experiment/OUTDOOR3-top/9650.png" width="640" height="480">
  </image>
  <image id="225" name="rc19-experiment/OUTDOOR3-top/9647.png" width="640" height="480">
  </image>
  <image id="224" name="rc19-experiment/OUTDOOR3-top/9644.png" width="640" height="480">
  </image>
  <image id="223" name="rc19-experiment/OUTDOOR3-top/9641.png" width="640" height="480">
  </image>
  <image id="222" name="rc19-experiment/OUTDOOR3-top/9638.png" width="640" height="480">
  </image>
  <image id="221" name="rc19-experiment/OUTDOOR3-top/9635.png" width="640" height="480">
  </image>
  <image id="220" name="rc19-experiment/OUTDOOR3-top/9631.png" width="640" height="480">
  </image>
  <image id="219" name="rc19-experiment/OUTDOOR3-top/9627.png" width="640" height="480">
  </image>
  <image id="218" name="rc19-experiment/OUTDOOR3-top/9624.png" width="640" height="480">
  </image>
  <image id="217" name="rc19-experiment/OUTDOOR3-top/9621.png" width="640" height="480">
  </image>
  <image id="216" name="rc19-experiment/OUTDOOR3-top/9618.png" width="640" height="480">
  </image>
  <image id="215" name="rc19-experiment/OUTDOOR3-top/9615.png" width="640" height="480">
  </image>
  <image id="214" name="rc19-experiment/OUTDOOR3-top/9612.png" width="640" height="480">
  </image>
  <image id="213" name="rc19-experiment/OUTDOOR3-top/9609.png" width="640" height="480">
  </image>
  <image id="212" name="rc19-experiment/OUTDOOR3-top/9606.png" width="640" height="480">
  </image>
  <image id="211" name="rc19-experiment/OUTDOOR3-top/9603.png" width="640" height="480">
  </image>
  <image id="210" name="rc19-experiment/OUTDOOR3-top/9600.png" width="640" height="480">
  </image>
  <image id="209" name="rc19-experiment/OUTDOOR3-top/9597.png" width="640" height="480">
  </image>
  <image id="208" name="rc19-experiment/OUTDOOR3-top/9594.png" width="640" height="480">
  </image>
  <image id="207" name="rc19-experiment/OUTDOOR3-top/9591.png" width="640" height="480">
  </image>
  <image id="206" name="rc19-experiment/OUTDOOR3-top/9587.png" width="640" height="480">
  </image>
  <image id="205" name="rc19-experiment/OUTDOOR3-top/9584.png" width="640" height="480">
  </image>
  <image id="204" name="rc19-experiment/OUTDOOR3-top/9581.png" width="640" height="480">
  </image>
  <image id="203" name="rc19-experiment/OUTDOOR3-top/9578.png" width="640" height="480">
  </image>
  <image id="202" name="rc19-experiment/OUTDOOR3-top/9575.png" width="640" height="480">
  </image>
  <image id="201" name="rc19-experiment/OUTDOOR3-top/9572.png" width="640" height="480">
  </image>
  <image id="200" name="rc19-experiment/OUTDOOR3-top/9569.png" width="640" height="480">
  </image>
  <image id="199" name="rc19-experiment/OUTDOOR3-top/9566.png" width="640" height="480">
  </image>
  <image id="198" name="rc19-experiment/OUTDOOR3-top/9563.png" width="640" height="480">
  </image>
  <image id="197" name="rc19-experiment/OUTDOOR3-top/9560.png" width="640" height="480">
  </image>
  <image id="196" name="rc19-experiment/OUTDOOR3-top/9557.png" width="640" height="480">
  </image>
  <image id="195" name="rc19-experiment/OUTDOOR3-top/9554.png" width="640" height="480">
  </image>
  <image id="194" name="rc19-experiment/OUTDOOR3-top/9551.png" width="640" height="480">
  </image>
  <image id="193" name="rc19-experiment/OUTDOOR3-top/9548.png" width="640" height="480">
  </image>
  <image id="192" name="rc19-experiment/OUTDOOR3-top/9545.png" width="640" height="480">
  </image>
  <image id="191" name="rc19-experiment/OUTDOOR3-top/9541.png" width="640" height="480">
  </image>
  <image id="190" name="rc19-experiment/OUTDOOR3-top/9537.png" width="640" height="480">
  </image>
  <image id="189" name="rc19-experiment/OUTDOOR3-top/9534.png" width="640" height="480">
  </image>
  <image id="188" name="rc19-experiment/OUTDOOR3-top/9531.png" width="640" height="480">
  </image>
  <image id="187" name="rc19-experiment/OUTDOOR3-top/9528.png" width="640" height="480">
  </image>
  <image id="186" name="rc19-experiment/OUTDOOR3-top/9525.png" width="640" height="480">
  </image>
  <image id="185" name="rc19-experiment/OUTDOOR3-top/9522.png" width="640" height="480">
  </image>
  <image id="184" name="rc19-experiment/OUTDOOR3-top/9519.png" width="640" height="480">
  </image>
  <image id="183" name="rc19-experiment/OUTDOOR3-top/9516.png" width="640" height="480">
  </image>
  <image id="182" name="rc19-experiment/OUTDOOR3-top/9513.png" width="640" height="480">
  </image>
  <image id="181" name="rc19-experiment/OUTDOOR3-top/9510.png" width="640" height="480">
  </image>
  <image id="180" name="rc19-experiment/OUTDOOR3-top/9507.png" width="640" height="480">
  </image>
  <image id="179" name="rc19-experiment/OUTDOOR3-top/9504.png" width="640" height="480">
  </image>
  <image id="178" name="rc19-experiment/OUTDOOR3-top/9501.png" width="640" height="480">
  </image>
  <image id="177" name="rc19-experiment/OUTDOOR3-top/9498.png" width="640" height="480">
  </image>
  <image id="176" name="rc19-experiment/OUTDOOR3-top/9495.png" width="640" height="480">
  </image>
  <image id="175" name="rc19-experiment/OUTDOOR3-top/9492.png" width="640" height="480">
  </image>
  <image id="174" name="rc19-experiment/OUTDOOR3-top/9489.png" width="640" height="480">
  </image>
  <image id="173" name="rc19-experiment/OUTDOOR3-top/9486.png" width="640" height="480">
  </image>
  <image id="172" name="rc19-experiment/OUTDOOR3-top/9483.png" width="640" height="480">
  </image>
  <image id="171" name="rc19-experiment/OUTDOOR3-top/9480.png" width="640" height="480">
  </image>
  <image id="170" name="rc19-experiment/OUTDOOR3-top/9477.png" width="640" height="480">
  </image>
  <image id="169" name="rc19-experiment/OUTDOOR3-top/9474.png" width="640" height="480">
  </image>
  <image id="168" name="rc19-experiment/OUTDOOR3-top/9471.png" width="640" height="480">
  </image>
  <image id="167" name="rc19-experiment/OUTDOOR3-top/9468.png" width="640" height="480">
  </image>
  <image id="166" name="rc19-experiment/OUTDOOR3-top/9465.png" width="640" height="480">
  </image>
  <image id="165" name="rc19-experiment/OUTDOOR3-top/9462.png" width="640" height="480">
  </image>
  <image id="164" name="rc19-experiment/OUTDOOR3-top/9459.png" width="640" height="480">
  </image>
  <image id="163" name="rc19-experiment/OUTDOOR3-top/9456.png" width="640" height="480">
  </image>
  <image id="162" name="rc19-experiment/OUTDOOR3-top/9453.png" width="640" height="480">
  </image>
  <image id="161" name="rc19-experiment/OUTDOOR3-top/9450.png" width="640" height="480">
  </image>
  <image id="160" name="rc19-experiment/OUTDOOR3-top/9447.png" width="640" height="480">
  </image>
  <image id="159" name="rc19-experiment/OUTDOOR3-top/9444.png" width="640" height="480">
  </image>
  <image id="158" name="rc19-experiment/OUTDOOR3-top/9440.png" width="640" height="480">
  </image>
  <image id="157" name="rc19-experiment/OUTDOOR3-top/9437.png" width="640" height="480">
  </image>
  <image id="156" name="rc19-experiment/OUTDOOR3-top/9434.png" width="640" height="480">
  </image>
  <image id="155" name="rc19-experiment/OUTDOOR3-top/9431.png" width="640" height="480">
  </image>
  <image id="154" name="rc19-experiment/OUTDOOR3-top/9428.png" width="640" height="480">
  </image>
  <image id="153" name="rc19-experiment/OUTDOOR3-top/9425.png" width="640" height="480">
  </image>
  <image id="152" name="rc19-experiment/OUTDOOR3-top/9422.png" width="640" height="480">
  </image>
  <image id="151" name="rc19-experiment/OUTDOOR3-top/9419.png" width="640" height="480">
  </image>
  <image id="150" name="rc19-experiment/OUTDOOR3-top/9416.png" width="640" height="480">
  </image>
  <image id="149" name="rc19-experiment/OUTDOOR3-top/9413.png" width="640" height="480">
  </image>
  <image id="148" name="rc19-experiment/OUTDOOR3-top/9409.png" width="640" height="480">
  </image>
  <image id="147" name="rc19-experiment/OUTDOOR3-top/9406.png" width="640" height="480">
  </image>
  <image id="146" name="rc19-experiment/OUTDOOR3-top/9403.png" width="640" height="480">
  </image>
  <image id="145" name="rc19-experiment/OUTDOOR3-top/9400.png" width="640" height="480">
  </image>
  <image id="144" name="rc19-experiment/OUTDOOR3-top/9397.png" width="640" height="480">
  </image>
  <image id="143" name="rc19-experiment/OUTDOOR3-top/9394.png" width="640" height="480">
  </image>
  <image id="142" name="rc19-experiment/OUTDOOR3-top/9391.png" width="640" height="480">
  </image>
  <image id="141" name="rc19-experiment/OUTDOOR3-top/9388.png" width="640" height="480">
  </image>
  <image id="140" name="rc19-experiment/OUTDOOR3-top/9384.png" width="640" height="480">
  </image>
  <image id="139" name="rc19-experiment/OUTDOOR3-top/9381.png" width="640" height="480">
  </image>
  <image id="138" name="rc19-experiment/OUTDOOR3-top/9378.png" width="640" height="480">
  </image>
  <image id="137" name="rc19-experiment/OUTDOOR3-top/9374.png" width="640" height="480">
  </image>
  <image id="136" name="rc19-experiment/OUTDOOR3-top/9371.png" width="640" height="480">
  </image>
  <image id="135" name="rc19-experiment/OUTDOOR3-top/9368.png" width="640" height="480">
  </image>
  <image id="134" name="rc19-experiment/OUTDOOR3-top/9365.png" width="640" height="480">
  </image>
  <image id="133" name="rc19-experiment/OUTDOOR3-top/9362.png" width="640" height="480">
  </image>
  <image id="132" name="rc19-experiment/OUTDOOR3-top/9359.png" width="640" height="480">
  </image>
  <image id="131" name="rc19-experiment/OUTDOOR3-top/9356.png" width="640" height="480">
  </image>
  <image id="130" name="rc19-experiment/OUTDOOR3-top/9353.png" width="640" height="480">
  </image>
  <image id="129" name="rc19-experiment/OUTDOOR3-top/9350.png" width="640" height="480">
  </image>
  <image id="128" name="rc19-experiment/OUTDOOR3-top/9347.png" width="640" height="480">
    <box label="ball" occluded="0" source="manual" xtl="44.13" ytl="328.04" xbr="88.43" ybr="370.09" z_order="0">
    </box>
  </image>
  <image id="127" name="rc19-experiment/OUTDOOR3-top/9344.png" width="640" height="480">
    <box label="ball" occluded="0" source="manual" xtl="90.67" ytl="313.46" xbr="134.97" ybr="354.95" z_order="0">
    </box>
  </image>
  <image id="126" name="rc19-experiment/OUTDOOR3-top/9341.png" width="640" height="480">
    <box label="ball" occluded="0" source="manual" xtl="49.18" ytl="267.48" xbr="95.72" ybr="307.85" z_order="0">
    </box>
  </image>
  <image id="125" name="rc19-experiment/OUTDOOR3-top/9338.png" width="640" height="480">
    <box label="ball" occluded="0" source="manual" xtl="-0.73" ytl="329.72" xbr="44.13" ybr="372.34" z_order="0">
    </box>
  </image>
  <image id="124" name="rc19-experiment/OUTDOOR3-top/9335.png" width="640" height="480">
    <box label="ball" occluded="0" source="manual" xtl="59.83" ytl="284.86" xbr="99.65" ybr="323.55" z_order="0">
    </box>
  </image>
  <image id="123" name="rc19-experiment/OUTDOOR3-top/9332.png" width="640" height="480">
    <box label="ball" occluded="0" source="manual" xtl="206.19" ytl="268.04" xbr="242.08" ybr="305.05" z_order="0">
    </box>
  </image>
  <image id="122" name="rc19-experiment/OUTDOOR3-top/9329.png" width="640" height="480">
    <box label="ball" occluded="0" source="manual" xtl="308.80" ytl="283.74" xbr="345.25" ybr="319.07" z_order="0">
    </box>
  </image>
  <image id="121" name="rc19-experiment/OUTDOOR3-top/9326.png" width="640" height="480">
    <box label="ball" occluded="0" source="manual" xtl="291.98" ytl="254.58" xbr="326.75" ybr="289.35" z_order="0">
    </box>
  </image>
  <image id="120" name="rc19-experiment/OUTDOOR3-top/9323.png" width="640" height="480">
    <box label="ball" occluded="0" source="manual" xtl="281.89" ytl="328.60" xbr="317.22" ybr="365.61" z_order="0">
    </box>
  </image>
  <image id="119" name="rc19-experiment/OUTDOOR3-top/9320.png" width="640" height="480">
    <box label="ball" occluded="0" source="manual" xtl="299.27" ytl="272.52" xbr="336.84" ybr="306.73" z_order="0">
    </box>
  </image>
  <image id="118" name="rc19-experiment/OUTDOOR3-top/9317.png" width="640" height="480">
    <box label="ball" occluded="0" source="manual" xtl="348.62" ytl="342.06" xbr="383.94" ybr="377.38" z_order="0">
    </box>
  </image>
  <image id="117" name="rc19-experiment/OUTDOOR3-top/9314.png" width="640" height="480">
    <box label="ball" occluded="0" source="manual" xtl="325.07" ytl="262.43" xbr="360.95" ybr="297.76" z_order="0">
    </box>
  </image>
  <image id="116" name="rc19-experiment/OUTDOOR3-top/9311.png" width="640" height="480">
    <box label="ball" occluded="0" source="manual" xtl="254.41" ytl="294.95" xbr="291.42" ybr="331.40" z_order="0">
    </box>
  </image>
  <image id="115" name="rc19-experiment/OUTDOOR3-top/9308.png" width="640" height="480">
    <box label="ball" occluded="0" source="manual" xtl="291.98" ytl="271.96" xbr="328.99" ybr="308.41" z_order="0">
    </box>
  </image>
  <image id="114" name="rc19-experiment/OUTDOOR3-top/9305.png" width="640" height="480">
    <box label="ball" occluded="0" source="manual" xtl="342.45" ytl="323.55" xbr="380.02" ybr="360.56" z_order="0">
    </box>
  </image>
  <image id="113" name="rc19-experiment/OUTDOOR3-top/9302.png" width="640" height="480">
    <box label="ball" occluded="0" source="manual" xtl="331.79" ytl="320.19" xbr="371.05" ybr="361.12" z_order="0">
    </box>
  </image>
  <image id="112" name="rc19-experiment/OUTDOOR3-top/9300.png" width="640" height="480">
    <box label="ball" occluded="0" source="manual" xtl="304.88" ytl="265.79" xbr="341.89" ybr="305.61" z_order="0">
    </box>
  </image>
  <image id="111" name="rc19-experiment/OUTDOOR3-top/9297.png" width="640" height="480">
    <box label="ball" occluded="0" source="manual" xtl="329.55" ytl="326.92" xbr="369.37" ybr="366.17" z_order="0">
    </box>
  </image>
  <image id="110" name="rc19-experiment/OUTDOOR3-top/9294.png" width="640" height="480">
    <box label="ball" occluded="0" source="manual" xtl="373.29" ytl="324.11" xbr="414.22" ybr="360.56" z_order="0">
    </box>
  </image>
  <image id="109" name="rc19-experiment/OUTDOOR3-top/9291.png" width="640" height="480">
    <box label="ball" occluded="0" source="manual" xtl="332.92" ytl="343.18" xbr="372.17" ybr="382.43" z_order="0">
    </box>
  </image>
  <image id="108" name="rc19-experiment/OUTDOOR3-top/9289.png" width="640" height="480">
    <box label="ball" occluded="0" source="manual" xtl="309.93" ytl="339.81" xbr="353.66" ybr="380.75" z_order="0">
    </box>
  </image>
  <image id="107" name="rc19-experiment/OUTDOOR3-top/9286.png" width="640" height="480">
    <box label="ball" occluded="0" source="manual" xtl="279.65" ytl="313.46" xbr="322.82" ybr="358.32" z_order="0">
    </box>
  </image>
  <image id="106" name="rc19-experiment/OUTDOOR3-top/9283.png" width="640" height="480">
    <box label="ball" occluded="0" source="manual" xtl="310.49" ytl="336.45" xbr="355.35" ybr="381.87" z_order="0">
    </box>
  </image>
  <image id="105" name="rc19-experiment/OUTDOOR3-top/9281.png" width="640" height="480">
    <box label="ball" occluded="0" source="manual" xtl="318.34" ytl="416.08" xbr="368.80" ybr="467.66" z_order="0">
    </box>
  </image>
  <image id="104" name="rc19-experiment/OUTDOOR3-top/9279.png" width="640" height="480">
    <box label="ball" occluded="0" source="manual" xtl="323.38" ytl="381.87" xbr="377.22" ybr="442.43" z_order="0">
    </box>
  </image>
  <image id="103" name="rc19-experiment/OUTDOOR3-top/9276.png" width="640" height="480">
    <box label="ball" occluded="0" source="manual" xtl="332.92" ytl="278.69" xbr="388.99" ybr="339.25" z_order="0">
    </box>
  </image>
  <image id="102" name="rc19-experiment/OUTDOOR3-top/9273.png" width="640" height="480">
    <box label="ball" occluded="0" source="manual" xtl="331.23" ytl="197.38" xbr="393.48" ybr="260.19" z_order="0">
    </box>
  </image>
  <image id="101" name="rc19-experiment/OUTDOOR3-top/9270.png" width="640" height="480">
    <box label="ball" occluded="0" source="manual" xtl="294.22" ytl="142.99" xbr="367.12" ybr="212.52" z_order="0">
    </box>
  </image>
  <image id="100" name="rc19-experiment/OUTDOOR3-top/9267.png" width="640" height="480">
    <box label="ball" occluded="0" source="manual" xtl="287.50" ytl="195.14" xbr="362.64" ybr="269.16" z_order="0">
    </box>
  </image>
  <image id="99" name="rc19-experiment/OUTDOOR3-top/9264.png" width="640" height="480">
    <box label="ball" occluded="0" source="manual" xtl="286.37" ytl="242.24" xbr="367.68" ybr="322.99" z_order="0">
    </box>
  </image>
  <image id="98" name="rc19-experiment/OUTDOOR3-top/9261.png" width="640" height="480">
    <box label="ball" occluded="0" source="manual" xtl="327.31" ytl="310.65" xbr="426.56" ybr="407.66" z_order="0">
    </box>
  </image>
  <image id="97" name="rc19-experiment/OUTDOOR3-top/9258.png" width="640" height="480">
    <box label="ball" occluded="0" source="manual" xtl="358.17" ytl="373.29" xbr="473.48" ybr="486.66" z_order="0">
    </box>
  </image>
  <image id="96" name="rc19-experiment/OUTDOOR3-top/9255.png" width="640" height="480">
  </image>
  <image id="95" name="rc19-experiment/OUTDOOR3-top/9251.png" width="640" height="480">
  </image>
  <image id="94" name="rc19-experiment/OUTDOOR3-top/9248.png" width="640" height="480">
  </image>
  <image id="93" name="rc19-experiment/OUTDOOR3-top/9245.png" width="640" height="480">
  </image>
  <image id="92" name="rc19-experiment/OUTDOOR3-top/9242.png" width="640" height="480">
  </image>
  <image id="91" name="rc19-experiment/OUTDOOR3-top/9239.png" width="640" height="480">
  </image>
  <image id="90" name="rc19-experiment/OUTDOOR3-top/9236.png" width="640" height="480">
  </image>
  <image id="89" name="rc19-experiment/OUTDOOR3-top/9233.png" width="640" height="480">
  </image>
  <image id="88" name="rc19-experiment/OUTDOOR3-top/9230.png" width="640" height="480">
  </image>
  <image id="87" name="rc19-experiment/OUTDOOR3-top/9227.png" width="640" height="480">
  </image>
  <image id="86" name="rc19-experiment/OUTDOOR3-top/9224.png" width="640" height="480">
  </image>
  <image id="85" name="rc19-experiment/OUTDOOR3-top/9221.png" width="640" height="480">
  </image>
  <image id="84" name="rc19-experiment/OUTDOOR3-top/9218.png" width="640" height="480">
  </image>
  <image id="83" name="rc19-experiment/OUTDOOR3-top/9215.png" width="640" height="480">
  </image>
  <image id="82" name="rc19-experiment/OUTDOOR3-top/9211.png" width="640" height="480">
  </image>
  <image id="81" name="rc19-experiment/OUTDOOR3-top/9208.png" width="640" height="480">
  </image>
  <image id="80" name="rc19-experiment/OUTDOOR3-top/9205.png" width="640" height="480">
  </image>
  <image id="79" name="rc19-experiment/OUTDOOR3-top/9202.png" width="640" height="480">
  </image>
  <image id="78" name="rc19-experiment/OUTDOOR3-top/9199.png" width="640" height="480">
  </image>
  <image id="77" name="rc19-experiment/OUTDOOR3-top/9196.png" width="640" height="480">
  </image>
  <image id="76" name="rc19-experiment/OUTDOOR3-top/9193.png" width="640" height="480">
  </image>
  <image id="75" name="rc19-experiment/OUTDOOR3-top/9190.png" width="640" height="480">
  </image>
  <image id="74" name="rc19-experiment/OUTDOOR3-top/9187.png" width="640" height="480">
  </image>
  <image id="73" name="rc19-experiment/OUTDOOR3-top/9183.png" width="640" height="480">
  </image>
  <image id="72" name="rc19-experiment/OUTDOOR3-top/9180.png" width="640" height="480">
  </image>
  <image id="71" name="rc19-experiment/OUTDOOR3-top/9177.png" width="640" height="480">
  </image>
  <image id="70" name="rc19-experiment/OUTDOOR3-top/9174.png" width="640" height="480">
  </image>
  <image id="69" name="rc19-experiment/OUTDOOR3-top/9170.png" width="640" height="480">
  </image>
  <image id="68" name="rc19-experiment/OUTDOOR3-top/9167.png" width="640" height="480">
  </image>
  <image id="67" name="rc19-experiment/OUTDOOR3-top/9164.png" width="640" height="480">
  </image>
  <image id="66" name="rc19-experiment/OUTDOOR3-top/9160.png" width="640" height="480">
  </image>
  <image id="65" name="rc19-experiment/OUTDOOR3-top/9157.png" width="640" height="480">
  </image>
  <image id="64" name="rc19-experiment/OUTDOOR3-top/9153.png" width="640" height="480">
  </image>
  <image id="63" name="rc19-experiment/OUTDOOR3-top/9149.png" width="640" height="480">
  </image>
  <image id="62" name="rc19-experiment/OUTDOOR3-top/9146.png" width="640" height="480">
  </image>
  <image id="61" name="rc19-experiment/OUTDOOR3-top/9143.png" width="640" height="480">
  </image>
  <image id="60" name="rc19-experiment/OUTDOOR3-top/9140.png" width="640" height="480">
  </image>
  <image id="59" name="rc19-experiment/OUTDOOR3-top/9137.png" width="640" height="480">
  </image>
  <image id="58" name="rc19-experiment/OUTDOOR3-top/9134.png" width="640" height="480">
  </image>
  <image id="57" name="rc19-experiment/OUTDOOR3-top/9131.png" width="640" height="480">
  </image>
  <image id="56" name="rc19-experiment/OUTDOOR3-top/9128.png" width="640" height="480">
    <box label="ball" occluded="0" source="manual" xtl="311.39" ytl="456.92" xbr="431.38" ybr="567.15" z_order="0">
    </box>
  </image>
  <image id="55" name="rc19-experiment/OUTDOOR3-top/9125.png" width="640" height="480">
    <box label="ball" occluded="0" source="manual" xtl="263.15" ytl="452.57" xbr="384.08" ybr="556.06" z_order="0">
    </box>
  </image>
  <image id="54" name="rc19-experiment/OUTDOOR3-top/9122.png" width="640" height="480">
  </image>
  <image id="53" name="rc19-experiment/OUTDOOR3-top/9119.png" width="640" height="480">
  </image>
  <image id="52" name="rc19-experiment/OUTDOOR3-top/9115.png" width="640" height="480">
  </image>
  <image id="51" name="rc19-experiment/OUTDOOR3-top/9112.png" width="640" height="480">
  </image>
  <image id="50" name="rc19-experiment/OUTDOOR3-top/9109.png" width="640" height="480">
  </image>
  <image id="49" name="rc19-experiment/OUTDOOR3-top/9106.png" width="640" height="480">
  </image>
  <image id="48" name="rc19-experiment/OUTDOOR3-top/9103.png" width="640" height="480">
  </image>
  <image id="47" name="rc19-experiment/OUTDOOR3-top/9100.png" width="640" height="480">
  </image>
  <image id="46" name="rc19-experiment/OUTDOOR3-top/9096.png" width="640" height="480">
  </image>
  <image id="45" name="rc19-experiment/OUTDOOR3-top/9093.png" width="640" height="480">
  </image>
  <image id="44" name="rc19-experiment/OUTDOOR3-top/9090.png" width="640" height="480">
  </image>
  <image id="43" name="rc19-experiment/OUTDOOR3-top/9087.png" width="640" height="480">
    <box label="ball" occluded="0" source="manual" xtl="278.27" ytl="447.57" xbr="364.32" ybr="524.31" z_order="0">
    </box>
  </image>
  <image id="42" name="rc19-experiment/OUTDOOR3-top/9084.png" width="640" height="480">
  </image>
  <image id="41" name="rc19-experiment/OUTDOOR3-top/9080.png" width="640" height="480">
  </image>
  <image id="40" name="rc19-experiment/OUTDOOR3-top/9077.png" width="640" height="480">
    <box label="ball" occluded="0" source="manual" xtl="290.25" ytl="434.20" xbr="366.99" ybr="508.61" z_order="0">
    </box>
  </image>
  <image id="39" name="rc19-experiment/OUTDOOR3-top/9073.png" width="640" height="480">
    <box label="ball" occluded="0" source="manual" xtl="286.47" ytl="433.07" xbr="362.05" ybr="503.81" z_order="0">
    </box>
  </image>
  <image id="38" name="rc19-experiment/OUTDOOR3-top/9070.png" width="640" height="480">
    <box label="ball" occluded="0" source="manual" xtl="307.04" ytl="399.90" xbr="382.14" ybr="475.80" z_order="0">
    </box>
  </image>
  <image id="37" name="rc19-experiment/OUTDOOR3-top/9067.png" width="640" height="480">
  </image>
  <image id="36" name="rc19-experiment/OUTDOOR3-top/9064.png" width="640" height="480">
    <box label="ball" occluded="0" source="manual" xtl="294.70" ytl="439.57" xbr="362.53" ybr="505.46" z_order="0">
    </box>
  </image>
  <image id="35" name="rc19-experiment/OUTDOOR3-top/9061.png" width="640" height="480">
    <box label="ball" occluded="0" source="manual" xtl="287.24" ytl="398.09" xbr="357.01" ybr="471.73" z_order="0">
    </box>
  </image>
  <image id="34" name="rc19-experiment/OUTDOOR3-top/9058.png" width="640" height="480">
    <box label="ball" occluded="0" source="manual" xtl="280.56" ytl="452.65" xbr="349.35" ybr="514.66" z_order="0">
    </box>
  </image>
  <image id="33" name="rc19-experiment/OUTDOOR3-top/9055.png" width="640" height="480">
    <box label="ball" occluded="0" source="manual" xtl="279.88" ytl="426.48" xbr="346.74" ybr="491.41" z_order="0">
    </box>
  </image>
  <image id="32" name="rc19-experiment/OUTDOOR3-top/9051.png" width="640" height="480">
    <box label="ball" occluded="0" source="manual" xtl="368.80" ytl="393.08" xbr="435.53" ybr="463.74" z_order="0">
    </box>
  </image>
  <image id="31" name="rc19-experiment/OUTDOOR3-top/9048.png" width="640" height="480">
    <box label="ball" occluded="0" source="manual" xtl="454.04" ytl="363.37" xbr="526.38" ybr="431.78" z_order="0">
    </box>
  </image>
  <image id="30" name="rc19-experiment/OUTDOOR3-top/9045.png" width="640" height="480">
    <box label="ball" occluded="0" source="manual" xtl="524.72" ytl="355.67" xbr="602.66" ybr="423.71" z_order="0">
    </box>
  </image>
  <image id="29" name="rc19-experiment/OUTDOOR3-top/9042.png" width="640" height="480">
  </image>
  <image id="28" name="rc19-experiment/OUTDOOR3-top/9039.png" width="640" height="480">
  </image>
  <image id="27" name="rc19-experiment/OUTDOOR3-top/9036.png" width="640" height="480">
  </image>
  <image id="26" name="rc19-experiment/OUTDOOR3-top/9033.png" width="640" height="480">
  </image>
  <image id="25" name="rc19-experiment/OUTDOOR3-top/9030.png" width="640" height="480">
  </image>
  <image id="24" name="rc19-experiment/OUTDOOR3-top/9027.png" width="640" height="480">
  </image>
  <image id="23" name="rc19-experiment/OUTDOOR3-top/9024.png" width="640" height="480">
  </image>
  <image id="22" name="rc19-experiment/OUTDOOR3-top/9021.png" width="640" height="480">
  </image>
  <image id="21" name="rc19-experiment/OUTDOOR3-top/9018.png" width="640" height="480">
  </image>
  <image id="20" name="rc19-experiment/OUTDOOR3-top/9015.png" width="640" height="480">
  </image>
  <image id="19" name="rc19-experiment/OUTDOOR3-top/9012.png" width="640" height="480">
    <box label="ball" occluded="0" source="manual" xtl="547.70" ytl="429.20" xbr="631.03" ybr="494.12" z_order="0">
    </box>
  </image>
  <image id="18" name="rc19-experiment/OUTDOOR3-top/9009.png" width="640" height="480">
    <box label="ball" occluded="0" source="manual" xtl="456.72" ytl="420.38" xbr="530.36" ybr="485.30" z_order="0">
    </box>
  </image>
  <image id="17" name="rc19-experiment/OUTDOOR3-top/9006.png" width="640" height="480">
    <box label="ball" occluded="0" source="manual" xtl="386.95" ytl="411.85" xbr="454.78" ybr="477.74" z_order="0">
    </box>
  </image>
  <image id="16" name="rc19-experiment/OUTDOOR3-top/9003.png" width="640" height="480">
    <box label="ball" occluded="0" source="manual" xtl="365.67" ytl="408.30" xbr="431.07" ybr="476.13" z_order="0">
    </box>
  </image>
  <image id="15" name="rc19-experiment/OUTDOOR3-top/8999.png" width="640" height="480">
    <box label="ball" occluded="0" source="manual" xtl="345.77" ytl="436.85" xbr="410.69" ybr="494.02" z_order="0">
    </box>
  </image>
  <image id="14" name="rc19-experiment/OUTDOOR3-top/8996.png" width="640" height="480">
    <box label="ball" occluded="0" source="manual" xtl="347.80" ytl="442.08" xbr="409.82" ybr="497.32" z_order="0">
    </box>
  </image>
  <image id="13" name="rc19-experiment/OUTDOOR3-top/8993.png" width="640" height="480">
    <box label="ball" occluded="0" source="manual" xtl="348.79" ytl="436.24" xbr="410.16" ybr="492.76" z_order="0">
    </box>
  </image>
  <image id="12" name="rc19-experiment/OUTDOOR3-top/8989.png" width="640" height="480">
    <box label="ball" occluded="0" source="manual" xtl="350.25" ytl="433.15" xbr="411.87" ybr="491.29" z_order="0">
    </box>
  </image>
  <image id="11" name="rc19-experiment/OUTDOOR3-top/8986.png" width="640" height="480">
    <box label="ball" occluded="0" source="manual" xtl="350.00" ytl="424.85" xbr="414.60" ybr="484.61" z_order="0">
    </box>
  </image>
  <image id="10" name="rc19-experiment/OUTDOOR3-top/8983.png" width="640" height="480">
    <box label="ball" occluded="0" source="manual" xtl="351.10" ytl="423.58" xbr="414.08" ybr="486.56" z_order="0">
    </box>
  </image>
  <image id="9" name="rc19-experiment/OUTDOOR3-top/8980.png" width="640" height="480">
    <box label="ball" occluded="0" source="manual" xtl="351.87" ytl="424.74" xbr="412.92" ybr="484.82" z_order="0">
    </box>
  </image>
  <image id="8" name="rc19-experiment/OUTDOOR3-top/8977.png" width="640" height="480">
    <box label="ball" occluded="0" source="manual" xtl="353.55" ytl="422.59" xbr="414.92" ybr="485.58" z_order="0">
    </box>
  </image>
  <image id="7" name="rc19-experiment/OUTDOOR3-top/8973.png" width="640" height="480">
    <box label="ball" occluded="0" source="manual" xtl="352.26" ytl="422.51" xbr="415.24" ybr="483.88" z_order="0">
    </box>
  </image>
  <image id="6" name="rc19-experiment/OUTDOOR3-top/8970.png" width="640" height="480">
    <box label="ball" occluded="0" source="manual" xtl="354.97" ytl="423.00" xbr="416.99" ybr="487.92" z_order="0">
    </box>
  </image>
  <image id="5" name="rc19-experiment/OUTDOOR3-top/8967.png" width="640" height="480">
    <box label="ball" occluded="0" source="manual" xtl="352.50" ytl="423.64" xbr="413.87" ybr="485.82" z_order="0">
    </box>
  </image>
  <image id="4" name="rc19-experiment/OUTDOOR3-top/8963.png" width="640" height="480">
    <box label="ball" occluded="0" source="manual" xtl="352.26" ytl="421.70" xbr="415.24" ybr="485.49" z_order="0">
    </box>
  </image>
  <image id="3" name="rc19-experiment/OUTDOOR3-top/8960.png" width="640" height="480">
    <box label="ball" occluded="0" source="manual" xtl="352.26" ytl="421.87" xbr="416.05" ybr="486.46" z_order="0">
    </box>
  </image>
  <image id="2" name="rc19-experiment/OUTDOOR3-top/8957.png" width="640" height="480">
    <box label="ball" occluded="0" source="manual" xtl="351.53" ytl="421.62" xbr="414.52" ybr="484.61" z_order="0">
    </box>
  </image>
  <image id="1" name="rc19-experiment/OUTDOOR3-top/8954.png" width="640" height="480">
    <box label="ball" occluded="0" source="manual" xtl="353.10" ytl="423.37" xbr="413.44" ybr="484.71" z_order="0">
    </box>
  </image>
  <image id="0" name="rc19-experiment/OUTDOOR3-top/8950.png" width="640" height="480">
    <box label="ball" occluded="0" source="manual" xtl="352.26" ytl="422.92" xbr="415.51" ybr="485.49" z_order="0">
    </box>
  </image>
</annotations>