<?xml version="1.0" encoding="utf-8"?>
<annotations>
  <version>1.1</version>
  <meta>
    <task>
      <id>30</id>
      <name>RC19Experiments-INDOOR-RANDOM_SET_LEFT_top</name>
      <size>261</size>
      <mode>annotation</mode>
      <overlap>0</overlap>
      <bugtracker></bugtracker>
      <created>2020-04-05 10:23:46.157815+00:00</created>
      <updated>2020-04-05 10:23:46.157849+00:00</updated>
      <start_frame>0</start_frame>
      <stop_frame>260</stop_frame>
      <frame_filter></frame_filter>
      <labels>
        <label>
          <name>ball</name>
          <color>#804080</color>
          <attributes>
            <attribute>
              <name>smudge</name>
              <mutable>False</mutable>
              <input_type>checkbox</input_type>
              <default_value>false</default_value>
              <values>false</values>
            </attribute>
          </attributes>
        </label>
      </labels>
      <segments>
        <segment>
          <id>30</id>
          <start>0</start>
          <stop>260</stop>
          <url>httpball.informatik.hu-berlin.de/?id=30</url>
        </segment>
      </segments>
      <owner>
        <username>nao</username>
        <email></email>
      </owner>
      <assignee></assignee>
    </task>
    <dumped>2021-01-20 09:58:55.768803+00:00</dumped>
  </meta>
  <image id="260" name="rc19-experiment/INDOOR/RANDOM_SET_LEFT_top/56456.png" width="640" height="480">
  </image>
  <image id="259" name="rc19-experiment/INDOOR/RANDOM_SET_LEFT_top/56453.png" width="640" height="480">
  </image>
  <image id="258" name="rc19-experiment/INDOOR/RANDOM_SET_LEFT_top/56449.png" width="640" height="480">
  </image>
  <image id="257" name="rc19-experiment/INDOOR/RANDOM_SET_LEFT_top/56445.png" width="640" height="480">
  </image>
  <image id="256" name="rc19-experiment/INDOOR/RANDOM_SET_LEFT_top/56442.png" width="640" height="480">
  </image>
  <image id="255" name="rc19-experiment/INDOOR/RANDOM_SET_LEFT_top/56439.png" width="640" height="480">
  </image>
  <image id="254" name="rc19-experiment/INDOOR/RANDOM_SET_LEFT_top/56435.png" width="640" height="480">
  </image>
  <image id="253" name="rc19-experiment/INDOOR/RANDOM_SET_LEFT_top/56431.png" width="640" height="480">
  </image>
  <image id="252" name="rc19-experiment/INDOOR/RANDOM_SET_LEFT_top/56428.png" width="640" height="480">
  </image>
  <image id="251" name="rc19-experiment/INDOOR/RANDOM_SET_LEFT_top/56425.png" width="640" height="480">
  </image>
  <image id="250" name="rc19-experiment/INDOOR/RANDOM_SET_LEFT_top/56422.png" width="640" height="480">
  </image>
  <image id="249" name="rc19-experiment/INDOOR/RANDOM_SET_LEFT_top/56418.png" width="640" height="480">
  </image>
  <image id="248" name="rc19-experiment/INDOOR/RANDOM_SET_LEFT_top/56415.png" width="640" height="480">
  </image>
  <image id="247" name="rc19-experiment/INDOOR/RANDOM_SET_LEFT_top/56411.png" width="640" height="480">
  </image>
  <image id="246" name="rc19-experiment/INDOOR/RANDOM_SET_LEFT_top/56408.png" width="640" height="480">
  </image>
  <image id="245" name="rc19-experiment/INDOOR/RANDOM_SET_LEFT_top/56405.png" width="640" height="480">
  </image>
  <image id="244" name="rc19-experiment/INDOOR/RANDOM_SET_LEFT_top/56402.png" width="640" height="480">
  </image>
  <image id="243" name="rc19-experiment/INDOOR/RANDOM_SET_LEFT_top/56399.png" width="640" height="480">
  </image>
  <image id="242" name="rc19-experiment/INDOOR/RANDOM_SET_LEFT_top/56395.png" width="640" height="480">
  </image>
  <image id="241" name="rc19-experiment/INDOOR/RANDOM_SET_LEFT_top/56392.png" width="640" height="480">
  </image>
  <image id="240" name="rc19-experiment/INDOOR/RANDOM_SET_LEFT_top/56388.png" width="640" height="480">
  </image>
  <image id="239" name="rc19-experiment/INDOOR/RANDOM_SET_LEFT_top/56385.png" width="640" height="480">
  </image>
  <image id="238" name="rc19-experiment/INDOOR/RANDOM_SET_LEFT_top/56381.png" width="640" height="480">
  </image>
  <image id="237" name="rc19-experiment/INDOOR/RANDOM_SET_LEFT_top/56378.png" width="640" height="480">
  </image>
  <image id="236" name="rc19-experiment/INDOOR/RANDOM_SET_LEFT_top/56375.png" width="640" height="480">
  </image>
  <image id="235" name="rc19-experiment/INDOOR/RANDOM_SET_LEFT_top/56372.png" width="640" height="480">
  </image>
  <image id="234" name="rc19-experiment/INDOOR/RANDOM_SET_LEFT_top/56368.png" width="640" height="480">
  </image>
  <image id="233" name="rc19-experiment/INDOOR/RANDOM_SET_LEFT_top/56365.png" width="640" height="480">
  </image>
  <image id="232" name="rc19-experiment/INDOOR/RANDOM_SET_LEFT_top/56361.png" width="640" height="480">
  </image>
  <image id="231" name="rc19-experiment/INDOOR/RANDOM_SET_LEFT_top/56357.png" width="640" height="480">
  </image>
  <image id="230" name="rc19-experiment/INDOOR/RANDOM_SET_LEFT_top/56354.png" width="640" height="480">
  </image>
  <image id="229" name="rc19-experiment/INDOOR/RANDOM_SET_LEFT_top/56351.png" width="640" height="480">
  </image>
  <image id="228" name="rc19-experiment/INDOOR/RANDOM_SET_LEFT_top/56348.png" width="640" height="480">
  </image>
  <image id="227" name="rc19-experiment/INDOOR/RANDOM_SET_LEFT_top/56345.png" width="640" height="480">
  </image>
  <image id="226" name="rc19-experiment/INDOOR/RANDOM_SET_LEFT_top/56341.png" width="640" height="480">
  </image>
  <image id="225" name="rc19-experiment/INDOOR/RANDOM_SET_LEFT_top/56338.png" width="640" height="480">
  </image>
  <image id="224" name="rc19-experiment/INDOOR/RANDOM_SET_LEFT_top/56334.png" width="640" height="480">
  </image>
  <image id="223" name="rc19-experiment/INDOOR/RANDOM_SET_LEFT_top/56331.png" width="640" height="480">
  </image>
  <image id="222" name="rc19-experiment/INDOOR/RANDOM_SET_LEFT_top/56327.png" width="640" height="480">
  </image>
  <image id="221" name="rc19-experiment/INDOOR/RANDOM_SET_LEFT_top/56324.png" width="640" height="480">
  </image>
  <image id="220" name="rc19-experiment/INDOOR/RANDOM_SET_LEFT_top/56321.png" width="640" height="480">
  </image>
  <image id="219" name="rc19-experiment/INDOOR/RANDOM_SET_LEFT_top/56317.png" width="640" height="480">
  </image>
  <image id="218" name="rc19-experiment/INDOOR/RANDOM_SET_LEFT_top/56314.png" width="640" height="480">
  </image>
  <image id="217" name="rc19-experiment/INDOOR/RANDOM_SET_LEFT_top/56311.png" width="640" height="480">
  </image>
  <image id="216" name="rc19-experiment/INDOOR/RANDOM_SET_LEFT_top/56307.png" width="640" height="480">
  </image>
  <image id="215" name="rc19-experiment/INDOOR/RANDOM_SET_LEFT_top/56304.png" width="640" height="480">
  </image>
  <image id="214" name="rc19-experiment/INDOOR/RANDOM_SET_LEFT_top/56301.png" width="640" height="480">
  </image>
  <image id="213" name="rc19-experiment/INDOOR/RANDOM_SET_LEFT_top/56298.png" width="640" height="480">
  </image>
  <image id="212" name="rc19-experiment/INDOOR/RANDOM_SET_LEFT_top/56294.png" width="640" height="480">
  </image>
  <image id="211" name="rc19-experiment/INDOOR/RANDOM_SET_LEFT_top/56291.png" width="640" height="480">
  </image>
  <image id="210" name="rc19-experiment/INDOOR/RANDOM_SET_LEFT_top/56287.png" width="640" height="480">
  </image>
  <image id="209" name="rc19-experiment/INDOOR/RANDOM_SET_LEFT_top/56284.png" width="640" height="480">
  </image>
  <image id="208" name="rc19-experiment/INDOOR/RANDOM_SET_LEFT_top/56281.png" width="640" height="480">
  </image>
  <image id="207" name="rc19-experiment/INDOOR/RANDOM_SET_LEFT_top/56277.png" width="640" height="480">
  </image>
  <image id="206" name="rc19-experiment/INDOOR/RANDOM_SET_LEFT_top/56274.png" width="640" height="480">
  </image>
  <image id="205" name="rc19-experiment/INDOOR/RANDOM_SET_LEFT_top/56270.png" width="640" height="480">
  </image>
  <image id="204" name="rc19-experiment/INDOOR/RANDOM_SET_LEFT_top/56267.png" width="640" height="480">
  </image>
  <image id="203" name="rc19-experiment/INDOOR/RANDOM_SET_LEFT_top/56264.png" width="640" height="480">
  </image>
  <image id="202" name="rc19-experiment/INDOOR/RANDOM_SET_LEFT_top/56260.png" width="640" height="480">
  </image>
  <image id="201" name="rc19-experiment/INDOOR/RANDOM_SET_LEFT_top/56257.png" width="640" height="480">
  </image>
  <image id="200" name="rc19-experiment/INDOOR/RANDOM_SET_LEFT_top/56254.png" width="640" height="480">
  </image>
  <image id="199" name="rc19-experiment/INDOOR/RANDOM_SET_LEFT_top/56250.png" width="640" height="480">
  </image>
  <image id="198" name="rc19-experiment/INDOOR/RANDOM_SET_LEFT_top/56247.png" width="640" height="480">
  </image>
  <image id="197" name="rc19-experiment/INDOOR/RANDOM_SET_LEFT_top/56243.png" width="640" height="480">
  </image>
  <image id="196" name="rc19-experiment/INDOOR/RANDOM_SET_LEFT_top/56240.png" width="640" height="480">
  </image>
  <image id="195" name="rc19-experiment/INDOOR/RANDOM_SET_LEFT_top/56237.png" width="640" height="480">
  </image>
  <image id="194" name="rc19-experiment/INDOOR/RANDOM_SET_LEFT_top/56234.png" width="640" height="480">
  </image>
  <image id="193" name="rc19-experiment/INDOOR/RANDOM_SET_LEFT_top/56230.png" width="640" height="480">
  </image>
  <image id="192" name="rc19-experiment/INDOOR/RANDOM_SET_LEFT_top/56227.png" width="640" height="480">
  </image>
  <image id="191" name="rc19-experiment/INDOOR/RANDOM_SET_LEFT_top/56224.png" width="640" height="480">
  </image>
  <image id="190" name="rc19-experiment/INDOOR/RANDOM_SET_LEFT_top/56220.png" width="640" height="480">
  </image>
  <image id="189" name="rc19-experiment/INDOOR/RANDOM_SET_LEFT_top/56217.png" width="640" height="480">
  </image>
  <image id="188" name="rc19-experiment/INDOOR/RANDOM_SET_LEFT_top/56213.png" width="640" height="480">
  </image>
  <image id="187" name="rc19-experiment/INDOOR/RANDOM_SET_LEFT_top/56210.png" width="640" height="480">
  </image>
  <image id="186" name="rc19-experiment/INDOOR/RANDOM_SET_LEFT_top/56207.png" width="640" height="480">
  </image>
  <image id="185" name="rc19-experiment/INDOOR/RANDOM_SET_LEFT_top/56203.png" width="640" height="480">
  </image>
  <image id="184" name="rc19-experiment/INDOOR/RANDOM_SET_LEFT_top/56200.png" width="640" height="480">
  </image>
  <image id="183" name="rc19-experiment/INDOOR/RANDOM_SET_LEFT_top/56196.png" width="640" height="480">
  </image>
  <image id="182" name="rc19-experiment/INDOOR/RANDOM_SET_LEFT_top/56193.png" width="640" height="480">
  </image>
  <image id="181" name="rc19-experiment/INDOOR/RANDOM_SET_LEFT_top/56190.png" width="640" height="480">
  </image>
  <image id="180" name="rc19-experiment/INDOOR/RANDOM_SET_LEFT_top/56187.png" width="640" height="480">
  </image>
  <image id="179" name="rc19-experiment/INDOOR/RANDOM_SET_LEFT_top/56184.png" width="640" height="480">
  </image>
  <image id="178" name="rc19-experiment/INDOOR/RANDOM_SET_LEFT_top/56181.png" width="640" height="480">
  </image>
  <image id="177" name="rc19-experiment/INDOOR/RANDOM_SET_LEFT_top/56178.png" width="640" height="480">
  </image>
  <image id="176" name="rc19-experiment/INDOOR/RANDOM_SET_LEFT_top/56175.png" width="640" height="480">
  </image>
  <image id="175" name="rc19-experiment/INDOOR/RANDOM_SET_LEFT_top/56171.png" width="640" height="480">
  </image>
  <image id="174" name="rc19-experiment/INDOOR/RANDOM_SET_LEFT_top/56168.png" width="640" height="480">
  </image>
  <image id="173" name="rc19-experiment/INDOOR/RANDOM_SET_LEFT_top/56165.png" width="640" height="480">
  </image>
  <image id="172" name="rc19-experiment/INDOOR/RANDOM_SET_LEFT_top/56162.png" width="640" height="480">
  </image>
  <image id="171" name="rc19-experiment/INDOOR/RANDOM_SET_LEFT_top/56158.png" width="640" height="480">
  </image>
  <image id="170" name="rc19-experiment/INDOOR/RANDOM_SET_LEFT_top/56155.png" width="640" height="480">
  </image>
  <image id="169" name="rc19-experiment/INDOOR/RANDOM_SET_LEFT_top/56152.png" width="640" height="480">
  </image>
  <image id="168" name="rc19-experiment/INDOOR/RANDOM_SET_LEFT_top/56149.png" width="640" height="480">
  </image>
  <image id="167" name="rc19-experiment/INDOOR/RANDOM_SET_LEFT_top/56146.png" width="640" height="480">
  </image>
  <image id="166" name="rc19-experiment/INDOOR/RANDOM_SET_LEFT_top/56142.png" width="640" height="480">
  </image>
  <image id="165" name="rc19-experiment/INDOOR/RANDOM_SET_LEFT_top/56139.png" width="640" height="480">
  </image>
  <image id="164" name="rc19-experiment/INDOOR/RANDOM_SET_LEFT_top/56135.png" width="640" height="480">
  </image>
  <image id="163" name="rc19-experiment/INDOOR/RANDOM_SET_LEFT_top/56132.png" width="640" height="480">
  </image>
  <image id="162" name="rc19-experiment/INDOOR/RANDOM_SET_LEFT_top/56129.png" width="640" height="480">
  </image>
  <image id="161" name="rc19-experiment/INDOOR/RANDOM_SET_LEFT_top/56126.png" width="640" height="480">
  </image>
  <image id="160" name="rc19-experiment/INDOOR/RANDOM_SET_LEFT_top/56122.png" width="640" height="480">
  </image>
  <image id="159" name="rc19-experiment/INDOOR/RANDOM_SET_LEFT_top/56119.png" width="640" height="480">
  </image>
  <image id="158" name="rc19-experiment/INDOOR/RANDOM_SET_LEFT_top/56116.png" width="640" height="480">
  </image>
  <image id="157" name="rc19-experiment/INDOOR/RANDOM_SET_LEFT_top/56112.png" width="640" height="480">
  </image>
  <image id="156" name="rc19-experiment/INDOOR/RANDOM_SET_LEFT_top/56109.png" width="640" height="480">
  </image>
  <image id="155" name="rc19-experiment/INDOOR/RANDOM_SET_LEFT_top/56106.png" width="640" height="480">
  </image>
  <image id="154" name="rc19-experiment/INDOOR/RANDOM_SET_LEFT_top/56102.png" width="640" height="480">
  </image>
  <image id="153" name="rc19-experiment/INDOOR/RANDOM_SET_LEFT_top/56099.png" width="640" height="480">
  </image>
  <image id="152" name="rc19-experiment/INDOOR/RANDOM_SET_LEFT_top/56096.png" width="640" height="480">
  </image>
  <image id="151" name="rc19-experiment/INDOOR/RANDOM_SET_LEFT_top/56092.png" width="640" height="480">
  </image>
  <image id="150" name="rc19-experiment/INDOOR/RANDOM_SET_LEFT_top/56089.png" width="640" height="480">
  </image>
  <image id="149" name="rc19-experiment/INDOOR/RANDOM_SET_LEFT_top/56085.png" width="640" height="480">
  </image>
  <image id="148" name="rc19-experiment/INDOOR/RANDOM_SET_LEFT_top/56082.png" width="640" height="480">
  </image>
  <image id="147" name="rc19-experiment/INDOOR/RANDOM_SET_LEFT_top/56078.png" width="640" height="480">
  </image>
  <image id="146" name="rc19-experiment/INDOOR/RANDOM_SET_LEFT_top/56075.png" width="640" height="480">
  </image>
  <image id="145" name="rc19-experiment/INDOOR/RANDOM_SET_LEFT_top/56072.png" width="640" height="480">
  </image>
  <image id="144" name="rc19-experiment/INDOOR/RANDOM_SET_LEFT_top/56069.png" width="640" height="480">
  </image>
  <image id="143" name="rc19-experiment/INDOOR/RANDOM_SET_LEFT_top/56066.png" width="640" height="480">
  </image>
  <image id="142" name="rc19-experiment/INDOOR/RANDOM_SET_LEFT_top/56062.png" width="640" height="480">
  </image>
  <image id="141" name="rc19-experiment/INDOOR/RANDOM_SET_LEFT_top/56059.png" width="640" height="480">
  </image>
  <image id="140" name="rc19-experiment/INDOOR/RANDOM_SET_LEFT_top/56055.png" width="640" height="480">
  </image>
  <image id="139" name="rc19-experiment/INDOOR/RANDOM_SET_LEFT_top/56052.png" width="640" height="480">
  </image>
  <image id="138" name="rc19-experiment/INDOOR/RANDOM_SET_LEFT_top/56049.png" width="640" height="480">
  </image>
  <image id="137" name="rc19-experiment/INDOOR/RANDOM_SET_LEFT_top/56046.png" width="640" height="480">
  </image>
  <image id="136" name="rc19-experiment/INDOOR/RANDOM_SET_LEFT_top/56042.png" width="640" height="480">
  </image>
  <image id="135" name="rc19-experiment/INDOOR/RANDOM_SET_LEFT_top/56038.png" width="640" height="480">
  </image>
  <image id="134" name="rc19-experiment/INDOOR/RANDOM_SET_LEFT_top/56035.png" width="640" height="480">
  </image>
  <image id="133" name="rc19-experiment/INDOOR/RANDOM_SET_LEFT_top/56032.png" width="640" height="480">
  </image>
  <image id="132" name="rc19-experiment/INDOOR/RANDOM_SET_LEFT_top/56028.png" width="640" height="480">
  </image>
  <image id="131" name="rc19-experiment/INDOOR/RANDOM_SET_LEFT_top/56025.png" width="640" height="480">
  </image>
  <image id="130" name="rc19-experiment/INDOOR/RANDOM_SET_LEFT_top/56022.png" width="640" height="480">
  </image>
  <image id="129" name="rc19-experiment/INDOOR/RANDOM_SET_LEFT_top/56018.png" width="640" height="480">
  </image>
  <image id="128" name="rc19-experiment/INDOOR/RANDOM_SET_LEFT_top/56015.png" width="640" height="480">
  </image>
  <image id="127" name="rc19-experiment/INDOOR/RANDOM_SET_LEFT_top/56012.png" width="640" height="480">
  </image>
  <image id="126" name="rc19-experiment/INDOOR/RANDOM_SET_LEFT_top/56008.png" width="640" height="480">
  </image>
  <image id="125" name="rc19-experiment/INDOOR/RANDOM_SET_LEFT_top/56004.png" width="640" height="480">
  </image>
  <image id="124" name="rc19-experiment/INDOOR/RANDOM_SET_LEFT_top/56001.png" width="640" height="480">
  </image>
  <image id="123" name="rc19-experiment/INDOOR/RANDOM_SET_LEFT_top/55998.png" width="640" height="480">
  </image>
  <image id="122" name="rc19-experiment/INDOOR/RANDOM_SET_LEFT_top/55994.png" width="640" height="480">
  </image>
  <image id="121" name="rc19-experiment/INDOOR/RANDOM_SET_LEFT_top/55991.png" width="640" height="480">
  </image>
  <image id="120" name="rc19-experiment/INDOOR/RANDOM_SET_LEFT_top/55988.png" width="640" height="480">
  </image>
  <image id="119" name="rc19-experiment/INDOOR/RANDOM_SET_LEFT_top/55984.png" width="640" height="480">
  </image>
  <image id="118" name="rc19-experiment/INDOOR/RANDOM_SET_LEFT_top/55980.png" width="640" height="480">
  </image>
  <image id="117" name="rc19-experiment/INDOOR/RANDOM_SET_LEFT_top/55977.png" width="640" height="480">
  </image>
  <image id="116" name="rc19-experiment/INDOOR/RANDOM_SET_LEFT_top/55973.png" width="640" height="480">
  </image>
  <image id="115" name="rc19-experiment/INDOOR/RANDOM_SET_LEFT_top/55970.png" width="640" height="480">
  </image>
  <image id="114" name="rc19-experiment/INDOOR/RANDOM_SET_LEFT_top/55967.png" width="640" height="480">
  </image>
  <image id="113" name="rc19-experiment/INDOOR/RANDOM_SET_LEFT_top/55964.png" width="640" height="480">
  </image>
  <image id="112" name="rc19-experiment/INDOOR/RANDOM_SET_LEFT_top/55961.png" width="640" height="480">
  </image>
  <image id="111" name="rc19-experiment/INDOOR/RANDOM_SET_LEFT_top/55957.png" width="640" height="480">
  </image>
  <image id="110" name="rc19-experiment/INDOOR/RANDOM_SET_LEFT_top/55954.png" width="640" height="480">
  </image>
  <image id="109" name="rc19-experiment/INDOOR/RANDOM_SET_LEFT_top/55950.png" width="640" height="480">
  </image>
  <image id="108" name="rc19-experiment/INDOOR/RANDOM_SET_LEFT_top/55947.png" width="640" height="480">
  </image>
  <image id="107" name="rc19-experiment/INDOOR/RANDOM_SET_LEFT_top/55944.png" width="640" height="480">
  </image>
  <image id="106" name="rc19-experiment/INDOOR/RANDOM_SET_LEFT_top/55940.png" width="640" height="480">
  </image>
  <image id="105" name="rc19-experiment/INDOOR/RANDOM_SET_LEFT_top/55937.png" width="640" height="480">
  </image>
  <image id="104" name="rc19-experiment/INDOOR/RANDOM_SET_LEFT_top/55933.png" width="640" height="480">
  </image>
  <image id="103" name="rc19-experiment/INDOOR/RANDOM_SET_LEFT_top/55930.png" width="640" height="480">
  </image>
  <image id="102" name="rc19-experiment/INDOOR/RANDOM_SET_LEFT_top/55927.png" width="640" height="480">
  </image>
  <image id="101" name="rc19-experiment/INDOOR/RANDOM_SET_LEFT_top/55924.png" width="640" height="480">
  </image>
  <image id="100" name="rc19-experiment/INDOOR/RANDOM_SET_LEFT_top/55920.png" width="640" height="480">
  </image>
  <image id="99" name="rc19-experiment/INDOOR/RANDOM_SET_LEFT_top/55917.png" width="640" height="480">
  </image>
  <image id="98" name="rc19-experiment/INDOOR/RANDOM_SET_LEFT_top/55913.png" width="640" height="480">
  </image>
  <image id="97" name="rc19-experiment/INDOOR/RANDOM_SET_LEFT_top/55910.png" width="640" height="480">
  </image>
  <image id="96" name="rc19-experiment/INDOOR/RANDOM_SET_LEFT_top/55907.png" width="640" height="480">
  </image>
  <image id="95" name="rc19-experiment/INDOOR/RANDOM_SET_LEFT_top/55903.png" width="640" height="480">
  </image>
  <image id="94" name="rc19-experiment/INDOOR/RANDOM_SET_LEFT_top/55900.png" width="640" height="480">
  </image>
  <image id="93" name="rc19-experiment/INDOOR/RANDOM_SET_LEFT_top/55897.png" width="640" height="480">
  </image>
  <image id="92" name="rc19-experiment/INDOOR/RANDOM_SET_LEFT_top/55893.png" width="640" height="480">
  </image>
  <image id="91" name="rc19-experiment/INDOOR/RANDOM_SET_LEFT_top/55889.png" width="640" height="480">
  </image>
  <image id="90" name="rc19-experiment/INDOOR/RANDOM_SET_LEFT_top/55886.png" width="640" height="480">
  </image>
  <image id="89" name="rc19-experiment/INDOOR/RANDOM_SET_LEFT_top/55883.png" width="640" height="480">
  </image>
  <image id="88" name="rc19-experiment/INDOOR/RANDOM_SET_LEFT_top/55880.png" width="640" height="480">
  </image>
  <image id="87" name="rc19-experiment/INDOOR/RANDOM_SET_LEFT_top/55876.png" width="640" height="480">
  </image>
  <image id="86" name="rc19-experiment/INDOOR/RANDOM_SET_LEFT_top/55873.png" width="640" height="480">
  </image>
  <image id="85" name="rc19-experiment/INDOOR/RANDOM_SET_LEFT_top/55870.png" width="640" height="480">
  </image>
  <image id="84" name="rc19-experiment/INDOOR/RANDOM_SET_LEFT_top/55867.png" width="640" height="480">
  </image>
  <image id="83" name="rc19-experiment/INDOOR/RANDOM_SET_LEFT_top/55863.png" width="640" height="480">
  </image>
  <image id="82" name="rc19-experiment/INDOOR/RANDOM_SET_LEFT_top/55860.png" width="640" height="480">
  </image>
  <image id="81" name="rc19-experiment/INDOOR/RANDOM_SET_LEFT_top/55856.png" width="640" height="480">
  </image>
  <image id="80" name="rc19-experiment/INDOOR/RANDOM_SET_LEFT_top/55852.png" width="640" height="480">
  </image>
  <image id="79" name="rc19-experiment/INDOOR/RANDOM_SET_LEFT_top/55849.png" width="640" height="480">
  </image>
  <image id="78" name="rc19-experiment/INDOOR/RANDOM_SET_LEFT_top/55846.png" width="640" height="480">
  </image>
  <image id="77" name="rc19-experiment/INDOOR/RANDOM_SET_LEFT_top/55843.png" width="640" height="480">
  </image>
  <image id="76" name="rc19-experiment/INDOOR/RANDOM_SET_LEFT_top/55839.png" width="640" height="480">
  </image>
  <image id="75" name="rc19-experiment/INDOOR/RANDOM_SET_LEFT_top/55836.png" width="640" height="480">
  </image>
  <image id="74" name="rc19-experiment/INDOOR/RANDOM_SET_LEFT_top/55833.png" width="640" height="480">
  </image>
  <image id="73" name="rc19-experiment/INDOOR/RANDOM_SET_LEFT_top/55830.png" width="640" height="480">
  </image>
  <image id="72" name="rc19-experiment/INDOOR/RANDOM_SET_LEFT_top/55826.png" width="640" height="480">
  </image>
  <image id="71" name="rc19-experiment/INDOOR/RANDOM_SET_LEFT_top/55823.png" width="640" height="480">
  </image>
  <image id="70" name="rc19-experiment/INDOOR/RANDOM_SET_LEFT_top/55819.png" width="640" height="480">
  </image>
  <image id="69" name="rc19-experiment/INDOOR/RANDOM_SET_LEFT_top/55816.png" width="640" height="480">
  </image>
  <image id="68" name="rc19-experiment/INDOOR/RANDOM_SET_LEFT_top/55812.png" width="640" height="480">
  </image>
  <image id="67" name="rc19-experiment/INDOOR/RANDOM_SET_LEFT_top/55809.png" width="640" height="480">
  </image>
  <image id="66" name="rc19-experiment/INDOOR/RANDOM_SET_LEFT_top/55806.png" width="640" height="480">
  </image>
  <image id="65" name="rc19-experiment/INDOOR/RANDOM_SET_LEFT_top/55803.png" width="640" height="480">
  </image>
  <image id="64" name="rc19-experiment/INDOOR/RANDOM_SET_LEFT_top/55800.png" width="640" height="480">
  </image>
  <image id="63" name="rc19-experiment/INDOOR/RANDOM_SET_LEFT_top/55796.png" width="640" height="480">
  </image>
  <image id="62" name="rc19-experiment/INDOOR/RANDOM_SET_LEFT_top/55792.png" width="640" height="480">
  </image>
  <image id="61" name="rc19-experiment/INDOOR/RANDOM_SET_LEFT_top/55789.png" width="640" height="480">
  </image>
  <image id="60" name="rc19-experiment/INDOOR/RANDOM_SET_LEFT_top/55786.png" width="640" height="480">
  </image>
  <image id="59" name="rc19-experiment/INDOOR/RANDOM_SET_LEFT_top/55782.png" width="640" height="480">
  </image>
  <image id="58" name="rc19-experiment/INDOOR/RANDOM_SET_LEFT_top/55778.png" width="640" height="480">
  </image>
  <image id="57" name="rc19-experiment/INDOOR/RANDOM_SET_LEFT_top/55775.png" width="640" height="480">
  </image>
  <image id="56" name="rc19-experiment/INDOOR/RANDOM_SET_LEFT_top/55772.png" width="640" height="480">
  </image>
  <image id="55" name="rc19-experiment/INDOOR/RANDOM_SET_LEFT_top/55769.png" width="640" height="480">
  </image>
  <image id="54" name="rc19-experiment/INDOOR/RANDOM_SET_LEFT_top/55766.png" width="640" height="480">
  </image>
  <image id="53" name="rc19-experiment/INDOOR/RANDOM_SET_LEFT_top/55763.png" width="640" height="480">
  </image>
  <image id="52" name="rc19-experiment/INDOOR/RANDOM_SET_LEFT_top/55759.png" width="640" height="480">
  </image>
  <image id="51" name="rc19-experiment/INDOOR/RANDOM_SET_LEFT_top/55756.png" width="640" height="480">
  </image>
  <image id="50" name="rc19-experiment/INDOOR/RANDOM_SET_LEFT_top/55752.png" width="640" height="480">
  </image>
  <image id="49" name="rc19-experiment/INDOOR/RANDOM_SET_LEFT_top/55749.png" width="640" height="480">
  </image>
  <image id="48" name="rc19-experiment/INDOOR/RANDOM_SET_LEFT_top/55746.png" width="640" height="480">
  </image>
  <image id="47" name="rc19-experiment/INDOOR/RANDOM_SET_LEFT_top/55742.png" width="640" height="480">
  </image>
  <image id="46" name="rc19-experiment/INDOOR/RANDOM_SET_LEFT_top/55739.png" width="640" height="480">
  </image>
  <image id="45" name="rc19-experiment/INDOOR/RANDOM_SET_LEFT_top/55735.png" width="640" height="480">
  </image>
  <image id="44" name="rc19-experiment/INDOOR/RANDOM_SET_LEFT_top/55732.png" width="640" height="480">
  </image>
  <image id="43" name="rc19-experiment/INDOOR/RANDOM_SET_LEFT_top/55729.png" width="640" height="480">
  </image>
  <image id="42" name="rc19-experiment/INDOOR/RANDOM_SET_LEFT_top/55725.png" width="640" height="480">
  </image>
  <image id="41" name="rc19-experiment/INDOOR/RANDOM_SET_LEFT_top/55722.png" width="640" height="480">
  </image>
  <image id="40" name="rc19-experiment/INDOOR/RANDOM_SET_LEFT_top/55718.png" width="640" height="480">
  </image>
  <image id="39" name="rc19-experiment/INDOOR/RANDOM_SET_LEFT_top/55715.png" width="640" height="480">
  </image>
  <image id="38" name="rc19-experiment/INDOOR/RANDOM_SET_LEFT_top/55712.png" width="640" height="480">
  </image>
  <image id="37" name="rc19-experiment/INDOOR/RANDOM_SET_LEFT_top/55708.png" width="640" height="480">
  </image>
  <image id="36" name="rc19-experiment/INDOOR/RANDOM_SET_LEFT_top/55704.png" width="640" height="480">
  </image>
  <image id="35" name="rc19-experiment/INDOOR/RANDOM_SET_LEFT_top/55701.png" width="640" height="480">
  </image>
  <image id="34" name="rc19-experiment/INDOOR/RANDOM_SET_LEFT_top/55698.png" width="640" height="480">
  </image>
  <image id="33" name="rc19-experiment/INDOOR/RANDOM_SET_LEFT_top/55694.png" width="640" height="480">
  </image>
  <image id="32" name="rc19-experiment/INDOOR/RANDOM_SET_LEFT_top/55691.png" width="640" height="480">
  </image>
  <image id="31" name="rc19-experiment/INDOOR/RANDOM_SET_LEFT_top/55688.png" width="640" height="480">
  </image>
  <image id="30" name="rc19-experiment/INDOOR/RANDOM_SET_LEFT_top/55685.png" width="640" height="480">
  </image>
  <image id="29" name="rc19-experiment/INDOOR/RANDOM_SET_LEFT_top/55681.png" width="640" height="480">
  </image>
  <image id="28" name="rc19-experiment/INDOOR/RANDOM_SET_LEFT_top/55678.png" width="640" height="480">
  </image>
  <image id="27" name="rc19-experiment/INDOOR/RANDOM_SET_LEFT_top/55674.png" width="640" height="480">
  </image>
  <image id="26" name="rc19-experiment/INDOOR/RANDOM_SET_LEFT_top/55671.png" width="640" height="480">
  </image>
  <image id="25" name="rc19-experiment/INDOOR/RANDOM_SET_LEFT_top/55668.png" width="640" height="480">
  </image>
  <image id="24" name="rc19-experiment/INDOOR/RANDOM_SET_LEFT_top/55664.png" width="640" height="480">
  </image>
  <image id="23" name="rc19-experiment/INDOOR/RANDOM_SET_LEFT_top/55661.png" width="640" height="480">
  </image>
  <image id="22" name="rc19-experiment/INDOOR/RANDOM_SET_LEFT_top/55657.png" width="640" height="480">
  </image>
  <image id="21" name="rc19-experiment/INDOOR/RANDOM_SET_LEFT_top/55654.png" width="640" height="480">
  </image>
  <image id="20" name="rc19-experiment/INDOOR/RANDOM_SET_LEFT_top/55650.png" width="640" height="480">
  </image>
  <image id="19" name="rc19-experiment/INDOOR/RANDOM_SET_LEFT_top/55647.png" width="640" height="480">
  </image>
  <image id="18" name="rc19-experiment/INDOOR/RANDOM_SET_LEFT_top/55644.png" width="640" height="480">
  </image>
  <image id="17" name="rc19-experiment/INDOOR/RANDOM_SET_LEFT_top/55640.png" width="640" height="480">
  </image>
  <image id="16" name="rc19-experiment/INDOOR/RANDOM_SET_LEFT_top/55637.png" width="640" height="480">
  </image>
  <image id="15" name="rc19-experiment/INDOOR/RANDOM_SET_LEFT_top/55634.png" width="640" height="480">
  </image>
  <image id="14" name="rc19-experiment/INDOOR/RANDOM_SET_LEFT_top/55631.png" width="640" height="480">
  </image>
  <image id="13" name="rc19-experiment/INDOOR/RANDOM_SET_LEFT_top/55627.png" width="640" height="480">
  </image>
  <image id="12" name="rc19-experiment/INDOOR/RANDOM_SET_LEFT_top/55623.png" width="640" height="480">
  </image>
  <image id="11" name="rc19-experiment/INDOOR/RANDOM_SET_LEFT_top/55620.png" width="640" height="480">
  </image>
  <image id="10" name="rc19-experiment/INDOOR/RANDOM_SET_LEFT_top/55617.png" width="640" height="480">
  </image>
  <image id="9" name="rc19-experiment/INDOOR/RANDOM_SET_LEFT_top/55614.png" width="640" height="480">
  </image>
  <image id="8" name="rc19-experiment/INDOOR/RANDOM_SET_LEFT_top/55611.png" width="640" height="480">
  </image>
  <image id="7" name="rc19-experiment/INDOOR/RANDOM_SET_LEFT_top/55607.png" width="640" height="480">
  </image>
  <image id="6" name="rc19-experiment/INDOOR/RANDOM_SET_LEFT_top/55604.png" width="640" height="480">
  </image>
  <image id="5" name="rc19-experiment/INDOOR/RANDOM_SET_LEFT_top/55600.png" width="640" height="480">
  </image>
  <image id="4" name="rc19-experiment/INDOOR/RANDOM_SET_LEFT_top/55597.png" width="640" height="480">
  </image>
  <image id="3" name="rc19-experiment/INDOOR/RANDOM_SET_LEFT_top/55593.png" width="640" height="480">
  </image>
  <image id="2" name="rc19-experiment/INDOOR/RANDOM_SET_LEFT_top/55590.png" width="640" height="480">
  </image>
  <image id="1" name="rc19-experiment/INDOOR/RANDOM_SET_LEFT_top/55587.png" width="640" height="480">
  </image>
  <image id="0" name="rc19-experiment/INDOOR/RANDOM_SET_LEFT_top/55584.png" width="640" height="480">
  </image>
</annotations>