<?xml version="1.0" encoding="utf-8"?>
<annotations>
  <version>1.1</version>
  <meta>
    <task>
      <id>6</id>
      <name>RC19Experiments-OUTDOOR1-top</name>
      <size>270</size>
      <mode>annotation</mode>
      <overlap>0</overlap>
      <bugtracker></bugtracker>
      <created>2020-04-05 09:42:55.776632+00:00</created>
      <updated>2020-06-30 07:51:34.074796+00:00</updated>
      <start_frame>0</start_frame>
      <stop_frame>269</stop_frame>
      <frame_filter></frame_filter>
      <labels>
        <label>
          <name>ball</name>
          <color>#804080</color>
          <attributes>
            <attribute>
              <name>smudge</name>
              <mutable>False</mutable>
              <input_type>checkbox</input_type>
              <default_value>false</default_value>
              <values>false</values>
            </attribute>
          </attributes>
        </label>
      </labels>
      <segments>
        <segment>
          <id>6</id>
          <start>0</start>
          <stop>269</stop>
          <url>httpball.informatik.hu-berlin.de/?id=6</url>
        </segment>
      </segments>
      <owner>
        <username>nao</username>
        <email></email>
      </owner>
      <assignee>
        <username>benji</username>
        <email>benji@schlotterfam.de</email>
      </assignee>
    </task>
    <dumped>2021-01-20 09:53:18.623618+00:00</dumped>
  </meta>
  <image id="269" name="rc19-experiment/OUTDOOR1-top/999.png" width="640" height="480">
  </image>
  <image id="268" name="rc19-experiment/OUTDOOR1-top/996.png" width="640" height="480">
  </image>
  <image id="267" name="rc19-experiment/OUTDOOR1-top/993.png" width="640" height="480">
  </image>
  <image id="266" name="rc19-experiment/OUTDOOR1-top/990.png" width="640" height="480">
  </image>
  <image id="265" name="rc19-experiment/OUTDOOR1-top/987.png" width="640" height="480">
  </image>
  <image id="264" name="rc19-experiment/OUTDOOR1-top/984.png" width="640" height="480">
  </image>
  <image id="263" name="rc19-experiment/OUTDOOR1-top/981.png" width="640" height="480">
  </image>
  <image id="262" name="rc19-experiment/OUTDOOR1-top/978.png" width="640" height="480">
    <box label="ball" occluded="0" source="manual" xtl="25.17" ytl="259.56" xbr="45.92" ybr="280.08" z_order="0">
      <attribute name="smudge">false</attribute>
    </box>
  </image>
  <image id="261" name="rc19-experiment/OUTDOOR1-top/975.png" width="640" height="480">
    <box label="ball" occluded="0" source="manual" xtl="125.10" ytl="263.81" xbr="143.80" ybr="282.47" z_order="0">
      <attribute name="smudge">false</attribute>
    </box>
  </image>
  <image id="260" name="rc19-experiment/OUTDOOR1-top/972.png" width="640" height="480">
    <box label="ball" occluded="0" source="manual" xtl="213.40" ytl="264.25" xbr="232.47" ybr="281.37" z_order="0">
      <attribute name="smudge">false</attribute>
    </box>
  </image>
  <image id="259" name="rc19-experiment/OUTDOOR1-top/968.png" width="640" height="480">
    <box label="ball" occluded="0" source="manual" xtl="304.05" ytl="242.27" xbr="324.12" ybr="259.87" z_order="0">
      <attribute name="smudge">false</attribute>
    </box>
  </image>
  <image id="258" name="rc19-experiment/OUTDOOR1-top/965.png" width="640" height="480">
    <box label="ball" occluded="0" source="manual" xtl="311.80" ytl="252.98" xbr="330.11" ybr="271.99" z_order="0">
      <attribute name="smudge">false</attribute>
    </box>
  </image>
  <image id="257" name="rc19-experiment/OUTDOOR1-top/962.png" width="640" height="480">
    <box label="ball" occluded="0" source="manual" xtl="316.17" ytl="273.66" xbr="335.36" ybr="293.35" z_order="0">
      <attribute name="smudge">false</attribute>
    </box>
  </image>
  <image id="256" name="rc19-experiment/OUTDOOR1-top/959.png" width="640" height="480">
    <box label="ball" occluded="0" source="manual" xtl="315.91" ytl="280.41" xbr="335.20" ybr="299.97" z_order="0">
      <attribute name="smudge">false</attribute>
    </box>
  </image>
  <image id="255" name="rc19-experiment/OUTDOOR1-top/956.png" width="640" height="480">
    <box label="ball" occluded="0" source="manual" xtl="312.48" ytl="276.74" xbr="331.87" ybr="297.12" z_order="0">
      <attribute name="smudge">false</attribute>
    </box>
  </image>
  <image id="254" name="rc19-experiment/OUTDOOR1-top/953.png" width="640" height="480">
    <box label="ball" occluded="0" source="manual" xtl="314.44" ytl="269.11" xbr="334.13" ybr="288.34" z_order="0">
      <attribute name="smudge">false</attribute>
    </box>
  </image>
  <image id="253" name="rc19-experiment/OUTDOOR1-top/949.png" width="640" height="480">
    <box label="ball" occluded="0" source="manual" xtl="315.73" ytl="260.37" xbr="335.80" ybr="275.58" z_order="0">
      <attribute name="smudge">false</attribute>
    </box>
  </image>
  <image id="252" name="rc19-experiment/OUTDOOR1-top/946.png" width="640" height="480">
    <box label="ball" occluded="0" source="manual" xtl="318.16" ytl="259.15" xbr="333.98" ybr="275.58" z_order="0">
      <attribute name="smudge">false</attribute>
    </box>
  </image>
  <image id="251" name="rc19-experiment/OUTDOOR1-top/943.png" width="640" height="480">
    <box label="ball" occluded="0" source="manual" xtl="316.34" ytl="260.37" xbr="335.80" ybr="276.18" z_order="0">
      <attribute name="smudge">false</attribute>
    </box>
  </image>
  <image id="250" name="rc19-experiment/OUTDOOR1-top/940.png" width="640" height="480">
    <box label="ball" occluded="0" source="manual" xtl="317.55" ytl="259.15" xbr="335.20" ybr="276.18" z_order="0">
      <attribute name="smudge">false</attribute>
    </box>
  </image>
  <image id="249" name="rc19-experiment/OUTDOOR1-top/937.png" width="640" height="480">
    <box label="ball" occluded="0" source="manual" xtl="317.55" ytl="259.76" xbr="335.20" ybr="278.62" z_order="0">
      <attribute name="smudge">false</attribute>
    </box>
  </image>
  <image id="248" name="rc19-experiment/OUTDOOR1-top/934.png" width="640" height="480">
    <box label="ball" occluded="0" source="manual" xtl="316.94" ytl="258.54" xbr="336.41" ybr="274.97" z_order="0">
      <attribute name="smudge">false</attribute>
    </box>
  </image>
  <image id="247" name="rc19-experiment/OUTDOOR1-top/930.png" width="640" height="480">
    <box label="ball" occluded="0" source="manual" xtl="316.34" ytl="259.15" xbr="335.80" ybr="275.58" z_order="0">
      <attribute name="smudge">false</attribute>
    </box>
  </image>
  <image id="246" name="rc19-experiment/OUTDOOR1-top/927.png" width="640" height="480">
    <box label="ball" occluded="0" source="manual" xtl="316.34" ytl="259.15" xbr="335.80" ybr="277.40" z_order="0">
      <attribute name="smudge">false</attribute>
    </box>
  </image>
  <image id="245" name="rc19-experiment/OUTDOOR1-top/1800.png" width="640" height="480">
    <box label="ball" occluded="0" source="manual" xtl="294.43" ytl="315.12" xbr="336.41" ybr="359.53" z_order="0">
      <attribute name="smudge">false</attribute>
    </box>
  </image>
  <image id="244" name="rc19-experiment/OUTDOOR1-top/1797.png" width="640" height="480">
    <box label="ball" occluded="0" source="manual" xtl="256.11" ytl="368.66" xbr="301.73" ybr="416.72" z_order="0">
      <attribute name="smudge">false</attribute>
    </box>
  </image>
  <image id="243" name="rc19-experiment/OUTDOOR1-top/1794.png" width="640" height="480">
    <box label="ball" occluded="0" source="manual" xtl="336.41" ytl="316.94" xbr="379.61" ybr="366.22" z_order="0">
      <attribute name="smudge">false</attribute>
    </box>
  </image>
  <image id="242" name="rc19-experiment/OUTDOOR1-top/1790.png" width="640" height="480">
    <box label="ball" occluded="0" source="manual" xtl="324.24" ytl="309.64" xbr="363.79" ybr="353.45" z_order="0">
      <attribute name="smudge">false</attribute>
    </box>
  </image>
  <image id="241" name="rc19-experiment/OUTDOOR1-top/1786.png" width="640" height="480">
    <box label="ball" occluded="0" source="manual" xtl="300.52" ytl="382.65" xbr="343.71" ybr="428.88" z_order="0">
      <attribute name="smudge">false</attribute>
    </box>
  </image>
  <image id="240" name="rc19-experiment/OUTDOOR1-top/1783.png" width="640" height="480">
    <box label="ball" occluded="0" source="manual" xtl="291.39" ytl="349.80" xbr="333.98" ybr="392.99" z_order="0">
      <attribute name="smudge">false</attribute>
    </box>
  </image>
  <image id="239" name="rc19-experiment/OUTDOOR1-top/1779.png" width="640" height="480">
    <box label="ball" occluded="0" source="manual" xtl="309.04" ytl="374.13" xbr="352.23" ybr="419.15" z_order="0">
      <attribute name="smudge">false</attribute>
    </box>
  </image>
  <image id="238" name="rc19-experiment/OUTDOOR1-top/1776.png" width="640" height="480">
    <box label="ball" occluded="0" source="manual" xtl="326.70" ytl="371.70" xbr="377.20" ybr="419.76" z_order="0">
      <attribute name="smudge">false</attribute>
    </box>
  </image>
  <image id="237" name="rc19-experiment/OUTDOOR1-top/1773.png" width="640" height="480">
    <box label="ball" occluded="0" source="manual" xtl="312.69" ytl="355.27" xbr="361.96" ybr="410.02" z_order="0">
      <attribute name="smudge">false</attribute>
    </box>
  </image>
  <image id="236" name="rc19-experiment/OUTDOOR1-top/1770.png" width="640" height="480">
    <box label="ball" occluded="0" source="manual" xtl="317.55" ytl="365.00" xbr="367.44" ybr="419.76" z_order="0">
      <attribute name="smudge">false</attribute>
    </box>
  </image>
  <image id="235" name="rc19-experiment/OUTDOOR1-top/1767.png" width="640" height="480">
    <box label="ball" occluded="0" source="manual" xtl="343.71" ytl="396.03" xbr="398.46" ybr="448.96" z_order="0">
      <attribute name="smudge">false</attribute>
    </box>
  </image>
  <image id="234" name="rc19-experiment/OUTDOOR1-top/1763.png" width="640" height="480">
    <box label="ball" occluded="0" source="manual" xtl="324.85" ytl="392.99" xbr="382.65" ybr="449.57" z_order="0">
      <attribute name="smudge">false</attribute>
    </box>
  </image>
  <image id="233" name="rc19-experiment/OUTDOOR1-top/1760.png" width="640" height="480">
    <box label="ball" occluded="0" source="manual" xtl="321.20" ytl="441.66" xbr="381.43" ybr="480.00" z_order="0">
      <attribute name="smudge">false</attribute>
    </box>
  </image>
  <image id="232" name="rc19-experiment/OUTDOOR1-top/1757.png" width="640" height="480">
    <box label="ball" occluded="0" source="manual" xtl="315.12" ytl="414.28" xbr="375.35" ybr="480.00" z_order="0">
      <attribute name="smudge">false</attribute>
    </box>
  </image>
  <image id="231" name="rc19-experiment/OUTDOOR1-top/1754.png" width="640" height="480">
    <box label="ball" occluded="0" source="manual" xtl="252.46" ytl="361.96" xbr="317.55" ybr="439.83" z_order="0">
      <attribute name="smudge">false</attribute>
    </box>
  </image>
  <image id="230" name="rc19-experiment/OUTDOOR1-top/1751.png" width="640" height="480">
    <box label="ball" occluded="0" source="manual" xtl="212.91" ytl="319.38" xbr="282.88" ybr="396.03" z_order="0">
      <attribute name="smudge">false</attribute>
    </box>
  </image>
  <image id="229" name="rc19-experiment/OUTDOOR1-top/1747.png" width="640" height="480">
    <box label="ball" occluded="0" source="manual" xtl="279.23" ytl="253.07" xbr="355.27" ybr="333.98" z_order="0">
      <attribute name="smudge">false</attribute>
    </box>
  </image>
  <image id="228" name="rc19-experiment/OUTDOOR1-top/1744.png" width="640" height="480">
    <box label="ball" occluded="0" source="manual" xtl="298.69" ytl="265.84" xbr="375.96" ybr="344.32" z_order="0">
      <attribute name="smudge">false</attribute>
    </box>
  </image>
  <image id="227" name="rc19-experiment/OUTDOOR1-top/1740.png" width="640" height="480">
    <box label="ball" occluded="0" source="manual" xtl="316.34" ytl="305.99" xbr="404.55" ybr="396.64" z_order="0">
      <attribute name="smudge">false</attribute>
    </box>
  </image>
  <image id="226" name="rc19-experiment/OUTDOOR1-top/1737.png" width="640" height="480">
    <box label="ball" occluded="0" source="manual" xtl="284.70" ytl="367.44" xbr="379.61" ybr="464.17" z_order="0">
      <attribute name="smudge">false</attribute>
    </box>
  </image>
  <image id="225" name="rc19-experiment/OUTDOOR1-top/1734.png" width="640" height="480">
    <box label="ball" occluded="0" source="manual" xtl="231.77" ytl="406.40" xbr="342.50" ybr="480.00" z_order="0">
      <attribute name="smudge">false</attribute>
    </box>
  </image>
  <image id="224" name="rc19-experiment/OUTDOOR1-top/1731.png" width="640" height="480">
  </image>
  <image id="223" name="rc19-experiment/OUTDOOR1-top/1728.png" width="640" height="480">
  </image>
  <image id="222" name="rc19-experiment/OUTDOOR1-top/1725.png" width="640" height="480">
  </image>
  <image id="221" name="rc19-experiment/OUTDOOR1-top/1722.png" width="640" height="480">
  </image>
  <image id="220" name="rc19-experiment/OUTDOOR1-top/1718.png" width="640" height="480">
  </image>
  <image id="219" name="rc19-experiment/OUTDOOR1-top/1715.png" width="640" height="480">
  </image>
  <image id="218" name="rc19-experiment/OUTDOOR1-top/1712.png" width="640" height="480">
  </image>
  <image id="217" name="rc19-experiment/OUTDOOR1-top/1709.png" width="640" height="480">
  </image>
  <image id="216" name="rc19-experiment/OUTDOOR1-top/1705.png" width="640" height="480">
  </image>
  <image id="215" name="rc19-experiment/OUTDOOR1-top/1702.png" width="640" height="480">
  </image>
  <image id="214" name="rc19-experiment/OUTDOOR1-top/1699.png" width="640" height="480">
  </image>
  <image id="213" name="rc19-experiment/OUTDOOR1-top/1696.png" width="640" height="480">
  </image>
  <image id="212" name="rc19-experiment/OUTDOOR1-top/1693.png" width="640" height="480">
  </image>
  <image id="211" name="rc19-experiment/OUTDOOR1-top/1690.png" width="640" height="480">
  </image>
  <image id="210" name="rc19-experiment/OUTDOOR1-top/1686.png" width="640" height="480">
  </image>
  <image id="209" name="rc19-experiment/OUTDOOR1-top/1683.png" width="640" height="480">
  </image>
  <image id="208" name="rc19-experiment/OUTDOOR1-top/1680.png" width="640" height="480">
  </image>
  <image id="207" name="rc19-experiment/OUTDOOR1-top/1677.png" width="640" height="480">
  </image>
  <image id="206" name="rc19-experiment/OUTDOOR1-top/1673.png" width="640" height="480">
  </image>
  <image id="205" name="rc19-experiment/OUTDOOR1-top/1670.png" width="640" height="480">
  </image>
  <image id="204" name="rc19-experiment/OUTDOOR1-top/1667.png" width="640" height="480">
    <box label="ball" occluded="0" source="manual" xtl="200.14" ytl="452.61" xbr="309.04" ybr="479.38" z_order="0">
      <attribute name="smudge">false</attribute>
    </box>
  </image>
  <image id="203" name="rc19-experiment/OUTDOOR1-top/1663.png" width="640" height="480">
  </image>
  <image id="202" name="rc19-experiment/OUTDOOR1-top/1660.png" width="640" height="480">
  </image>
  <image id="201" name="rc19-experiment/OUTDOOR1-top/1657.png" width="640" height="480">
  </image>
  <image id="200" name="rc19-experiment/OUTDOOR1-top/1654.png" width="640" height="480">
  </image>
  <image id="199" name="rc19-experiment/OUTDOOR1-top/1651.png" width="640" height="480">
  </image>
  <image id="198" name="rc19-experiment/OUTDOOR1-top/1648.png" width="640" height="480">
  </image>
  <image id="197" name="rc19-experiment/OUTDOOR1-top/1644.png" width="640" height="480">
  </image>
  <image id="196" name="rc19-experiment/OUTDOOR1-top/1640.png" width="640" height="480">
  </image>
  <image id="195" name="rc19-experiment/OUTDOOR1-top/1636.png" width="640" height="480">
  </image>
  <image id="194" name="rc19-experiment/OUTDOOR1-top/1633.png" width="640" height="480">
  </image>
  <image id="193" name="rc19-experiment/OUTDOOR1-top/1630.png" width="640" height="480">
  </image>
  <image id="192" name="rc19-experiment/OUTDOOR1-top/1627.png" width="640" height="480">
  </image>
  <image id="191" name="rc19-experiment/OUTDOOR1-top/1624.png" width="640" height="480">
  </image>
  <image id="190" name="rc19-experiment/OUTDOOR1-top/1620.png" width="640" height="480">
  </image>
  <image id="189" name="rc19-experiment/OUTDOOR1-top/1617.png" width="640" height="480">
  </image>
  <image id="188" name="rc19-experiment/OUTDOOR1-top/1614.png" width="640" height="480">
  </image>
  <image id="187" name="rc19-experiment/OUTDOOR1-top/1610.png" width="640" height="480">
  </image>
  <image id="186" name="rc19-experiment/OUTDOOR1-top/1607.png" width="640" height="480">
  </image>
  <image id="185" name="rc19-experiment/OUTDOOR1-top/1603.png" width="640" height="480">
  </image>
  <image id="184" name="rc19-experiment/OUTDOOR1-top/1599.png" width="640" height="480">
  </image>
  <image id="183" name="rc19-experiment/OUTDOOR1-top/1596.png" width="640" height="480">
  </image>
  <image id="182" name="rc19-experiment/OUTDOOR1-top/1593.png" width="640" height="480">
  </image>
  <image id="181" name="rc19-experiment/OUTDOOR1-top/1590.png" width="640" height="480">
  </image>
  <image id="180" name="rc19-experiment/OUTDOOR1-top/1586.png" width="640" height="480">
  </image>
  <image id="179" name="rc19-experiment/OUTDOOR1-top/1583.png" width="640" height="480">
  </image>
  <image id="178" name="rc19-experiment/OUTDOOR1-top/1580.png" width="640" height="480">
  </image>
  <image id="177" name="rc19-experiment/OUTDOOR1-top/1577.png" width="640" height="480">
  </image>
  <image id="176" name="rc19-experiment/OUTDOOR1-top/1574.png" width="640" height="480">
  </image>
  <image id="175" name="rc19-experiment/OUTDOOR1-top/1570.png" width="640" height="480">
  </image>
  <image id="174" name="rc19-experiment/OUTDOOR1-top/1567.png" width="640" height="480">
  </image>
  <image id="173" name="rc19-experiment/OUTDOOR1-top/1563.png" width="640" height="480">
  </image>
  <image id="172" name="rc19-experiment/OUTDOOR1-top/1560.png" width="640" height="480">
  </image>
  <image id="171" name="rc19-experiment/OUTDOOR1-top/1557.png" width="640" height="480">
  </image>
  <image id="170" name="rc19-experiment/OUTDOOR1-top/1554.png" width="640" height="480">
  </image>
  <image id="169" name="rc19-experiment/OUTDOOR1-top/1550.png" width="640" height="480">
  </image>
  <image id="168" name="rc19-experiment/OUTDOOR1-top/1547.png" width="640" height="480">
  </image>
  <image id="167" name="rc19-experiment/OUTDOOR1-top/1544.png" width="640" height="480">
  </image>
  <image id="166" name="rc19-experiment/OUTDOOR1-top/1540.png" width="640" height="480">
  </image>
  <image id="165" name="rc19-experiment/OUTDOOR1-top/1536.png" width="640" height="480">
  </image>
  <image id="164" name="rc19-experiment/OUTDOOR1-top/1533.png" width="640" height="480">
  </image>
  <image id="163" name="rc19-experiment/OUTDOOR1-top/1529.png" width="640" height="480">
  </image>
  <image id="162" name="rc19-experiment/OUTDOOR1-top/1526.png" width="640" height="480">
  </image>
  <image id="161" name="rc19-experiment/OUTDOOR1-top/1523.png" width="640" height="480">
  </image>
  <image id="160" name="rc19-experiment/OUTDOOR1-top/1520.png" width="640" height="480">
  </image>
  <image id="159" name="rc19-experiment/OUTDOOR1-top/1517.png" width="640" height="480">
  </image>
  <image id="158" name="rc19-experiment/OUTDOOR1-top/1514.png" width="640" height="480">
  </image>
  <image id="157" name="rc19-experiment/OUTDOOR1-top/1511.png" width="640" height="480">
  </image>
  <image id="156" name="rc19-experiment/OUTDOOR1-top/1507.png" width="640" height="480">
  </image>
  <image id="155" name="rc19-experiment/OUTDOOR1-top/1504.png" width="640" height="480">
  </image>
  <image id="154" name="rc19-experiment/OUTDOOR1-top/1501.png" width="640" height="480">
    <box label="ball" occluded="0" source="manual" xtl="111.92" ytl="357.70" xbr="162.42" ybr="410.63" z_order="0">
      <attribute name="smudge">false</attribute>
    </box>
  </image>
  <image id="153" name="rc19-experiment/OUTDOOR1-top/1498.png" width="640" height="480">
    <box label="ball" occluded="0" source="manual" xtl="198.92" ytl="391.77" xbr="248.81" ybr="444.09" z_order="0">
      <attribute name="smudge">false</attribute>
    </box>
  </image>
  <image id="152" name="rc19-experiment/OUTDOOR1-top/1495.png" width="640" height="480">
    <box label="ball" occluded="0" source="manual" xtl="281.05" ytl="354.66" xbr="326.68" ybr="402.12" z_order="0">
      <attribute name="smudge">false</attribute>
    </box>
  </image>
  <image id="151" name="rc19-experiment/OUTDOOR1-top/1491.png" width="640" height="480">
    <box label="ball" occluded="0" source="manual" xtl="299.30" ytl="338.24" xbr="343.71" ybr="383.25" z_order="0">
      <attribute name="smudge">false</attribute>
    </box>
  </image>
  <image id="150" name="rc19-experiment/OUTDOOR1-top/1488.png" width="640" height="480">
    <box label="ball" occluded="0" source="manual" xtl="289.57" ytl="344.30" xbr="333.98" ybr="392.38" z_order="0">
      <attribute name="smudge">false</attribute>
    </box>
  </image>
  <image id="149" name="rc19-experiment/OUTDOOR1-top/1485.png" width="640" height="480">
    <box label="ball" occluded="0" source="manual" xtl="260.40" ytl="292.00" xbr="304.17" ybr="336.41" z_order="0">
      <attribute name="smudge">false</attribute>
    </box>
  </image>
  <image id="148" name="rc19-experiment/OUTDOOR1-top/1481.png" width="640" height="480">
    <box label="ball" occluded="0" source="manual" xtl="286.53" ytl="379.61" xbr="327.29" ybr="422.19" z_order="0">
      <attribute name="smudge">false</attribute>
    </box>
  </image>
  <image id="147" name="rc19-experiment/OUTDOOR1-top/1478.png" width="640" height="480">
    <box label="ball" occluded="0" source="manual" xtl="344.32" ytl="311.47" xbr="387.51" ybr="360.14" z_order="0">
      <attribute name="smudge">false</attribute>
    </box>
  </image>
  <image id="146" name="rc19-experiment/OUTDOOR1-top/1475.png" width="640" height="480">
    <box label="ball" occluded="0" source="manual" xtl="300.52" ytl="335.20" xbr="338.85" ybr="377.78" z_order="0">
      <attribute name="smudge">false</attribute>
    </box>
  </image>
  <image id="145" name="rc19-experiment/OUTDOOR1-top/1471.png" width="640" height="480">
    <box label="ball" occluded="0" source="manual" xtl="284.70" ytl="302.34" xbr="323.03" ybr="344.32" z_order="0">
      <attribute name="smudge">false</attribute>
    </box>
  </image>
  <image id="144" name="rc19-experiment/OUTDOOR1-top/1468.png" width="640" height="480">
    <box label="ball" occluded="0" source="manual" xtl="300.50" ytl="303.50" xbr="341.22" ybr="347.30" z_order="0">
      <attribute name="smudge">false</attribute>
    </box>
  </image>
  <image id="143" name="rc19-experiment/OUTDOOR1-top/1465.png" width="640" height="480">
    <box label="ball" occluded="0" source="manual" xtl="311.47" ytl="366.83" xbr="347.97" ybr="409.42" z_order="0">
      <attribute name="smudge">false</attribute>
    </box>
  </image>
  <image id="142" name="rc19-experiment/OUTDOOR1-top/1462.png" width="640" height="480">
    <box label="ball" occluded="0" source="manual" xtl="332.15" ytl="270.10" xbr="369.87" ybr="310.25" z_order="0">
      <attribute name="smudge">false</attribute>
    </box>
  </image>
  <image id="141" name="rc19-experiment/OUTDOOR1-top/1459.png" width="640" height="480">
    <box label="ball" occluded="0" source="manual" xtl="301.74" ytl="310.25" xbr="338.85" ybr="351.01" z_order="0">
      <attribute name="smudge">false</attribute>
    </box>
  </image>
  <image id="140" name="rc19-experiment/OUTDOOR1-top/1456.png" width="640" height="480">
    <box label="ball" occluded="0" source="manual" xtl="283.48" ytl="309.04" xbr="318.77" ybr="346.15" z_order="0">
      <attribute name="smudge">false</attribute>
    </box>
  </image>
  <image id="139" name="rc19-experiment/OUTDOOR1-top/1453.png" width="640" height="480">
    <box label="ball" occluded="0" source="manual" xtl="279.80" ytl="288.35" xbr="319.38" ybr="324.20" z_order="0">
      <attribute name="smudge">false</attribute>
    </box>
  </image>
  <image id="138" name="rc19-experiment/OUTDOOR1-top/1449.png" width="640" height="480">
    <box label="ball" occluded="0" source="manual" xtl="330.94" ytl="332.80" xbr="369.87" ybr="371.09" z_order="0">
      <attribute name="smudge">false</attribute>
    </box>
  </image>
  <image id="137" name="rc19-experiment/OUTDOOR1-top/1446.png" width="640" height="480">
    <box label="ball" occluded="0" source="manual" xtl="341.90" ytl="274.36" xbr="375.96" ybr="309.00" z_order="0">
      <attribute name="smudge">false</attribute>
    </box>
  </image>
  <image id="136" name="rc19-experiment/OUTDOOR1-top/1443.png" width="640" height="480">
    <box label="ball" occluded="0" source="manual" xtl="270.71" ytl="323.64" xbr="302.95" ybr="360.14" z_order="0">
      <attribute name="smudge">false</attribute>
    </box>
  </image>
  <image id="135" name="rc19-experiment/OUTDOOR1-top/1440.png" width="640" height="480">
    <box label="ball" occluded="0" source="manual" xtl="276.79" ytl="281.05" xbr="313.30" ybr="316.94" z_order="0">
      <attribute name="smudge">false</attribute>
    </box>
  </image>
  <image id="134" name="rc19-experiment/OUTDOOR1-top/1437.png" width="640" height="480">
    <box label="ball" occluded="0" source="manual" xtl="298.69" ytl="279.23" xbr="331.54" ybr="312.08" z_order="0">
      <attribute name="smudge">false</attribute>
    </box>
  </image>
  <image id="133" name="rc19-experiment/OUTDOOR1-top/1434.png" width="640" height="480">
    <box label="ball" occluded="0" source="manual" xtl="328.50" ytl="346.75" xbr="358.92" ybr="385.69" z_order="0">
      <attribute name="smudge">false</attribute>
    </box>
  </image>
  <image id="132" name="rc19-experiment/OUTDOOR1-top/1430.png" width="640" height="480">
    <box label="ball" occluded="0" source="manual" xtl="338.84" ytl="251.85" xbr="369.87" ybr="285.92" z_order="0">
      <attribute name="smudge">false</attribute>
    </box>
  </image>
  <image id="131" name="rc19-experiment/OUTDOOR1-top/1427.png" width="640" height="480">
    <box label="ball" occluded="0" source="manual" xtl="276.79" ytl="319.38" xbr="308.43" ybr="355.88" z_order="0">
      <attribute name="smudge">false</attribute>
    </box>
  </image>
  <image id="130" name="rc19-experiment/OUTDOOR1-top/1424.png" width="640" height="480">
    <box label="ball" occluded="0" source="manual" xtl="282.88" ytl="283.48" xbr="314.50" ybr="315.12" z_order="0">
      <attribute name="smudge">false</attribute>
    </box>
  </image>
  <image id="129" name="rc19-experiment/OUTDOOR1-top/1421.png" width="640" height="480">
    <box label="ball" occluded="0" source="manual" xtl="305.38" ytl="264.62" xbr="337.02" ybr="295.65" z_order="0">
      <attribute name="smudge">false</attribute>
    </box>
  </image>
  <image id="128" name="rc19-experiment/OUTDOOR1-top/1417.png" width="640" height="480">
    <box label="ball" occluded="0" source="manual" xtl="352.23" ytl="267.06" xbr="379.61" ybr="301.13" z_order="0">
      <attribute name="smudge">false</attribute>
    </box>
  </image>
  <image id="127" name="rc19-experiment/OUTDOOR1-top/1414.png" width="640" height="480">
    <box label="ball" occluded="0" source="manual" xtl="335.80" ytl="228.12" xbr="363.79" ybr="257.93" z_order="0">
      <attribute name="smudge">false</attribute>
    </box>
  </image>
  <image id="126" name="rc19-experiment/OUTDOOR1-top/1411.png" width="640" height="480">
    <box label="ball" occluded="0" source="manual" xtl="299.30" ytl="298.08" xbr="328.50" ybr="328.50" z_order="0">
      <attribute name="smudge">false</attribute>
    </box>
  </image>
  <image id="125" name="rc19-experiment/OUTDOOR1-top/1408.png" width="640" height="480">
    <box label="ball" occluded="0" source="manual" xtl="286.53" ytl="265.84" xbr="313.90" ybr="293.20" z_order="0">
      <attribute name="smudge">false</attribute>
    </box>
  </image>
  <image id="124" name="rc19-experiment/OUTDOOR1-top/1404.png" width="640" height="480">
    <box label="ball" occluded="0" source="manual" xtl="310.86" ytl="284.09" xbr="335.80" ybr="314.51" z_order="0">
      <attribute name="smudge">false</attribute>
    </box>
  </image>
  <image id="123" name="rc19-experiment/OUTDOOR1-top/1401.png" width="640" height="480">
    <box label="ball" occluded="0" source="manual" xtl="343.71" ytl="277.40" xbr="369.87" ybr="307.82" z_order="0">
      <attribute name="smudge">false</attribute>
    </box>
  </image>
  <image id="122" name="rc19-experiment/OUTDOOR1-top/1398.png" width="640" height="480">
    <box label="ball" occluded="0" source="manual" xtl="332.15" ytl="236.03" xbr="361.96" ybr="265.23" z_order="0">
      <attribute name="smudge">false</attribute>
    </box>
  </image>
  <image id="121" name="rc19-experiment/OUTDOOR1-top/1395.png" width="640" height="480">
    <box label="ball" occluded="0" source="manual" xtl="285.92" ytl="287.74" xbr="311.47" ybr="318.77" z_order="0">
      <attribute name="smudge">false</attribute>
    </box>
  </image>
  <image id="120" name="rc19-experiment/OUTDOOR1-top/1392.png" width="640" height="480">
    <box label="ball" occluded="0" source="manual" xtl="282.27" ytl="274.97" xbr="310.25" ybr="303.56" z_order="0">
      <attribute name="smudge">false</attribute>
    </box>
  </image>
  <image id="119" name="rc19-experiment/OUTDOOR1-top/1389.png" width="640" height="480">
    <box label="ball" occluded="0" source="manual" xtl="302.95" ytl="264.62" xbr="330.94" ybr="293.83" z_order="0">
      <attribute name="smudge">false</attribute>
    </box>
  </image>
  <image id="118" name="rc19-experiment/OUTDOOR1-top/1385.png" width="640" height="480">
    <box label="ball" occluded="0" source="manual" xtl="354.05" ytl="284.09" xbr="380.21" ybr="314.51" z_order="0">
      <attribute name="smudge">false</attribute>
    </box>
  </image>
  <image id="117" name="rc19-experiment/OUTDOOR1-top/1382.png" width="640" height="480">
    <box label="ball" occluded="0" source="manual" xtl="347.36" ytl="229.95" xbr="375.96" ybr="257.93" z_order="0">
      <attribute name="smudge">false</attribute>
    </box>
  </image>
  <image id="116" name="rc19-experiment/OUTDOOR1-top/1378.png" width="640" height="480">
    <box label="ball" occluded="0" source="manual" xtl="308.43" ytl="308.43" xbr="335.80" ybr="333.98" z_order="0">
      <attribute name="smudge">false</attribute>
    </box>
  </image>
  <image id="115" name="rc19-experiment/OUTDOOR1-top/1375.png" width="640" height="480">
    <box label="ball" occluded="0" source="manual" xtl="244.55" ytl="254.89" xbr="271.92" ybr="282.88" z_order="0">
      <attribute name="smudge">false</attribute>
    </box>
  </image>
  <image id="114" name="rc19-experiment/OUTDOOR1-top/1372.png" width="640" height="480">
    <box label="ball" occluded="0" source="manual" xtl="289.57" ytl="287.13" xbr="313.90" ybr="309.64" z_order="0">
      <attribute name="smudge">false</attribute>
    </box>
  </image>
  <image id="113" name="rc19-experiment/OUTDOOR1-top/1368.png" width="640" height="480">
    <box label="ball" occluded="0" source="manual" xtl="334.59" ytl="277.40" xbr="358.92" ybr="302.95" z_order="0">
      <attribute name="smudge">false</attribute>
    </box>
  </image>
  <image id="112" name="rc19-experiment/OUTDOOR1-top/1365.png" width="640" height="480">
    <box label="ball" occluded="0" source="manual" xtl="318.16" ytl="242.72" xbr="344.32" ybr="267.67" z_order="0">
      <attribute name="smudge">false</attribute>
    </box>
  </image>
  <image id="111" name="rc19-experiment/OUTDOOR1-top/1362.png" width="640" height="480">
    <box label="ball" occluded="0" source="manual" xtl="289.57" ytl="257.32" xbr="312.08" ybr="284.09" z_order="0">
      <attribute name="smudge">false</attribute>
    </box>
  </image>
  <image id="110" name="rc19-experiment/OUTDOOR1-top/1358.png" width="640" height="480">
    <box label="ball" occluded="0" source="manual" xtl="276.79" ytl="246.98" xbr="301.74" ybr="270.10" z_order="0">
      <attribute name="smudge">false</attribute>
    </box>
  </image>
  <image id="109" name="rc19-experiment/OUTDOOR1-top/1355.png" width="640" height="480">
    <box label="ball" occluded="0" source="manual" xtl="305.38" ytl="320.59" xbr="326.68" ybr="346.15" z_order="0">
      <attribute name="smudge">false</attribute>
    </box>
  </image>
  <image id="108" name="rc19-experiment/OUTDOOR1-top/1352.png" width="640" height="480">
    <box label="ball" occluded="0" source="manual" xtl="307.21" ytl="252.46" xbr="331.54" ybr="278.62" z_order="0">
      <attribute name="smudge">false</attribute>
    </box>
  </image>
  <image id="107" name="rc19-experiment/OUTDOOR1-top/1349.png" width="640" height="480">
    <box label="ball" occluded="0" source="manual" xtl="295.04" ytl="254.28" xbr="315.73" ybr="276.79" z_order="0">
      <attribute name="smudge">false</attribute>
    </box>
  </image>
  <image id="106" name="rc19-experiment/OUTDOOR1-top/1345.png" width="640" height="480">
    <box label="ball" occluded="0" source="manual" xtl="296.87" ytl="228.73" xbr="319.38" ybr="254.28" z_order="0">
      <attribute name="smudge">false</attribute>
    </box>
  </image>
  <image id="105" name="rc19-experiment/OUTDOOR1-top/1342.png" width="640" height="480">
    <box label="ball" occluded="0" source="manual" xtl="335.80" ytl="220.82" xbr="358.92" ybr="242.72" z_order="0">
      <attribute name="smudge">false</attribute>
    </box>
  </image>
  <image id="104" name="rc19-experiment/OUTDOOR1-top/1339.png" width="640" height="480">
    <box label="ball" occluded="0" source="manual" xtl="320.59" ytl="303.56" xbr="343.71" ybr="327.29" z_order="0">
      <attribute name="smudge">false</attribute>
    </box>
  </image>
  <image id="103" name="rc19-experiment/OUTDOOR1-top/1336.png" width="640" height="480">
    <box label="ball" occluded="0" source="manual" xtl="316.30" ytl="282.27" xbr="341.30" ybr="305.39" z_order="0">
      <attribute name="smudge">false</attribute>
    </box>
  </image>
  <image id="102" name="rc19-experiment/OUTDOOR1-top/1333.png" width="640" height="480">
    <box label="ball" occluded="0" source="manual" xtl="338.18" ytl="229.89" xbr="360.10" ybr="254.83" z_order="0">
      <attribute name="smudge">false</attribute>
    </box>
  </image>
  <image id="101" name="rc19-experiment/OUTDOOR1-top/1330.png" width="640" height="480">
    <box label="ball" occluded="0" source="manual" xtl="337.63" ytl="304.78" xbr="358.30" ybr="327.29" z_order="0">
      <attribute name="smudge">false</attribute>
    </box>
  </image>
  <image id="100" name="rc19-experiment/OUTDOOR1-top/1326.png" width="640" height="480">
    <box label="ball" occluded="0" source="manual" xtl="324.85" ytl="261.00" xbr="348.58" ybr="284.70" z_order="0">
      <attribute name="smudge">false</attribute>
    </box>
  </image>
  <image id="99" name="rc19-experiment/OUTDOOR1-top/1322.png" width="640" height="480">
    <box label="ball" occluded="0" source="manual" xtl="402.72" ytl="281.05" xbr="424.02" ybr="301.74" z_order="0">
      <attribute name="smudge">false</attribute>
    </box>
  </image>
  <image id="98" name="rc19-experiment/OUTDOOR1-top/1319.png" width="640" height="480">
    <box label="ball" occluded="0" source="manual" xtl="399.68" ytl="256.11" xbr="420.97" ybr="277.40" z_order="0">
      <attribute name="smudge">false</attribute>
    </box>
  </image>
  <image id="97" name="rc19-experiment/OUTDOOR1-top/1316.png" width="640" height="480">
    <box label="ball" occluded="0" source="manual" xtl="403.94" ytl="247.60" xbr="424.62" ybr="269.49" z_order="0">
      <attribute name="smudge">false</attribute>
    </box>
  </image>
  <image id="96" name="rc19-experiment/OUTDOOR1-top/1312.png" width="640" height="480">
    <box label="ball" occluded="0" source="manual" xtl="452.61" ytl="288.35" xbr="476.94" ybr="312.08" z_order="0">
      <attribute name="smudge">false</attribute>
    </box>
  </image>
  <image id="95" name="rc19-experiment/OUTDOOR1-top/1309.png" width="640" height="480">
    <box label="ball" occluded="0" source="manual" xtl="363.79" ytl="293.22" xbr="385.69" ybr="314.51" z_order="0">
      <attribute name="smudge">false</attribute>
    </box>
  </image>
  <image id="94" name="rc19-experiment/OUTDOOR1-top/1306.png" width="640" height="480">
    <box label="ball" occluded="0" source="manual" xtl="351.62" ytl="279.23" xbr="373.52" ybr="301.10" z_order="0">
      <attribute name="smudge">false</attribute>
    </box>
  </image>
  <image id="93" name="rc19-experiment/OUTDOOR1-top/1303.png" width="640" height="480">
    <box label="ball" occluded="0" source="manual" xtl="352.23" ytl="231.16" xbr="374.74" ybr="253.07" z_order="0">
      <attribute name="smudge">false</attribute>
    </box>
  </image>
  <image id="92" name="rc19-experiment/OUTDOOR1-top/1300.png" width="640" height="480">
    <box label="ball" occluded="0" source="manual" xtl="327.29" ytl="228.12" xbr="347.36" ybr="249.42" z_order="0">
      <attribute name="smudge">false</attribute>
    </box>
  </image>
  <image id="91" name="rc19-experiment/OUTDOOR1-top/1296.png" width="640" height="480">
    <box label="ball" occluded="0" source="manual" xtl="408.20" ytl="293.83" xbr="432.53" ybr="315.12" z_order="0">
      <attribute name="smudge">false</attribute>
    </box>
  </image>
  <image id="90" name="rc19-experiment/OUTDOOR1-top/1293.png" width="640" height="480">
    <box label="ball" occluded="0" source="manual" xtl="405.16" ytl="307.82" xbr="424.02" ybr="330.33" z_order="0">
      <attribute name="smudge">false</attribute>
    </box>
  </image>
  <image id="89" name="rc19-experiment/OUTDOOR1-top/1289.png" width="640" height="480">
    <box label="ball" occluded="0" source="manual" xtl="369.26" ytl="271.32" xbr="391.17" ybr="293.22" z_order="0">
      <attribute name="smudge">false</attribute>
    </box>
  </image>
  <image id="88" name="rc19-experiment/OUTDOOR1-top/1285.png" width="640" height="480">
    <box label="ball" occluded="0" source="manual" xtl="294.43" ytl="134.43" xbr="318.16" ybr="156.34" z_order="0">
      <attribute name="smudge">false</attribute>
    </box>
  </image>
  <image id="87" name="rc19-experiment/OUTDOOR1-top/1282.png" width="640" height="480">
    <box label="ball" occluded="0" source="manual" xtl="218.39" ytl="78.46" xbr="240.29" ybr="100.37" z_order="0">
      <attribute name="smudge">false</attribute>
    </box>
  </image>
  <image id="86" name="rc19-experiment/OUTDOOR1-top/1279.png" width="640" height="480">
    <box label="ball" occluded="0" source="manual" xtl="146.60" ytl="80.90" xbr="167.89" ybr="100.97" z_order="0">
      <attribute name="smudge">false</attribute>
    </box>
  </image>
  <image id="85" name="rc19-experiment/OUTDOOR1-top/1276.png" width="640" height="480">
    <box label="ball" occluded="0" source="manual" xtl="111.32" ytl="92.46" xbr="135.04" ybr="114.97" z_order="0">
      <attribute name="smudge">false</attribute>
    </box>
  </image>
  <image id="84" name="rc19-experiment/OUTDOOR1-top/1273.png" width="640" height="480">
    <box label="ball" occluded="0" source="manual" xtl="79.68" ytl="107.67" xbr="101.58" ybr="127.74" z_order="0">
      <attribute name="smudge">false</attribute>
    </box>
  </image>
  <image id="83" name="rc19-experiment/OUTDOOR1-top/1270.png" width="640" height="480">
    <box label="ball" occluded="0" source="manual" xtl="0.00" ytl="102.80" xbr="18.24" ybr="124.70" z_order="0">
      <attribute name="smudge">false</attribute>
    </box>
  </image>
  <image id="82" name="rc19-experiment/OUTDOOR1-top/1267.png" width="640" height="480">
  </image>
  <image id="81" name="rc19-experiment/OUTDOOR1-top/1263.png" width="640" height="480">
    <box label="ball" occluded="0" source="manual" xtl="1.20" ytl="222.65" xbr="17.02" ybr="243.33" z_order="0">
      <attribute name="smudge">false</attribute>
    </box>
  </image>
  <image id="80" name="rc19-experiment/OUTDOOR1-top/1260.png" width="640" height="480">
    <box label="ball" occluded="0" source="manual" xtl="18.24" ytl="234.21" xbr="41.35" ybr="258.54" z_order="0">
      <attribute name="smudge">false</attribute>
    </box>
  </image>
  <image id="79" name="rc19-experiment/OUTDOOR1-top/1256.png" width="640" height="480">
    <box label="ball" occluded="0" source="manual" xtl="124.09" ytl="282.27" xbr="142.34" ybr="299.30" z_order="0">
      <attribute name="smudge">false</attribute>
    </box>
  </image>
  <image id="78" name="rc19-experiment/OUTDOOR1-top/1253.png" width="640" height="480">
    <box label="ball" occluded="0" source="manual" xtl="194.66" ytl="245.16" xbr="215.35" ybr="262.80" z_order="0">
      <attribute name="smudge">false</attribute>
    </box>
  </image>
  <image id="77" name="rc19-experiment/OUTDOOR1-top/1250.png" width="640" height="480">
    <box label="ball" occluded="0" source="manual" xtl="286.53" ytl="222.04" xbr="304.78" ybr="242.72" z_order="0">
      <attribute name="smudge">false</attribute>
    </box>
  </image>
  <image id="76" name="rc19-experiment/OUTDOOR1-top/1247.png" width="640" height="480">
    <box label="ball" occluded="0" source="manual" xtl="383.86" ytl="273.75" xbr="404.55" ybr="295.65" z_order="0">
      <attribute name="smudge">false</attribute>
    </box>
  </image>
  <image id="75" name="rc19-experiment/OUTDOOR1-top/1244.png" width="640" height="480">
    <box label="ball" occluded="0" source="manual" xtl="406.37" ytl="291.39" xbr="425.23" ybr="310.86" z_order="0">
      <attribute name="smudge">false</attribute>
    </box>
  </image>
  <image id="74" name="rc19-experiment/OUTDOOR1-top/1241.png" width="640" height="480">
    <box label="ball" occluded="0" source="manual" xtl="329.72" ytl="335.20" xbr="347.36" ybr="351.01" z_order="0">
      <attribute name="smudge">false</attribute>
    </box>
  </image>
  <image id="73" name="rc19-experiment/OUTDOOR1-top/1237.png" width="640" height="480">
    <box label="ball" occluded="0" source="manual" xtl="224.50" ytl="377.78" xbr="246.98" ybr="399.07" z_order="0">
      <attribute name="smudge">false</attribute>
    </box>
  </image>
  <image id="72" name="rc19-experiment/OUTDOOR1-top/1234.png" width="640" height="480">
    <box label="ball" occluded="0" source="manual" xtl="71.16" ytl="343.71" xbr="93.67" ybr="365.00" z_order="0">
      <attribute name="smudge">false</attribute>
    </box>
  </image>
  <image id="71" name="rc19-experiment/OUTDOOR1-top/1231.png" width="640" height="480">
  </image>
  <image id="70" name="rc19-experiment/OUTDOOR1-top/1228.png" width="640" height="480">
  </image>
  <image id="69" name="rc19-experiment/OUTDOOR1-top/1225.png" width="640" height="480">
  </image>
  <image id="68" name="rc19-experiment/OUTDOOR1-top/1222.png" width="640" height="480">
  </image>
  <image id="67" name="rc19-experiment/OUTDOOR1-top/1219.png" width="640" height="480">
  </image>
  <image id="66" name="rc19-experiment/OUTDOOR1-top/1216.png" width="640" height="480">
  </image>
  <image id="65" name="rc19-experiment/OUTDOOR1-top/1213.png" width="640" height="480">
  </image>
  <image id="64" name="rc19-experiment/OUTDOOR1-top/1210.png" width="640" height="480">
  </image>
  <image id="63" name="rc19-experiment/OUTDOOR1-top/1207.png" width="640" height="480">
  </image>
  <image id="62" name="rc19-experiment/OUTDOOR1-top/1203.png" width="640" height="480">
  </image>
  <image id="61" name="rc19-experiment/OUTDOOR1-top/1200.png" width="640" height="480">
  </image>
  <image id="60" name="rc19-experiment/OUTDOOR1-top/1196.png" width="640" height="480">
  </image>
  <image id="59" name="rc19-experiment/OUTDOOR1-top/1192.png" width="640" height="480">
  </image>
  <image id="58" name="rc19-experiment/OUTDOOR1-top/1189.png" width="640" height="480">
  </image>
  <image id="57" name="rc19-experiment/OUTDOOR1-top/1186.png" width="640" height="480">
  </image>
  <image id="56" name="rc19-experiment/OUTDOOR1-top/1183.png" width="640" height="480">
  </image>
  <image id="55" name="rc19-experiment/OUTDOOR1-top/1180.png" width="640" height="480">
  </image>
  <image id="54" name="rc19-experiment/OUTDOOR1-top/1177.png" width="640" height="480">
  </image>
  <image id="53" name="rc19-experiment/OUTDOOR1-top/1174.png" width="640" height="480">
  </image>
  <image id="52" name="rc19-experiment/OUTDOOR1-top/1171.png" width="640" height="480">
  </image>
  <image id="51" name="rc19-experiment/OUTDOOR1-top/1167.png" width="640" height="480">
    <box label="ball" occluded="0" source="manual" xtl="165.46" ytl="297.48" xbr="186.15" ybr="313.29" z_order="0">
      <attribute name="smudge">false</attribute>
    </box>
  </image>
  <image id="50" name="rc19-experiment/OUTDOOR1-top/1164.png" width="640" height="480">
    <box label="ball" occluded="0" source="manual" xtl="309.04" ytl="271.92" xbr="329.72" ybr="289.57" z_order="0">
      <attribute name="smudge">false</attribute>
    </box>
  </image>
  <image id="49" name="rc19-experiment/OUTDOOR1-top/1161.png" width="640" height="480">
    <box label="ball" occluded="0" source="manual" xtl="419.15" ytl="287.74" xbr="442.88" ybr="305.38" z_order="0">
      <attribute name="smudge">false</attribute>
    </box>
  </image>
  <image id="48" name="rc19-experiment/OUTDOOR1-top/1158.png" width="640" height="480">
    <box label="ball" occluded="0" source="manual" xtl="607.13" ytl="291.39" xbr="630.25" ybr="310.25" z_order="0">
      <attribute name="smudge">false</attribute>
    </box>
  </image>
  <image id="47" name="rc19-experiment/OUTDOOR1-top/1155.png" width="640" height="480">
  </image>
  <image id="46" name="rc19-experiment/OUTDOOR1-top/1152.png" width="640" height="480">
  </image>
  <image id="45" name="rc19-experiment/OUTDOOR1-top/1149.png" width="640" height="480">
  </image>
  <image id="44" name="rc19-experiment/OUTDOOR1-top/1145.png" width="640" height="480">
  </image>
  <image id="43" name="rc19-experiment/OUTDOOR1-top/1141.png" width="640" height="480">
  </image>
  <image id="42" name="rc19-experiment/OUTDOOR1-top/1137.png" width="640" height="480">
  </image>
  <image id="41" name="rc19-experiment/OUTDOOR1-top/1133.png" width="640" height="480">
  </image>
  <image id="40" name="rc19-experiment/OUTDOOR1-top/1130.png" width="640" height="480">
  </image>
  <image id="39" name="rc19-experiment/OUTDOOR1-top/1127.png" width="640" height="480">
  </image>
  <image id="38" name="rc19-experiment/OUTDOOR1-top/1124.png" width="640" height="480">
    <box label="ball" occluded="0" source="manual" xtl="568.81" ytl="352.23" xbr="590.71" ybr="370.48" z_order="0">
      <attribute name="smudge">false</attribute>
    </box>
  </image>
  <image id="37" name="rc19-experiment/OUTDOOR1-top/1120.png" width="640" height="480">
    <box label="ball" occluded="0" source="manual" xtl="436.18" ytl="346.75" xbr="454.43" ybr="364.40" z_order="0">
      <attribute name="smudge">false</attribute>
    </box>
  </image>
  <image id="36" name="rc19-experiment/OUTDOOR1-top/1117.png" width="640" height="480">
    <box label="ball" occluded="0" source="manual" xtl="346.15" ytl="343.71" xbr="368.66" ybr="360.75" z_order="0">
      <attribute name="smudge">false</attribute>
    </box>
  </image>
  <image id="35" name="rc19-experiment/OUTDOOR1-top/1114.png" width="640" height="480">
    <box label="ball" occluded="0" source="manual" xtl="255.50" ytl="341.89" xbr="277.40" ybr="362.57" z_order="0">
      <attribute name="smudge">false</attribute>
    </box>
  </image>
  <image id="34" name="rc19-experiment/OUTDOOR1-top/1110.png" width="640" height="480">
    <box label="ball" occluded="0" source="manual" xtl="135.65" ytl="325.46" xbr="156.94" ybr="343.71" z_order="0">
      <attribute name="smudge">false</attribute>
    </box>
  </image>
  <image id="33" name="rc19-experiment/OUTDOOR1-top/1107.png" width="640" height="480">
    <box label="ball" occluded="0" source="manual" xtl="30.40" ytl="314.51" xbr="48.66" ybr="332.76" z_order="0">
      <attribute name="smudge">false</attribute>
    </box>
  </image>
  <image id="32" name="rc19-experiment/OUTDOOR1-top/1104.png" width="640" height="480">
  </image>
  <image id="31" name="rc19-experiment/OUTDOOR1-top/1101.png" width="640" height="480">
  </image>
  <image id="30" name="rc19-experiment/OUTDOOR1-top/1098.png" width="640" height="480">
  </image>
  <image id="29" name="rc19-experiment/OUTDOOR1-top/1095.png" width="640" height="480">
  </image>
  <image id="28" name="rc19-experiment/OUTDOOR1-top/1092.png" width="640" height="480">
  </image>
  <image id="27" name="rc19-experiment/OUTDOOR1-top/1089.png" width="640" height="480">
  </image>
  <image id="26" name="rc19-experiment/OUTDOOR1-top/1086.png" width="640" height="480">
  </image>
  <image id="25" name="rc19-experiment/OUTDOOR1-top/1083.png" width="640" height="480">
  </image>
  <image id="24" name="rc19-experiment/OUTDOOR1-top/1080.png" width="640" height="480">
  </image>
  <image id="23" name="rc19-experiment/OUTDOOR1-top/1077.png" width="640" height="480">
    <box label="ball" occluded="0" source="manual" xtl="1.81" ytl="319.99" xbr="21.89" ybr="338.24" z_order="0">
      <attribute name="smudge">false</attribute>
    </box>
  </image>
  <image id="22" name="rc19-experiment/OUTDOOR1-top/1074.png" width="640" height="480">
    <box label="ball" occluded="0" source="manual" xtl="105.23" ytl="320.59" xbr="128.35" ybr="338.84" z_order="0">
      <attribute name="smudge">false</attribute>
    </box>
  </image>
  <image id="21" name="rc19-experiment/OUTDOOR1-top/1071.png" width="640" height="480">
    <box label="ball" occluded="0" source="manual" xtl="201.35" ytl="323.03" xbr="221.43" ybr="343.71" z_order="0">
      <attribute name="smudge">false</attribute>
    </box>
  </image>
  <image id="20" name="rc19-experiment/OUTDOOR1-top/1068.png" width="640" height="480">
    <box label="ball" occluded="0" source="manual" xtl="293.22" ytl="326.68" xbr="312.69" ybr="346.75" z_order="0">
      <attribute name="smudge">false</attribute>
    </box>
  </image>
  <image id="19" name="rc19-experiment/OUTDOOR1-top/1064.png" width="640" height="480">
    <box label="ball" occluded="0" source="manual" xtl="413.67" ytl="326.07" xbr="436.18" ybr="346.15" z_order="0">
      <attribute name="smudge">false</attribute>
    </box>
  </image>
  <image id="18" name="rc19-experiment/OUTDOOR1-top/1061.png" width="640" height="480">
    <box label="ball" occluded="0" source="manual" xtl="535.96" ytl="319.99" xbr="559.68" ybr="341.89" z_order="0">
      <attribute name="smudge">false</attribute>
    </box>
  </image>
  <image id="17" name="rc19-experiment/OUTDOOR1-top/1058.png" width="640" height="480">
  </image>
  <image id="16" name="rc19-experiment/OUTDOOR1-top/1055.png" width="640" height="480">
  </image>
  <image id="15" name="rc19-experiment/OUTDOOR1-top/1052.png" width="640" height="480">
  </image>
  <image id="14" name="rc19-experiment/OUTDOOR1-top/1049.png" width="640" height="480">
  </image>
  <image id="13" name="rc19-experiment/OUTDOOR1-top/1046.png" width="640" height="480">
  </image>
  <image id="12" name="rc19-experiment/OUTDOOR1-top/1043.png" width="640" height="480">
  </image>
  <image id="11" name="rc19-experiment/OUTDOOR1-top/1039.png" width="640" height="480">
  </image>
  <image id="10" name="rc19-experiment/OUTDOOR1-top/1035.png" width="640" height="480">
  </image>
  <image id="9" name="rc19-experiment/OUTDOOR1-top/1031.png" width="640" height="480">
  </image>
  <image id="8" name="rc19-experiment/OUTDOOR1-top/1028.png" width="640" height="480">
  </image>
  <image id="7" name="rc19-experiment/OUTDOOR1-top/1025.png" width="640" height="480">
    <box label="ball" occluded="0" source="manual" xtl="529.87" ytl="341.89" xbr="553.60" ybr="360.10" z_order="0">
      <attribute name="smudge">false</attribute>
    </box>
  </image>
  <image id="6" name="rc19-experiment/OUTDOOR1-top/1022.png" width="640" height="480">
    <box label="ball" occluded="0" source="manual" xtl="434.36" ytl="343.70" xbr="457.48" ybr="360.75" z_order="0">
      <attribute name="smudge">false</attribute>
    </box>
  </image>
  <image id="5" name="rc19-experiment/OUTDOOR1-top/1018.png" width="640" height="480">
    <box label="ball" occluded="0" source="manual" xtl="316.34" ytl="334.59" xbr="336.41" ybr="352.20" z_order="0">
      <attribute name="smudge">false</attribute>
    </box>
  </image>
  <image id="4" name="rc19-experiment/OUTDOOR1-top/1014.png" width="640" height="480">
    <box label="ball" occluded="0" source="manual" xtl="197.10" ytl="338.84" xbr="219.00" ybr="355.88" z_order="0">
      <attribute name="smudge">false</attribute>
    </box>
  </image>
  <image id="3" name="rc19-experiment/OUTDOOR1-top/1011.png" width="640" height="480">
    <box label="ball" occluded="0" source="manual" xtl="102.80" ytl="324.24" xbr="124.09" ybr="343.10" z_order="0">
      <attribute name="smudge">false</attribute>
    </box>
  </image>
  <image id="2" name="rc19-experiment/OUTDOOR1-top/1008.png" width="640" height="480">
  </image>
  <image id="1" name="rc19-experiment/OUTDOOR1-top/1005.png" width="640" height="480">
  </image>
  <image id="0" name="rc19-experiment/OUTDOOR1-top/1002.png" width="640" height="480">
  </image>
</annotations>