<?xml version="1.0" encoding="utf-8"?>
<annotations>
  <version>1.1</version>
  <meta>
    <task>
      <id>19</id>
      <name>RC19Experiments-OUTDOOR-stand-bottom</name>
      <size>43</size>
      <mode>annotation</mode>
      <overlap>0</overlap>
      <bugtracker></bugtracker>
      <created>2020-04-05 10:05:15.306944+00:00</created>
      <updated>2021-05-26 08:39:15.115677+00:00</updated>
      <start_frame>0</start_frame>
      <stop_frame>42</stop_frame>
      <frame_filter></frame_filter>
      <labels>
        <label>
          <name>ball</name>
          <color>#804080</color>
          <attributes>
          </attributes>
        </label>
        <label>
          <name>nao</name>
          <color>#29b666</color>
          <attributes>
          </attributes>
        </label>
      </labels>
      <segments>
        <segment>
          <id>19</id>
          <start>0</start>
          <stop>42</stop>
          <url>httpball.informatik.hu-berlin.de/?id=19</url>
        </segment>
      </segments>
      <owner>
        <username>nao</username>
        <email></email>
      </owner>
      <assignee></assignee>
    </task>
    <dumped>2021-05-26 08:39:17.813829+00:00</dumped>
  </meta>
  <image id="42" name="rc19-experiment/OUTDOOR-stand-bottom/441.png" width="640" height="480">
  </image>
  <image id="41" name="rc19-experiment/OUTDOOR-stand-bottom/438.png" width="640" height="480">
  </image>
  <image id="40" name="rc19-experiment/OUTDOOR-stand-bottom/434.png" width="640" height="480">
  </image>
  <image id="39" name="rc19-experiment/OUTDOOR-stand-bottom/431.png" width="640" height="480">
  </image>
  <image id="38" name="rc19-experiment/OUTDOOR-stand-bottom/427.png" width="640" height="480">
  </image>
  <image id="37" name="rc19-experiment/OUTDOOR-stand-bottom/423.png" width="640" height="480">
  </image>
  <image id="36" name="rc19-experiment/OUTDOOR-stand-bottom/420.png" width="640" height="480">
  </image>
  <image id="35" name="rc19-experiment/OUTDOOR-stand-bottom/417.png" width="640" height="480">
  </image>
  <image id="34" name="rc19-experiment/OUTDOOR-stand-bottom/413.png" width="640" height="480">
  </image>
  <image id="33" name="rc19-experiment/OUTDOOR-stand-bottom/410.png" width="640" height="480">
  </image>
  <image id="32" name="rc19-experiment/OUTDOOR-stand-bottom/407.png" width="640" height="480">
  </image>
  <image id="31" name="rc19-experiment/OUTDOOR-stand-bottom/404.png" width="640" height="480">
  </image>
  <image id="30" name="rc19-experiment/OUTDOOR-stand-bottom/401.png" width="640" height="480">
  </image>
  <image id="29" name="rc19-experiment/OUTDOOR-stand-bottom/397.png" width="640" height="480">
  </image>
  <image id="28" name="rc19-experiment/OUTDOOR-stand-bottom/394.png" width="640" height="480">
    <box label="ball" occluded="0" source="manual" xtl="-9.10" ytl="48.25" xbr="107.20" ybr="173.20" z_order="0">
    </box>
  </image>
  <image id="27" name="rc19-experiment/OUTDOOR-stand-bottom/391.png" width="640" height="480">
    <box label="ball" occluded="0" source="manual" xtl="144.31" ytl="15.46" xbr="253.18" ybr="126.80" z_order="0">
    </box>
  </image>
  <image id="26" name="rc19-experiment/OUTDOOR-stand-bottom/387.png" width="640" height="480">
    <box label="ball" occluded="0" source="manual" xtl="176.47" ytl="-6.90" xbr="285.34" ybr="94.00" z_order="0">
    </box>
  </image>
  <image id="25" name="rc19-experiment/OUTDOOR-stand-bottom/384.png" width="640" height="480">
    <box label="ball" occluded="0" source="manual" xtl="177.70" ytl="-11.20" xbr="289.05" ybr="92.16" z_order="0">
    </box>
  </image>
  <image id="24" name="rc19-experiment/OUTDOOR-stand-bottom/380.png" width="640" height="480">
    <box label="ball" occluded="0" source="manual" xtl="283.67" ytl="-9.10" xbr="398.11" ybr="96.53" z_order="0">
    </box>
  </image>
  <image id="23" name="rc19-experiment/OUTDOOR-stand-bottom/377.png" width="640" height="480">
    <box label="ball" occluded="0" source="manual" xtl="415.24" ytl="7.42" xbr="532.14" ybr="115.67" z_order="0">
    </box>
  </image>
  <image id="22" name="rc19-experiment/OUTDOOR-stand-bottom/374.png" width="640" height="480">
    <box label="ball" occluded="0" source="manual" xtl="539.57" ytl="65.57" xbr="651.53" ybr="171.96" z_order="0">
    </box>
  </image>
  <image id="21" name="rc19-experiment/OUTDOOR-stand-bottom/371.png" width="640" height="480">
  </image>
  <image id="20" name="rc19-experiment/OUTDOOR-stand-bottom/368.png" width="640" height="480">
  </image>
  <image id="19" name="rc19-experiment/OUTDOOR-stand-bottom/365.png" width="640" height="480">
  </image>
  <image id="18" name="rc19-experiment/OUTDOOR-stand-bottom/362.png" width="640" height="480">
  </image>
  <image id="17" name="rc19-experiment/OUTDOOR-stand-bottom/359.png" width="640" height="480">
  </image>
  <image id="16" name="rc19-experiment/OUTDOOR-stand-bottom/355.png" width="640" height="480">
  </image>
  <image id="15" name="rc19-experiment/OUTDOOR-stand-bottom/352.png" width="640" height="480">
  </image>
  <image id="14" name="rc19-experiment/OUTDOOR-stand-bottom/349.png" width="640" height="480">
  </image>
  <image id="13" name="rc19-experiment/OUTDOOR-stand-bottom/346.png" width="640" height="480">
  </image>
  <image id="12" name="rc19-experiment/OUTDOOR-stand-bottom/343.png" width="640" height="480">
  </image>
  <image id="11" name="rc19-experiment/OUTDOOR-stand-bottom/340.png" width="640" height="480">
  </image>
  <image id="10" name="rc19-experiment/OUTDOOR-stand-bottom/336.png" width="640" height="480">
  </image>
  <image id="9" name="rc19-experiment/OUTDOOR-stand-bottom/333.png" width="640" height="480">
  </image>
  <image id="8" name="rc19-experiment/OUTDOOR-stand-bottom/329.png" width="640" height="480">
  </image>
  <image id="7" name="rc19-experiment/OUTDOOR-stand-bottom/325.png" width="640" height="480">
  </image>
  <image id="6" name="rc19-experiment/OUTDOOR-stand-bottom/322.png" width="640" height="480">
  </image>
  <image id="5" name="rc19-experiment/OUTDOOR-stand-bottom/319.png" width="640" height="480">
    <box label="ball" occluded="0" source="manual" xtl="496.27" ytl="220.83" xbr="617.50" ybr="335.88" z_order="0">
    </box>
  </image>
  <image id="4" name="rc19-experiment/OUTDOOR-stand-bottom/316.png" width="640" height="480">
    <box label="ball" occluded="0" source="manual" xtl="393.59" ytl="201.03" xbr="498.12" ybr="306.19" z_order="0">
    </box>
  </image>
  <image id="3" name="rc19-experiment/OUTDOOR-stand-bottom/313.png" width="640" height="480">
    <box label="ball" occluded="0" source="manual" xtl="356.47" ytl="197.32" xbr="459.77" ybr="298.14" z_order="0">
    </box>
  </image>
  <image id="2" name="rc19-experiment/OUTDOOR-stand-bottom/310.png" width="640" height="480">
    <box label="ball" occluded="0" source="manual" xtl="351.53" ytl="194.85" xbr="454.82" ybr="295.67" z_order="0">
    </box>
  </image>
  <image id="1" name="rc19-experiment/OUTDOOR-stand-bottom/307.png" width="640" height="480">
    <box label="ball" occluded="0" source="manual" xtl="350.29" ytl="192.37" xbr="457.30" ybr="296.29" z_order="0">
    </box>
  </image>
  <image id="0" name="rc19-experiment/OUTDOOR-stand-bottom/304.png" width="640" height="480">
    <box label="ball" occluded="0" source="manual" xtl="351.53" ytl="193.00" xbr="454.82" ybr="295.05" z_order="0">
    </box>
  </image>
</annotations>