<?xml version="1.0" encoding="utf-8"?>
<annotations>
  <version>1.1</version>
  <meta>
    <task>
      <id>5</id>
      <name>RC19Experiments-OUTDOOR1-bottom</name>
      <size>270</size>
      <mode>annotation</mode>
      <overlap>0</overlap>
      <bugtracker></bugtracker>
      <created>2020-04-05 09:42:04.832342+00:00</created>
      <updated>2020-06-29 21:48:15.558323+00:00</updated>
      <start_frame>0</start_frame>
      <stop_frame>269</stop_frame>
      <frame_filter></frame_filter>
      <labels>
        <label>
          <name>ball</name>
          <color>#804080</color>
          <attributes>
            <attribute>
              <name>smudge</name>
              <mutable>False</mutable>
              <input_type>checkbox</input_type>
              <default_value>false</default_value>
              <values>false</values>
            </attribute>
          </attributes>
        </label>
      </labels>
      <segments>
        <segment>
          <id>5</id>
          <start>0</start>
          <stop>269</stop>
          <url>httpball.informatik.hu-berlin.de/?id=5</url>
        </segment>
      </segments>
      <owner>
        <username>nao</username>
        <email></email>
      </owner>
      <assignee>
        <username>benji</username>
        <email>benji@schlotterfam.de</email>
      </assignee>
    </task>
    <dumped>2021-01-20 09:53:28.813588+00:00</dumped>
  </meta>
  <image id="269" name="rc19-experiment/OUTDOOR1-bottom/999.png" width="640" height="480">
  </image>
  <image id="268" name="rc19-experiment/OUTDOOR1-bottom/996.png" width="640" height="480">
  </image>
  <image id="267" name="rc19-experiment/OUTDOOR1-bottom/993.png" width="640" height="480">
  </image>
  <image id="266" name="rc19-experiment/OUTDOOR1-bottom/990.png" width="640" height="480">
  </image>
  <image id="265" name="rc19-experiment/OUTDOOR1-bottom/987.png" width="640" height="480">
  </image>
  <image id="264" name="rc19-experiment/OUTDOOR1-bottom/984.png" width="640" height="480">
  </image>
  <image id="263" name="rc19-experiment/OUTDOOR1-bottom/981.png" width="640" height="480">
  </image>
  <image id="262" name="rc19-experiment/OUTDOOR1-bottom/978.png" width="640" height="480">
  </image>
  <image id="261" name="rc19-experiment/OUTDOOR1-bottom/975.png" width="640" height="480">
  </image>
  <image id="260" name="rc19-experiment/OUTDOOR1-bottom/972.png" width="640" height="480">
  </image>
  <image id="259" name="rc19-experiment/OUTDOOR1-bottom/968.png" width="640" height="480">
  </image>
  <image id="258" name="rc19-experiment/OUTDOOR1-bottom/965.png" width="640" height="480">
  </image>
  <image id="257" name="rc19-experiment/OUTDOOR1-bottom/962.png" width="640" height="480">
  </image>
  <image id="256" name="rc19-experiment/OUTDOOR1-bottom/959.png" width="640" height="480">
  </image>
  <image id="255" name="rc19-experiment/OUTDOOR1-bottom/956.png" width="640" height="480">
  </image>
  <image id="254" name="rc19-experiment/OUTDOOR1-bottom/953.png" width="640" height="480">
  </image>
  <image id="253" name="rc19-experiment/OUTDOOR1-bottom/949.png" width="640" height="480">
  </image>
  <image id="252" name="rc19-experiment/OUTDOOR1-bottom/946.png" width="640" height="480">
  </image>
  <image id="251" name="rc19-experiment/OUTDOOR1-bottom/943.png" width="640" height="480">
  </image>
  <image id="250" name="rc19-experiment/OUTDOOR1-bottom/940.png" width="640" height="480">
  </image>
  <image id="249" name="rc19-experiment/OUTDOOR1-bottom/937.png" width="640" height="480">
  </image>
  <image id="248" name="rc19-experiment/OUTDOOR1-bottom/934.png" width="640" height="480">
  </image>
  <image id="247" name="rc19-experiment/OUTDOOR1-bottom/930.png" width="640" height="480">
  </image>
  <image id="246" name="rc19-experiment/OUTDOOR1-bottom/927.png" width="640" height="480">
  </image>
  <image id="245" name="rc19-experiment/OUTDOOR1-bottom/1800.png" width="640" height="480">
  </image>
  <image id="244" name="rc19-experiment/OUTDOOR1-bottom/1797.png" width="640" height="480">
  </image>
  <image id="243" name="rc19-experiment/OUTDOOR1-bottom/1794.png" width="640" height="480">
  </image>
  <image id="242" name="rc19-experiment/OUTDOOR1-bottom/1790.png" width="640" height="480">
  </image>
  <image id="241" name="rc19-experiment/OUTDOOR1-bottom/1786.png" width="640" height="480">
    <box label="ball" occluded="0" source="manual" xtl="281.66" ytl="0.00" xbr="324.25" ybr="22.50" z_order="0">
      <attribute name="smudge">false</attribute>
    </box>
  </image>
  <image id="240" name="rc19-experiment/OUTDOOR1-bottom/1783.png" width="640" height="480">
  </image>
  <image id="239" name="rc19-experiment/OUTDOOR1-bottom/1779.png" width="640" height="480">
    <box label="ball" occluded="0" source="manual" xtl="304.17" ytl="0.00" xbr="353.45" ybr="29.19" z_order="0">
      <attribute name="smudge">false</attribute>
    </box>
  </image>
  <image id="238" name="rc19-experiment/OUTDOOR1-bottom/1776.png" width="640" height="480">
    <box label="ball" occluded="0" source="manual" xtl="315.12" ytl="1.20" xbr="360.75" ybr="22.50" z_order="0">
      <attribute name="smudge">false</attribute>
    </box>
  </image>
  <image id="237" name="rc19-experiment/OUTDOOR1-bottom/1773.png" width="640" height="480">
  </image>
  <image id="236" name="rc19-experiment/OUTDOOR1-bottom/1770.png" width="640" height="480">
    <box label="ball" occluded="0" source="manual" xtl="307.21" ytl="0.00" xbr="366.83" ybr="34.66" z_order="0">
      <attribute name="smudge">false</attribute>
    </box>
  </image>
  <image id="235" name="rc19-experiment/OUTDOOR1-bottom/1767.png" width="640" height="480">
    <box label="ball" occluded="0" source="manual" xtl="330.94" ytl="1.20" xbr="387.51" ybr="55.35" z_order="0">
      <attribute name="smudge">false</attribute>
    </box>
  </image>
  <image id="234" name="rc19-experiment/OUTDOOR1-bottom/1763.png" width="640" height="480">
    <box label="ball" occluded="0" source="manual" xtl="312.08" ytl="10.33" xbr="374.13" ybr="75.42" z_order="0">
      <attribute name="smudge">false</attribute>
    </box>
  </image>
  <image id="233" name="rc19-experiment/OUTDOOR1-bottom/1760.png" width="640" height="480">
    <box label="ball" occluded="0" source="manual" xtl="309.64" ytl="38.31" xbr="371.70" ybr="103.41" z_order="0">
      <attribute name="smudge">false</attribute>
    </box>
  </image>
  <image id="232" name="rc19-experiment/OUTDOOR1-bottom/1757.png" width="640" height="480">
    <box label="ball" occluded="0" source="manual" xtl="293.22" ytl="0.00" xbr="360.14" ybr="62.60" z_order="0">
      <attribute name="smudge">false</attribute>
    </box>
  </image>
  <image id="231" name="rc19-experiment/OUTDOOR1-bottom/1754.png" width="640" height="480">
    <box label="ball" occluded="0" source="manual" xtl="228.73" ytl="0.59" xbr="282.88" ybr="21.28" z_order="0">
      <attribute name="smudge">false</attribute>
    </box>
  </image>
  <image id="230" name="rc19-experiment/OUTDOOR1-bottom/1751.png" width="640" height="480">
  </image>
  <image id="229" name="rc19-experiment/OUTDOOR1-bottom/1747.png" width="640" height="480">
  </image>
  <image id="228" name="rc19-experiment/OUTDOOR1-bottom/1744.png" width="640" height="480">
  </image>
  <image id="227" name="rc19-experiment/OUTDOOR1-bottom/1740.png" width="640" height="480">
  </image>
  <image id="226" name="rc19-experiment/OUTDOOR1-bottom/1737.png" width="640" height="480">
    <box label="ball" occluded="0" source="manual" xtl="254.28" ytl="0.00" xbr="352.84" ybr="59.00" z_order="0">
      <attribute name="smudge">false</attribute>
    </box>
  </image>
  <image id="225" name="rc19-experiment/OUTDOOR1-bottom/1734.png" width="640" height="480">
    <box label="ball" occluded="0" source="manual" xtl="215.96" ytl="2.40" xbr="329.11" ybr="112.53" z_order="0">
      <attribute name="smudge">false</attribute>
    </box>
  </image>
  <image id="224" name="rc19-experiment/OUTDOOR1-bottom/1731.png" width="640" height="480">
    <box label="ball" occluded="0" source="manual" xtl="220.21" ytl="51.09" xbr="347.97" ybr="173.37" z_order="0">
      <attribute name="smudge">false</attribute>
    </box>
  </image>
  <image id="223" name="rc19-experiment/OUTDOOR1-bottom/1728.png" width="640" height="480">
    <box label="ball" occluded="0" source="manual" xtl="261.58" ytl="94.89" xbr="397.86" ybr="234.21" z_order="0">
      <attribute name="smudge">false</attribute>
    </box>
  </image>
  <image id="222" name="rc19-experiment/OUTDOOR1-bottom/1725.png" width="640" height="480">
    <box label="ball" occluded="0" source="manual" xtl="285.92" ytl="171.54" xbr="442.88" ybr="314.51" z_order="0">
      <attribute name="smudge">false</attribute>
    </box>
  </image>
  <image id="221" name="rc19-experiment/OUTDOOR1-bottom/1722.png" width="640" height="480">
    <box label="ball" occluded="0" source="manual" xtl="309.64" ytl="225.08" xbr="470.25" ybr="375.96" z_order="0">
      <attribute name="smudge">false</attribute>
    </box>
  </image>
  <image id="220" name="rc19-experiment/OUTDOOR1-bottom/1718.png" width="640" height="480">
    <box label="ball" occluded="0" source="manual" xtl="234.81" ytl="242.12" xbr="393.60" ybr="391.77" z_order="0">
      <attribute name="smudge">false</attribute>
    </box>
  </image>
  <image id="219" name="rc19-experiment/OUTDOOR1-bottom/1715.png" width="640" height="480">
    <box label="ball" occluded="0" source="manual" xtl="212.31" ytl="242.72" xbr="364.40" ybr="392.99" z_order="0">
      <attribute name="smudge">false</attribute>
    </box>
  </image>
  <image id="218" name="rc19-experiment/OUTDOOR1-bottom/1712.png" width="640" height="480">
    <box label="ball" occluded="0" source="manual" xtl="248.20" ytl="239.07" xbr="400.90" ybr="392.38" z_order="0">
      <attribute name="smudge">false</attribute>
    </box>
  </image>
  <image id="217" name="rc19-experiment/OUTDOOR1-bottom/1709.png" width="640" height="480">
    <box label="ball" occluded="0" source="manual" xtl="313.90" ytl="226.91" xbr="470.25" ybr="388.12" z_order="0">
      <attribute name="smudge">false</attribute>
    </box>
  </image>
  <image id="216" name="rc19-experiment/OUTDOOR1-bottom/1705.png" width="640" height="480">
    <box label="ball" occluded="0" source="manual" xtl="341.89" ytl="223.86" xbr="500.06" ybr="396.64" z_order="0">
      <attribute name="smudge">false</attribute>
    </box>
  </image>
  <image id="215" name="rc19-experiment/OUTDOOR1-bottom/1702.png" width="640" height="480">
    <box label="ball" occluded="0" source="manual" xtl="301.74" ytl="241.51" xbr="456.26" ybr="396.03" z_order="0">
      <attribute name="smudge">false</attribute>
    </box>
  </image>
  <image id="214" name="rc19-experiment/OUTDOOR1-bottom/1699.png" width="640" height="480">
    <box label="ball" occluded="0" source="manual" xtl="246.37" ytl="237.25" xbr="415.50" ybr="400.90" z_order="0">
      <attribute name="smudge">false</attribute>
    </box>
  </image>
  <image id="213" name="rc19-experiment/OUTDOOR1-bottom/1696.png" width="640" height="480">
    <box label="ball" occluded="0" source="manual" xtl="196.49" ytl="223.26" xbr="358.92" ybr="393.60" z_order="0">
      <attribute name="smudge">false</attribute>
    </box>
  </image>
  <image id="212" name="rc19-experiment/OUTDOOR1-bottom/1693.png" width="640" height="480">
    <box label="ball" occluded="0" source="manual" xtl="246.98" ytl="197.70" xbr="400.90" ybr="366.83" z_order="0">
      <attribute name="smudge">false</attribute>
    </box>
  </image>
  <image id="211" name="rc19-experiment/OUTDOOR1-bottom/1690.png" width="640" height="480">
    <box label="ball" occluded="0" source="manual" xtl="307.21" ytl="197.10" xbr="467.82" ybr="357.10" z_order="0">
      <attribute name="smudge">false</attribute>
    </box>
  </image>
  <image id="210" name="rc19-experiment/OUTDOOR1-bottom/1686.png" width="640" height="480">
    <box label="ball" occluded="0" source="manual" xtl="262.80" ytl="229.34" xbr="414.89" ybr="383.86" z_order="0">
      <attribute name="smudge">false</attribute>
    </box>
  </image>
  <image id="209" name="rc19-experiment/OUTDOOR1-bottom/1683.png" width="640" height="480">
    <box label="ball" occluded="0" source="manual" xtl="175.80" ytl="209.26" xbr="330.94" ybr="364.40" z_order="0">
      <attribute name="smudge">false</attribute>
    </box>
  </image>
  <image id="208" name="rc19-experiment/OUTDOOR1-bottom/1680.png" width="640" height="480">
    <box label="ball" occluded="0" source="manual" xtl="166.07" ytl="193.45" xbr="317.55" ybr="341.28" z_order="0">
      <attribute name="smudge">false</attribute>
    </box>
  </image>
  <image id="207" name="rc19-experiment/OUTDOOR1-bottom/1677.png" width="640" height="480">
    <box label="ball" occluded="0" source="manual" xtl="223.86" ytl="155.12" xbr="372.31" ybr="318.16" z_order="0">
      <attribute name="smudge">false</attribute>
    </box>
  </image>
  <image id="206" name="rc19-experiment/OUTDOOR1-bottom/1673.png" width="640" height="480">
    <box label="ball" occluded="0" source="manual" xtl="290.78" ytl="99.15" xbr="441.05" ybr="253.67" z_order="0">
      <attribute name="smudge">false</attribute>
    </box>
  </image>
  <image id="205" name="rc19-experiment/OUTDOOR1-bottom/1670.png" width="640" height="480">
    <box label="ball" occluded="0" source="manual" xtl="240.29" ytl="68.73" xbr="378.39" ybr="233.60" z_order="0">
      <attribute name="smudge">false</attribute>
    </box>
  </image>
  <image id="204" name="rc19-experiment/OUTDOOR1-bottom/1667.png" width="640" height="480">
    <box label="ball" occluded="0" source="manual" xtl="169.11" ytl="6.07" xbr="311.47" ybr="151.47" z_order="0">
      <attribute name="smudge">false</attribute>
    </box>
  </image>
  <image id="203" name="rc19-experiment/OUTDOOR1-bottom/1663.png" width="640" height="480">
    <box label="ball" occluded="0" source="manual" xtl="238.50" ytl="102.80" xbr="372.31" ybr="232.99" z_order="0">
      <attribute name="smudge">false</attribute>
    </box>
  </image>
  <image id="202" name="rc19-experiment/OUTDOOR1-bottom/1660.png" width="640" height="480">
    <box label="ball" occluded="0" source="manual" xtl="272.53" ytl="135.65" xbr="396.60" ybr="262.19" z_order="0">
      <attribute name="smudge">false</attribute>
    </box>
  </image>
  <image id="201" name="rc19-experiment/OUTDOOR1-bottom/1657.png" width="640" height="480">
    <box label="ball" occluded="0" source="manual" xtl="269.49" ytl="150.86" xbr="385.08" ybr="269.49" z_order="0">
      <attribute name="smudge">false</attribute>
    </box>
  </image>
  <image id="200" name="rc19-experiment/OUTDOOR1-bottom/1654.png" width="640" height="480">
    <box label="ball" occluded="0" source="manual" xtl="281.66" ytl="243.94" xbr="396.03" ybr="360.14" z_order="0">
      <attribute name="smudge">false</attribute>
    </box>
  </image>
  <image id="199" name="rc19-experiment/OUTDOOR1-bottom/1651.png" width="640" height="480">
    <box label="ball" occluded="0" source="manual" xtl="254.28" ytl="170.94" xbr="365.00" ybr="292.00" z_order="0">
      <attribute name="smudge">false</attribute>
    </box>
  </image>
  <image id="198" name="rc19-experiment/OUTDOOR1-bottom/1648.png" width="640" height="480">
    <box label="ball" occluded="0" source="manual" xtl="234.81" ytl="175.80" xbr="341.89" ybr="281.05" z_order="0">
      <attribute name="smudge">false</attribute>
    </box>
  </image>
  <image id="197" name="rc19-experiment/OUTDOOR1-bottom/1644.png" width="640" height="480">
    <box label="ball" occluded="0" source="manual" xtl="278.01" ytl="194.05" xbr="378.39" ybr="298.08" z_order="0">
      <attribute name="smudge">false</attribute>
    </box>
  </image>
  <image id="196" name="rc19-experiment/OUTDOOR1-bottom/1640.png" width="640" height="480">
    <box label="ball" occluded="0" source="manual" xtl="287.13" ytl="150.86" xbr="383.26" ybr="246.98" z_order="0">
      <attribute name="smudge">false</attribute>
    </box>
  </image>
  <image id="195" name="rc19-experiment/OUTDOOR1-bottom/1636.png" width="640" height="480">
    <box label="ball" occluded="0" source="manual" xtl="270.10" ytl="156.94" xbr="363.79" ybr="251.85" z_order="0">
      <attribute name="smudge">false</attribute>
    </box>
  </image>
  <image id="194" name="rc19-experiment/OUTDOOR1-bottom/1633.png" width="640" height="480">
    <box label="ball" occluded="0" source="manual" xtl="298.69" ytl="130.18" xbr="396.64" ybr="225.69" z_order="0">
      <attribute name="smudge">false</attribute>
    </box>
  </image>
  <image id="193" name="rc19-experiment/OUTDOOR1-bottom/1630.png" width="640" height="480">
    <box label="ball" occluded="0" source="manual" xtl="310.86" ytl="178.24" xbr="407.59" ybr="274.36" z_order="0">
      <attribute name="smudge">false</attribute>
    </box>
  </image>
  <image id="192" name="rc19-experiment/OUTDOOR1-bottom/1627.png" width="640" height="480">
    <box label="ball" occluded="0" source="manual" xtl="324.85" ytl="137.50" xbr="421.58" ybr="238.47" z_order="0">
      <attribute name="smudge">false</attribute>
    </box>
  </image>
  <image id="191" name="rc19-experiment/OUTDOOR1-bottom/1624.png" width="640" height="480">
    <box label="ball" occluded="0" source="manual" xtl="288.96" ytl="111.92" xbr="384.47" ybr="208.66" z_order="0">
      <attribute name="smudge">false</attribute>
    </box>
  </image>
  <image id="190" name="rc19-experiment/OUTDOOR1-bottom/1620.png" width="640" height="480">
    <box label="ball" occluded="0" source="manual" xtl="331.54" ytl="142.95" xbr="425.84" ybr="233.60" z_order="0">
      <attribute name="smudge">false</attribute>
    </box>
  </image>
  <image id="189" name="rc19-experiment/OUTDOOR1-bottom/1617.png" width="640" height="480">
    <box label="ball" occluded="0" source="manual" xtl="310.25" ytl="114.36" xbr="399.07" ybr="211.09" z_order="0">
      <attribute name="smudge">false</attribute>
    </box>
  </image>
  <image id="188" name="rc19-experiment/OUTDOOR1-bottom/1614.png" width="640" height="480">
    <box label="ball" occluded="0" source="manual" xtl="297.50" ytl="144.78" xbr="391.16" ybr="235.42" z_order="0">
      <attribute name="smudge">false</attribute>
    </box>
  </image>
  <image id="187" name="rc19-experiment/OUTDOOR1-bottom/1610.png" width="640" height="480">
    <box label="ball" occluded="0" source="manual" xtl="329.72" ytl="152.08" xbr="417.93" ybr="248.81" z_order="0">
      <attribute name="smudge">false</attribute>
    </box>
  </image>
  <image id="186" name="rc19-experiment/OUTDOOR1-bottom/1607.png" width="640" height="480">
    <box label="ball" occluded="0" source="manual" xtl="319.38" ytl="108.88" xbr="411.24" ybr="201.96" z_order="0">
      <attribute name="smudge">false</attribute>
    </box>
  </image>
  <image id="185" name="rc19-experiment/OUTDOOR1-bottom/1603.png" width="640" height="480">
    <box label="ball" occluded="0" source="manual" xtl="293.22" ytl="130.18" xbr="385.69" ybr="222.65" z_order="0">
      <attribute name="smudge">false</attribute>
    </box>
  </image>
  <image id="184" name="rc19-experiment/OUTDOOR1-bottom/1599.png" width="640" height="480">
    <box label="ball" occluded="0" source="manual" xtl="187.36" ytl="213.52" xbr="278.62" ybr="302.34" z_order="0">
      <attribute name="smudge">false</attribute>
    </box>
  </image>
  <image id="183" name="rc19-experiment/OUTDOOR1-bottom/1596.png" width="640" height="480">
    <box label="ball" occluded="0" source="manual" xtl="90.00" ytl="240.29" xbr="183.71" ybr="327.89" z_order="0">
      <attribute name="smudge">false</attribute>
    </box>
  </image>
  <image id="182" name="rc19-experiment/OUTDOOR1-bottom/1593.png" width="640" height="480">
    <box label="ball" occluded="0" source="manual" xtl="15.80" ytl="257.90" xbr="117.40" ybr="362.57" z_order="0">
      <attribute name="smudge">false</attribute>
    </box>
  </image>
  <image id="181" name="rc19-experiment/OUTDOOR1-bottom/1590.png" width="640" height="480">
    <box label="ball" occluded="0" source="manual" xtl="0.00" ytl="290.18" xbr="29.80" ybr="375.96" z_order="0">
      <attribute name="smudge">false</attribute>
    </box>
  </image>
  <image id="180" name="rc19-experiment/OUTDOOR1-bottom/1586.png" width="640" height="480">
  </image>
  <image id="179" name="rc19-experiment/OUTDOOR1-bottom/1583.png" width="640" height="480">
  </image>
  <image id="178" name="rc19-experiment/OUTDOOR1-bottom/1580.png" width="640" height="480">
  </image>
  <image id="177" name="rc19-experiment/OUTDOOR1-bottom/1577.png" width="640" height="480">
  </image>
  <image id="176" name="rc19-experiment/OUTDOOR1-bottom/1574.png" width="640" height="480">
  </image>
  <image id="175" name="rc19-experiment/OUTDOOR1-bottom/1570.png" width="640" height="480">
  </image>
  <image id="174" name="rc19-experiment/OUTDOOR1-bottom/1567.png" width="640" height="480">
  </image>
  <image id="173" name="rc19-experiment/OUTDOOR1-bottom/1563.png" width="640" height="480">
  </image>
  <image id="172" name="rc19-experiment/OUTDOOR1-bottom/1560.png" width="640" height="480">
  </image>
  <image id="171" name="rc19-experiment/OUTDOOR1-bottom/1557.png" width="640" height="480">
  </image>
  <image id="170" name="rc19-experiment/OUTDOOR1-bottom/1554.png" width="640" height="480">
  </image>
  <image id="169" name="rc19-experiment/OUTDOOR1-bottom/1550.png" width="640" height="480">
  </image>
  <image id="168" name="rc19-experiment/OUTDOOR1-bottom/1547.png" width="640" height="480">
  </image>
  <image id="167" name="rc19-experiment/OUTDOOR1-bottom/1544.png" width="640" height="480">
  </image>
  <image id="166" name="rc19-experiment/OUTDOOR1-bottom/1540.png" width="640" height="480">
  </image>
  <image id="165" name="rc19-experiment/OUTDOOR1-bottom/1536.png" width="640" height="480">
  </image>
  <image id="164" name="rc19-experiment/OUTDOOR1-bottom/1533.png" width="640" height="480">
  </image>
  <image id="163" name="rc19-experiment/OUTDOOR1-bottom/1529.png" width="640" height="480">
  </image>
  <image id="162" name="rc19-experiment/OUTDOOR1-bottom/1526.png" width="640" height="480">
  </image>
  <image id="161" name="rc19-experiment/OUTDOOR1-bottom/1523.png" width="640" height="480">
  </image>
  <image id="160" name="rc19-experiment/OUTDOOR1-bottom/1520.png" width="640" height="480">
  </image>
  <image id="159" name="rc19-experiment/OUTDOOR1-bottom/1517.png" width="640" height="480">
  </image>
  <image id="158" name="rc19-experiment/OUTDOOR1-bottom/1514.png" width="640" height="480">
  </image>
  <image id="157" name="rc19-experiment/OUTDOOR1-bottom/1511.png" width="640" height="480">
  </image>
  <image id="156" name="rc19-experiment/OUTDOOR1-bottom/1507.png" width="640" height="480">
  </image>
  <image id="155" name="rc19-experiment/OUTDOOR1-bottom/1504.png" width="640" height="480">
    <box label="ball" occluded="0" source="manual" xtl="41.35" ytl="4.24" xbr="105.84" ybr="70.60" z_order="0">
      <attribute name="smudge">false</attribute>
    </box>
  </image>
  <image id="154" name="rc19-experiment/OUTDOOR1-bottom/1501.png" width="640" height="480">
    <box label="ball" occluded="0" source="manual" xtl="128.96" ytl="1.20" xbr="174.59" ybr="27.97" z_order="0">
      <attribute name="smudge">false</attribute>
    </box>
  </image>
  <image id="153" name="rc19-experiment/OUTDOOR1-bottom/1498.png" width="640" height="480">
    <box label="ball" occluded="0" source="manual" xtl="179.45" ytl="1.20" xbr="232.38" ybr="35.88" z_order="0">
      <attribute name="smudge">false</attribute>
    </box>
  </image>
  <image id="152" name="rc19-experiment/OUTDOOR1-bottom/1495.png" width="640" height="480">
  </image>
  <image id="151" name="rc19-experiment/OUTDOOR1-bottom/1491.png" width="640" height="480">
    <box label="ball" occluded="0" source="manual" xtl="287.20" ytl="0.00" xbr="324.24" ybr="21.28" z_order="0">
      <attribute name="smudge">false</attribute>
    </box>
  </image>
  <image id="150" name="rc19-experiment/OUTDOOR1-bottom/1488.png" width="640" height="480">
  </image>
  <image id="149" name="rc19-experiment/OUTDOOR1-bottom/1485.png" width="640" height="480">
  </image>
  <image id="148" name="rc19-experiment/OUTDOOR1-bottom/1481.png" width="640" height="480">
    <box label="ball" occluded="0" source="manual" xtl="292.61" ytl="0.00" xbr="344.93" ybr="37.71" z_order="0">
      <attribute name="smudge">false</attribute>
    </box>
  </image>
  <image id="147" name="rc19-experiment/OUTDOOR1-bottom/1478.png" width="640" height="480">
  </image>
  <image id="146" name="rc19-experiment/OUTDOOR1-bottom/1475.png" width="640" height="480">
  </image>
  <image id="145" name="rc19-experiment/OUTDOOR1-bottom/1471.png" width="640" height="480">
  </image>
  <image id="144" name="rc19-experiment/OUTDOOR1-bottom/1468.png" width="640" height="480">
  </image>
  <image id="143" name="rc19-experiment/OUTDOOR1-bottom/1465.png" width="640" height="480">
  </image>
  <image id="142" name="rc19-experiment/OUTDOOR1-bottom/1462.png" width="640" height="480">
  </image>
  <image id="141" name="rc19-experiment/OUTDOOR1-bottom/1459.png" width="640" height="480">
  </image>
  <image id="140" name="rc19-experiment/OUTDOOR1-bottom/1456.png" width="640" height="480">
  </image>
  <image id="139" name="rc19-experiment/OUTDOOR1-bottom/1453.png" width="640" height="480">
  </image>
  <image id="138" name="rc19-experiment/OUTDOOR1-bottom/1449.png" width="640" height="480">
  </image>
  <image id="137" name="rc19-experiment/OUTDOOR1-bottom/1446.png" width="640" height="480">
  </image>
  <image id="136" name="rc19-experiment/OUTDOOR1-bottom/1443.png" width="640" height="480">
  </image>
  <image id="135" name="rc19-experiment/OUTDOOR1-bottom/1440.png" width="640" height="480">
  </image>
  <image id="134" name="rc19-experiment/OUTDOOR1-bottom/1437.png" width="640" height="480">
  </image>
  <image id="133" name="rc19-experiment/OUTDOOR1-bottom/1434.png" width="640" height="480">
  </image>
  <image id="132" name="rc19-experiment/OUTDOOR1-bottom/1430.png" width="640" height="480">
  </image>
  <image id="131" name="rc19-experiment/OUTDOOR1-bottom/1427.png" width="640" height="480">
  </image>
  <image id="130" name="rc19-experiment/OUTDOOR1-bottom/1424.png" width="640" height="480">
  </image>
  <image id="129" name="rc19-experiment/OUTDOOR1-bottom/1421.png" width="640" height="480">
  </image>
  <image id="128" name="rc19-experiment/OUTDOOR1-bottom/1417.png" width="640" height="480">
  </image>
  <image id="127" name="rc19-experiment/OUTDOOR1-bottom/1414.png" width="640" height="480">
  </image>
  <image id="126" name="rc19-experiment/OUTDOOR1-bottom/1411.png" width="640" height="480">
  </image>
  <image id="125" name="rc19-experiment/OUTDOOR1-bottom/1408.png" width="640" height="480">
  </image>
  <image id="124" name="rc19-experiment/OUTDOOR1-bottom/1404.png" width="640" height="480">
  </image>
  <image id="123" name="rc19-experiment/OUTDOOR1-bottom/1401.png" width="640" height="480">
  </image>
  <image id="122" name="rc19-experiment/OUTDOOR1-bottom/1398.png" width="640" height="480">
  </image>
  <image id="121" name="rc19-experiment/OUTDOOR1-bottom/1395.png" width="640" height="480">
  </image>
  <image id="120" name="rc19-experiment/OUTDOOR1-bottom/1392.png" width="640" height="480">
  </image>
  <image id="119" name="rc19-experiment/OUTDOOR1-bottom/1389.png" width="640" height="480">
  </image>
  <image id="118" name="rc19-experiment/OUTDOOR1-bottom/1385.png" width="640" height="480">
  </image>
  <image id="117" name="rc19-experiment/OUTDOOR1-bottom/1382.png" width="640" height="480">
  </image>
  <image id="116" name="rc19-experiment/OUTDOOR1-bottom/1378.png" width="640" height="480">
  </image>
  <image id="115" name="rc19-experiment/OUTDOOR1-bottom/1375.png" width="640" height="480">
  </image>
  <image id="114" name="rc19-experiment/OUTDOOR1-bottom/1372.png" width="640" height="480">
  </image>
  <image id="113" name="rc19-experiment/OUTDOOR1-bottom/1368.png" width="640" height="480">
  </image>
  <image id="112" name="rc19-experiment/OUTDOOR1-bottom/1365.png" width="640" height="480">
  </image>
  <image id="111" name="rc19-experiment/OUTDOOR1-bottom/1362.png" width="640" height="480">
  </image>
  <image id="110" name="rc19-experiment/OUTDOOR1-bottom/1358.png" width="640" height="480">
  </image>
  <image id="109" name="rc19-experiment/OUTDOOR1-bottom/1355.png" width="640" height="480">
  </image>
  <image id="108" name="rc19-experiment/OUTDOOR1-bottom/1352.png" width="640" height="480">
  </image>
  <image id="107" name="rc19-experiment/OUTDOOR1-bottom/1349.png" width="640" height="480">
  </image>
  <image id="106" name="rc19-experiment/OUTDOOR1-bottom/1345.png" width="640" height="480">
  </image>
  <image id="105" name="rc19-experiment/OUTDOOR1-bottom/1342.png" width="640" height="480">
  </image>
  <image id="104" name="rc19-experiment/OUTDOOR1-bottom/1339.png" width="640" height="480">
  </image>
  <image id="103" name="rc19-experiment/OUTDOOR1-bottom/1336.png" width="640" height="480">
  </image>
  <image id="102" name="rc19-experiment/OUTDOOR1-bottom/1333.png" width="640" height="480">
  </image>
  <image id="101" name="rc19-experiment/OUTDOOR1-bottom/1330.png" width="640" height="480">
  </image>
  <image id="100" name="rc19-experiment/OUTDOOR1-bottom/1326.png" width="640" height="480">
  </image>
  <image id="99" name="rc19-experiment/OUTDOOR1-bottom/1322.png" width="640" height="480">
  </image>
  <image id="98" name="rc19-experiment/OUTDOOR1-bottom/1319.png" width="640" height="480">
  </image>
  <image id="97" name="rc19-experiment/OUTDOOR1-bottom/1316.png" width="640" height="480">
  </image>
  <image id="96" name="rc19-experiment/OUTDOOR1-bottom/1312.png" width="640" height="480">
  </image>
  <image id="95" name="rc19-experiment/OUTDOOR1-bottom/1309.png" width="640" height="480">
  </image>
  <image id="94" name="rc19-experiment/OUTDOOR1-bottom/1306.png" width="640" height="480">
  </image>
  <image id="93" name="rc19-experiment/OUTDOOR1-bottom/1303.png" width="640" height="480">
  </image>
  <image id="92" name="rc19-experiment/OUTDOOR1-bottom/1300.png" width="640" height="480">
  </image>
  <image id="91" name="rc19-experiment/OUTDOOR1-bottom/1296.png" width="640" height="480">
  </image>
  <image id="90" name="rc19-experiment/OUTDOOR1-bottom/1293.png" width="640" height="480">
  </image>
  <image id="89" name="rc19-experiment/OUTDOOR1-bottom/1289.png" width="640" height="480">
  </image>
  <image id="88" name="rc19-experiment/OUTDOOR1-bottom/1285.png" width="640" height="480">
  </image>
  <image id="87" name="rc19-experiment/OUTDOOR1-bottom/1282.png" width="640" height="480">
  </image>
  <image id="86" name="rc19-experiment/OUTDOOR1-bottom/1279.png" width="640" height="480">
  </image>
  <image id="85" name="rc19-experiment/OUTDOOR1-bottom/1276.png" width="640" height="480">
  </image>
  <image id="84" name="rc19-experiment/OUTDOOR1-bottom/1273.png" width="640" height="480">
  </image>
  <image id="83" name="rc19-experiment/OUTDOOR1-bottom/1270.png" width="640" height="480">
  </image>
  <image id="82" name="rc19-experiment/OUTDOOR1-bottom/1267.png" width="640" height="480">
  </image>
  <image id="81" name="rc19-experiment/OUTDOOR1-bottom/1263.png" width="640" height="480">
  </image>
  <image id="80" name="rc19-experiment/OUTDOOR1-bottom/1260.png" width="640" height="480">
  </image>
  <image id="79" name="rc19-experiment/OUTDOOR1-bottom/1256.png" width="640" height="480">
  </image>
  <image id="78" name="rc19-experiment/OUTDOOR1-bottom/1253.png" width="640" height="480">
  </image>
  <image id="77" name="rc19-experiment/OUTDOOR1-bottom/1250.png" width="640" height="480">
  </image>
  <image id="76" name="rc19-experiment/OUTDOOR1-bottom/1247.png" width="640" height="480">
  </image>
  <image id="75" name="rc19-experiment/OUTDOOR1-bottom/1244.png" width="640" height="480">
  </image>
  <image id="74" name="rc19-experiment/OUTDOOR1-bottom/1241.png" width="640" height="480">
  </image>
  <image id="73" name="rc19-experiment/OUTDOOR1-bottom/1237.png" width="640" height="480">
  </image>
  <image id="72" name="rc19-experiment/OUTDOOR1-bottom/1234.png" width="640" height="480">
  </image>
  <image id="71" name="rc19-experiment/OUTDOOR1-bottom/1231.png" width="640" height="480">
  </image>
  <image id="70" name="rc19-experiment/OUTDOOR1-bottom/1228.png" width="640" height="480">
  </image>
  <image id="69" name="rc19-experiment/OUTDOOR1-bottom/1225.png" width="640" height="480">
  </image>
  <image id="68" name="rc19-experiment/OUTDOOR1-bottom/1222.png" width="640" height="480">
  </image>
  <image id="67" name="rc19-experiment/OUTDOOR1-bottom/1219.png" width="640" height="480">
  </image>
  <image id="66" name="rc19-experiment/OUTDOOR1-bottom/1216.png" width="640" height="480">
  </image>
  <image id="65" name="rc19-experiment/OUTDOOR1-bottom/1213.png" width="640" height="480">
  </image>
  <image id="64" name="rc19-experiment/OUTDOOR1-bottom/1210.png" width="640" height="480">
  </image>
  <image id="63" name="rc19-experiment/OUTDOOR1-bottom/1207.png" width="640" height="480">
  </image>
  <image id="62" name="rc19-experiment/OUTDOOR1-bottom/1203.png" width="640" height="480">
  </image>
  <image id="61" name="rc19-experiment/OUTDOOR1-bottom/1200.png" width="640" height="480">
  </image>
  <image id="60" name="rc19-experiment/OUTDOOR1-bottom/1196.png" width="640" height="480">
  </image>
  <image id="59" name="rc19-experiment/OUTDOOR1-bottom/1192.png" width="640" height="480">
  </image>
  <image id="58" name="rc19-experiment/OUTDOOR1-bottom/1189.png" width="640" height="480">
  </image>
  <image id="57" name="rc19-experiment/OUTDOOR1-bottom/1186.png" width="640" height="480">
  </image>
  <image id="56" name="rc19-experiment/OUTDOOR1-bottom/1183.png" width="640" height="480">
  </image>
  <image id="55" name="rc19-experiment/OUTDOOR1-bottom/1180.png" width="640" height="480">
  </image>
  <image id="54" name="rc19-experiment/OUTDOOR1-bottom/1177.png" width="640" height="480">
  </image>
  <image id="53" name="rc19-experiment/OUTDOOR1-bottom/1174.png" width="640" height="480">
  </image>
  <image id="52" name="rc19-experiment/OUTDOOR1-bottom/1171.png" width="640" height="480">
  </image>
  <image id="51" name="rc19-experiment/OUTDOOR1-bottom/1167.png" width="640" height="480">
  </image>
  <image id="50" name="rc19-experiment/OUTDOOR1-bottom/1164.png" width="640" height="480">
  </image>
  <image id="49" name="rc19-experiment/OUTDOOR1-bottom/1161.png" width="640" height="480">
  </image>
  <image id="48" name="rc19-experiment/OUTDOOR1-bottom/1158.png" width="640" height="480">
  </image>
  <image id="47" name="rc19-experiment/OUTDOOR1-bottom/1155.png" width="640" height="480">
  </image>
  <image id="46" name="rc19-experiment/OUTDOOR1-bottom/1152.png" width="640" height="480">
  </image>
  <image id="45" name="rc19-experiment/OUTDOOR1-bottom/1149.png" width="640" height="480">
  </image>
  <image id="44" name="rc19-experiment/OUTDOOR1-bottom/1145.png" width="640" height="480">
  </image>
  <image id="43" name="rc19-experiment/OUTDOOR1-bottom/1141.png" width="640" height="480">
  </image>
  <image id="42" name="rc19-experiment/OUTDOOR1-bottom/1137.png" width="640" height="480">
  </image>
  <image id="41" name="rc19-experiment/OUTDOOR1-bottom/1133.png" width="640" height="480">
  </image>
  <image id="40" name="rc19-experiment/OUTDOOR1-bottom/1130.png" width="640" height="480">
  </image>
  <image id="39" name="rc19-experiment/OUTDOOR1-bottom/1127.png" width="640" height="480">
  </image>
  <image id="38" name="rc19-experiment/OUTDOOR1-bottom/1124.png" width="640" height="480">
  </image>
  <image id="37" name="rc19-experiment/OUTDOOR1-bottom/1120.png" width="640" height="480">
  </image>
  <image id="36" name="rc19-experiment/OUTDOOR1-bottom/1117.png" width="640" height="480">
  </image>
  <image id="35" name="rc19-experiment/OUTDOOR1-bottom/1114.png" width="640" height="480">
  </image>
  <image id="34" name="rc19-experiment/OUTDOOR1-bottom/1110.png" width="640" height="480">
  </image>
  <image id="33" name="rc19-experiment/OUTDOOR1-bottom/1107.png" width="640" height="480">
  </image>
  <image id="32" name="rc19-experiment/OUTDOOR1-bottom/1104.png" width="640" height="480">
  </image>
  <image id="31" name="rc19-experiment/OUTDOOR1-bottom/1101.png" width="640" height="480">
  </image>
  <image id="30" name="rc19-experiment/OUTDOOR1-bottom/1098.png" width="640" height="480">
  </image>
  <image id="29" name="rc19-experiment/OUTDOOR1-bottom/1095.png" width="640" height="480">
  </image>
  <image id="28" name="rc19-experiment/OUTDOOR1-bottom/1092.png" width="640" height="480">
  </image>
  <image id="27" name="rc19-experiment/OUTDOOR1-bottom/1089.png" width="640" height="480">
  </image>
  <image id="26" name="rc19-experiment/OUTDOOR1-bottom/1086.png" width="640" height="480">
  </image>
  <image id="25" name="rc19-experiment/OUTDOOR1-bottom/1083.png" width="640" height="480">
  </image>
  <image id="24" name="rc19-experiment/OUTDOOR1-bottom/1080.png" width="640" height="480">
  </image>
  <image id="23" name="rc19-experiment/OUTDOOR1-bottom/1077.png" width="640" height="480">
  </image>
  <image id="22" name="rc19-experiment/OUTDOOR1-bottom/1074.png" width="640" height="480">
  </image>
  <image id="21" name="rc19-experiment/OUTDOOR1-bottom/1071.png" width="640" height="480">
  </image>
  <image id="20" name="rc19-experiment/OUTDOOR1-bottom/1068.png" width="640" height="480">
  </image>
  <image id="19" name="rc19-experiment/OUTDOOR1-bottom/1064.png" width="640" height="480">
  </image>
  <image id="18" name="rc19-experiment/OUTDOOR1-bottom/1061.png" width="640" height="480">
  </image>
  <image id="17" name="rc19-experiment/OUTDOOR1-bottom/1058.png" width="640" height="480">
  </image>
  <image id="16" name="rc19-experiment/OUTDOOR1-bottom/1055.png" width="640" height="480">
  </image>
  <image id="15" name="rc19-experiment/OUTDOOR1-bottom/1052.png" width="640" height="480">
  </image>
  <image id="14" name="rc19-experiment/OUTDOOR1-bottom/1049.png" width="640" height="480">
  </image>
  <image id="13" name="rc19-experiment/OUTDOOR1-bottom/1046.png" width="640" height="480">
  </image>
  <image id="12" name="rc19-experiment/OUTDOOR1-bottom/1043.png" width="640" height="480">
  </image>
  <image id="11" name="rc19-experiment/OUTDOOR1-bottom/1039.png" width="640" height="480">
  </image>
  <image id="10" name="rc19-experiment/OUTDOOR1-bottom/1035.png" width="640" height="480">
  </image>
  <image id="9" name="rc19-experiment/OUTDOOR1-bottom/1031.png" width="640" height="480">
  </image>
  <image id="8" name="rc19-experiment/OUTDOOR1-bottom/1028.png" width="640" height="480">
  </image>
  <image id="7" name="rc19-experiment/OUTDOOR1-bottom/1025.png" width="640" height="480">
  </image>
  <image id="6" name="rc19-experiment/OUTDOOR1-bottom/1022.png" width="640" height="480">
  </image>
  <image id="5" name="rc19-experiment/OUTDOOR1-bottom/1018.png" width="640" height="480">
  </image>
  <image id="4" name="rc19-experiment/OUTDOOR1-bottom/1014.png" width="640" height="480">
  </image>
  <image id="3" name="rc19-experiment/OUTDOOR1-bottom/1011.png" width="640" height="480">
  </image>
  <image id="2" name="rc19-experiment/OUTDOOR1-bottom/1008.png" width="640" height="480">
  </image>
  <image id="1" name="rc19-experiment/OUTDOOR1-bottom/1005.png" width="640" height="480">
  </image>
  <image id="0" name="rc19-experiment/OUTDOOR1-bottom/1002.png" width="640" height="480">
  </image>
</annotations>