<?xml version="1.0" encoding="utf-8"?>
<annotations>
  <version>1.1</version>
  <meta>
    <task>
      <id>21</id>
      <name>RC19Experiments-INDOOR-GOALY_SET_bottom</name>
      <size>424</size>
      <mode>annotation</mode>
      <overlap>0</overlap>
      <bugtracker></bugtracker>
      <created>2020-04-05 10:14:13.543986+00:00</created>
      <updated>2021-05-26 08:20:29.668248+00:00</updated>
      <start_frame>0</start_frame>
      <stop_frame>423</stop_frame>
      <frame_filter></frame_filter>
      <labels>
        <label>
          <name>ball</name>
          <color>#804080</color>
          <attributes>
          </attributes>
        </label>
        <label>
          <name>nao</name>
          <color>#29b666</color>
          <attributes>
          </attributes>
        </label>
      </labels>
      <segments>
        <segment>
          <id>21</id>
          <start>0</start>
          <stop>423</stop>
          <url>httpball.informatik.hu-berlin.de/?id=21</url>
        </segment>
      </segments>
      <owner>
        <username>nao</username>
        <email></email>
      </owner>
      <assignee></assignee>
    </task>
    <dumped>2021-05-26 08:20:33.341243+00:00</dumped>
  </meta>
  <image id="423" name="rc19-experiment/INDOOR/GOALY_SET_bottom/34712.png" width="640" height="480">
  </image>
  <image id="422" name="rc19-experiment/INDOOR/GOALY_SET_bottom/34709.png" width="640" height="480">
  </image>
  <image id="421" name="rc19-experiment/INDOOR/GOALY_SET_bottom/34706.png" width="640" height="480">
  </image>
  <image id="420" name="rc19-experiment/INDOOR/GOALY_SET_bottom/34702.png" width="640" height="480">
  </image>
  <image id="419" name="rc19-experiment/INDOOR/GOALY_SET_bottom/34699.png" width="640" height="480">
  </image>
  <image id="418" name="rc19-experiment/INDOOR/GOALY_SET_bottom/34695.png" width="640" height="480">
  </image>
  <image id="417" name="rc19-experiment/INDOOR/GOALY_SET_bottom/34692.png" width="640" height="480">
  </image>
  <image id="416" name="rc19-experiment/INDOOR/GOALY_SET_bottom/34688.png" width="640" height="480">
  </image>
  <image id="415" name="rc19-experiment/INDOOR/GOALY_SET_bottom/34685.png" width="640" height="480">
  </image>
  <image id="414" name="rc19-experiment/INDOOR/GOALY_SET_bottom/34682.png" width="640" height="480">
  </image>
  <image id="413" name="rc19-experiment/INDOOR/GOALY_SET_bottom/34679.png" width="640" height="480">
  </image>
  <image id="412" name="rc19-experiment/INDOOR/GOALY_SET_bottom/34675.png" width="640" height="480">
  </image>
  <image id="411" name="rc19-experiment/INDOOR/GOALY_SET_bottom/34672.png" width="640" height="480">
  </image>
  <image id="410" name="rc19-experiment/INDOOR/GOALY_SET_bottom/34669.png" width="640" height="480">
  </image>
  <image id="409" name="rc19-experiment/INDOOR/GOALY_SET_bottom/34665.png" width="640" height="480">
  </image>
  <image id="408" name="rc19-experiment/INDOOR/GOALY_SET_bottom/34662.png" width="640" height="480">
  </image>
  <image id="407" name="rc19-experiment/INDOOR/GOALY_SET_bottom/34658.png" width="640" height="480">
  </image>
  <image id="406" name="rc19-experiment/INDOOR/GOALY_SET_bottom/34655.png" width="640" height="480">
  </image>
  <image id="405" name="rc19-experiment/INDOOR/GOALY_SET_bottom/34651.png" width="640" height="480">
  </image>
  <image id="404" name="rc19-experiment/INDOOR/GOALY_SET_bottom/34648.png" width="640" height="480">
  </image>
  <image id="403" name="rc19-experiment/INDOOR/GOALY_SET_bottom/34645.png" width="640" height="480">
  </image>
  <image id="402" name="rc19-experiment/INDOOR/GOALY_SET_bottom/34641.png" width="640" height="480">
  </image>
  <image id="401" name="rc19-experiment/INDOOR/GOALY_SET_bottom/34638.png" width="640" height="480">
  </image>
  <image id="400" name="rc19-experiment/INDOOR/GOALY_SET_bottom/34634.png" width="640" height="480">
  </image>
  <image id="399" name="rc19-experiment/INDOOR/GOALY_SET_bottom/34631.png" width="640" height="480">
  </image>
  <image id="398" name="rc19-experiment/INDOOR/GOALY_SET_bottom/34628.png" width="640" height="480">
  </image>
  <image id="397" name="rc19-experiment/INDOOR/GOALY_SET_bottom/34625.png" width="640" height="480">
  </image>
  <image id="396" name="rc19-experiment/INDOOR/GOALY_SET_bottom/34621.png" width="640" height="480">
  </image>
  <image id="395" name="rc19-experiment/INDOOR/GOALY_SET_bottom/34617.png" width="640" height="480">
  </image>
  <image id="394" name="rc19-experiment/INDOOR/GOALY_SET_bottom/34614.png" width="640" height="480">
  </image>
  <image id="393" name="rc19-experiment/INDOOR/GOALY_SET_bottom/34611.png" width="640" height="480">
  </image>
  <image id="392" name="rc19-experiment/INDOOR/GOALY_SET_bottom/34607.png" width="640" height="480">
  </image>
  <image id="391" name="rc19-experiment/INDOOR/GOALY_SET_bottom/34604.png" width="640" height="480">
  </image>
  <image id="390" name="rc19-experiment/INDOOR/GOALY_SET_bottom/34600.png" width="640" height="480">
  </image>
  <image id="389" name="rc19-experiment/INDOOR/GOALY_SET_bottom/34597.png" width="640" height="480">
  </image>
  <image id="388" name="rc19-experiment/INDOOR/GOALY_SET_bottom/34593.png" width="640" height="480">
  </image>
  <image id="387" name="rc19-experiment/INDOOR/GOALY_SET_bottom/34590.png" width="640" height="480">
  </image>
  <image id="386" name="rc19-experiment/INDOOR/GOALY_SET_bottom/34586.png" width="640" height="480">
  </image>
  <image id="385" name="rc19-experiment/INDOOR/GOALY_SET_bottom/34583.png" width="640" height="480">
  </image>
  <image id="384" name="rc19-experiment/INDOOR/GOALY_SET_bottom/34580.png" width="640" height="480">
  </image>
  <image id="383" name="rc19-experiment/INDOOR/GOALY_SET_bottom/34577.png" width="640" height="480">
  </image>
  <image id="382" name="rc19-experiment/INDOOR/GOALY_SET_bottom/34573.png" width="640" height="480">
  </image>
  <image id="381" name="rc19-experiment/INDOOR/GOALY_SET_bottom/34570.png" width="640" height="480">
  </image>
  <image id="380" name="rc19-experiment/INDOOR/GOALY_SET_bottom/34566.png" width="640" height="480">
  </image>
  <image id="379" name="rc19-experiment/INDOOR/GOALY_SET_bottom/34563.png" width="640" height="480">
  </image>
  <image id="378" name="rc19-experiment/INDOOR/GOALY_SET_bottom/34560.png" width="640" height="480">
  </image>
  <image id="377" name="rc19-experiment/INDOOR/GOALY_SET_bottom/34556.png" width="640" height="480">
  </image>
  <image id="376" name="rc19-experiment/INDOOR/GOALY_SET_bottom/34553.png" width="640" height="480">
  </image>
  <image id="375" name="rc19-experiment/INDOOR/GOALY_SET_bottom/34550.png" width="640" height="480">
  </image>
  <image id="374" name="rc19-experiment/INDOOR/GOALY_SET_bottom/34547.png" width="640" height="480">
  </image>
  <image id="373" name="rc19-experiment/INDOOR/GOALY_SET_bottom/34544.png" width="640" height="480">
  </image>
  <image id="372" name="rc19-experiment/INDOOR/GOALY_SET_bottom/34541.png" width="640" height="480">
  </image>
  <image id="371" name="rc19-experiment/INDOOR/GOALY_SET_bottom/34538.png" width="640" height="480">
  </image>
  <image id="370" name="rc19-experiment/INDOOR/GOALY_SET_bottom/34534.png" width="640" height="480">
  </image>
  <image id="369" name="rc19-experiment/INDOOR/GOALY_SET_bottom/34531.png" width="640" height="480">
  </image>
  <image id="368" name="rc19-experiment/INDOOR/GOALY_SET_bottom/34528.png" width="640" height="480">
  </image>
  <image id="367" name="rc19-experiment/INDOOR/GOALY_SET_bottom/34525.png" width="640" height="480">
  </image>
  <image id="366" name="rc19-experiment/INDOOR/GOALY_SET_bottom/34522.png" width="640" height="480">
  </image>
  <image id="365" name="rc19-experiment/INDOOR/GOALY_SET_bottom/34519.png" width="640" height="480">
  </image>
  <image id="364" name="rc19-experiment/INDOOR/GOALY_SET_bottom/34516.png" width="640" height="480">
  </image>
  <image id="363" name="rc19-experiment/INDOOR/GOALY_SET_bottom/34512.png" width="640" height="480">
  </image>
  <image id="362" name="rc19-experiment/INDOOR/GOALY_SET_bottom/34509.png" width="640" height="480">
  </image>
  <image id="361" name="rc19-experiment/INDOOR/GOALY_SET_bottom/34506.png" width="640" height="480">
  </image>
  <image id="360" name="rc19-experiment/INDOOR/GOALY_SET_bottom/34503.png" width="640" height="480">
  </image>
  <image id="359" name="rc19-experiment/INDOOR/GOALY_SET_bottom/34499.png" width="640" height="480">
  </image>
  <image id="358" name="rc19-experiment/INDOOR/GOALY_SET_bottom/34496.png" width="640" height="480">
  </image>
  <image id="357" name="rc19-experiment/INDOOR/GOALY_SET_bottom/34493.png" width="640" height="480">
  </image>
  <image id="356" name="rc19-experiment/INDOOR/GOALY_SET_bottom/34489.png" width="640" height="480">
  </image>
  <image id="355" name="rc19-experiment/INDOOR/GOALY_SET_bottom/34486.png" width="640" height="480">
  </image>
  <image id="354" name="rc19-experiment/INDOOR/GOALY_SET_bottom/34482.png" width="640" height="480">
  </image>
  <image id="353" name="rc19-experiment/INDOOR/GOALY_SET_bottom/34479.png" width="640" height="480">
  </image>
  <image id="352" name="rc19-experiment/INDOOR/GOALY_SET_bottom/34475.png" width="640" height="480">
  </image>
  <image id="351" name="rc19-experiment/INDOOR/GOALY_SET_bottom/34471.png" width="640" height="480">
  </image>
  <image id="350" name="rc19-experiment/INDOOR/GOALY_SET_bottom/34468.png" width="640" height="480">
  </image>
  <image id="349" name="rc19-experiment/INDOOR/GOALY_SET_bottom/34465.png" width="640" height="480">
  </image>
  <image id="348" name="rc19-experiment/INDOOR/GOALY_SET_bottom/34462.png" width="640" height="480">
  </image>
  <image id="347" name="rc19-experiment/INDOOR/GOALY_SET_bottom/34458.png" width="640" height="480">
  </image>
  <image id="346" name="rc19-experiment/INDOOR/GOALY_SET_bottom/34455.png" width="640" height="480">
  </image>
  <image id="345" name="rc19-experiment/INDOOR/GOALY_SET_bottom/34452.png" width="640" height="480">
  </image>
  <image id="344" name="rc19-experiment/INDOOR/GOALY_SET_bottom/34448.png" width="640" height="480">
  </image>
  <image id="343" name="rc19-experiment/INDOOR/GOALY_SET_bottom/34445.png" width="640" height="480">
  </image>
  <image id="342" name="rc19-experiment/INDOOR/GOALY_SET_bottom/34442.png" width="640" height="480">
  </image>
  <image id="341" name="rc19-experiment/INDOOR/GOALY_SET_bottom/34438.png" width="640" height="480">
  </image>
  <image id="340" name="rc19-experiment/INDOOR/GOALY_SET_bottom/34435.png" width="640" height="480">
  </image>
  <image id="339" name="rc19-experiment/INDOOR/GOALY_SET_bottom/34432.png" width="640" height="480">
  </image>
  <image id="338" name="rc19-experiment/INDOOR/GOALY_SET_bottom/34428.png" width="640" height="480">
  </image>
  <image id="337" name="rc19-experiment/INDOOR/GOALY_SET_bottom/34424.png" width="640" height="480">
  </image>
  <image id="336" name="rc19-experiment/INDOOR/GOALY_SET_bottom/34421.png" width="640" height="480">
  </image>
  <image id="335" name="rc19-experiment/INDOOR/GOALY_SET_bottom/34418.png" width="640" height="480">
  </image>
  <image id="334" name="rc19-experiment/INDOOR/GOALY_SET_bottom/34414.png" width="640" height="480">
  </image>
  <image id="333" name="rc19-experiment/INDOOR/GOALY_SET_bottom/34410.png" width="640" height="480">
  </image>
  <image id="332" name="rc19-experiment/INDOOR/GOALY_SET_bottom/34407.png" width="640" height="480">
  </image>
  <image id="331" name="rc19-experiment/INDOOR/GOALY_SET_bottom/34404.png" width="640" height="480">
  </image>
  <image id="330" name="rc19-experiment/INDOOR/GOALY_SET_bottom/34401.png" width="640" height="480">
  </image>
  <image id="329" name="rc19-experiment/INDOOR/GOALY_SET_bottom/34397.png" width="640" height="480">
  </image>
  <image id="328" name="rc19-experiment/INDOOR/GOALY_SET_bottom/34394.png" width="640" height="480">
  </image>
  <image id="327" name="rc19-experiment/INDOOR/GOALY_SET_bottom/34391.png" width="640" height="480">
  </image>
  <image id="326" name="rc19-experiment/INDOOR/GOALY_SET_bottom/34387.png" width="640" height="480">
  </image>
  <image id="325" name="rc19-experiment/INDOOR/GOALY_SET_bottom/34384.png" width="640" height="480">
  </image>
  <image id="324" name="rc19-experiment/INDOOR/GOALY_SET_bottom/34380.png" width="640" height="480">
  </image>
  <image id="323" name="rc19-experiment/INDOOR/GOALY_SET_bottom/34376.png" width="640" height="480">
  </image>
  <image id="322" name="rc19-experiment/INDOOR/GOALY_SET_bottom/34373.png" width="640" height="480">
  </image>
  <image id="321" name="rc19-experiment/INDOOR/GOALY_SET_bottom/34370.png" width="640" height="480">
  </image>
  <image id="320" name="rc19-experiment/INDOOR/GOALY_SET_bottom/34367.png" width="640" height="480">
  </image>
  <image id="319" name="rc19-experiment/INDOOR/GOALY_SET_bottom/34363.png" width="640" height="480">
  </image>
  <image id="318" name="rc19-experiment/INDOOR/GOALY_SET_bottom/34359.png" width="640" height="480">
  </image>
  <image id="317" name="rc19-experiment/INDOOR/GOALY_SET_bottom/34356.png" width="640" height="480">
  </image>
  <image id="316" name="rc19-experiment/INDOOR/GOALY_SET_bottom/34352.png" width="640" height="480">
  </image>
  <image id="315" name="rc19-experiment/INDOOR/GOALY_SET_bottom/34349.png" width="640" height="480">
  </image>
  <image id="314" name="rc19-experiment/INDOOR/GOALY_SET_bottom/34346.png" width="640" height="480">
  </image>
  <image id="313" name="rc19-experiment/INDOOR/GOALY_SET_bottom/34343.png" width="640" height="480">
  </image>
  <image id="312" name="rc19-experiment/INDOOR/GOALY_SET_bottom/34339.png" width="640" height="480">
  </image>
  <image id="311" name="rc19-experiment/INDOOR/GOALY_SET_bottom/34335.png" width="640" height="480">
  </image>
  <image id="310" name="rc19-experiment/INDOOR/GOALY_SET_bottom/34332.png" width="640" height="480">
  </image>
  <image id="309" name="rc19-experiment/INDOOR/GOALY_SET_bottom/34329.png" width="640" height="480">
  </image>
  <image id="308" name="rc19-experiment/INDOOR/GOALY_SET_bottom/34325.png" width="640" height="480">
  </image>
  <image id="307" name="rc19-experiment/INDOOR/GOALY_SET_bottom/34321.png" width="640" height="480">
  </image>
  <image id="306" name="rc19-experiment/INDOOR/GOALY_SET_bottom/34318.png" width="640" height="480">
  </image>
  <image id="305" name="rc19-experiment/INDOOR/GOALY_SET_bottom/34315.png" width="640" height="480">
  </image>
  <image id="304" name="rc19-experiment/INDOOR/GOALY_SET_bottom/34312.png" width="640" height="480">
  </image>
  <image id="303" name="rc19-experiment/INDOOR/GOALY_SET_bottom/34309.png" width="640" height="480">
  </image>
  <image id="302" name="rc19-experiment/INDOOR/GOALY_SET_bottom/34306.png" width="640" height="480">
  </image>
  <image id="301" name="rc19-experiment/INDOOR/GOALY_SET_bottom/34303.png" width="640" height="480">
  </image>
  <image id="300" name="rc19-experiment/INDOOR/GOALY_SET_bottom/34300.png" width="640" height="480">
  </image>
  <image id="299" name="rc19-experiment/INDOOR/GOALY_SET_bottom/34296.png" width="640" height="480">
  </image>
  <image id="298" name="rc19-experiment/INDOOR/GOALY_SET_bottom/34293.png" width="640" height="480">
  </image>
  <image id="297" name="rc19-experiment/INDOOR/GOALY_SET_bottom/34290.png" width="640" height="480">
  </image>
  <image id="296" name="rc19-experiment/INDOOR/GOALY_SET_bottom/34287.png" width="640" height="480">
  </image>
  <image id="295" name="rc19-experiment/INDOOR/GOALY_SET_bottom/34284.png" width="640" height="480">
  </image>
  <image id="294" name="rc19-experiment/INDOOR/GOALY_SET_bottom/34281.png" width="640" height="480">
  </image>
  <image id="293" name="rc19-experiment/INDOOR/GOALY_SET_bottom/34278.png" width="640" height="480">
  </image>
  <image id="292" name="rc19-experiment/INDOOR/GOALY_SET_bottom/34275.png" width="640" height="480">
  </image>
  <image id="291" name="rc19-experiment/INDOOR/GOALY_SET_bottom/34271.png" width="640" height="480">
  </image>
  <image id="290" name="rc19-experiment/INDOOR/GOALY_SET_bottom/34268.png" width="640" height="480">
  </image>
  <image id="289" name="rc19-experiment/INDOOR/GOALY_SET_bottom/34265.png" width="640" height="480">
  </image>
  <image id="288" name="rc19-experiment/INDOOR/GOALY_SET_bottom/34262.png" width="640" height="480">
  </image>
  <image id="287" name="rc19-experiment/INDOOR/GOALY_SET_bottom/34259.png" width="640" height="480">
  </image>
  <image id="286" name="rc19-experiment/INDOOR/GOALY_SET_bottom/34255.png" width="640" height="480">
  </image>
  <image id="285" name="rc19-experiment/INDOOR/GOALY_SET_bottom/34251.png" width="640" height="480">
  </image>
  <image id="284" name="rc19-experiment/INDOOR/GOALY_SET_bottom/34248.png" width="640" height="480">
  </image>
  <image id="283" name="rc19-experiment/INDOOR/GOALY_SET_bottom/34245.png" width="640" height="480">
  </image>
  <image id="282" name="rc19-experiment/INDOOR/GOALY_SET_bottom/34241.png" width="640" height="480">
  </image>
  <image id="281" name="rc19-experiment/INDOOR/GOALY_SET_bottom/34238.png" width="640" height="480">
  </image>
  <image id="280" name="rc19-experiment/INDOOR/GOALY_SET_bottom/34234.png" width="640" height="480">
  </image>
  <image id="279" name="rc19-experiment/INDOOR/GOALY_SET_bottom/34231.png" width="640" height="480">
  </image>
  <image id="278" name="rc19-experiment/INDOOR/GOALY_SET_bottom/34228.png" width="640" height="480">
  </image>
  <image id="277" name="rc19-experiment/INDOOR/GOALY_SET_bottom/34225.png" width="640" height="480">
  </image>
  <image id="276" name="rc19-experiment/INDOOR/GOALY_SET_bottom/34222.png" width="640" height="480">
  </image>
  <image id="275" name="rc19-experiment/INDOOR/GOALY_SET_bottom/34219.png" width="640" height="480">
  </image>
  <image id="274" name="rc19-experiment/INDOOR/GOALY_SET_bottom/34215.png" width="640" height="480">
  </image>
  <image id="273" name="rc19-experiment/INDOOR/GOALY_SET_bottom/34211.png" width="640" height="480">
  </image>
  <image id="272" name="rc19-experiment/INDOOR/GOALY_SET_bottom/34208.png" width="640" height="480">
  </image>
  <image id="271" name="rc19-experiment/INDOOR/GOALY_SET_bottom/34205.png" width="640" height="480">
  </image>
  <image id="270" name="rc19-experiment/INDOOR/GOALY_SET_bottom/34202.png" width="640" height="480">
  </image>
  <image id="269" name="rc19-experiment/INDOOR/GOALY_SET_bottom/34198.png" width="640" height="480">
  </image>
  <image id="268" name="rc19-experiment/INDOOR/GOALY_SET_bottom/34194.png" width="640" height="480">
  </image>
  <image id="267" name="rc19-experiment/INDOOR/GOALY_SET_bottom/34191.png" width="640" height="480">
  </image>
  <image id="266" name="rc19-experiment/INDOOR/GOALY_SET_bottom/34188.png" width="640" height="480">
  </image>
  <image id="265" name="rc19-experiment/INDOOR/GOALY_SET_bottom/34184.png" width="640" height="480">
  </image>
  <image id="264" name="rc19-experiment/INDOOR/GOALY_SET_bottom/34181.png" width="640" height="480">
  </image>
  <image id="263" name="rc19-experiment/INDOOR/GOALY_SET_bottom/34178.png" width="640" height="480">
  </image>
  <image id="262" name="rc19-experiment/INDOOR/GOALY_SET_bottom/34175.png" width="640" height="480">
  </image>
  <image id="261" name="rc19-experiment/INDOOR/GOALY_SET_bottom/34172.png" width="640" height="480">
  </image>
  <image id="260" name="rc19-experiment/INDOOR/GOALY_SET_bottom/34169.png" width="640" height="480">
  </image>
  <image id="259" name="rc19-experiment/INDOOR/GOALY_SET_bottom/34166.png" width="640" height="480">
  </image>
  <image id="258" name="rc19-experiment/INDOOR/GOALY_SET_bottom/34162.png" width="640" height="480">
  </image>
  <image id="257" name="rc19-experiment/INDOOR/GOALY_SET_bottom/34159.png" width="640" height="480">
  </image>
  <image id="256" name="rc19-experiment/INDOOR/GOALY_SET_bottom/34156.png" width="640" height="480">
  </image>
  <image id="255" name="rc19-experiment/INDOOR/GOALY_SET_bottom/34153.png" width="640" height="480">
  </image>
  <image id="254" name="rc19-experiment/INDOOR/GOALY_SET_bottom/34149.png" width="640" height="480">
  </image>
  <image id="253" name="rc19-experiment/INDOOR/GOALY_SET_bottom/34146.png" width="640" height="480">
  </image>
  <image id="252" name="rc19-experiment/INDOOR/GOALY_SET_bottom/34143.png" width="640" height="480">
  </image>
  <image id="251" name="rc19-experiment/INDOOR/GOALY_SET_bottom/34139.png" width="640" height="480">
  </image>
  <image id="250" name="rc19-experiment/INDOOR/GOALY_SET_bottom/34136.png" width="640" height="480">
  </image>
  <image id="249" name="rc19-experiment/INDOOR/GOALY_SET_bottom/34133.png" width="640" height="480">
  </image>
  <image id="248" name="rc19-experiment/INDOOR/GOALY_SET_bottom/34130.png" width="640" height="480">
  </image>
  <image id="247" name="rc19-experiment/INDOOR/GOALY_SET_bottom/34127.png" width="640" height="480">
  </image>
  <image id="246" name="rc19-experiment/INDOOR/GOALY_SET_bottom/34123.png" width="640" height="480">
  </image>
  <image id="245" name="rc19-experiment/INDOOR/GOALY_SET_bottom/34120.png" width="640" height="480">
  </image>
  <image id="244" name="rc19-experiment/INDOOR/GOALY_SET_bottom/34116.png" width="640" height="480">
  </image>
  <image id="243" name="rc19-experiment/INDOOR/GOALY_SET_bottom/34113.png" width="640" height="480">
  </image>
  <image id="242" name="rc19-experiment/INDOOR/GOALY_SET_bottom/34110.png" width="640" height="480">
  </image>
  <image id="241" name="rc19-experiment/INDOOR/GOALY_SET_bottom/34106.png" width="640" height="480">
  </image>
  <image id="240" name="rc19-experiment/INDOOR/GOALY_SET_bottom/34102.png" width="640" height="480">
  </image>
  <image id="239" name="rc19-experiment/INDOOR/GOALY_SET_bottom/34098.png" width="640" height="480">
  </image>
  <image id="238" name="rc19-experiment/INDOOR/GOALY_SET_bottom/34095.png" width="640" height="480">
  </image>
  <image id="237" name="rc19-experiment/INDOOR/GOALY_SET_bottom/34092.png" width="640" height="480">
  </image>
  <image id="236" name="rc19-experiment/INDOOR/GOALY_SET_bottom/34089.png" width="640" height="480">
  </image>
  <image id="235" name="rc19-experiment/INDOOR/GOALY_SET_bottom/34086.png" width="640" height="480">
  </image>
  <image id="234" name="rc19-experiment/INDOOR/GOALY_SET_bottom/34083.png" width="640" height="480">
  </image>
  <image id="233" name="rc19-experiment/INDOOR/GOALY_SET_bottom/34080.png" width="640" height="480">
  </image>
  <image id="232" name="rc19-experiment/INDOOR/GOALY_SET_bottom/34077.png" width="640" height="480">
  </image>
  <image id="231" name="rc19-experiment/INDOOR/GOALY_SET_bottom/34074.png" width="640" height="480">
  </image>
  <image id="230" name="rc19-experiment/INDOOR/GOALY_SET_bottom/34071.png" width="640" height="480">
  </image>
  <image id="229" name="rc19-experiment/INDOOR/GOALY_SET_bottom/34068.png" width="640" height="480">
  </image>
  <image id="228" name="rc19-experiment/INDOOR/GOALY_SET_bottom/34064.png" width="640" height="480">
  </image>
  <image id="227" name="rc19-experiment/INDOOR/GOALY_SET_bottom/34060.png" width="640" height="480">
  </image>
  <image id="226" name="rc19-experiment/INDOOR/GOALY_SET_bottom/34057.png" width="640" height="480">
  </image>
  <image id="225" name="rc19-experiment/INDOOR/GOALY_SET_bottom/34054.png" width="640" height="480">
  </image>
  <image id="224" name="rc19-experiment/INDOOR/GOALY_SET_bottom/34051.png" width="640" height="480">
  </image>
  <image id="223" name="rc19-experiment/INDOOR/GOALY_SET_bottom/34047.png" width="640" height="480">
  </image>
  <image id="222" name="rc19-experiment/INDOOR/GOALY_SET_bottom/34044.png" width="640" height="480">
  </image>
  <image id="221" name="rc19-experiment/INDOOR/GOALY_SET_bottom/34041.png" width="640" height="480">
  </image>
  <image id="220" name="rc19-experiment/INDOOR/GOALY_SET_bottom/34038.png" width="640" height="480">
  </image>
  <image id="219" name="rc19-experiment/INDOOR/GOALY_SET_bottom/34034.png" width="640" height="480">
  </image>
  <image id="218" name="rc19-experiment/INDOOR/GOALY_SET_bottom/34031.png" width="640" height="480">
  </image>
  <image id="217" name="rc19-experiment/INDOOR/GOALY_SET_bottom/34027.png" width="640" height="480">
  </image>
  <image id="216" name="rc19-experiment/INDOOR/GOALY_SET_bottom/34024.png" width="640" height="480">
  </image>
  <image id="215" name="rc19-experiment/INDOOR/GOALY_SET_bottom/34020.png" width="640" height="480">
  </image>
  <image id="214" name="rc19-experiment/INDOOR/GOALY_SET_bottom/34017.png" width="640" height="480">
  </image>
  <image id="213" name="rc19-experiment/INDOOR/GOALY_SET_bottom/34014.png" width="640" height="480">
  </image>
  <image id="212" name="rc19-experiment/INDOOR/GOALY_SET_bottom/34010.png" width="640" height="480">
  </image>
  <image id="211" name="rc19-experiment/INDOOR/GOALY_SET_bottom/34006.png" width="640" height="480">
  </image>
  <image id="210" name="rc19-experiment/INDOOR/GOALY_SET_bottom/34003.png" width="640" height="480">
  </image>
  <image id="209" name="rc19-experiment/INDOOR/GOALY_SET_bottom/34000.png" width="640" height="480">
  </image>
  <image id="208" name="rc19-experiment/INDOOR/GOALY_SET_bottom/33997.png" width="640" height="480">
  </image>
  <image id="207" name="rc19-experiment/INDOOR/GOALY_SET_bottom/33993.png" width="640" height="480">
  </image>
  <image id="206" name="rc19-experiment/INDOOR/GOALY_SET_bottom/33990.png" width="640" height="480">
  </image>
  <image id="205" name="rc19-experiment/INDOOR/GOALY_SET_bottom/33987.png" width="640" height="480">
  </image>
  <image id="204" name="rc19-experiment/INDOOR/GOALY_SET_bottom/33983.png" width="640" height="480">
  </image>
  <image id="203" name="rc19-experiment/INDOOR/GOALY_SET_bottom/33979.png" width="640" height="480">
  </image>
  <image id="202" name="rc19-experiment/INDOOR/GOALY_SET_bottom/33976.png" width="640" height="480">
  </image>
  <image id="201" name="rc19-experiment/INDOOR/GOALY_SET_bottom/33973.png" width="640" height="480">
  </image>
  <image id="200" name="rc19-experiment/INDOOR/GOALY_SET_bottom/33970.png" width="640" height="480">
  </image>
  <image id="199" name="rc19-experiment/INDOOR/GOALY_SET_bottom/33967.png" width="640" height="480">
  </image>
  <image id="198" name="rc19-experiment/INDOOR/GOALY_SET_bottom/33964.png" width="640" height="480">
  </image>
  <image id="197" name="rc19-experiment/INDOOR/GOALY_SET_bottom/33960.png" width="640" height="480">
  </image>
  <image id="196" name="rc19-experiment/INDOOR/GOALY_SET_bottom/33957.png" width="640" height="480">
  </image>
  <image id="195" name="rc19-experiment/INDOOR/GOALY_SET_bottom/33954.png" width="640" height="480">
  </image>
  <image id="194" name="rc19-experiment/INDOOR/GOALY_SET_bottom/33951.png" width="640" height="480">
  </image>
  <image id="193" name="rc19-experiment/INDOOR/GOALY_SET_bottom/33948.png" width="640" height="480">
  </image>
  <image id="192" name="rc19-experiment/INDOOR/GOALY_SET_bottom/33944.png" width="640" height="480">
  </image>
  <image id="191" name="rc19-experiment/INDOOR/GOALY_SET_bottom/33941.png" width="640" height="480">
  </image>
  <image id="190" name="rc19-experiment/INDOOR/GOALY_SET_bottom/33938.png" width="640" height="480">
  </image>
  <image id="189" name="rc19-experiment/INDOOR/GOALY_SET_bottom/33934.png" width="640" height="480">
  </image>
  <image id="188" name="rc19-experiment/INDOOR/GOALY_SET_bottom/33931.png" width="640" height="480">
  </image>
  <image id="187" name="rc19-experiment/INDOOR/GOALY_SET_bottom/33928.png" width="640" height="480">
  </image>
  <image id="186" name="rc19-experiment/INDOOR/GOALY_SET_bottom/33925.png" width="640" height="480">
  </image>
  <image id="185" name="rc19-experiment/INDOOR/GOALY_SET_bottom/33921.png" width="640" height="480">
  </image>
  <image id="184" name="rc19-experiment/INDOOR/GOALY_SET_bottom/33917.png" width="640" height="480">
  </image>
  <image id="183" name="rc19-experiment/INDOOR/GOALY_SET_bottom/33914.png" width="640" height="480">
  </image>
  <image id="182" name="rc19-experiment/INDOOR/GOALY_SET_bottom/33910.png" width="640" height="480">
  </image>
  <image id="181" name="rc19-experiment/INDOOR/GOALY_SET_bottom/33907.png" width="640" height="480">
  </image>
  <image id="180" name="rc19-experiment/INDOOR/GOALY_SET_bottom/33904.png" width="640" height="480">
  </image>
  <image id="179" name="rc19-experiment/INDOOR/GOALY_SET_bottom/33900.png" width="640" height="480">
  </image>
  <image id="178" name="rc19-experiment/INDOOR/GOALY_SET_bottom/33897.png" width="640" height="480">
  </image>
  <image id="177" name="rc19-experiment/INDOOR/GOALY_SET_bottom/33893.png" width="640" height="480">
  </image>
  <image id="176" name="rc19-experiment/INDOOR/GOALY_SET_bottom/33890.png" width="640" height="480">
  </image>
  <image id="175" name="rc19-experiment/INDOOR/GOALY_SET_bottom/33887.png" width="640" height="480">
  </image>
  <image id="174" name="rc19-experiment/INDOOR/GOALY_SET_bottom/33883.png" width="640" height="480">
  </image>
  <image id="173" name="rc19-experiment/INDOOR/GOALY_SET_bottom/33880.png" width="640" height="480">
  </image>
  <image id="172" name="rc19-experiment/INDOOR/GOALY_SET_bottom/33877.png" width="640" height="480">
  </image>
  <image id="171" name="rc19-experiment/INDOOR/GOALY_SET_bottom/33873.png" width="640" height="480">
  </image>
  <image id="170" name="rc19-experiment/INDOOR/GOALY_SET_bottom/33869.png" width="640" height="480">
  </image>
  <image id="169" name="rc19-experiment/INDOOR/GOALY_SET_bottom/33866.png" width="640" height="480">
  </image>
  <image id="168" name="rc19-experiment/INDOOR/GOALY_SET_bottom/33863.png" width="640" height="480">
  </image>
  <image id="167" name="rc19-experiment/INDOOR/GOALY_SET_bottom/33859.png" width="640" height="480">
  </image>
  <image id="166" name="rc19-experiment/INDOOR/GOALY_SET_bottom/33856.png" width="640" height="480">
  </image>
  <image id="165" name="rc19-experiment/INDOOR/GOALY_SET_bottom/33853.png" width="640" height="480">
  </image>
  <image id="164" name="rc19-experiment/INDOOR/GOALY_SET_bottom/33849.png" width="640" height="480">
  </image>
  <image id="163" name="rc19-experiment/INDOOR/GOALY_SET_bottom/33846.png" width="640" height="480">
  </image>
  <image id="162" name="rc19-experiment/INDOOR/GOALY_SET_bottom/33842.png" width="640" height="480">
  </image>
  <image id="161" name="rc19-experiment/INDOOR/GOALY_SET_bottom/33839.png" width="640" height="480">
  </image>
  <image id="160" name="rc19-experiment/INDOOR/GOALY_SET_bottom/33836.png" width="640" height="480">
  </image>
  <image id="159" name="rc19-experiment/INDOOR/GOALY_SET_bottom/33833.png" width="640" height="480">
  </image>
  <image id="158" name="rc19-experiment/INDOOR/GOALY_SET_bottom/33830.png" width="640" height="480">
  </image>
  <image id="157" name="rc19-experiment/INDOOR/GOALY_SET_bottom/33827.png" width="640" height="480">
  </image>
  <image id="156" name="rc19-experiment/INDOOR/GOALY_SET_bottom/33824.png" width="640" height="480">
  </image>
  <image id="155" name="rc19-experiment/INDOOR/GOALY_SET_bottom/33821.png" width="640" height="480">
  </image>
  <image id="154" name="rc19-experiment/INDOOR/GOALY_SET_bottom/33818.png" width="640" height="480">
  </image>
  <image id="153" name="rc19-experiment/INDOOR/GOALY_SET_bottom/33814.png" width="640" height="480">
  </image>
  <image id="152" name="rc19-experiment/INDOOR/GOALY_SET_bottom/33811.png" width="640" height="480">
  </image>
  <image id="151" name="rc19-experiment/INDOOR/GOALY_SET_bottom/33807.png" width="640" height="480">
  </image>
  <image id="150" name="rc19-experiment/INDOOR/GOALY_SET_bottom/33804.png" width="640" height="480">
  </image>
  <image id="149" name="rc19-experiment/INDOOR/GOALY_SET_bottom/33800.png" width="640" height="480">
  </image>
  <image id="148" name="rc19-experiment/INDOOR/GOALY_SET_bottom/33796.png" width="640" height="480">
  </image>
  <image id="147" name="rc19-experiment/INDOOR/GOALY_SET_bottom/33793.png" width="640" height="480">
  </image>
  <image id="146" name="rc19-experiment/INDOOR/GOALY_SET_bottom/33790.png" width="640" height="480">
  </image>
  <image id="145" name="rc19-experiment/INDOOR/GOALY_SET_bottom/33787.png" width="640" height="480">
  </image>
  <image id="144" name="rc19-experiment/INDOOR/GOALY_SET_bottom/33783.png" width="640" height="480">
  </image>
  <image id="143" name="rc19-experiment/INDOOR/GOALY_SET_bottom/33780.png" width="640" height="480">
  </image>
  <image id="142" name="rc19-experiment/INDOOR/GOALY_SET_bottom/33777.png" width="640" height="480">
  </image>
  <image id="141" name="rc19-experiment/INDOOR/GOALY_SET_bottom/33774.png" width="640" height="480">
  </image>
  <image id="140" name="rc19-experiment/INDOOR/GOALY_SET_bottom/33771.png" width="640" height="480">
  </image>
  <image id="139" name="rc19-experiment/INDOOR/GOALY_SET_bottom/33768.png" width="640" height="480">
  </image>
  <image id="138" name="rc19-experiment/INDOOR/GOALY_SET_bottom/33765.png" width="640" height="480">
  </image>
  <image id="137" name="rc19-experiment/INDOOR/GOALY_SET_bottom/33761.png" width="640" height="480">
  </image>
  <image id="136" name="rc19-experiment/INDOOR/GOALY_SET_bottom/33757.png" width="640" height="480">
  </image>
  <image id="135" name="rc19-experiment/INDOOR/GOALY_SET_bottom/33754.png" width="640" height="480">
  </image>
  <image id="134" name="rc19-experiment/INDOOR/GOALY_SET_bottom/33751.png" width="640" height="480">
  </image>
  <image id="133" name="rc19-experiment/INDOOR/GOALY_SET_bottom/33748.png" width="640" height="480">
  </image>
  <image id="132" name="rc19-experiment/INDOOR/GOALY_SET_bottom/33744.png" width="640" height="480">
  </image>
  <image id="131" name="rc19-experiment/INDOOR/GOALY_SET_bottom/33741.png" width="640" height="480">
  </image>
  <image id="130" name="rc19-experiment/INDOOR/GOALY_SET_bottom/33738.png" width="640" height="480">
  </image>
  <image id="129" name="rc19-experiment/INDOOR/GOALY_SET_bottom/33734.png" width="640" height="480">
  </image>
  <image id="128" name="rc19-experiment/INDOOR/GOALY_SET_bottom/33731.png" width="640" height="480">
  </image>
  <image id="127" name="rc19-experiment/INDOOR/GOALY_SET_bottom/33728.png" width="640" height="480">
  </image>
  <image id="126" name="rc19-experiment/INDOOR/GOALY_SET_bottom/33724.png" width="640" height="480">
  </image>
  <image id="125" name="rc19-experiment/INDOOR/GOALY_SET_bottom/33721.png" width="640" height="480">
  </image>
  <image id="124" name="rc19-experiment/INDOOR/GOALY_SET_bottom/33718.png" width="640" height="480">
  </image>
  <image id="123" name="rc19-experiment/INDOOR/GOALY_SET_bottom/33714.png" width="640" height="480">
  </image>
  <image id="122" name="rc19-experiment/INDOOR/GOALY_SET_bottom/33711.png" width="640" height="480">
  </image>
  <image id="121" name="rc19-experiment/INDOOR/GOALY_SET_bottom/33708.png" width="640" height="480">
  </image>
  <image id="120" name="rc19-experiment/INDOOR/GOALY_SET_bottom/33705.png" width="640" height="480">
  </image>
  <image id="119" name="rc19-experiment/INDOOR/GOALY_SET_bottom/33702.png" width="640" height="480">
  </image>
  <image id="118" name="rc19-experiment/INDOOR/GOALY_SET_bottom/33699.png" width="640" height="480">
  </image>
  <image id="117" name="rc19-experiment/INDOOR/GOALY_SET_bottom/33696.png" width="640" height="480">
  </image>
  <image id="116" name="rc19-experiment/INDOOR/GOALY_SET_bottom/33693.png" width="640" height="480">
  </image>
  <image id="115" name="rc19-experiment/INDOOR/GOALY_SET_bottom/33690.png" width="640" height="480">
  </image>
  <image id="114" name="rc19-experiment/INDOOR/GOALY_SET_bottom/33687.png" width="640" height="480">
  </image>
  <image id="113" name="rc19-experiment/INDOOR/GOALY_SET_bottom/33684.png" width="640" height="480">
  </image>
  <image id="112" name="rc19-experiment/INDOOR/GOALY_SET_bottom/33681.png" width="640" height="480">
  </image>
  <image id="111" name="rc19-experiment/INDOOR/GOALY_SET_bottom/33677.png" width="640" height="480">
  </image>
  <image id="110" name="rc19-experiment/INDOOR/GOALY_SET_bottom/33674.png" width="640" height="480">
  </image>
  <image id="109" name="rc19-experiment/INDOOR/GOALY_SET_bottom/33671.png" width="640" height="480">
  </image>
  <image id="108" name="rc19-experiment/INDOOR/GOALY_SET_bottom/33667.png" width="640" height="480">
  </image>
  <image id="107" name="rc19-experiment/INDOOR/GOALY_SET_bottom/33664.png" width="640" height="480">
  </image>
  <image id="106" name="rc19-experiment/INDOOR/GOALY_SET_bottom/33661.png" width="640" height="480">
  </image>
  <image id="105" name="rc19-experiment/INDOOR/GOALY_SET_bottom/33658.png" width="640" height="480">
  </image>
  <image id="104" name="rc19-experiment/INDOOR/GOALY_SET_bottom/33655.png" width="640" height="480">
  </image>
  <image id="103" name="rc19-experiment/INDOOR/GOALY_SET_bottom/33652.png" width="640" height="480">
  </image>
  <image id="102" name="rc19-experiment/INDOOR/GOALY_SET_bottom/33649.png" width="640" height="480">
  </image>
  <image id="101" name="rc19-experiment/INDOOR/GOALY_SET_bottom/33645.png" width="640" height="480">
  </image>
  <image id="100" name="rc19-experiment/INDOOR/GOALY_SET_bottom/33642.png" width="640" height="480">
  </image>
  <image id="99" name="rc19-experiment/INDOOR/GOALY_SET_bottom/33638.png" width="640" height="480">
  </image>
  <image id="98" name="rc19-experiment/INDOOR/GOALY_SET_bottom/33635.png" width="640" height="480">
  </image>
  <image id="97" name="rc19-experiment/INDOOR/GOALY_SET_bottom/33632.png" width="640" height="480">
  </image>
  <image id="96" name="rc19-experiment/INDOOR/GOALY_SET_bottom/33629.png" width="640" height="480">
  </image>
  <image id="95" name="rc19-experiment/INDOOR/GOALY_SET_bottom/33625.png" width="640" height="480">
  </image>
  <image id="94" name="rc19-experiment/INDOOR/GOALY_SET_bottom/33622.png" width="640" height="480">
  </image>
  <image id="93" name="rc19-experiment/INDOOR/GOALY_SET_bottom/33618.png" width="640" height="480">
  </image>
  <image id="92" name="rc19-experiment/INDOOR/GOALY_SET_bottom/33615.png" width="640" height="480">
  </image>
  <image id="91" name="rc19-experiment/INDOOR/GOALY_SET_bottom/33611.png" width="640" height="480">
  </image>
  <image id="90" name="rc19-experiment/INDOOR/GOALY_SET_bottom/33608.png" width="640" height="480">
  </image>
  <image id="89" name="rc19-experiment/INDOOR/GOALY_SET_bottom/33604.png" width="640" height="480">
  </image>
  <image id="88" name="rc19-experiment/INDOOR/GOALY_SET_bottom/33601.png" width="640" height="480">
  </image>
  <image id="87" name="rc19-experiment/INDOOR/GOALY_SET_bottom/33598.png" width="640" height="480">
  </image>
  <image id="86" name="rc19-experiment/INDOOR/GOALY_SET_bottom/33594.png" width="640" height="480">
  </image>
  <image id="85" name="rc19-experiment/INDOOR/GOALY_SET_bottom/33591.png" width="640" height="480">
  </image>
  <image id="84" name="rc19-experiment/INDOOR/GOALY_SET_bottom/33587.png" width="640" height="480">
  </image>
  <image id="83" name="rc19-experiment/INDOOR/GOALY_SET_bottom/33584.png" width="640" height="480">
  </image>
  <image id="82" name="rc19-experiment/INDOOR/GOALY_SET_bottom/33580.png" width="640" height="480">
  </image>
  <image id="81" name="rc19-experiment/INDOOR/GOALY_SET_bottom/33577.png" width="640" height="480">
  </image>
  <image id="80" name="rc19-experiment/INDOOR/GOALY_SET_bottom/33574.png" width="640" height="480">
  </image>
  <image id="79" name="rc19-experiment/INDOOR/GOALY_SET_bottom/33571.png" width="640" height="480">
  </image>
  <image id="78" name="rc19-experiment/INDOOR/GOALY_SET_bottom/33568.png" width="640" height="480">
  </image>
  <image id="77" name="rc19-experiment/INDOOR/GOALY_SET_bottom/33565.png" width="640" height="480">
  </image>
  <image id="76" name="rc19-experiment/INDOOR/GOALY_SET_bottom/33562.png" width="640" height="480">
  </image>
  <image id="75" name="rc19-experiment/INDOOR/GOALY_SET_bottom/33559.png" width="640" height="480">
  </image>
  <image id="74" name="rc19-experiment/INDOOR/GOALY_SET_bottom/33556.png" width="640" height="480">
  </image>
  <image id="73" name="rc19-experiment/INDOOR/GOALY_SET_bottom/33552.png" width="640" height="480">
  </image>
  <image id="72" name="rc19-experiment/INDOOR/GOALY_SET_bottom/33549.png" width="640" height="480">
  </image>
  <image id="71" name="rc19-experiment/INDOOR/GOALY_SET_bottom/33546.png" width="640" height="480">
  </image>
  <image id="70" name="rc19-experiment/INDOOR/GOALY_SET_bottom/33542.png" width="640" height="480">
  </image>
  <image id="69" name="rc19-experiment/INDOOR/GOALY_SET_bottom/33539.png" width="640" height="480">
  </image>
  <image id="68" name="rc19-experiment/INDOOR/GOALY_SET_bottom/33536.png" width="640" height="480">
  </image>
  <image id="67" name="rc19-experiment/INDOOR/GOALY_SET_bottom/33532.png" width="640" height="480">
  </image>
  <image id="66" name="rc19-experiment/INDOOR/GOALY_SET_bottom/33529.png" width="640" height="480">
  </image>
  <image id="65" name="rc19-experiment/INDOOR/GOALY_SET_bottom/33526.png" width="640" height="480">
  </image>
  <image id="64" name="rc19-experiment/INDOOR/GOALY_SET_bottom/33522.png" width="640" height="480">
  </image>
  <image id="63" name="rc19-experiment/INDOOR/GOALY_SET_bottom/33519.png" width="640" height="480">
  </image>
  <image id="62" name="rc19-experiment/INDOOR/GOALY_SET_bottom/33515.png" width="640" height="480">
  </image>
  <image id="61" name="rc19-experiment/INDOOR/GOALY_SET_bottom/33512.png" width="640" height="480">
  </image>
  <image id="60" name="rc19-experiment/INDOOR/GOALY_SET_bottom/33509.png" width="640" height="480">
  </image>
  <image id="59" name="rc19-experiment/INDOOR/GOALY_SET_bottom/33506.png" width="640" height="480">
  </image>
  <image id="58" name="rc19-experiment/INDOOR/GOALY_SET_bottom/33502.png" width="640" height="480">
  </image>
  <image id="57" name="rc19-experiment/INDOOR/GOALY_SET_bottom/33499.png" width="640" height="480">
  </image>
  <image id="56" name="rc19-experiment/INDOOR/GOALY_SET_bottom/33496.png" width="640" height="480">
  </image>
  <image id="55" name="rc19-experiment/INDOOR/GOALY_SET_bottom/33493.png" width="640" height="480">
  </image>
  <image id="54" name="rc19-experiment/INDOOR/GOALY_SET_bottom/33490.png" width="640" height="480">
  </image>
  <image id="53" name="rc19-experiment/INDOOR/GOALY_SET_bottom/33487.png" width="640" height="480">
  </image>
  <image id="52" name="rc19-experiment/INDOOR/GOALY_SET_bottom/33484.png" width="640" height="480">
  </image>
  <image id="51" name="rc19-experiment/INDOOR/GOALY_SET_bottom/33480.png" width="640" height="480">
  </image>
  <image id="50" name="rc19-experiment/INDOOR/GOALY_SET_bottom/33477.png" width="640" height="480">
  </image>
  <image id="49" name="rc19-experiment/INDOOR/GOALY_SET_bottom/33474.png" width="640" height="480">
  </image>
  <image id="48" name="rc19-experiment/INDOOR/GOALY_SET_bottom/33471.png" width="640" height="480">
  </image>
  <image id="47" name="rc19-experiment/INDOOR/GOALY_SET_bottom/33468.png" width="640" height="480">
  </image>
  <image id="46" name="rc19-experiment/INDOOR/GOALY_SET_bottom/33464.png" width="640" height="480">
  </image>
  <image id="45" name="rc19-experiment/INDOOR/GOALY_SET_bottom/33461.png" width="640" height="480">
  </image>
  <image id="44" name="rc19-experiment/INDOOR/GOALY_SET_bottom/33457.png" width="640" height="480">
  </image>
  <image id="43" name="rc19-experiment/INDOOR/GOALY_SET_bottom/33454.png" width="640" height="480">
  </image>
  <image id="42" name="rc19-experiment/INDOOR/GOALY_SET_bottom/33451.png" width="640" height="480">
  </image>
  <image id="41" name="rc19-experiment/INDOOR/GOALY_SET_bottom/33448.png" width="640" height="480">
  </image>
  <image id="40" name="rc19-experiment/INDOOR/GOALY_SET_bottom/33444.png" width="640" height="480">
  </image>
  <image id="39" name="rc19-experiment/INDOOR/GOALY_SET_bottom/33441.png" width="640" height="480">
  </image>
  <image id="38" name="rc19-experiment/INDOOR/GOALY_SET_bottom/33438.png" width="640" height="480">
  </image>
  <image id="37" name="rc19-experiment/INDOOR/GOALY_SET_bottom/33434.png" width="640" height="480">
  </image>
  <image id="36" name="rc19-experiment/INDOOR/GOALY_SET_bottom/33431.png" width="640" height="480">
  </image>
  <image id="35" name="rc19-experiment/INDOOR/GOALY_SET_bottom/33428.png" width="640" height="480">
  </image>
  <image id="34" name="rc19-experiment/INDOOR/GOALY_SET_bottom/33424.png" width="640" height="480">
  </image>
  <image id="33" name="rc19-experiment/INDOOR/GOALY_SET_bottom/33421.png" width="640" height="480">
  </image>
  <image id="32" name="rc19-experiment/INDOOR/GOALY_SET_bottom/33418.png" width="640" height="480">
  </image>
  <image id="31" name="rc19-experiment/INDOOR/GOALY_SET_bottom/33414.png" width="640" height="480">
  </image>
  <image id="30" name="rc19-experiment/INDOOR/GOALY_SET_bottom/33410.png" width="640" height="480">
  </image>
  <image id="29" name="rc19-experiment/INDOOR/GOALY_SET_bottom/33407.png" width="640" height="480">
  </image>
  <image id="28" name="rc19-experiment/INDOOR/GOALY_SET_bottom/33404.png" width="640" height="480">
  </image>
  <image id="27" name="rc19-experiment/INDOOR/GOALY_SET_bottom/33401.png" width="640" height="480">
  </image>
  <image id="26" name="rc19-experiment/INDOOR/GOALY_SET_bottom/33398.png" width="640" height="480">
  </image>
  <image id="25" name="rc19-experiment/INDOOR/GOALY_SET_bottom/33394.png" width="640" height="480">
  </image>
  <image id="24" name="rc19-experiment/INDOOR/GOALY_SET_bottom/33391.png" width="640" height="480">
  </image>
  <image id="23" name="rc19-experiment/INDOOR/GOALY_SET_bottom/33388.png" width="640" height="480">
  </image>
  <image id="22" name="rc19-experiment/INDOOR/GOALY_SET_bottom/33385.png" width="640" height="480">
  </image>
  <image id="21" name="rc19-experiment/INDOOR/GOALY_SET_bottom/33381.png" width="640" height="480">
  </image>
  <image id="20" name="rc19-experiment/INDOOR/GOALY_SET_bottom/33378.png" width="640" height="480">
  </image>
  <image id="19" name="rc19-experiment/INDOOR/GOALY_SET_bottom/33375.png" width="640" height="480">
  </image>
  <image id="18" name="rc19-experiment/INDOOR/GOALY_SET_bottom/33372.png" width="640" height="480">
  </image>
  <image id="17" name="rc19-experiment/INDOOR/GOALY_SET_bottom/33369.png" width="640" height="480">
  </image>
  <image id="16" name="rc19-experiment/INDOOR/GOALY_SET_bottom/33365.png" width="640" height="480">
  </image>
  <image id="15" name="rc19-experiment/INDOOR/GOALY_SET_bottom/33362.png" width="640" height="480">
  </image>
  <image id="14" name="rc19-experiment/INDOOR/GOALY_SET_bottom/33359.png" width="640" height="480">
  </image>
  <image id="13" name="rc19-experiment/INDOOR/GOALY_SET_bottom/33356.png" width="640" height="480">
  </image>
  <image id="12" name="rc19-experiment/INDOOR/GOALY_SET_bottom/33353.png" width="640" height="480">
  </image>
  <image id="11" name="rc19-experiment/INDOOR/GOALY_SET_bottom/33350.png" width="640" height="480">
  </image>
  <image id="10" name="rc19-experiment/INDOOR/GOALY_SET_bottom/33347.png" width="640" height="480">
  </image>
  <image id="9" name="rc19-experiment/INDOOR/GOALY_SET_bottom/33344.png" width="640" height="480">
  </image>
  <image id="8" name="rc19-experiment/INDOOR/GOALY_SET_bottom/33340.png" width="640" height="480">
  </image>
  <image id="7" name="rc19-experiment/INDOOR/GOALY_SET_bottom/33337.png" width="640" height="480">
  </image>
  <image id="6" name="rc19-experiment/INDOOR/GOALY_SET_bottom/33334.png" width="640" height="480">
  </image>
  <image id="5" name="rc19-experiment/INDOOR/GOALY_SET_bottom/33331.png" width="640" height="480">
  </image>
  <image id="4" name="rc19-experiment/INDOOR/GOALY_SET_bottom/33328.png" width="640" height="480">
  </image>
  <image id="3" name="rc19-experiment/INDOOR/GOALY_SET_bottom/33325.png" width="640" height="480">
  </image>
  <image id="2" name="rc19-experiment/INDOOR/GOALY_SET_bottom/33322.png" width="640" height="480">
  </image>
  <image id="1" name="rc19-experiment/INDOOR/GOALY_SET_bottom/33318.png" width="640" height="480">
  </image>
  <image id="0" name="rc19-experiment/INDOOR/GOALY_SET_bottom/33315.png" width="640" height="480">
  </image>
</annotations>