<?xml version="1.0" encoding="utf-8"?>
<annotations>
  <version>1.1</version>
  <meta>
    <task>
      <id>26</id>
      <name>RC19Experiments-INDOOR-RANDOM_SET_BY_CIRCLE_top</name>
      <size>424</size>
      <mode>annotation</mode>
      <overlap>0</overlap>
      <bugtracker></bugtracker>
      <created>2020-04-05 10:19:48.452558+00:00</created>
      <updated>2020-04-05 10:19:48.452620+00:00</updated>
      <start_frame>0</start_frame>
      <stop_frame>423</stop_frame>
      <frame_filter></frame_filter>
      <labels>
        <label>
          <name>ball</name>
          <color>#804080</color>
          <attributes>
            <attribute>
              <name>smudge</name>
              <mutable>False</mutable>
              <input_type>checkbox</input_type>
              <default_value>false</default_value>
              <values>false</values>
            </attribute>
          </attributes>
        </label>
      </labels>
      <segments>
        <segment>
          <id>26</id>
          <start>0</start>
          <stop>423</stop>
          <url>httpball.informatik.hu-berlin.de/?id=26</url>
        </segment>
      </segments>
      <owner>
        <username>nao</username>
        <email></email>
      </owner>
      <assignee></assignee>
    </task>
    <dumped>2021-01-20 09:56:01.734067+00:00</dumped>
  </meta>
  <image id="423" name="rc19-experiment/INDOOR/RANDOM_SET_BY_CIRCLE_top/63686.png" width="640" height="480">
  </image>
  <image id="422" name="rc19-experiment/INDOOR/RANDOM_SET_BY_CIRCLE_top/63683.png" width="640" height="480">
  </image>
  <image id="421" name="rc19-experiment/INDOOR/RANDOM_SET_BY_CIRCLE_top/63679.png" width="640" height="480">
  </image>
  <image id="420" name="rc19-experiment/INDOOR/RANDOM_SET_BY_CIRCLE_top/63676.png" width="640" height="480">
  </image>
  <image id="419" name="rc19-experiment/INDOOR/RANDOM_SET_BY_CIRCLE_top/63673.png" width="640" height="480">
  </image>
  <image id="418" name="rc19-experiment/INDOOR/RANDOM_SET_BY_CIRCLE_top/63670.png" width="640" height="480">
  </image>
  <image id="417" name="rc19-experiment/INDOOR/RANDOM_SET_BY_CIRCLE_top/63667.png" width="640" height="480">
  </image>
  <image id="416" name="rc19-experiment/INDOOR/RANDOM_SET_BY_CIRCLE_top/63664.png" width="640" height="480">
  </image>
  <image id="415" name="rc19-experiment/INDOOR/RANDOM_SET_BY_CIRCLE_top/63661.png" width="640" height="480">
  </image>
  <image id="414" name="rc19-experiment/INDOOR/RANDOM_SET_BY_CIRCLE_top/63658.png" width="640" height="480">
  </image>
  <image id="413" name="rc19-experiment/INDOOR/RANDOM_SET_BY_CIRCLE_top/63655.png" width="640" height="480">
  </image>
  <image id="412" name="rc19-experiment/INDOOR/RANDOM_SET_BY_CIRCLE_top/63652.png" width="640" height="480">
  </image>
  <image id="411" name="rc19-experiment/INDOOR/RANDOM_SET_BY_CIRCLE_top/63649.png" width="640" height="480">
  </image>
  <image id="410" name="rc19-experiment/INDOOR/RANDOM_SET_BY_CIRCLE_top/63646.png" width="640" height="480">
  </image>
  <image id="409" name="rc19-experiment/INDOOR/RANDOM_SET_BY_CIRCLE_top/63643.png" width="640" height="480">
  </image>
  <image id="408" name="rc19-experiment/INDOOR/RANDOM_SET_BY_CIRCLE_top/63639.png" width="640" height="480">
  </image>
  <image id="407" name="rc19-experiment/INDOOR/RANDOM_SET_BY_CIRCLE_top/63636.png" width="640" height="480">
  </image>
  <image id="406" name="rc19-experiment/INDOOR/RANDOM_SET_BY_CIRCLE_top/63633.png" width="640" height="480">
  </image>
  <image id="405" name="rc19-experiment/INDOOR/RANDOM_SET_BY_CIRCLE_top/63630.png" width="640" height="480">
  </image>
  <image id="404" name="rc19-experiment/INDOOR/RANDOM_SET_BY_CIRCLE_top/63627.png" width="640" height="480">
  </image>
  <image id="403" name="rc19-experiment/INDOOR/RANDOM_SET_BY_CIRCLE_top/63624.png" width="640" height="480">
  </image>
  <image id="402" name="rc19-experiment/INDOOR/RANDOM_SET_BY_CIRCLE_top/63621.png" width="640" height="480">
  </image>
  <image id="401" name="rc19-experiment/INDOOR/RANDOM_SET_BY_CIRCLE_top/63618.png" width="640" height="480">
  </image>
  <image id="400" name="rc19-experiment/INDOOR/RANDOM_SET_BY_CIRCLE_top/63614.png" width="640" height="480">
  </image>
  <image id="399" name="rc19-experiment/INDOOR/RANDOM_SET_BY_CIRCLE_top/63611.png" width="640" height="480">
  </image>
  <image id="398" name="rc19-experiment/INDOOR/RANDOM_SET_BY_CIRCLE_top/63608.png" width="640" height="480">
  </image>
  <image id="397" name="rc19-experiment/INDOOR/RANDOM_SET_BY_CIRCLE_top/63604.png" width="640" height="480">
  </image>
  <image id="396" name="rc19-experiment/INDOOR/RANDOM_SET_BY_CIRCLE_top/63600.png" width="640" height="480">
  </image>
  <image id="395" name="rc19-experiment/INDOOR/RANDOM_SET_BY_CIRCLE_top/63597.png" width="640" height="480">
  </image>
  <image id="394" name="rc19-experiment/INDOOR/RANDOM_SET_BY_CIRCLE_top/63594.png" width="640" height="480">
  </image>
  <image id="393" name="rc19-experiment/INDOOR/RANDOM_SET_BY_CIRCLE_top/63590.png" width="640" height="480">
  </image>
  <image id="392" name="rc19-experiment/INDOOR/RANDOM_SET_BY_CIRCLE_top/63587.png" width="640" height="480">
  </image>
  <image id="391" name="rc19-experiment/INDOOR/RANDOM_SET_BY_CIRCLE_top/63583.png" width="640" height="480">
  </image>
  <image id="390" name="rc19-experiment/INDOOR/RANDOM_SET_BY_CIRCLE_top/63580.png" width="640" height="480">
  </image>
  <image id="389" name="rc19-experiment/INDOOR/RANDOM_SET_BY_CIRCLE_top/63576.png" width="640" height="480">
  </image>
  <image id="388" name="rc19-experiment/INDOOR/RANDOM_SET_BY_CIRCLE_top/63573.png" width="640" height="480">
  </image>
  <image id="387" name="rc19-experiment/INDOOR/RANDOM_SET_BY_CIRCLE_top/63570.png" width="640" height="480">
  </image>
  <image id="386" name="rc19-experiment/INDOOR/RANDOM_SET_BY_CIRCLE_top/63566.png" width="640" height="480">
  </image>
  <image id="385" name="rc19-experiment/INDOOR/RANDOM_SET_BY_CIRCLE_top/63563.png" width="640" height="480">
  </image>
  <image id="384" name="rc19-experiment/INDOOR/RANDOM_SET_BY_CIRCLE_top/63560.png" width="640" height="480">
  </image>
  <image id="383" name="rc19-experiment/INDOOR/RANDOM_SET_BY_CIRCLE_top/63557.png" width="640" height="480">
  </image>
  <image id="382" name="rc19-experiment/INDOOR/RANDOM_SET_BY_CIRCLE_top/63554.png" width="640" height="480">
  </image>
  <image id="381" name="rc19-experiment/INDOOR/RANDOM_SET_BY_CIRCLE_top/63551.png" width="640" height="480">
  </image>
  <image id="380" name="rc19-experiment/INDOOR/RANDOM_SET_BY_CIRCLE_top/63547.png" width="640" height="480">
  </image>
  <image id="379" name="rc19-experiment/INDOOR/RANDOM_SET_BY_CIRCLE_top/63544.png" width="640" height="480">
  </image>
  <image id="378" name="rc19-experiment/INDOOR/RANDOM_SET_BY_CIRCLE_top/63541.png" width="640" height="480">
  </image>
  <image id="377" name="rc19-experiment/INDOOR/RANDOM_SET_BY_CIRCLE_top/63537.png" width="640" height="480">
  </image>
  <image id="376" name="rc19-experiment/INDOOR/RANDOM_SET_BY_CIRCLE_top/63534.png" width="640" height="480">
  </image>
  <image id="375" name="rc19-experiment/INDOOR/RANDOM_SET_BY_CIRCLE_top/63531.png" width="640" height="480">
  </image>
  <image id="374" name="rc19-experiment/INDOOR/RANDOM_SET_BY_CIRCLE_top/63528.png" width="640" height="480">
  </image>
  <image id="373" name="rc19-experiment/INDOOR/RANDOM_SET_BY_CIRCLE_top/63525.png" width="640" height="480">
  </image>
  <image id="372" name="rc19-experiment/INDOOR/RANDOM_SET_BY_CIRCLE_top/63522.png" width="640" height="480">
  </image>
  <image id="371" name="rc19-experiment/INDOOR/RANDOM_SET_BY_CIRCLE_top/63519.png" width="640" height="480">
  </image>
  <image id="370" name="rc19-experiment/INDOOR/RANDOM_SET_BY_CIRCLE_top/63516.png" width="640" height="480">
  </image>
  <image id="369" name="rc19-experiment/INDOOR/RANDOM_SET_BY_CIRCLE_top/63513.png" width="640" height="480">
  </image>
  <image id="368" name="rc19-experiment/INDOOR/RANDOM_SET_BY_CIRCLE_top/63509.png" width="640" height="480">
  </image>
  <image id="367" name="rc19-experiment/INDOOR/RANDOM_SET_BY_CIRCLE_top/63506.png" width="640" height="480">
  </image>
  <image id="366" name="rc19-experiment/INDOOR/RANDOM_SET_BY_CIRCLE_top/63503.png" width="640" height="480">
  </image>
  <image id="365" name="rc19-experiment/INDOOR/RANDOM_SET_BY_CIRCLE_top/63500.png" width="640" height="480">
  </image>
  <image id="364" name="rc19-experiment/INDOOR/RANDOM_SET_BY_CIRCLE_top/63497.png" width="640" height="480">
  </image>
  <image id="363" name="rc19-experiment/INDOOR/RANDOM_SET_BY_CIRCLE_top/63494.png" width="640" height="480">
  </image>
  <image id="362" name="rc19-experiment/INDOOR/RANDOM_SET_BY_CIRCLE_top/63490.png" width="640" height="480">
  </image>
  <image id="361" name="rc19-experiment/INDOOR/RANDOM_SET_BY_CIRCLE_top/63487.png" width="640" height="480">
  </image>
  <image id="360" name="rc19-experiment/INDOOR/RANDOM_SET_BY_CIRCLE_top/63483.png" width="640" height="480">
  </image>
  <image id="359" name="rc19-experiment/INDOOR/RANDOM_SET_BY_CIRCLE_top/63479.png" width="640" height="480">
  </image>
  <image id="358" name="rc19-experiment/INDOOR/RANDOM_SET_BY_CIRCLE_top/63475.png" width="640" height="480">
  </image>
  <image id="357" name="rc19-experiment/INDOOR/RANDOM_SET_BY_CIRCLE_top/63472.png" width="640" height="480">
  </image>
  <image id="356" name="rc19-experiment/INDOOR/RANDOM_SET_BY_CIRCLE_top/63469.png" width="640" height="480">
  </image>
  <image id="355" name="rc19-experiment/INDOOR/RANDOM_SET_BY_CIRCLE_top/63466.png" width="640" height="480">
  </image>
  <image id="354" name="rc19-experiment/INDOOR/RANDOM_SET_BY_CIRCLE_top/63463.png" width="640" height="480">
  </image>
  <image id="353" name="rc19-experiment/INDOOR/RANDOM_SET_BY_CIRCLE_top/63459.png" width="640" height="480">
  </image>
  <image id="352" name="rc19-experiment/INDOOR/RANDOM_SET_BY_CIRCLE_top/63456.png" width="640" height="480">
  </image>
  <image id="351" name="rc19-experiment/INDOOR/RANDOM_SET_BY_CIRCLE_top/63452.png" width="640" height="480">
  </image>
  <image id="350" name="rc19-experiment/INDOOR/RANDOM_SET_BY_CIRCLE_top/63449.png" width="640" height="480">
  </image>
  <image id="349" name="rc19-experiment/INDOOR/RANDOM_SET_BY_CIRCLE_top/63445.png" width="640" height="480">
  </image>
  <image id="348" name="rc19-experiment/INDOOR/RANDOM_SET_BY_CIRCLE_top/63442.png" width="640" height="480">
  </image>
  <image id="347" name="rc19-experiment/INDOOR/RANDOM_SET_BY_CIRCLE_top/63439.png" width="640" height="480">
  </image>
  <image id="346" name="rc19-experiment/INDOOR/RANDOM_SET_BY_CIRCLE_top/63436.png" width="640" height="480">
  </image>
  <image id="345" name="rc19-experiment/INDOOR/RANDOM_SET_BY_CIRCLE_top/63433.png" width="640" height="480">
  </image>
  <image id="344" name="rc19-experiment/INDOOR/RANDOM_SET_BY_CIRCLE_top/63429.png" width="640" height="480">
  </image>
  <image id="343" name="rc19-experiment/INDOOR/RANDOM_SET_BY_CIRCLE_top/63426.png" width="640" height="480">
  </image>
  <image id="342" name="rc19-experiment/INDOOR/RANDOM_SET_BY_CIRCLE_top/63422.png" width="640" height="480">
  </image>
  <image id="341" name="rc19-experiment/INDOOR/RANDOM_SET_BY_CIRCLE_top/63419.png" width="640" height="480">
  </image>
  <image id="340" name="rc19-experiment/INDOOR/RANDOM_SET_BY_CIRCLE_top/63416.png" width="640" height="480">
  </image>
  <image id="339" name="rc19-experiment/INDOOR/RANDOM_SET_BY_CIRCLE_top/63413.png" width="640" height="480">
  </image>
  <image id="338" name="rc19-experiment/INDOOR/RANDOM_SET_BY_CIRCLE_top/63410.png" width="640" height="480">
  </image>
  <image id="337" name="rc19-experiment/INDOOR/RANDOM_SET_BY_CIRCLE_top/63406.png" width="640" height="480">
  </image>
  <image id="336" name="rc19-experiment/INDOOR/RANDOM_SET_BY_CIRCLE_top/63403.png" width="640" height="480">
  </image>
  <image id="335" name="rc19-experiment/INDOOR/RANDOM_SET_BY_CIRCLE_top/63400.png" width="640" height="480">
  </image>
  <image id="334" name="rc19-experiment/INDOOR/RANDOM_SET_BY_CIRCLE_top/63396.png" width="640" height="480">
  </image>
  <image id="333" name="rc19-experiment/INDOOR/RANDOM_SET_BY_CIRCLE_top/63392.png" width="640" height="480">
  </image>
  <image id="332" name="rc19-experiment/INDOOR/RANDOM_SET_BY_CIRCLE_top/63389.png" width="640" height="480">
  </image>
  <image id="331" name="rc19-experiment/INDOOR/RANDOM_SET_BY_CIRCLE_top/63386.png" width="640" height="480">
  </image>
  <image id="330" name="rc19-experiment/INDOOR/RANDOM_SET_BY_CIRCLE_top/63383.png" width="640" height="480">
  </image>
  <image id="329" name="rc19-experiment/INDOOR/RANDOM_SET_BY_CIRCLE_top/63380.png" width="640" height="480">
  </image>
  <image id="328" name="rc19-experiment/INDOOR/RANDOM_SET_BY_CIRCLE_top/63377.png" width="640" height="480">
  </image>
  <image id="327" name="rc19-experiment/INDOOR/RANDOM_SET_BY_CIRCLE_top/63374.png" width="640" height="480">
  </image>
  <image id="326" name="rc19-experiment/INDOOR/RANDOM_SET_BY_CIRCLE_top/63371.png" width="640" height="480">
  </image>
  <image id="325" name="rc19-experiment/INDOOR/RANDOM_SET_BY_CIRCLE_top/63368.png" width="640" height="480">
  </image>
  <image id="324" name="rc19-experiment/INDOOR/RANDOM_SET_BY_CIRCLE_top/63364.png" width="640" height="480">
  </image>
  <image id="323" name="rc19-experiment/INDOOR/RANDOM_SET_BY_CIRCLE_top/63361.png" width="640" height="480">
  </image>
  <image id="322" name="rc19-experiment/INDOOR/RANDOM_SET_BY_CIRCLE_top/63357.png" width="640" height="480">
  </image>
  <image id="321" name="rc19-experiment/INDOOR/RANDOM_SET_BY_CIRCLE_top/63354.png" width="640" height="480">
  </image>
  <image id="320" name="rc19-experiment/INDOOR/RANDOM_SET_BY_CIRCLE_top/63350.png" width="640" height="480">
  </image>
  <image id="319" name="rc19-experiment/INDOOR/RANDOM_SET_BY_CIRCLE_top/63347.png" width="640" height="480">
  </image>
  <image id="318" name="rc19-experiment/INDOOR/RANDOM_SET_BY_CIRCLE_top/63344.png" width="640" height="480">
  </image>
  <image id="317" name="rc19-experiment/INDOOR/RANDOM_SET_BY_CIRCLE_top/63340.png" width="640" height="480">
  </image>
  <image id="316" name="rc19-experiment/INDOOR/RANDOM_SET_BY_CIRCLE_top/63337.png" width="640" height="480">
  </image>
  <image id="315" name="rc19-experiment/INDOOR/RANDOM_SET_BY_CIRCLE_top/63333.png" width="640" height="480">
  </image>
  <image id="314" name="rc19-experiment/INDOOR/RANDOM_SET_BY_CIRCLE_top/63330.png" width="640" height="480">
  </image>
  <image id="313" name="rc19-experiment/INDOOR/RANDOM_SET_BY_CIRCLE_top/63327.png" width="640" height="480">
  </image>
  <image id="312" name="rc19-experiment/INDOOR/RANDOM_SET_BY_CIRCLE_top/63323.png" width="640" height="480">
  </image>
  <image id="311" name="rc19-experiment/INDOOR/RANDOM_SET_BY_CIRCLE_top/63320.png" width="640" height="480">
  </image>
  <image id="310" name="rc19-experiment/INDOOR/RANDOM_SET_BY_CIRCLE_top/63317.png" width="640" height="480">
  </image>
  <image id="309" name="rc19-experiment/INDOOR/RANDOM_SET_BY_CIRCLE_top/63313.png" width="640" height="480">
  </image>
  <image id="308" name="rc19-experiment/INDOOR/RANDOM_SET_BY_CIRCLE_top/63310.png" width="640" height="480">
  </image>
  <image id="307" name="rc19-experiment/INDOOR/RANDOM_SET_BY_CIRCLE_top/63307.png" width="640" height="480">
  </image>
  <image id="306" name="rc19-experiment/INDOOR/RANDOM_SET_BY_CIRCLE_top/63303.png" width="640" height="480">
  </image>
  <image id="305" name="rc19-experiment/INDOOR/RANDOM_SET_BY_CIRCLE_top/63300.png" width="640" height="480">
  </image>
  <image id="304" name="rc19-experiment/INDOOR/RANDOM_SET_BY_CIRCLE_top/63296.png" width="640" height="480">
  </image>
  <image id="303" name="rc19-experiment/INDOOR/RANDOM_SET_BY_CIRCLE_top/63293.png" width="640" height="480">
  </image>
  <image id="302" name="rc19-experiment/INDOOR/RANDOM_SET_BY_CIRCLE_top/63290.png" width="640" height="480">
  </image>
  <image id="301" name="rc19-experiment/INDOOR/RANDOM_SET_BY_CIRCLE_top/63286.png" width="640" height="480">
  </image>
  <image id="300" name="rc19-experiment/INDOOR/RANDOM_SET_BY_CIRCLE_top/63283.png" width="640" height="480">
  </image>
  <image id="299" name="rc19-experiment/INDOOR/RANDOM_SET_BY_CIRCLE_top/63280.png" width="640" height="480">
  </image>
  <image id="298" name="rc19-experiment/INDOOR/RANDOM_SET_BY_CIRCLE_top/63277.png" width="640" height="480">
  </image>
  <image id="297" name="rc19-experiment/INDOOR/RANDOM_SET_BY_CIRCLE_top/63274.png" width="640" height="480">
  </image>
  <image id="296" name="rc19-experiment/INDOOR/RANDOM_SET_BY_CIRCLE_top/63271.png" width="640" height="480">
  </image>
  <image id="295" name="rc19-experiment/INDOOR/RANDOM_SET_BY_CIRCLE_top/63268.png" width="640" height="480">
  </image>
  <image id="294" name="rc19-experiment/INDOOR/RANDOM_SET_BY_CIRCLE_top/63264.png" width="640" height="480">
  </image>
  <image id="293" name="rc19-experiment/INDOOR/RANDOM_SET_BY_CIRCLE_top/63260.png" width="640" height="480">
  </image>
  <image id="292" name="rc19-experiment/INDOOR/RANDOM_SET_BY_CIRCLE_top/63257.png" width="640" height="480">
  </image>
  <image id="291" name="rc19-experiment/INDOOR/RANDOM_SET_BY_CIRCLE_top/63254.png" width="640" height="480">
  </image>
  <image id="290" name="rc19-experiment/INDOOR/RANDOM_SET_BY_CIRCLE_top/63251.png" width="640" height="480">
  </image>
  <image id="289" name="rc19-experiment/INDOOR/RANDOM_SET_BY_CIRCLE_top/63247.png" width="640" height="480">
  </image>
  <image id="288" name="rc19-experiment/INDOOR/RANDOM_SET_BY_CIRCLE_top/63244.png" width="640" height="480">
  </image>
  <image id="287" name="rc19-experiment/INDOOR/RANDOM_SET_BY_CIRCLE_top/63240.png" width="640" height="480">
  </image>
  <image id="286" name="rc19-experiment/INDOOR/RANDOM_SET_BY_CIRCLE_top/63237.png" width="640" height="480">
  </image>
  <image id="285" name="rc19-experiment/INDOOR/RANDOM_SET_BY_CIRCLE_top/63234.png" width="640" height="480">
  </image>
  <image id="284" name="rc19-experiment/INDOOR/RANDOM_SET_BY_CIRCLE_top/63231.png" width="640" height="480">
  </image>
  <image id="283" name="rc19-experiment/INDOOR/RANDOM_SET_BY_CIRCLE_top/63227.png" width="640" height="480">
  </image>
  <image id="282" name="rc19-experiment/INDOOR/RANDOM_SET_BY_CIRCLE_top/63223.png" width="640" height="480">
  </image>
  <image id="281" name="rc19-experiment/INDOOR/RANDOM_SET_BY_CIRCLE_top/63220.png" width="640" height="480">
  </image>
  <image id="280" name="rc19-experiment/INDOOR/RANDOM_SET_BY_CIRCLE_top/63217.png" width="640" height="480">
  </image>
  <image id="279" name="rc19-experiment/INDOOR/RANDOM_SET_BY_CIRCLE_top/63214.png" width="640" height="480">
  </image>
  <image id="278" name="rc19-experiment/INDOOR/RANDOM_SET_BY_CIRCLE_top/63210.png" width="640" height="480">
  </image>
  <image id="277" name="rc19-experiment/INDOOR/RANDOM_SET_BY_CIRCLE_top/63207.png" width="640" height="480">
  </image>
  <image id="276" name="rc19-experiment/INDOOR/RANDOM_SET_BY_CIRCLE_top/63203.png" width="640" height="480">
  </image>
  <image id="275" name="rc19-experiment/INDOOR/RANDOM_SET_BY_CIRCLE_top/63200.png" width="640" height="480">
  </image>
  <image id="274" name="rc19-experiment/INDOOR/RANDOM_SET_BY_CIRCLE_top/63196.png" width="640" height="480">
  </image>
  <image id="273" name="rc19-experiment/INDOOR/RANDOM_SET_BY_CIRCLE_top/63193.png" width="640" height="480">
  </image>
  <image id="272" name="rc19-experiment/INDOOR/RANDOM_SET_BY_CIRCLE_top/63190.png" width="640" height="480">
  </image>
  <image id="271" name="rc19-experiment/INDOOR/RANDOM_SET_BY_CIRCLE_top/63187.png" width="640" height="480">
  </image>
  <image id="270" name="rc19-experiment/INDOOR/RANDOM_SET_BY_CIRCLE_top/63184.png" width="640" height="480">
  </image>
  <image id="269" name="rc19-experiment/INDOOR/RANDOM_SET_BY_CIRCLE_top/63181.png" width="640" height="480">
  </image>
  <image id="268" name="rc19-experiment/INDOOR/RANDOM_SET_BY_CIRCLE_top/63178.png" width="640" height="480">
  </image>
  <image id="267" name="rc19-experiment/INDOOR/RANDOM_SET_BY_CIRCLE_top/63174.png" width="640" height="480">
  </image>
  <image id="266" name="rc19-experiment/INDOOR/RANDOM_SET_BY_CIRCLE_top/63171.png" width="640" height="480">
  </image>
  <image id="265" name="rc19-experiment/INDOOR/RANDOM_SET_BY_CIRCLE_top/63168.png" width="640" height="480">
  </image>
  <image id="264" name="rc19-experiment/INDOOR/RANDOM_SET_BY_CIRCLE_top/63165.png" width="640" height="480">
  </image>
  <image id="263" name="rc19-experiment/INDOOR/RANDOM_SET_BY_CIRCLE_top/63161.png" width="640" height="480">
  </image>
  <image id="262" name="rc19-experiment/INDOOR/RANDOM_SET_BY_CIRCLE_top/63158.png" width="640" height="480">
  </image>
  <image id="261" name="rc19-experiment/INDOOR/RANDOM_SET_BY_CIRCLE_top/63155.png" width="640" height="480">
  </image>
  <image id="260" name="rc19-experiment/INDOOR/RANDOM_SET_BY_CIRCLE_top/63152.png" width="640" height="480">
  </image>
  <image id="259" name="rc19-experiment/INDOOR/RANDOM_SET_BY_CIRCLE_top/63149.png" width="640" height="480">
  </image>
  <image id="258" name="rc19-experiment/INDOOR/RANDOM_SET_BY_CIRCLE_top/63145.png" width="640" height="480">
  </image>
  <image id="257" name="rc19-experiment/INDOOR/RANDOM_SET_BY_CIRCLE_top/63141.png" width="640" height="480">
  </image>
  <image id="256" name="rc19-experiment/INDOOR/RANDOM_SET_BY_CIRCLE_top/63138.png" width="640" height="480">
  </image>
  <image id="255" name="rc19-experiment/INDOOR/RANDOM_SET_BY_CIRCLE_top/63135.png" width="640" height="480">
  </image>
  <image id="254" name="rc19-experiment/INDOOR/RANDOM_SET_BY_CIRCLE_top/63131.png" width="640" height="480">
  </image>
  <image id="253" name="rc19-experiment/INDOOR/RANDOM_SET_BY_CIRCLE_top/63128.png" width="640" height="480">
  </image>
  <image id="252" name="rc19-experiment/INDOOR/RANDOM_SET_BY_CIRCLE_top/63124.png" width="640" height="480">
  </image>
  <image id="251" name="rc19-experiment/INDOOR/RANDOM_SET_BY_CIRCLE_top/63121.png" width="640" height="480">
  </image>
  <image id="250" name="rc19-experiment/INDOOR/RANDOM_SET_BY_CIRCLE_top/63118.png" width="640" height="480">
  </image>
  <image id="249" name="rc19-experiment/INDOOR/RANDOM_SET_BY_CIRCLE_top/63115.png" width="640" height="480">
  </image>
  <image id="248" name="rc19-experiment/INDOOR/RANDOM_SET_BY_CIRCLE_top/63111.png" width="640" height="480">
  </image>
  <image id="247" name="rc19-experiment/INDOOR/RANDOM_SET_BY_CIRCLE_top/63108.png" width="640" height="480">
  </image>
  <image id="246" name="rc19-experiment/INDOOR/RANDOM_SET_BY_CIRCLE_top/63104.png" width="640" height="480">
  </image>
  <image id="245" name="rc19-experiment/INDOOR/RANDOM_SET_BY_CIRCLE_top/63101.png" width="640" height="480">
  </image>
  <image id="244" name="rc19-experiment/INDOOR/RANDOM_SET_BY_CIRCLE_top/63098.png" width="640" height="480">
  </image>
  <image id="243" name="rc19-experiment/INDOOR/RANDOM_SET_BY_CIRCLE_top/63094.png" width="640" height="480">
  </image>
  <image id="242" name="rc19-experiment/INDOOR/RANDOM_SET_BY_CIRCLE_top/63091.png" width="640" height="480">
  </image>
  <image id="241" name="rc19-experiment/INDOOR/RANDOM_SET_BY_CIRCLE_top/63088.png" width="640" height="480">
  </image>
  <image id="240" name="rc19-experiment/INDOOR/RANDOM_SET_BY_CIRCLE_top/63084.png" width="640" height="480">
  </image>
  <image id="239" name="rc19-experiment/INDOOR/RANDOM_SET_BY_CIRCLE_top/63081.png" width="640" height="480">
  </image>
  <image id="238" name="rc19-experiment/INDOOR/RANDOM_SET_BY_CIRCLE_top/63078.png" width="640" height="480">
  </image>
  <image id="237" name="rc19-experiment/INDOOR/RANDOM_SET_BY_CIRCLE_top/63074.png" width="640" height="480">
  </image>
  <image id="236" name="rc19-experiment/INDOOR/RANDOM_SET_BY_CIRCLE_top/63071.png" width="640" height="480">
  </image>
  <image id="235" name="rc19-experiment/INDOOR/RANDOM_SET_BY_CIRCLE_top/63067.png" width="640" height="480">
  </image>
  <image id="234" name="rc19-experiment/INDOOR/RANDOM_SET_BY_CIRCLE_top/63064.png" width="640" height="480">
  </image>
  <image id="233" name="rc19-experiment/INDOOR/RANDOM_SET_BY_CIRCLE_top/63061.png" width="640" height="480">
  </image>
  <image id="232" name="rc19-experiment/INDOOR/RANDOM_SET_BY_CIRCLE_top/63058.png" width="640" height="480">
  </image>
  <image id="231" name="rc19-experiment/INDOOR/RANDOM_SET_BY_CIRCLE_top/63054.png" width="640" height="480">
  </image>
  <image id="230" name="rc19-experiment/INDOOR/RANDOM_SET_BY_CIRCLE_top/63051.png" width="640" height="480">
  </image>
  <image id="229" name="rc19-experiment/INDOOR/RANDOM_SET_BY_CIRCLE_top/63048.png" width="640" height="480">
  </image>
  <image id="228" name="rc19-experiment/INDOOR/RANDOM_SET_BY_CIRCLE_top/63044.png" width="640" height="480">
  </image>
  <image id="227" name="rc19-experiment/INDOOR/RANDOM_SET_BY_CIRCLE_top/63040.png" width="640" height="480">
  </image>
  <image id="226" name="rc19-experiment/INDOOR/RANDOM_SET_BY_CIRCLE_top/63037.png" width="640" height="480">
  </image>
  <image id="225" name="rc19-experiment/INDOOR/RANDOM_SET_BY_CIRCLE_top/63033.png" width="640" height="480">
  </image>
  <image id="224" name="rc19-experiment/INDOOR/RANDOM_SET_BY_CIRCLE_top/63029.png" width="640" height="480">
  </image>
  <image id="223" name="rc19-experiment/INDOOR/RANDOM_SET_BY_CIRCLE_top/63026.png" width="640" height="480">
  </image>
  <image id="222" name="rc19-experiment/INDOOR/RANDOM_SET_BY_CIRCLE_top/63023.png" width="640" height="480">
  </image>
  <image id="221" name="rc19-experiment/INDOOR/RANDOM_SET_BY_CIRCLE_top/63020.png" width="640" height="480">
  </image>
  <image id="220" name="rc19-experiment/INDOOR/RANDOM_SET_BY_CIRCLE_top/63017.png" width="640" height="480">
  </image>
  <image id="219" name="rc19-experiment/INDOOR/RANDOM_SET_BY_CIRCLE_top/63014.png" width="640" height="480">
  </image>
  <image id="218" name="rc19-experiment/INDOOR/RANDOM_SET_BY_CIRCLE_top/63011.png" width="640" height="480">
  </image>
  <image id="217" name="rc19-experiment/INDOOR/RANDOM_SET_BY_CIRCLE_top/63008.png" width="640" height="480">
  </image>
  <image id="216" name="rc19-experiment/INDOOR/RANDOM_SET_BY_CIRCLE_top/63005.png" width="640" height="480">
  </image>
  <image id="215" name="rc19-experiment/INDOOR/RANDOM_SET_BY_CIRCLE_top/63001.png" width="640" height="480">
  </image>
  <image id="214" name="rc19-experiment/INDOOR/RANDOM_SET_BY_CIRCLE_top/62998.png" width="640" height="480">
  </image>
  <image id="213" name="rc19-experiment/INDOOR/RANDOM_SET_BY_CIRCLE_top/62995.png" width="640" height="480">
  </image>
  <image id="212" name="rc19-experiment/INDOOR/RANDOM_SET_BY_CIRCLE_top/62991.png" width="640" height="480">
  </image>
  <image id="211" name="rc19-experiment/INDOOR/RANDOM_SET_BY_CIRCLE_top/62988.png" width="640" height="480">
  </image>
  <image id="210" name="rc19-experiment/INDOOR/RANDOM_SET_BY_CIRCLE_top/62985.png" width="640" height="480">
  </image>
  <image id="209" name="rc19-experiment/INDOOR/RANDOM_SET_BY_CIRCLE_top/62982.png" width="640" height="480">
  </image>
  <image id="208" name="rc19-experiment/INDOOR/RANDOM_SET_BY_CIRCLE_top/62978.png" width="640" height="480">
  </image>
  <image id="207" name="rc19-experiment/INDOOR/RANDOM_SET_BY_CIRCLE_top/62975.png" width="640" height="480">
  </image>
  <image id="206" name="rc19-experiment/INDOOR/RANDOM_SET_BY_CIRCLE_top/62972.png" width="640" height="480">
  </image>
  <image id="205" name="rc19-experiment/INDOOR/RANDOM_SET_BY_CIRCLE_top/62969.png" width="640" height="480">
  </image>
  <image id="204" name="rc19-experiment/INDOOR/RANDOM_SET_BY_CIRCLE_top/62966.png" width="640" height="480">
  </image>
  <image id="203" name="rc19-experiment/INDOOR/RANDOM_SET_BY_CIRCLE_top/62963.png" width="640" height="480">
  </image>
  <image id="202" name="rc19-experiment/INDOOR/RANDOM_SET_BY_CIRCLE_top/62959.png" width="640" height="480">
  </image>
  <image id="201" name="rc19-experiment/INDOOR/RANDOM_SET_BY_CIRCLE_top/62955.png" width="640" height="480">
  </image>
  <image id="200" name="rc19-experiment/INDOOR/RANDOM_SET_BY_CIRCLE_top/62952.png" width="640" height="480">
  </image>
  <image id="199" name="rc19-experiment/INDOOR/RANDOM_SET_BY_CIRCLE_top/62949.png" width="640" height="480">
  </image>
  <image id="198" name="rc19-experiment/INDOOR/RANDOM_SET_BY_CIRCLE_top/62945.png" width="640" height="480">
  </image>
  <image id="197" name="rc19-experiment/INDOOR/RANDOM_SET_BY_CIRCLE_top/62942.png" width="640" height="480">
  </image>
  <image id="196" name="rc19-experiment/INDOOR/RANDOM_SET_BY_CIRCLE_top/62939.png" width="640" height="480">
  </image>
  <image id="195" name="rc19-experiment/INDOOR/RANDOM_SET_BY_CIRCLE_top/62936.png" width="640" height="480">
  </image>
  <image id="194" name="rc19-experiment/INDOOR/RANDOM_SET_BY_CIRCLE_top/62933.png" width="640" height="480">
  </image>
  <image id="193" name="rc19-experiment/INDOOR/RANDOM_SET_BY_CIRCLE_top/62930.png" width="640" height="480">
  </image>
  <image id="192" name="rc19-experiment/INDOOR/RANDOM_SET_BY_CIRCLE_top/62926.png" width="640" height="480">
  </image>
  <image id="191" name="rc19-experiment/INDOOR/RANDOM_SET_BY_CIRCLE_top/62923.png" width="640" height="480">
  </image>
  <image id="190" name="rc19-experiment/INDOOR/RANDOM_SET_BY_CIRCLE_top/62919.png" width="640" height="480">
  </image>
  <image id="189" name="rc19-experiment/INDOOR/RANDOM_SET_BY_CIRCLE_top/62916.png" width="640" height="480">
  </image>
  <image id="188" name="rc19-experiment/INDOOR/RANDOM_SET_BY_CIRCLE_top/62912.png" width="640" height="480">
  </image>
  <image id="187" name="rc19-experiment/INDOOR/RANDOM_SET_BY_CIRCLE_top/62909.png" width="640" height="480">
  </image>
  <image id="186" name="rc19-experiment/INDOOR/RANDOM_SET_BY_CIRCLE_top/62906.png" width="640" height="480">
  </image>
  <image id="185" name="rc19-experiment/INDOOR/RANDOM_SET_BY_CIRCLE_top/62903.png" width="640" height="480">
  </image>
  <image id="184" name="rc19-experiment/INDOOR/RANDOM_SET_BY_CIRCLE_top/62899.png" width="640" height="480">
  </image>
  <image id="183" name="rc19-experiment/INDOOR/RANDOM_SET_BY_CIRCLE_top/62896.png" width="640" height="480">
  </image>
  <image id="182" name="rc19-experiment/INDOOR/RANDOM_SET_BY_CIRCLE_top/62893.png" width="640" height="480">
  </image>
  <image id="181" name="rc19-experiment/INDOOR/RANDOM_SET_BY_CIRCLE_top/62890.png" width="640" height="480">
  </image>
  <image id="180" name="rc19-experiment/INDOOR/RANDOM_SET_BY_CIRCLE_top/62887.png" width="640" height="480">
  </image>
  <image id="179" name="rc19-experiment/INDOOR/RANDOM_SET_BY_CIRCLE_top/62884.png" width="640" height="480">
  </image>
  <image id="178" name="rc19-experiment/INDOOR/RANDOM_SET_BY_CIRCLE_top/62881.png" width="640" height="480">
  </image>
  <image id="177" name="rc19-experiment/INDOOR/RANDOM_SET_BY_CIRCLE_top/62877.png" width="640" height="480">
  </image>
  <image id="176" name="rc19-experiment/INDOOR/RANDOM_SET_BY_CIRCLE_top/62874.png" width="640" height="480">
  </image>
  <image id="175" name="rc19-experiment/INDOOR/RANDOM_SET_BY_CIRCLE_top/62870.png" width="640" height="480">
  </image>
  <image id="174" name="rc19-experiment/INDOOR/RANDOM_SET_BY_CIRCLE_top/62867.png" width="640" height="480">
  </image>
  <image id="173" name="rc19-experiment/INDOOR/RANDOM_SET_BY_CIRCLE_top/62864.png" width="640" height="480">
  </image>
  <image id="172" name="rc19-experiment/INDOOR/RANDOM_SET_BY_CIRCLE_top/62861.png" width="640" height="480">
  </image>
  <image id="171" name="rc19-experiment/INDOOR/RANDOM_SET_BY_CIRCLE_top/62857.png" width="640" height="480">
  </image>
  <image id="170" name="rc19-experiment/INDOOR/RANDOM_SET_BY_CIRCLE_top/62854.png" width="640" height="480">
  </image>
  <image id="169" name="rc19-experiment/INDOOR/RANDOM_SET_BY_CIRCLE_top/62851.png" width="640" height="480">
  </image>
  <image id="168" name="rc19-experiment/INDOOR/RANDOM_SET_BY_CIRCLE_top/62848.png" width="640" height="480">
  </image>
  <image id="167" name="rc19-experiment/INDOOR/RANDOM_SET_BY_CIRCLE_top/62845.png" width="640" height="480">
  </image>
  <image id="166" name="rc19-experiment/INDOOR/RANDOM_SET_BY_CIRCLE_top/62842.png" width="640" height="480">
  </image>
  <image id="165" name="rc19-experiment/INDOOR/RANDOM_SET_BY_CIRCLE_top/62839.png" width="640" height="480">
  </image>
  <image id="164" name="rc19-experiment/INDOOR/RANDOM_SET_BY_CIRCLE_top/62836.png" width="640" height="480">
  </image>
  <image id="163" name="rc19-experiment/INDOOR/RANDOM_SET_BY_CIRCLE_top/62833.png" width="640" height="480">
  </image>
  <image id="162" name="rc19-experiment/INDOOR/RANDOM_SET_BY_CIRCLE_top/62829.png" width="640" height="480">
  </image>
  <image id="161" name="rc19-experiment/INDOOR/RANDOM_SET_BY_CIRCLE_top/62826.png" width="640" height="480">
  </image>
  <image id="160" name="rc19-experiment/INDOOR/RANDOM_SET_BY_CIRCLE_top/62823.png" width="640" height="480">
  </image>
  <image id="159" name="rc19-experiment/INDOOR/RANDOM_SET_BY_CIRCLE_top/62819.png" width="640" height="480">
  </image>
  <image id="158" name="rc19-experiment/INDOOR/RANDOM_SET_BY_CIRCLE_top/62816.png" width="640" height="480">
  </image>
  <image id="157" name="rc19-experiment/INDOOR/RANDOM_SET_BY_CIRCLE_top/62812.png" width="640" height="480">
  </image>
  <image id="156" name="rc19-experiment/INDOOR/RANDOM_SET_BY_CIRCLE_top/62809.png" width="640" height="480">
  </image>
  <image id="155" name="rc19-experiment/INDOOR/RANDOM_SET_BY_CIRCLE_top/62806.png" width="640" height="480">
  </image>
  <image id="154" name="rc19-experiment/INDOOR/RANDOM_SET_BY_CIRCLE_top/62803.png" width="640" height="480">
  </image>
  <image id="153" name="rc19-experiment/INDOOR/RANDOM_SET_BY_CIRCLE_top/62800.png" width="640" height="480">
  </image>
  <image id="152" name="rc19-experiment/INDOOR/RANDOM_SET_BY_CIRCLE_top/62797.png" width="640" height="480">
  </image>
  <image id="151" name="rc19-experiment/INDOOR/RANDOM_SET_BY_CIRCLE_top/62794.png" width="640" height="480">
  </image>
  <image id="150" name="rc19-experiment/INDOOR/RANDOM_SET_BY_CIRCLE_top/62791.png" width="640" height="480">
  </image>
  <image id="149" name="rc19-experiment/INDOOR/RANDOM_SET_BY_CIRCLE_top/62788.png" width="640" height="480">
  </image>
  <image id="148" name="rc19-experiment/INDOOR/RANDOM_SET_BY_CIRCLE_top/62785.png" width="640" height="480">
  </image>
  <image id="147" name="rc19-experiment/INDOOR/RANDOM_SET_BY_CIRCLE_top/62782.png" width="640" height="480">
  </image>
  <image id="146" name="rc19-experiment/INDOOR/RANDOM_SET_BY_CIRCLE_top/62778.png" width="640" height="480">
  </image>
  <image id="145" name="rc19-experiment/INDOOR/RANDOM_SET_BY_CIRCLE_top/62775.png" width="640" height="480">
  </image>
  <image id="144" name="rc19-experiment/INDOOR/RANDOM_SET_BY_CIRCLE_top/62772.png" width="640" height="480">
  </image>
  <image id="143" name="rc19-experiment/INDOOR/RANDOM_SET_BY_CIRCLE_top/62769.png" width="640" height="480">
  </image>
  <image id="142" name="rc19-experiment/INDOOR/RANDOM_SET_BY_CIRCLE_top/62766.png" width="640" height="480">
  </image>
  <image id="141" name="rc19-experiment/INDOOR/RANDOM_SET_BY_CIRCLE_top/62763.png" width="640" height="480">
  </image>
  <image id="140" name="rc19-experiment/INDOOR/RANDOM_SET_BY_CIRCLE_top/62759.png" width="640" height="480">
  </image>
  <image id="139" name="rc19-experiment/INDOOR/RANDOM_SET_BY_CIRCLE_top/62756.png" width="640" height="480">
  </image>
  <image id="138" name="rc19-experiment/INDOOR/RANDOM_SET_BY_CIRCLE_top/62752.png" width="640" height="480">
  </image>
  <image id="137" name="rc19-experiment/INDOOR/RANDOM_SET_BY_CIRCLE_top/62749.png" width="640" height="480">
  </image>
  <image id="136" name="rc19-experiment/INDOOR/RANDOM_SET_BY_CIRCLE_top/62746.png" width="640" height="480">
  </image>
  <image id="135" name="rc19-experiment/INDOOR/RANDOM_SET_BY_CIRCLE_top/62742.png" width="640" height="480">
  </image>
  <image id="134" name="rc19-experiment/INDOOR/RANDOM_SET_BY_CIRCLE_top/62739.png" width="640" height="480">
  </image>
  <image id="133" name="rc19-experiment/INDOOR/RANDOM_SET_BY_CIRCLE_top/62736.png" width="640" height="480">
  </image>
  <image id="132" name="rc19-experiment/INDOOR/RANDOM_SET_BY_CIRCLE_top/62733.png" width="640" height="480">
  </image>
  <image id="131" name="rc19-experiment/INDOOR/RANDOM_SET_BY_CIRCLE_top/62729.png" width="640" height="480">
  </image>
  <image id="130" name="rc19-experiment/INDOOR/RANDOM_SET_BY_CIRCLE_top/62725.png" width="640" height="480">
  </image>
  <image id="129" name="rc19-experiment/INDOOR/RANDOM_SET_BY_CIRCLE_top/62722.png" width="640" height="480">
  </image>
  <image id="128" name="rc19-experiment/INDOOR/RANDOM_SET_BY_CIRCLE_top/62719.png" width="640" height="480">
  </image>
  <image id="127" name="rc19-experiment/INDOOR/RANDOM_SET_BY_CIRCLE_top/62716.png" width="640" height="480">
  </image>
  <image id="126" name="rc19-experiment/INDOOR/RANDOM_SET_BY_CIRCLE_top/62713.png" width="640" height="480">
  </image>
  <image id="125" name="rc19-experiment/INDOOR/RANDOM_SET_BY_CIRCLE_top/62710.png" width="640" height="480">
  </image>
  <image id="124" name="rc19-experiment/INDOOR/RANDOM_SET_BY_CIRCLE_top/62707.png" width="640" height="480">
  </image>
  <image id="123" name="rc19-experiment/INDOOR/RANDOM_SET_BY_CIRCLE_top/62704.png" width="640" height="480">
  </image>
  <image id="122" name="rc19-experiment/INDOOR/RANDOM_SET_BY_CIRCLE_top/62701.png" width="640" height="480">
  </image>
  <image id="121" name="rc19-experiment/INDOOR/RANDOM_SET_BY_CIRCLE_top/62697.png" width="640" height="480">
  </image>
  <image id="120" name="rc19-experiment/INDOOR/RANDOM_SET_BY_CIRCLE_top/62694.png" width="640" height="480">
  </image>
  <image id="119" name="rc19-experiment/INDOOR/RANDOM_SET_BY_CIRCLE_top/62690.png" width="640" height="480">
  </image>
  <image id="118" name="rc19-experiment/INDOOR/RANDOM_SET_BY_CIRCLE_top/62687.png" width="640" height="480">
  </image>
  <image id="117" name="rc19-experiment/INDOOR/RANDOM_SET_BY_CIRCLE_top/62683.png" width="640" height="480">
  </image>
  <image id="116" name="rc19-experiment/INDOOR/RANDOM_SET_BY_CIRCLE_top/62680.png" width="640" height="480">
  </image>
  <image id="115" name="rc19-experiment/INDOOR/RANDOM_SET_BY_CIRCLE_top/62676.png" width="640" height="480">
  </image>
  <image id="114" name="rc19-experiment/INDOOR/RANDOM_SET_BY_CIRCLE_top/62673.png" width="640" height="480">
  </image>
  <image id="113" name="rc19-experiment/INDOOR/RANDOM_SET_BY_CIRCLE_top/62669.png" width="640" height="480">
  </image>
  <image id="112" name="rc19-experiment/INDOOR/RANDOM_SET_BY_CIRCLE_top/62666.png" width="640" height="480">
  </image>
  <image id="111" name="rc19-experiment/INDOOR/RANDOM_SET_BY_CIRCLE_top/62662.png" width="640" height="480">
  </image>
  <image id="110" name="rc19-experiment/INDOOR/RANDOM_SET_BY_CIRCLE_top/62658.png" width="640" height="480">
  </image>
  <image id="109" name="rc19-experiment/INDOOR/RANDOM_SET_BY_CIRCLE_top/62655.png" width="640" height="480">
  </image>
  <image id="108" name="rc19-experiment/INDOOR/RANDOM_SET_BY_CIRCLE_top/62652.png" width="640" height="480">
  </image>
  <image id="107" name="rc19-experiment/INDOOR/RANDOM_SET_BY_CIRCLE_top/62649.png" width="640" height="480">
  </image>
  <image id="106" name="rc19-experiment/INDOOR/RANDOM_SET_BY_CIRCLE_top/62646.png" width="640" height="480">
  </image>
  <image id="105" name="rc19-experiment/INDOOR/RANDOM_SET_BY_CIRCLE_top/62643.png" width="640" height="480">
  </image>
  <image id="104" name="rc19-experiment/INDOOR/RANDOM_SET_BY_CIRCLE_top/62639.png" width="640" height="480">
  </image>
  <image id="103" name="rc19-experiment/INDOOR/RANDOM_SET_BY_CIRCLE_top/62636.png" width="640" height="480">
  </image>
  <image id="102" name="rc19-experiment/INDOOR/RANDOM_SET_BY_CIRCLE_top/62633.png" width="640" height="480">
  </image>
  <image id="101" name="rc19-experiment/INDOOR/RANDOM_SET_BY_CIRCLE_top/62629.png" width="640" height="480">
  </image>
  <image id="100" name="rc19-experiment/INDOOR/RANDOM_SET_BY_CIRCLE_top/62625.png" width="640" height="480">
  </image>
  <image id="99" name="rc19-experiment/INDOOR/RANDOM_SET_BY_CIRCLE_top/62622.png" width="640" height="480">
  </image>
  <image id="98" name="rc19-experiment/INDOOR/RANDOM_SET_BY_CIRCLE_top/62618.png" width="640" height="480">
  </image>
  <image id="97" name="rc19-experiment/INDOOR/RANDOM_SET_BY_CIRCLE_top/62615.png" width="640" height="480">
  </image>
  <image id="96" name="rc19-experiment/INDOOR/RANDOM_SET_BY_CIRCLE_top/62612.png" width="640" height="480">
  </image>
  <image id="95" name="rc19-experiment/INDOOR/RANDOM_SET_BY_CIRCLE_top/62609.png" width="640" height="480">
  </image>
  <image id="94" name="rc19-experiment/INDOOR/RANDOM_SET_BY_CIRCLE_top/62605.png" width="640" height="480">
  </image>
  <image id="93" name="rc19-experiment/INDOOR/RANDOM_SET_BY_CIRCLE_top/62602.png" width="640" height="480">
  </image>
  <image id="92" name="rc19-experiment/INDOOR/RANDOM_SET_BY_CIRCLE_top/62599.png" width="640" height="480">
  </image>
  <image id="91" name="rc19-experiment/INDOOR/RANDOM_SET_BY_CIRCLE_top/62596.png" width="640" height="480">
  </image>
  <image id="90" name="rc19-experiment/INDOOR/RANDOM_SET_BY_CIRCLE_top/62593.png" width="640" height="480">
  </image>
  <image id="89" name="rc19-experiment/INDOOR/RANDOM_SET_BY_CIRCLE_top/62589.png" width="640" height="480">
  </image>
  <image id="88" name="rc19-experiment/INDOOR/RANDOM_SET_BY_CIRCLE_top/62585.png" width="640" height="480">
  </image>
  <image id="87" name="rc19-experiment/INDOOR/RANDOM_SET_BY_CIRCLE_top/62582.png" width="640" height="480">
  </image>
  <image id="86" name="rc19-experiment/INDOOR/RANDOM_SET_BY_CIRCLE_top/62578.png" width="640" height="480">
  </image>
  <image id="85" name="rc19-experiment/INDOOR/RANDOM_SET_BY_CIRCLE_top/62575.png" width="640" height="480">
  </image>
  <image id="84" name="rc19-experiment/INDOOR/RANDOM_SET_BY_CIRCLE_top/62572.png" width="640" height="480">
  </image>
  <image id="83" name="rc19-experiment/INDOOR/RANDOM_SET_BY_CIRCLE_top/62568.png" width="640" height="480">
  </image>
  <image id="82" name="rc19-experiment/INDOOR/RANDOM_SET_BY_CIRCLE_top/62565.png" width="640" height="480">
  </image>
  <image id="81" name="rc19-experiment/INDOOR/RANDOM_SET_BY_CIRCLE_top/62562.png" width="640" height="480">
  </image>
  <image id="80" name="rc19-experiment/INDOOR/RANDOM_SET_BY_CIRCLE_top/62559.png" width="640" height="480">
  </image>
  <image id="79" name="rc19-experiment/INDOOR/RANDOM_SET_BY_CIRCLE_top/62556.png" width="640" height="480">
  </image>
  <image id="78" name="rc19-experiment/INDOOR/RANDOM_SET_BY_CIRCLE_top/62553.png" width="640" height="480">
  </image>
  <image id="77" name="rc19-experiment/INDOOR/RANDOM_SET_BY_CIRCLE_top/62549.png" width="640" height="480">
  </image>
  <image id="76" name="rc19-experiment/INDOOR/RANDOM_SET_BY_CIRCLE_top/62546.png" width="640" height="480">
  </image>
  <image id="75" name="rc19-experiment/INDOOR/RANDOM_SET_BY_CIRCLE_top/62543.png" width="640" height="480">
  </image>
  <image id="74" name="rc19-experiment/INDOOR/RANDOM_SET_BY_CIRCLE_top/62540.png" width="640" height="480">
  </image>
  <image id="73" name="rc19-experiment/INDOOR/RANDOM_SET_BY_CIRCLE_top/62536.png" width="640" height="480">
  </image>
  <image id="72" name="rc19-experiment/INDOOR/RANDOM_SET_BY_CIRCLE_top/62533.png" width="640" height="480">
  </image>
  <image id="71" name="rc19-experiment/INDOOR/RANDOM_SET_BY_CIRCLE_top/62529.png" width="640" height="480">
  </image>
  <image id="70" name="rc19-experiment/INDOOR/RANDOM_SET_BY_CIRCLE_top/62526.png" width="640" height="480">
  </image>
  <image id="69" name="rc19-experiment/INDOOR/RANDOM_SET_BY_CIRCLE_top/62523.png" width="640" height="480">
  </image>
  <image id="68" name="rc19-experiment/INDOOR/RANDOM_SET_BY_CIRCLE_top/62519.png" width="640" height="480">
  </image>
  <image id="67" name="rc19-experiment/INDOOR/RANDOM_SET_BY_CIRCLE_top/62515.png" width="640" height="480">
  </image>
  <image id="66" name="rc19-experiment/INDOOR/RANDOM_SET_BY_CIRCLE_top/62512.png" width="640" height="480">
  </image>
  <image id="65" name="rc19-experiment/INDOOR/RANDOM_SET_BY_CIRCLE_top/62509.png" width="640" height="480">
  </image>
  <image id="64" name="rc19-experiment/INDOOR/RANDOM_SET_BY_CIRCLE_top/62505.png" width="640" height="480">
  </image>
  <image id="63" name="rc19-experiment/INDOOR/RANDOM_SET_BY_CIRCLE_top/62502.png" width="640" height="480">
  </image>
  <image id="62" name="rc19-experiment/INDOOR/RANDOM_SET_BY_CIRCLE_top/62499.png" width="640" height="480">
  </image>
  <image id="61" name="rc19-experiment/INDOOR/RANDOM_SET_BY_CIRCLE_top/62495.png" width="640" height="480">
  </image>
  <image id="60" name="rc19-experiment/INDOOR/RANDOM_SET_BY_CIRCLE_top/62492.png" width="640" height="480">
  </image>
  <image id="59" name="rc19-experiment/INDOOR/RANDOM_SET_BY_CIRCLE_top/62488.png" width="640" height="480">
  </image>
  <image id="58" name="rc19-experiment/INDOOR/RANDOM_SET_BY_CIRCLE_top/62485.png" width="640" height="480">
  </image>
  <image id="57" name="rc19-experiment/INDOOR/RANDOM_SET_BY_CIRCLE_top/62482.png" width="640" height="480">
  </image>
  <image id="56" name="rc19-experiment/INDOOR/RANDOM_SET_BY_CIRCLE_top/62479.png" width="640" height="480">
  </image>
  <image id="55" name="rc19-experiment/INDOOR/RANDOM_SET_BY_CIRCLE_top/62475.png" width="640" height="480">
  </image>
  <image id="54" name="rc19-experiment/INDOOR/RANDOM_SET_BY_CIRCLE_top/62472.png" width="640" height="480">
  </image>
  <image id="53" name="rc19-experiment/INDOOR/RANDOM_SET_BY_CIRCLE_top/62468.png" width="640" height="480">
  </image>
  <image id="52" name="rc19-experiment/INDOOR/RANDOM_SET_BY_CIRCLE_top/62464.png" width="640" height="480">
  </image>
  <image id="51" name="rc19-experiment/INDOOR/RANDOM_SET_BY_CIRCLE_top/62461.png" width="640" height="480">
  </image>
  <image id="50" name="rc19-experiment/INDOOR/RANDOM_SET_BY_CIRCLE_top/62457.png" width="640" height="480">
  </image>
  <image id="49" name="rc19-experiment/INDOOR/RANDOM_SET_BY_CIRCLE_top/62454.png" width="640" height="480">
  </image>
  <image id="48" name="rc19-experiment/INDOOR/RANDOM_SET_BY_CIRCLE_top/62451.png" width="640" height="480">
  </image>
  <image id="47" name="rc19-experiment/INDOOR/RANDOM_SET_BY_CIRCLE_top/62448.png" width="640" height="480">
  </image>
  <image id="46" name="rc19-experiment/INDOOR/RANDOM_SET_BY_CIRCLE_top/62445.png" width="640" height="480">
  </image>
  <image id="45" name="rc19-experiment/INDOOR/RANDOM_SET_BY_CIRCLE_top/62442.png" width="640" height="480">
  </image>
  <image id="44" name="rc19-experiment/INDOOR/RANDOM_SET_BY_CIRCLE_top/62438.png" width="640" height="480">
  </image>
  <image id="43" name="rc19-experiment/INDOOR/RANDOM_SET_BY_CIRCLE_top/62435.png" width="640" height="480">
  </image>
  <image id="42" name="rc19-experiment/INDOOR/RANDOM_SET_BY_CIRCLE_top/62432.png" width="640" height="480">
  </image>
  <image id="41" name="rc19-experiment/INDOOR/RANDOM_SET_BY_CIRCLE_top/62428.png" width="640" height="480">
  </image>
  <image id="40" name="rc19-experiment/INDOOR/RANDOM_SET_BY_CIRCLE_top/62425.png" width="640" height="480">
  </image>
  <image id="39" name="rc19-experiment/INDOOR/RANDOM_SET_BY_CIRCLE_top/62421.png" width="640" height="480">
  </image>
  <image id="38" name="rc19-experiment/INDOOR/RANDOM_SET_BY_CIRCLE_top/62418.png" width="640" height="480">
  </image>
  <image id="37" name="rc19-experiment/INDOOR/RANDOM_SET_BY_CIRCLE_top/62415.png" width="640" height="480">
  </image>
  <image id="36" name="rc19-experiment/INDOOR/RANDOM_SET_BY_CIRCLE_top/62412.png" width="640" height="480">
  </image>
  <image id="35" name="rc19-experiment/INDOOR/RANDOM_SET_BY_CIRCLE_top/62409.png" width="640" height="480">
  </image>
  <image id="34" name="rc19-experiment/INDOOR/RANDOM_SET_BY_CIRCLE_top/62406.png" width="640" height="480">
  </image>
  <image id="33" name="rc19-experiment/INDOOR/RANDOM_SET_BY_CIRCLE_top/62403.png" width="640" height="480">
  </image>
  <image id="32" name="rc19-experiment/INDOOR/RANDOM_SET_BY_CIRCLE_top/62400.png" width="640" height="480">
  </image>
  <image id="31" name="rc19-experiment/INDOOR/RANDOM_SET_BY_CIRCLE_top/62397.png" width="640" height="480">
  </image>
  <image id="30" name="rc19-experiment/INDOOR/RANDOM_SET_BY_CIRCLE_top/62394.png" width="640" height="480">
  </image>
  <image id="29" name="rc19-experiment/INDOOR/RANDOM_SET_BY_CIRCLE_top/62391.png" width="640" height="480">
  </image>
  <image id="28" name="rc19-experiment/INDOOR/RANDOM_SET_BY_CIRCLE_top/62387.png" width="640" height="480">
  </image>
  <image id="27" name="rc19-experiment/INDOOR/RANDOM_SET_BY_CIRCLE_top/62384.png" width="640" height="480">
  </image>
  <image id="26" name="rc19-experiment/INDOOR/RANDOM_SET_BY_CIRCLE_top/62381.png" width="640" height="480">
  </image>
  <image id="25" name="rc19-experiment/INDOOR/RANDOM_SET_BY_CIRCLE_top/62378.png" width="640" height="480">
  </image>
  <image id="24" name="rc19-experiment/INDOOR/RANDOM_SET_BY_CIRCLE_top/62375.png" width="640" height="480">
  </image>
  <image id="23" name="rc19-experiment/INDOOR/RANDOM_SET_BY_CIRCLE_top/62372.png" width="640" height="480">
  </image>
  <image id="22" name="rc19-experiment/INDOOR/RANDOM_SET_BY_CIRCLE_top/62369.png" width="640" height="480">
  </image>
  <image id="21" name="rc19-experiment/INDOOR/RANDOM_SET_BY_CIRCLE_top/62366.png" width="640" height="480">
  </image>
  <image id="20" name="rc19-experiment/INDOOR/RANDOM_SET_BY_CIRCLE_top/62362.png" width="640" height="480">
  </image>
  <image id="19" name="rc19-experiment/INDOOR/RANDOM_SET_BY_CIRCLE_top/62359.png" width="640" height="480">
  </image>
  <image id="18" name="rc19-experiment/INDOOR/RANDOM_SET_BY_CIRCLE_top/62356.png" width="640" height="480">
  </image>
  <image id="17" name="rc19-experiment/INDOOR/RANDOM_SET_BY_CIRCLE_top/62353.png" width="640" height="480">
  </image>
  <image id="16" name="rc19-experiment/INDOOR/RANDOM_SET_BY_CIRCLE_top/62349.png" width="640" height="480">
  </image>
  <image id="15" name="rc19-experiment/INDOOR/RANDOM_SET_BY_CIRCLE_top/62346.png" width="640" height="480">
  </image>
  <image id="14" name="rc19-experiment/INDOOR/RANDOM_SET_BY_CIRCLE_top/62343.png" width="640" height="480">
  </image>
  <image id="13" name="rc19-experiment/INDOOR/RANDOM_SET_BY_CIRCLE_top/62339.png" width="640" height="480">
  </image>
  <image id="12" name="rc19-experiment/INDOOR/RANDOM_SET_BY_CIRCLE_top/62336.png" width="640" height="480">
  </image>
  <image id="11" name="rc19-experiment/INDOOR/RANDOM_SET_BY_CIRCLE_top/62333.png" width="640" height="480">
  </image>
  <image id="10" name="rc19-experiment/INDOOR/RANDOM_SET_BY_CIRCLE_top/62330.png" width="640" height="480">
  </image>
  <image id="9" name="rc19-experiment/INDOOR/RANDOM_SET_BY_CIRCLE_top/62327.png" width="640" height="480">
  </image>
  <image id="8" name="rc19-experiment/INDOOR/RANDOM_SET_BY_CIRCLE_top/62324.png" width="640" height="480">
  </image>
  <image id="7" name="rc19-experiment/INDOOR/RANDOM_SET_BY_CIRCLE_top/62320.png" width="640" height="480">
  </image>
  <image id="6" name="rc19-experiment/INDOOR/RANDOM_SET_BY_CIRCLE_top/62317.png" width="640" height="480">
  </image>
  <image id="5" name="rc19-experiment/INDOOR/RANDOM_SET_BY_CIRCLE_top/62314.png" width="640" height="480">
  </image>
  <image id="4" name="rc19-experiment/INDOOR/RANDOM_SET_BY_CIRCLE_top/62311.png" width="640" height="480">
  </image>
  <image id="3" name="rc19-experiment/INDOOR/RANDOM_SET_BY_CIRCLE_top/62308.png" width="640" height="480">
  </image>
  <image id="2" name="rc19-experiment/INDOOR/RANDOM_SET_BY_CIRCLE_top/62305.png" width="640" height="480">
  </image>
  <image id="1" name="rc19-experiment/INDOOR/RANDOM_SET_BY_CIRCLE_top/62302.png" width="640" height="480">
  </image>
  <image id="0" name="rc19-experiment/INDOOR/RANDOM_SET_BY_CIRCLE_top/62299.png" width="640" height="480">
  </image>
</annotations>