<?xml version="1.0" encoding="utf-8"?>
<annotations>
  <version>1.1</version>
  <meta>
    <task>
      <id>44</id>
      <name>RC19Experiments-INDOOR-PLAY_FROM_CIRCLE_GOAL_top</name>
      <size>275</size>
      <mode>annotation</mode>
      <overlap>0</overlap>
      <bugtracker></bugtracker>
      <created>2020-04-05 10:45:39.719969+00:00</created>
      <updated>2021-02-10 05:14:45.798912+00:00</updated>
      <start_frame>0</start_frame>
      <stop_frame>274</stop_frame>
      <frame_filter></frame_filter>
      <labels>
        <label>
          <name>ball</name>
          <color>#804080</color>
          <attributes>
            <attribute>
              <name>smudge</name>
              <mutable>False</mutable>
              <input_type>checkbox</input_type>
              <default_value>false</default_value>
              <values>false</values>
            </attribute>
          </attributes>
        </label>
      </labels>
      <segments>
        <segment>
          <id>44</id>
          <start>0</start>
          <stop>274</stop>
          <url>httpball.informatik.hu-berlin.de/?id=44</url>
        </segment>
      </segments>
      <owner>
        <username>nao</username>
        <email></email>
      </owner>
      <assignee></assignee>
    </task>
    <dumped>2021-03-24 17:27:18.545675+00:00</dumped>
  </meta>
  <image id="274" name="rc19-experiment/INDOOR/PLAY_FROM_CIRCLE_GOAL_top/69673.png" width="640" height="480">
  </image>
  <image id="273" name="rc19-experiment/INDOOR/PLAY_FROM_CIRCLE_GOAL_top/69670.png" width="640" height="480">
  </image>
  <image id="272" name="rc19-experiment/INDOOR/PLAY_FROM_CIRCLE_GOAL_top/69666.png" width="640" height="480">
    <box label="ball" occluded="0" source="auto" xtl="296.65" ytl="344.96" xbr="356.45" ybr="409.67" z_order="0">
      <attribute name="smudge">false</attribute>
    </box>
  </image>
  <image id="271" name="rc19-experiment/INDOOR/PLAY_FROM_CIRCLE_GOAL_top/69663.png" width="640" height="480">
    <box label="ball" occluded="0" source="manual" xtl="326.51" ytl="265.50" xbr="387.00" ybr="328.40" z_order="0">
      <attribute name="smudge">false</attribute>
    </box>
  </image>
  <image id="270" name="rc19-experiment/INDOOR/PLAY_FROM_CIRCLE_GOAL_top/69660.png" width="640" height="480">
    <box label="ball" occluded="0" source="manual" xtl="362.15" ytl="234.35" xbr="434.90" ybr="303.74" z_order="0">
      <attribute name="smudge">false</attribute>
    </box>
  </image>
  <image id="269" name="rc19-experiment/INDOOR/PLAY_FROM_CIRCLE_GOAL_top/69657.png" width="640" height="480">
    <box label="ball" occluded="0" source="auto" xtl="382.51" ytl="263.64" xbr="458.32" ybr="337.66" z_order="0">
      <attribute name="smudge">false</attribute>
    </box>
  </image>
  <image id="268" name="rc19-experiment/INDOOR/PLAY_FROM_CIRCLE_GOAL_top/69654.png" width="640" height="480">
    <box label="ball" occluded="0" source="auto" xtl="352.46" ytl="343.85" xbr="443.93" ybr="431.14" z_order="0">
      <attribute name="smudge">false</attribute>
    </box>
  </image>
  <image id="267" name="rc19-experiment/INDOOR/PLAY_FROM_CIRCLE_GOAL_top/69651.png" width="640" height="480">
    <box label="ball" occluded="0" source="auto" xtl="314.91" ytl="395.49" xbr="419.88" ybr="480.00" z_order="0">
      <attribute name="smudge">false</attribute>
    </box>
  </image>
  <image id="266" name="rc19-experiment/INDOOR/PLAY_FROM_CIRCLE_GOAL_top/69648.png" width="640" height="480">
  </image>
  <image id="265" name="rc19-experiment/INDOOR/PLAY_FROM_CIRCLE_GOAL_top/69645.png" width="640" height="480">
  </image>
  <image id="264" name="rc19-experiment/INDOOR/PLAY_FROM_CIRCLE_GOAL_top/69642.png" width="640" height="480">
  </image>
  <image id="263" name="rc19-experiment/INDOOR/PLAY_FROM_CIRCLE_GOAL_top/69639.png" width="640" height="480">
  </image>
  <image id="262" name="rc19-experiment/INDOOR/PLAY_FROM_CIRCLE_GOAL_top/69636.png" width="640" height="480">
  </image>
  <image id="261" name="rc19-experiment/INDOOR/PLAY_FROM_CIRCLE_GOAL_top/69633.png" width="640" height="480">
  </image>
  <image id="260" name="rc19-experiment/INDOOR/PLAY_FROM_CIRCLE_GOAL_top/69630.png" width="640" height="480">
  </image>
  <image id="259" name="rc19-experiment/INDOOR/PLAY_FROM_CIRCLE_GOAL_top/69627.png" width="640" height="480">
  </image>
  <image id="258" name="rc19-experiment/INDOOR/PLAY_FROM_CIRCLE_GOAL_top/69623.png" width="640" height="480">
  </image>
  <image id="257" name="rc19-experiment/INDOOR/PLAY_FROM_CIRCLE_GOAL_top/69620.png" width="640" height="480">
  </image>
  <image id="256" name="rc19-experiment/INDOOR/PLAY_FROM_CIRCLE_GOAL_top/69617.png" width="640" height="480">
  </image>
  <image id="255" name="rc19-experiment/INDOOR/PLAY_FROM_CIRCLE_GOAL_top/69614.png" width="640" height="480">
  </image>
  <image id="254" name="rc19-experiment/INDOOR/PLAY_FROM_CIRCLE_GOAL_top/69611.png" width="640" height="480">
  </image>
  <image id="253" name="rc19-experiment/INDOOR/PLAY_FROM_CIRCLE_GOAL_top/69608.png" width="640" height="480">
  </image>
  <image id="252" name="rc19-experiment/INDOOR/PLAY_FROM_CIRCLE_GOAL_top/69605.png" width="640" height="480">
  </image>
  <image id="251" name="rc19-experiment/INDOOR/PLAY_FROM_CIRCLE_GOAL_top/69602.png" width="640" height="480">
  </image>
  <image id="250" name="rc19-experiment/INDOOR/PLAY_FROM_CIRCLE_GOAL_top/69599.png" width="640" height="480">
  </image>
  <image id="249" name="rc19-experiment/INDOOR/PLAY_FROM_CIRCLE_GOAL_top/69596.png" width="640" height="480">
  </image>
  <image id="248" name="rc19-experiment/INDOOR/PLAY_FROM_CIRCLE_GOAL_top/69593.png" width="640" height="480">
  </image>
  <image id="247" name="rc19-experiment/INDOOR/PLAY_FROM_CIRCLE_GOAL_top/69590.png" width="640" height="480">
  </image>
  <image id="246" name="rc19-experiment/INDOOR/PLAY_FROM_CIRCLE_GOAL_top/69587.png" width="640" height="480">
  </image>
  <image id="245" name="rc19-experiment/INDOOR/PLAY_FROM_CIRCLE_GOAL_top/69584.png" width="640" height="480">
  </image>
  <image id="244" name="rc19-experiment/INDOOR/PLAY_FROM_CIRCLE_GOAL_top/69581.png" width="640" height="480">
  </image>
  <image id="243" name="rc19-experiment/INDOOR/PLAY_FROM_CIRCLE_GOAL_top/69578.png" width="640" height="480">
  </image>
  <image id="242" name="rc19-experiment/INDOOR/PLAY_FROM_CIRCLE_GOAL_top/69575.png" width="640" height="480">
  </image>
  <image id="241" name="rc19-experiment/INDOOR/PLAY_FROM_CIRCLE_GOAL_top/69572.png" width="640" height="480">
  </image>
  <image id="240" name="rc19-experiment/INDOOR/PLAY_FROM_CIRCLE_GOAL_top/69568.png" width="640" height="480">
  </image>
  <image id="239" name="rc19-experiment/INDOOR/PLAY_FROM_CIRCLE_GOAL_top/69565.png" width="640" height="480">
  </image>
  <image id="238" name="rc19-experiment/INDOOR/PLAY_FROM_CIRCLE_GOAL_top/69561.png" width="640" height="480">
  </image>
  <image id="237" name="rc19-experiment/INDOOR/PLAY_FROM_CIRCLE_GOAL_top/69558.png" width="640" height="480">
  </image>
  <image id="236" name="rc19-experiment/INDOOR/PLAY_FROM_CIRCLE_GOAL_top/69554.png" width="640" height="480">
  </image>
  <image id="235" name="rc19-experiment/INDOOR/PLAY_FROM_CIRCLE_GOAL_top/69551.png" width="640" height="480">
  </image>
  <image id="234" name="rc19-experiment/INDOOR/PLAY_FROM_CIRCLE_GOAL_top/69548.png" width="640" height="480">
  </image>
  <image id="233" name="rc19-experiment/INDOOR/PLAY_FROM_CIRCLE_GOAL_top/69544.png" width="640" height="480">
  </image>
  <image id="232" name="rc19-experiment/INDOOR/PLAY_FROM_CIRCLE_GOAL_top/69541.png" width="640" height="480">
  </image>
  <image id="231" name="rc19-experiment/INDOOR/PLAY_FROM_CIRCLE_GOAL_top/69538.png" width="640" height="480">
  </image>
  <image id="230" name="rc19-experiment/INDOOR/PLAY_FROM_CIRCLE_GOAL_top/69534.png" width="640" height="480">
  </image>
  <image id="229" name="rc19-experiment/INDOOR/PLAY_FROM_CIRCLE_GOAL_top/69530.png" width="640" height="480">
  </image>
  <image id="228" name="rc19-experiment/INDOOR/PLAY_FROM_CIRCLE_GOAL_top/69527.png" width="640" height="480">
  </image>
  <image id="227" name="rc19-experiment/INDOOR/PLAY_FROM_CIRCLE_GOAL_top/69524.png" width="640" height="480">
  </image>
  <image id="226" name="rc19-experiment/INDOOR/PLAY_FROM_CIRCLE_GOAL_top/69521.png" width="640" height="480">
  </image>
  <image id="225" name="rc19-experiment/INDOOR/PLAY_FROM_CIRCLE_GOAL_top/69518.png" width="640" height="480">
  </image>
  <image id="224" name="rc19-experiment/INDOOR/PLAY_FROM_CIRCLE_GOAL_top/69514.png" width="640" height="480">
  </image>
  <image id="223" name="rc19-experiment/INDOOR/PLAY_FROM_CIRCLE_GOAL_top/69511.png" width="640" height="480">
  </image>
  <image id="222" name="rc19-experiment/INDOOR/PLAY_FROM_CIRCLE_GOAL_top/69507.png" width="640" height="480">
  </image>
  <image id="221" name="rc19-experiment/INDOOR/PLAY_FROM_CIRCLE_GOAL_top/69504.png" width="640" height="480">
  </image>
  <image id="220" name="rc19-experiment/INDOOR/PLAY_FROM_CIRCLE_GOAL_top/69500.png" width="640" height="480">
  </image>
  <image id="219" name="rc19-experiment/INDOOR/PLAY_FROM_CIRCLE_GOAL_top/69497.png" width="640" height="480">
  </image>
  <image id="218" name="rc19-experiment/INDOOR/PLAY_FROM_CIRCLE_GOAL_top/69494.png" width="640" height="480">
  </image>
  <image id="217" name="rc19-experiment/INDOOR/PLAY_FROM_CIRCLE_GOAL_top/69490.png" width="640" height="480">
  </image>
  <image id="216" name="rc19-experiment/INDOOR/PLAY_FROM_CIRCLE_GOAL_top/69487.png" width="640" height="480">
  </image>
  <image id="215" name="rc19-experiment/INDOOR/PLAY_FROM_CIRCLE_GOAL_top/69484.png" width="640" height="480">
  </image>
  <image id="214" name="rc19-experiment/INDOOR/PLAY_FROM_CIRCLE_GOAL_top/69480.png" width="640" height="480">
  </image>
  <image id="213" name="rc19-experiment/INDOOR/PLAY_FROM_CIRCLE_GOAL_top/69476.png" width="640" height="480">
  </image>
  <image id="212" name="rc19-experiment/INDOOR/PLAY_FROM_CIRCLE_GOAL_top/69473.png" width="640" height="480">
  </image>
  <image id="211" name="rc19-experiment/INDOOR/PLAY_FROM_CIRCLE_GOAL_top/69470.png" width="640" height="480">
  </image>
  <image id="210" name="rc19-experiment/INDOOR/PLAY_FROM_CIRCLE_GOAL_top/69467.png" width="640" height="480">
  </image>
  <image id="209" name="rc19-experiment/INDOOR/PLAY_FROM_CIRCLE_GOAL_top/69463.png" width="640" height="480">
  </image>
  <image id="208" name="rc19-experiment/INDOOR/PLAY_FROM_CIRCLE_GOAL_top/69460.png" width="640" height="480">
  </image>
  <image id="207" name="rc19-experiment/INDOOR/PLAY_FROM_CIRCLE_GOAL_top/69456.png" width="640" height="480">
  </image>
  <image id="206" name="rc19-experiment/INDOOR/PLAY_FROM_CIRCLE_GOAL_top/69453.png" width="640" height="480">
  </image>
  <image id="205" name="rc19-experiment/INDOOR/PLAY_FROM_CIRCLE_GOAL_top/69450.png" width="640" height="480">
  </image>
  <image id="204" name="rc19-experiment/INDOOR/PLAY_FROM_CIRCLE_GOAL_top/69446.png" width="640" height="480">
  </image>
  <image id="203" name="rc19-experiment/INDOOR/PLAY_FROM_CIRCLE_GOAL_top/69443.png" width="640" height="480">
  </image>
  <image id="202" name="rc19-experiment/INDOOR/PLAY_FROM_CIRCLE_GOAL_top/69439.png" width="640" height="480">
  </image>
  <image id="201" name="rc19-experiment/INDOOR/PLAY_FROM_CIRCLE_GOAL_top/69435.png" width="640" height="480">
  </image>
  <image id="200" name="rc19-experiment/INDOOR/PLAY_FROM_CIRCLE_GOAL_top/69432.png" width="640" height="480">
  </image>
  <image id="199" name="rc19-experiment/INDOOR/PLAY_FROM_CIRCLE_GOAL_top/69429.png" width="640" height="480">
    <box label="ball" occluded="0" source="manual" xtl="271.63" ytl="438.80" xbr="341.20" ybr="479.94" z_order="0">
      <attribute name="smudge">false</attribute>
    </box>
  </image>
  <image id="198" name="rc19-experiment/INDOOR/PLAY_FROM_CIRCLE_GOAL_top/69426.png" width="640" height="480">
  </image>
  <image id="197" name="rc19-experiment/INDOOR/PLAY_FROM_CIRCLE_GOAL_top/69422.png" width="640" height="480">
    <box label="ball" occluded="0" source="auto" xtl="329.36" ytl="422.17" xbr="393.87" ybr="480.00" z_order="0">
      <attribute name="smudge">false</attribute>
    </box>
  </image>
  <image id="196" name="rc19-experiment/INDOOR/PLAY_FROM_CIRCLE_GOAL_top/69419.png" width="640" height="480">
    <box label="ball" occluded="0" source="manual" xtl="271.93" ytl="462.60" xbr="331.50" ybr="480.31" z_order="0">
      <attribute name="smudge">false</attribute>
    </box>
  </image>
  <image id="195" name="rc19-experiment/INDOOR/PLAY_FROM_CIRCLE_GOAL_top/69415.png" width="640" height="480">
    <box label="ball" occluded="0" source="manual" xtl="272.60" ytl="428.70" xbr="336.50" ybr="479.54" z_order="0">
      <attribute name="smudge">false</attribute>
    </box>
  </image>
  <image id="194" name="rc19-experiment/INDOOR/PLAY_FROM_CIRCLE_GOAL_top/69412.png" width="640" height="480">
    <box label="ball" occluded="0" source="auto" xtl="336.50" ytl="404.17" xbr="398.81" ybr="459.77" z_order="0">
      <attribute name="smudge">false</attribute>
    </box>
  </image>
  <image id="193" name="rc19-experiment/INDOOR/PLAY_FROM_CIRCLE_GOAL_top/69409.png" width="640" height="480">
  </image>
  <image id="192" name="rc19-experiment/INDOOR/PLAY_FROM_CIRCLE_GOAL_top/69405.png" width="640" height="480">
    <box label="ball" occluded="0" source="auto" xtl="272.45" ytl="354.63" xbr="328.07" ybr="411.71" z_order="0">
      <attribute name="smudge">false</attribute>
    </box>
  </image>
  <image id="191" name="rc19-experiment/INDOOR/PLAY_FROM_CIRCLE_GOAL_top/69402.png" width="640" height="480">
    <box label="ball" occluded="0" source="manual" xtl="277.04" ytl="426.90" xbr="329.00" ybr="480.24" z_order="0">
      <attribute name="smudge">false</attribute>
    </box>
  </image>
  <image id="190" name="rc19-experiment/INDOOR/PLAY_FROM_CIRCLE_GOAL_top/69399.png" width="640" height="480">
    <box label="ball" occluded="0" source="manual" xtl="300.94" ytl="414.03" xbr="353.86" ybr="468.20" z_order="0">
      <attribute name="smudge">false</attribute>
    </box>
  </image>
  <image id="189" name="rc19-experiment/INDOOR/PLAY_FROM_CIRCLE_GOAL_top/69396.png" width="640" height="480">
    <box label="ball" occluded="0" source="auto" xtl="297.67" ytl="380.10" xbr="346.94" ybr="428.10" z_order="0">
      <attribute name="smudge">false</attribute>
    </box>
  </image>
  <image id="188" name="rc19-experiment/INDOOR/PLAY_FROM_CIRCLE_GOAL_top/69393.png" width="640" height="480">
    <box label="ball" occluded="0" source="manual" xtl="294.60" ytl="442.00" xbr="345.50" ybr="479.30" z_order="0">
      <attribute name="smudge">false</attribute>
    </box>
  </image>
  <image id="187" name="rc19-experiment/INDOOR/PLAY_FROM_CIRCLE_GOAL_top/69389.png" width="640" height="480">
    <box label="ball" occluded="0" source="auto" xtl="344.48" ytl="351.24" xbr="393.88" ybr="398.33" z_order="0">
      <attribute name="smudge">false</attribute>
    </box>
  </image>
  <image id="186" name="rc19-experiment/INDOOR/PLAY_FROM_CIRCLE_GOAL_top/69385.png" width="640" height="480">
    <box label="ball" occluded="0" source="auto" xtl="295.14" ytl="432.04" xbr="345.06" ybr="480.00" z_order="0">
      <attribute name="smudge">false</attribute>
    </box>
  </image>
  <image id="185" name="rc19-experiment/INDOOR/PLAY_FROM_CIRCLE_GOAL_top/69382.png" width="640" height="480">
    <box label="ball" occluded="0" source="auto" xtl="316.79" ytl="333.70" xbr="359.47" ybr="380.26" z_order="0">
      <attribute name="smudge">false</attribute>
    </box>
  </image>
  <image id="184" name="rc19-experiment/INDOOR/PLAY_FROM_CIRCLE_GOAL_top/69378.png" width="640" height="480">
    <box label="ball" occluded="0" source="auto" xtl="374.54" ytl="411.56" xbr="418.89" ybr="454.84" z_order="0">
      <attribute name="smudge">false</attribute>
    </box>
  </image>
  <image id="183" name="rc19-experiment/INDOOR/PLAY_FROM_CIRCLE_GOAL_top/69375.png" width="640" height="480">
  </image>
  <image id="182" name="rc19-experiment/INDOOR/PLAY_FROM_CIRCLE_GOAL_top/69371.png" width="640" height="480">
    <box label="ball" occluded="0" source="manual" xtl="247.30" ytl="353.15" xbr="292.10" ybr="398.30" z_order="0">
      <attribute name="smudge">false</attribute>
    </box>
  </image>
  <image id="181" name="rc19-experiment/INDOOR/PLAY_FROM_CIRCLE_GOAL_top/69368.png" width="640" height="480">
    <box label="ball" occluded="0" source="manual" xtl="280.78" ytl="396.05" xbr="326.10" ybr="448.80" z_order="0">
      <attribute name="smudge">false</attribute>
    </box>
  </image>
  <image id="180" name="rc19-experiment/INDOOR/PLAY_FROM_CIRCLE_GOAL_top/69365.png" width="640" height="480">
    <box label="ball" occluded="0" source="auto" xtl="295.07" ytl="333.78" xbr="334.16" ybr="369.93" z_order="0">
      <attribute name="smudge">false</attribute>
    </box>
  </image>
  <image id="179" name="rc19-experiment/INDOOR/PLAY_FROM_CIRCLE_GOAL_top/69362.png" width="640" height="480">
    <box label="ball" occluded="0" source="auto" xtl="349.84" ytl="415.60" xbr="390.07" ybr="451.85" z_order="0">
      <attribute name="smudge">false</attribute>
    </box>
  </image>
  <image id="178" name="rc19-experiment/INDOOR/PLAY_FROM_CIRCLE_GOAL_top/69358.png" width="640" height="480">
    <box label="ball" occluded="0" source="auto" xtl="340.83" ytl="331.24" xbr="379.78" ybr="371.53" z_order="0">
      <attribute name="smudge">false</attribute>
    </box>
  </image>
  <image id="177" name="rc19-experiment/INDOOR/PLAY_FROM_CIRCLE_GOAL_top/69355.png" width="640" height="480">
  </image>
  <image id="176" name="rc19-experiment/INDOOR/PLAY_FROM_CIRCLE_GOAL_top/69351.png" width="640" height="480">
    <box label="ball" occluded="0" source="auto" xtl="349.00" ytl="376.76" xbr="385.09" ybr="410.02" z_order="0">
      <attribute name="smudge">false</attribute>
    </box>
  </image>
  <image id="175" name="rc19-experiment/INDOOR/PLAY_FROM_CIRCLE_GOAL_top/69348.png" width="640" height="480">
    <box label="ball" occluded="0" source="auto" xtl="362.12" ytl="340.78" xbr="401.64" ybr="377.61" z_order="0">
      <attribute name="smudge">false</attribute>
    </box>
  </image>
  <image id="174" name="rc19-experiment/INDOOR/PLAY_FROM_CIRCLE_GOAL_top/69344.png" width="640" height="480">
  </image>
  <image id="173" name="rc19-experiment/INDOOR/PLAY_FROM_CIRCLE_GOAL_top/69341.png" width="640" height="480">
  </image>
  <image id="172" name="rc19-experiment/INDOOR/PLAY_FROM_CIRCLE_GOAL_top/69338.png" width="640" height="480">
    <box label="ball" occluded="0" source="auto" xtl="201.44" ytl="249.77" xbr="240.83" ybr="286.65" z_order="0">
      <attribute name="smudge">false</attribute>
    </box>
  </image>
  <image id="171" name="rc19-experiment/INDOOR/PLAY_FROM_CIRCLE_GOAL_top/69334.png" width="640" height="480">
  </image>
  <image id="170" name="rc19-experiment/INDOOR/PLAY_FROM_CIRCLE_GOAL_top/69331.png" width="640" height="480">
    <box label="ball" occluded="0" source="manual" xtl="341.56" ytl="310.68" xbr="385.30" ybr="348.40" z_order="0">
      <attribute name="smudge">false</attribute>
    </box>
  </image>
  <image id="169" name="rc19-experiment/INDOOR/PLAY_FROM_CIRCLE_GOAL_top/69328.png" width="640" height="480">
  </image>
  <image id="168" name="rc19-experiment/INDOOR/PLAY_FROM_CIRCLE_GOAL_top/69324.png" width="640" height="480">
    <box label="ball" occluded="0" source="manual" xtl="322.33" ytl="378.10" xbr="365.40" ybr="428.70" z_order="0">
      <attribute name="smudge">false</attribute>
    </box>
  </image>
  <image id="167" name="rc19-experiment/INDOOR/PLAY_FROM_CIRCLE_GOAL_top/69321.png" width="640" height="480">
    <box label="ball" occluded="0" source="manual" xtl="309.80" ytl="360.50" xbr="349.82" ybr="400.05" z_order="0">
      <attribute name="smudge">false</attribute>
    </box>
  </image>
  <image id="166" name="rc19-experiment/INDOOR/PLAY_FROM_CIRCLE_GOAL_top/69318.png" width="640" height="480">
    <box label="ball" occluded="0" source="manual" xtl="317.90" ytl="434.60" xbr="361.36" ybr="474.93" z_order="0">
      <attribute name="smudge">false</attribute>
    </box>
  </image>
  <image id="165" name="rc19-experiment/INDOOR/PLAY_FROM_CIRCLE_GOAL_top/69315.png" width="640" height="480">
  </image>
  <image id="164" name="rc19-experiment/INDOOR/PLAY_FROM_CIRCLE_GOAL_top/69311.png" width="640" height="480">
    <box label="ball" occluded="0" source="manual" xtl="344.73" ytl="366.15" xbr="402.35" ybr="422.31" z_order="0">
      <attribute name="smudge">false</attribute>
    </box>
  </image>
  <image id="163" name="rc19-experiment/INDOOR/PLAY_FROM_CIRCLE_GOAL_top/69307.png" width="640" height="480">
    <box label="ball" occluded="0" source="auto" xtl="311.66" ytl="401.03" xbr="362.20" ybr="450.91" z_order="0">
      <attribute name="smudge">false</attribute>
    </box>
  </image>
  <image id="162" name="rc19-experiment/INDOOR/PLAY_FROM_CIRCLE_GOAL_top/69304.png" width="640" height="480">
    <box label="ball" occluded="0" source="auto" xtl="287.66" ytl="397.34" xbr="338.84" ybr="447.44" z_order="0">
      <attribute name="smudge">false</attribute>
    </box>
  </image>
  <image id="161" name="rc19-experiment/INDOOR/PLAY_FROM_CIRCLE_GOAL_top/69301.png" width="640" height="480">
    <box label="ball" occluded="0" source="manual" xtl="285.14" ytl="445.50" xbr="345.76" ybr="479.40" z_order="0">
      <attribute name="smudge">false</attribute>
    </box>
  </image>
  <image id="160" name="rc19-experiment/INDOOR/PLAY_FROM_CIRCLE_GOAL_top/69298.png" width="640" height="480">
    <box label="ball" occluded="0" source="manual" xtl="319.11" ytl="451.20" xbr="376.39" ybr="478.65" z_order="0">
      <attribute name="smudge">false</attribute>
    </box>
  </image>
  <image id="159" name="rc19-experiment/INDOOR/PLAY_FROM_CIRCLE_GOAL_top/69294.png" width="640" height="480">
    <box label="ball" occluded="0" source="auto" xtl="342.57" ytl="383.82" xbr="407.82" ybr="453.30" z_order="0">
      <attribute name="smudge">false</attribute>
    </box>
  </image>
  <image id="158" name="rc19-experiment/INDOOR/PLAY_FROM_CIRCLE_GOAL_top/69291.png" width="640" height="480">
    <box label="ball" occluded="0" source="auto" xtl="334.28" ytl="308.43" xbr="401.12" ybr="377.94" z_order="0">
      <attribute name="smudge">false</attribute>
    </box>
  </image>
  <image id="157" name="rc19-experiment/INDOOR/PLAY_FROM_CIRCLE_GOAL_top/69288.png" width="640" height="480">
    <box label="ball" occluded="0" source="auto" xtl="311.38" ytl="281.85" xbr="384.60" ybr="351.21" z_order="0">
      <attribute name="smudge">false</attribute>
    </box>
  </image>
  <image id="156" name="rc19-experiment/INDOOR/PLAY_FROM_CIRCLE_GOAL_top/69284.png" width="640" height="480">
    <box label="ball" occluded="0" source="auto" xtl="304.36" ytl="295.03" xbr="385.85" ybr="376.32" z_order="0">
      <attribute name="smudge">false</attribute>
    </box>
  </image>
  <image id="155" name="rc19-experiment/INDOOR/PLAY_FROM_CIRCLE_GOAL_top/69281.png" width="640" height="480">
    <box label="ball" occluded="0" source="auto" xtl="339.27" ytl="353.91" xbr="431.75" ybr="444.94" z_order="0">
      <attribute name="smudge">false</attribute>
    </box>
  </image>
  <image id="154" name="rc19-experiment/INDOOR/PLAY_FROM_CIRCLE_GOAL_top/69277.png" width="640" height="480">
    <box label="ball" occluded="0" source="auto" xtl="384.15" ytl="437.66" xbr="488.92" ybr="478.76" z_order="0">
      <attribute name="smudge">false</attribute>
    </box>
  </image>
  <image id="153" name="rc19-experiment/INDOOR/PLAY_FROM_CIRCLE_GOAL_top/69274.png" width="640" height="480">
  </image>
  <image id="152" name="rc19-experiment/INDOOR/PLAY_FROM_CIRCLE_GOAL_top/69270.png" width="640" height="480">
  </image>
  <image id="151" name="rc19-experiment/INDOOR/PLAY_FROM_CIRCLE_GOAL_top/69266.png" width="640" height="480">
  </image>
  <image id="150" name="rc19-experiment/INDOOR/PLAY_FROM_CIRCLE_GOAL_top/69263.png" width="640" height="480">
  </image>
  <image id="149" name="rc19-experiment/INDOOR/PLAY_FROM_CIRCLE_GOAL_top/69260.png" width="640" height="480">
  </image>
  <image id="148" name="rc19-experiment/INDOOR/PLAY_FROM_CIRCLE_GOAL_top/69256.png" width="640" height="480">
  </image>
  <image id="147" name="rc19-experiment/INDOOR/PLAY_FROM_CIRCLE_GOAL_top/69252.png" width="640" height="480">
  </image>
  <image id="146" name="rc19-experiment/INDOOR/PLAY_FROM_CIRCLE_GOAL_top/69249.png" width="640" height="480">
  </image>
  <image id="145" name="rc19-experiment/INDOOR/PLAY_FROM_CIRCLE_GOAL_top/69246.png" width="640" height="480">
  </image>
  <image id="144" name="rc19-experiment/INDOOR/PLAY_FROM_CIRCLE_GOAL_top/69243.png" width="640" height="480">
  </image>
  <image id="143" name="rc19-experiment/INDOOR/PLAY_FROM_CIRCLE_GOAL_top/69239.png" width="640" height="480">
  </image>
  <image id="142" name="rc19-experiment/INDOOR/PLAY_FROM_CIRCLE_GOAL_top/69236.png" width="640" height="480">
  </image>
  <image id="141" name="rc19-experiment/INDOOR/PLAY_FROM_CIRCLE_GOAL_top/69233.png" width="640" height="480">
  </image>
  <image id="140" name="rc19-experiment/INDOOR/PLAY_FROM_CIRCLE_GOAL_top/69229.png" width="640" height="480">
  </image>
  <image id="139" name="rc19-experiment/INDOOR/PLAY_FROM_CIRCLE_GOAL_top/69226.png" width="640" height="480">
  </image>
  <image id="138" name="rc19-experiment/INDOOR/PLAY_FROM_CIRCLE_GOAL_top/69222.png" width="640" height="480">
  </image>
  <image id="137" name="rc19-experiment/INDOOR/PLAY_FROM_CIRCLE_GOAL_top/69219.png" width="640" height="480">
  </image>
  <image id="136" name="rc19-experiment/INDOOR/PLAY_FROM_CIRCLE_GOAL_top/69216.png" width="640" height="480">
  </image>
  <image id="135" name="rc19-experiment/INDOOR/PLAY_FROM_CIRCLE_GOAL_top/69212.png" width="640" height="480">
  </image>
  <image id="134" name="rc19-experiment/INDOOR/PLAY_FROM_CIRCLE_GOAL_top/69208.png" width="640" height="480">
  </image>
  <image id="133" name="rc19-experiment/INDOOR/PLAY_FROM_CIRCLE_GOAL_top/69205.png" width="640" height="480">
  </image>
  <image id="132" name="rc19-experiment/INDOOR/PLAY_FROM_CIRCLE_GOAL_top/69202.png" width="640" height="480">
  </image>
  <image id="131" name="rc19-experiment/INDOOR/PLAY_FROM_CIRCLE_GOAL_top/69198.png" width="640" height="480">
  </image>
  <image id="130" name="rc19-experiment/INDOOR/PLAY_FROM_CIRCLE_GOAL_top/69195.png" width="640" height="480">
  </image>
  <image id="129" name="rc19-experiment/INDOOR/PLAY_FROM_CIRCLE_GOAL_top/69191.png" width="640" height="480">
  </image>
  <image id="128" name="rc19-experiment/INDOOR/PLAY_FROM_CIRCLE_GOAL_top/69188.png" width="640" height="480">
  </image>
  <image id="127" name="rc19-experiment/INDOOR/PLAY_FROM_CIRCLE_GOAL_top/69185.png" width="640" height="480">
  </image>
  <image id="126" name="rc19-experiment/INDOOR/PLAY_FROM_CIRCLE_GOAL_top/69182.png" width="640" height="480">
  </image>
  <image id="125" name="rc19-experiment/INDOOR/PLAY_FROM_CIRCLE_GOAL_top/69178.png" width="640" height="480">
  </image>
  <image id="124" name="rc19-experiment/INDOOR/PLAY_FROM_CIRCLE_GOAL_top/69175.png" width="640" height="480">
  </image>
  <image id="123" name="rc19-experiment/INDOOR/PLAY_FROM_CIRCLE_GOAL_top/69172.png" width="640" height="480">
  </image>
  <image id="122" name="rc19-experiment/INDOOR/PLAY_FROM_CIRCLE_GOAL_top/69168.png" width="640" height="480">
  </image>
  <image id="121" name="rc19-experiment/INDOOR/PLAY_FROM_CIRCLE_GOAL_top/69165.png" width="640" height="480">
  </image>
  <image id="120" name="rc19-experiment/INDOOR/PLAY_FROM_CIRCLE_GOAL_top/69162.png" width="640" height="480">
  </image>
  <image id="119" name="rc19-experiment/INDOOR/PLAY_FROM_CIRCLE_GOAL_top/69158.png" width="640" height="480">
  </image>
  <image id="118" name="rc19-experiment/INDOOR/PLAY_FROM_CIRCLE_GOAL_top/69155.png" width="640" height="480">
  </image>
  <image id="117" name="rc19-experiment/INDOOR/PLAY_FROM_CIRCLE_GOAL_top/69152.png" width="640" height="480">
  </image>
  <image id="116" name="rc19-experiment/INDOOR/PLAY_FROM_CIRCLE_GOAL_top/69148.png" width="640" height="480">
  </image>
  <image id="115" name="rc19-experiment/INDOOR/PLAY_FROM_CIRCLE_GOAL_top/69144.png" width="640" height="480">
    <box label="ball" occluded="0" source="auto" xtl="340.72" ytl="434.47" xbr="417.36" ybr="479.77" z_order="0">
      <attribute name="smudge">false</attribute>
    </box>
  </image>
  <image id="114" name="rc19-experiment/INDOOR/PLAY_FROM_CIRCLE_GOAL_top/69141.png" width="640" height="480">
  </image>
  <image id="113" name="rc19-experiment/INDOOR/PLAY_FROM_CIRCLE_GOAL_top/69138.png" width="640" height="480">
  </image>
  <image id="112" name="rc19-experiment/INDOOR/PLAY_FROM_CIRCLE_GOAL_top/69134.png" width="640" height="480">
    <box label="ball" occluded="0" source="auto" xtl="249.49" ytl="431.82" xbr="318.91" ybr="480.00" z_order="0">
      <attribute name="smudge">false</attribute>
    </box>
  </image>
  <image id="111" name="rc19-experiment/INDOOR/PLAY_FROM_CIRCLE_GOAL_top/69131.png" width="640" height="480">
  </image>
  <image id="110" name="rc19-experiment/INDOOR/PLAY_FROM_CIRCLE_GOAL_top/69128.png" width="640" height="480">
  </image>
  <image id="109" name="rc19-experiment/INDOOR/PLAY_FROM_CIRCLE_GOAL_top/69124.png" width="640" height="480">
  </image>
  <image id="108" name="rc19-experiment/INDOOR/PLAY_FROM_CIRCLE_GOAL_top/69121.png" width="640" height="480">
    <box label="ball" occluded="0" source="auto" xtl="296.91" ytl="442.86" xbr="357.50" ybr="479.71" z_order="0">
      <attribute name="smudge">false</attribute>
    </box>
  </image>
  <image id="107" name="rc19-experiment/INDOOR/PLAY_FROM_CIRCLE_GOAL_top/69118.png" width="640" height="480">
    <box label="ball" occluded="0" source="auto" xtl="304.36" ytl="382.85" xbr="363.88" ybr="440.48" z_order="0">
      <attribute name="smudge">false</attribute>
    </box>
  </image>
  <image id="106" name="rc19-experiment/INDOOR/PLAY_FROM_CIRCLE_GOAL_top/69114.png" width="640" height="480">
    <box label="ball" occluded="0" source="manual" xtl="297.30" ytl="417.12" xbr="353.50" ybr="475.90" z_order="0">
      <attribute name="smudge">false</attribute>
    </box>
  </image>
  <image id="105" name="rc19-experiment/INDOOR/PLAY_FROM_CIRCLE_GOAL_top/69111.png" width="640" height="480">
    <box label="ball" occluded="0" source="auto" xtl="338.93" ytl="391.62" xbr="395.73" ybr="446.67" z_order="0">
      <attribute name="smudge">false</attribute>
    </box>
  </image>
  <image id="104" name="rc19-experiment/INDOOR/PLAY_FROM_CIRCLE_GOAL_top/69108.png" width="640" height="480">
    <box label="ball" occluded="0" source="auto" xtl="405.32" ytl="437.55" xbr="462.33" ybr="480.00" z_order="0">
      <attribute name="smudge">false</attribute>
    </box>
  </image>
  <image id="103" name="rc19-experiment/INDOOR/PLAY_FROM_CIRCLE_GOAL_top/69104.png" width="640" height="480">
    <box label="ball" occluded="0" source="auto" xtl="346.88" ytl="371.62" xbr="399.60" ybr="428.93" z_order="0">
      <attribute name="smudge">false</attribute>
    </box>
  </image>
  <image id="102" name="rc19-experiment/INDOOR/PLAY_FROM_CIRCLE_GOAL_top/69101.png" width="640" height="480">
    <box label="ball" occluded="0" source="auto" xtl="254.78" ytl="372.46" xbr="304.51" ybr="422.09" z_order="0">
      <attribute name="smudge">false</attribute>
    </box>
  </image>
  <image id="101" name="rc19-experiment/INDOOR/PLAY_FROM_CIRCLE_GOAL_top/69097.png" width="640" height="480">
    <box label="ball" occluded="0" source="auto" xtl="272.79" ytl="433.94" xbr="324.71" ybr="480.00" z_order="0">
      <attribute name="smudge">false</attribute>
    </box>
  </image>
  <image id="100" name="rc19-experiment/INDOOR/PLAY_FROM_CIRCLE_GOAL_top/69094.png" width="640" height="480">
    <box label="ball" occluded="0" source="auto" xtl="316.84" ytl="355.80" xbr="367.58" ybr="403.67" z_order="0">
      <attribute name="smudge">false</attribute>
    </box>
  </image>
  <image id="99" name="rc19-experiment/INDOOR/PLAY_FROM_CIRCLE_GOAL_top/69090.png" width="640" height="480">
  </image>
  <image id="98" name="rc19-experiment/INDOOR/PLAY_FROM_CIRCLE_GOAL_top/69087.png" width="640" height="480">
    <box label="ball" occluded="0" source="auto" xtl="320.45" ytl="354.20" xbr="365.87" ybr="404.63" z_order="0">
      <attribute name="smudge">false</attribute>
    </box>
  </image>
  <image id="97" name="rc19-experiment/INDOOR/PLAY_FROM_CIRCLE_GOAL_top/69084.png" width="640" height="480">
    <box label="ball" occluded="0" source="auto" xtl="285.55" ytl="410.01" xbr="329.81" ybr="452.61" z_order="0">
      <attribute name="smudge">false</attribute>
    </box>
  </image>
  <image id="96" name="rc19-experiment/INDOOR/PLAY_FROM_CIRCLE_GOAL_top/69081.png" width="640" height="480">
    <box label="ball" occluded="0" source="auto" xtl="299.53" ytl="360.12" xbr="344.12" ybr="408.07" z_order="0">
      <attribute name="smudge">false</attribute>
    </box>
  </image>
  <image id="95" name="rc19-experiment/INDOOR/PLAY_FROM_CIRCLE_GOAL_top/69078.png" width="640" height="480">
    <box label="ball" occluded="0" source="auto" xtl="298.14" ytl="347.13" xbr="342.31" ybr="390.08" z_order="0">
      <attribute name="smudge">false</attribute>
    </box>
  </image>
  <image id="94" name="rc19-experiment/INDOOR/PLAY_FROM_CIRCLE_GOAL_top/69075.png" width="640" height="480">
    <box label="ball" occluded="0" source="auto" xtl="290.67" ytl="370.36" xbr="333.93" ybr="413.95" z_order="0">
      <attribute name="smudge">false</attribute>
    </box>
  </image>
  <image id="93" name="rc19-experiment/INDOOR/PLAY_FROM_CIRCLE_GOAL_top/69072.png" width="640" height="480">
    <box label="ball" occluded="0" source="auto" xtl="285.89" ytl="313.45" xbr="329.64" ybr="363.44" z_order="0">
      <attribute name="smudge">false</attribute>
    </box>
  </image>
  <image id="92" name="rc19-experiment/INDOOR/PLAY_FROM_CIRCLE_GOAL_top/69068.png" width="640" height="480">
    <box label="ball" occluded="0" source="auto" xtl="210.89" ytl="263.72" xbr="252.80" ybr="303.02" z_order="0">
      <attribute name="smudge">false</attribute>
    </box>
  </image>
  <image id="91" name="rc19-experiment/INDOOR/PLAY_FROM_CIRCLE_GOAL_top/69064.png" width="640" height="480">
    <box label="ball" occluded="0" source="auto" xtl="308.70" ytl="298.50" xbr="348.90" ybr="342.44" z_order="0">
      <attribute name="smudge">false</attribute>
    </box>
  </image>
  <image id="90" name="rc19-experiment/INDOOR/PLAY_FROM_CIRCLE_GOAL_top/69061.png" width="640" height="480">
    <box label="ball" occluded="0" source="auto" xtl="356.82" ytl="296.99" xbr="394.84" ybr="332.57" z_order="0">
      <attribute name="smudge">false</attribute>
    </box>
  </image>
  <image id="89" name="rc19-experiment/INDOOR/PLAY_FROM_CIRCLE_GOAL_top/69057.png" width="640" height="480">
  </image>
  <image id="88" name="rc19-experiment/INDOOR/PLAY_FROM_CIRCLE_GOAL_top/69054.png" width="640" height="480">
    <box label="ball" occluded="0" source="auto" xtl="330.44" ytl="328.38" xbr="365.83" ybr="365.96" z_order="0">
      <attribute name="smudge">false</attribute>
    </box>
  </image>
  <image id="87" name="rc19-experiment/INDOOR/PLAY_FROM_CIRCLE_GOAL_top/69050.png" width="640" height="480">
    <box label="ball" occluded="0" source="auto" xtl="328.70" ytl="396.46" xbr="365.55" ybr="431.64" z_order="0">
      <attribute name="smudge">false</attribute>
    </box>
  </image>
  <image id="86" name="rc19-experiment/INDOOR/PLAY_FROM_CIRCLE_GOAL_top/69047.png" width="640" height="480">
    <box label="ball" occluded="0" source="auto" xtl="325.39" ytl="340.96" xbr="361.78" ybr="376.72" z_order="0">
      <attribute name="smudge">false</attribute>
    </box>
  </image>
  <image id="85" name="rc19-experiment/INDOOR/PLAY_FROM_CIRCLE_GOAL_top/69044.png" width="640" height="480">
    <box label="ball" occluded="0" source="auto" xtl="315.93" ytl="339.73" xbr="348.99" ybr="373.97" z_order="0">
      <attribute name="smudge">false</attribute>
    </box>
  </image>
  <image id="84" name="rc19-experiment/INDOOR/PLAY_FROM_CIRCLE_GOAL_top/69040.png" width="640" height="480">
    <box label="ball" occluded="0" source="auto" xtl="339.87" ytl="320.16" xbr="373.46" ybr="353.97" z_order="0">
      <attribute name="smudge">false</attribute>
    </box>
  </image>
  <image id="83" name="rc19-experiment/INDOOR/PLAY_FROM_CIRCLE_GOAL_top/69037.png" width="640" height="480">
    <box label="ball" occluded="0" source="auto" xtl="330.02" ytl="304.41" xbr="367.44" ybr="337.60" z_order="0">
      <attribute name="smudge">false</attribute>
    </box>
  </image>
  <image id="82" name="rc19-experiment/INDOOR/PLAY_FROM_CIRCLE_GOAL_top/69034.png" width="640" height="480">
    <box label="ball" occluded="0" source="auto" xtl="284.03" ytl="372.80" xbr="317.26" ybr="404.80" z_order="0">
      <attribute name="smudge">false</attribute>
    </box>
  </image>
  <image id="81" name="rc19-experiment/INDOOR/PLAY_FROM_CIRCLE_GOAL_top/69030.png" width="640" height="480">
    <box label="ball" occluded="0" source="manual" xtl="309.80" ytl="284.76" xbr="343.50" ybr="318.80" z_order="0">
      <attribute name="smudge">false</attribute>
    </box>
  </image>
  <image id="80" name="rc19-experiment/INDOOR/PLAY_FROM_CIRCLE_GOAL_top/69027.png" width="640" height="480">
    <box label="ball" occluded="0" source="auto" xtl="373.60" ytl="339.91" xbr="406.32" ybr="369.90" z_order="0">
      <attribute name="smudge">false</attribute>
    </box>
  </image>
  <image id="79" name="rc19-experiment/INDOOR/PLAY_FROM_CIRCLE_GOAL_top/69023.png" width="640" height="480">
    <box label="ball" occluded="0" source="auto" xtl="280.63" ytl="275.22" xbr="312.76" ybr="307.45" z_order="0">
      <attribute name="smudge">false</attribute>
    </box>
  </image>
  <image id="78" name="rc19-experiment/INDOOR/PLAY_FROM_CIRCLE_GOAL_top/69020.png" width="640" height="480">
    <box label="ball" occluded="0" source="auto" xtl="270.21" ytl="276.56" xbr="299.02" ybr="306.46" z_order="0">
      <attribute name="smudge">false</attribute>
    </box>
  </image>
  <image id="77" name="rc19-experiment/INDOOR/PLAY_FROM_CIRCLE_GOAL_top/69017.png" width="640" height="480">
  </image>
  <image id="76" name="rc19-experiment/INDOOR/PLAY_FROM_CIRCLE_GOAL_top/69014.png" width="640" height="480">
    <box label="ball" occluded="0" source="auto" xtl="348.10" ytl="297.35" xbr="378.56" ybr="328.85" z_order="0">
      <attribute name="smudge">false</attribute>
    </box>
  </image>
  <image id="75" name="rc19-experiment/INDOOR/PLAY_FROM_CIRCLE_GOAL_top/69010.png" width="640" height="480">
    <box label="ball" occluded="0" source="auto" xtl="358.31" ytl="384.34" xbr="389.16" ybr="413.84" z_order="0">
      <attribute name="smudge">false</attribute>
    </box>
  </image>
  <image id="74" name="rc19-experiment/INDOOR/PLAY_FROM_CIRCLE_GOAL_top/69007.png" width="640" height="480">
    <box label="ball" occluded="0" source="auto" xtl="322.65" ytl="336.60" xbr="353.00" ybr="371.64" z_order="0">
      <attribute name="smudge">false</attribute>
    </box>
  </image>
  <image id="73" name="rc19-experiment/INDOOR/PLAY_FROM_CIRCLE_GOAL_top/69003.png" width="640" height="480">
    <box label="ball" occluded="0" source="auto" xtl="324.57" ytl="325.86" xbr="354.29" ybr="354.07" z_order="0">
      <attribute name="smudge">false</attribute>
    </box>
  </image>
  <image id="72" name="rc19-experiment/INDOOR/PLAY_FROM_CIRCLE_GOAL_top/69000.png" width="640" height="480">
    <box label="ball" occluded="0" source="auto" xtl="337.06" ytl="326.29" xbr="368.15" ybr="356.05" z_order="0">
      <attribute name="smudge">false</attribute>
    </box>
  </image>
  <image id="71" name="rc19-experiment/INDOOR/PLAY_FROM_CIRCLE_GOAL_top/68997.png" width="640" height="480">
    <box label="ball" occluded="0" source="auto" xtl="333.66" ytl="293.73" xbr="364.72" ybr="321.92" z_order="0">
      <attribute name="smudge">false</attribute>
    </box>
  </image>
  <image id="70" name="rc19-experiment/INDOOR/PLAY_FROM_CIRCLE_GOAL_top/68993.png" width="640" height="480">
    <box label="ball" occluded="0" source="auto" xtl="309.61" ytl="395.29" xbr="340.15" ybr="426.67" z_order="0">
      <attribute name="smudge">false</attribute>
    </box>
  </image>
  <image id="69" name="rc19-experiment/INDOOR/PLAY_FROM_CIRCLE_GOAL_top/68990.png" width="640" height="480">
    <box label="ball" occluded="0" source="auto" xtl="268.21" ytl="266.10" xbr="300.32" ybr="297.26" z_order="0">
      <attribute name="smudge">false</attribute>
    </box>
  </image>
  <image id="68" name="rc19-experiment/INDOOR/PLAY_FROM_CIRCLE_GOAL_top/68987.png" width="640" height="480">
    <box label="ball" occluded="0" source="auto" xtl="233.62" ytl="254.58" xbr="267.29" ybr="284.61" z_order="0">
      <attribute name="smudge">false</attribute>
    </box>
  </image>
  <image id="67" name="rc19-experiment/INDOOR/PLAY_FROM_CIRCLE_GOAL_top/68983.png" width="640" height="480">
    <box label="ball" occluded="0" source="auto" xtl="253.42" ytl="298.50" xbr="285.12" ybr="335.53" z_order="0">
      <attribute name="smudge">false</attribute>
    </box>
  </image>
  <image id="66" name="rc19-experiment/INDOOR/PLAY_FROM_CIRCLE_GOAL_top/68980.png" width="640" height="480">
    <box label="ball" occluded="0" source="auto" xtl="290.67" ytl="275.75" xbr="323.48" ybr="306.51" z_order="0">
      <attribute name="smudge">false</attribute>
    </box>
  </image>
  <image id="65" name="rc19-experiment/INDOOR/PLAY_FROM_CIRCLE_GOAL_top/68977.png" width="640" height="480">
    <box label="ball" occluded="0" source="auto" xtl="349.45" ytl="367.63" xbr="380.37" ybr="400.90" z_order="0">
      <attribute name="smudge">false</attribute>
    </box>
  </image>
  <image id="64" name="rc19-experiment/INDOOR/PLAY_FROM_CIRCLE_GOAL_top/68974.png" width="640" height="480">
    <box label="ball" occluded="0" source="auto" xtl="325.72" ytl="380.78" xbr="357.74" ybr="421.89" z_order="0">
      <attribute name="smudge">false</attribute>
    </box>
  </image>
  <image id="63" name="rc19-experiment/INDOOR/PLAY_FROM_CIRCLE_GOAL_top/68970.png" width="640" height="480">
    <box label="ball" occluded="0" source="auto" xtl="338.04" ytl="348.62" xbr="372.92" ybr="382.50" z_order="0">
      <attribute name="smudge">false</attribute>
    </box>
  </image>
  <image id="62" name="rc19-experiment/INDOOR/PLAY_FROM_CIRCLE_GOAL_top/68967.png" width="640" height="480">
    <box label="ball" occluded="0" source="auto" xtl="369.94" ytl="418.15" xbr="404.05" ybr="451.31" z_order="0">
      <attribute name="smudge">false</attribute>
    </box>
  </image>
  <image id="61" name="rc19-experiment/INDOOR/PLAY_FROM_CIRCLE_GOAL_top/68964.png" width="640" height="480">
    <box label="ball" occluded="0" source="auto" xtl="362.00" ytl="392.09" xbr="399.71" ybr="430.63" z_order="0">
      <attribute name="smudge">false</attribute>
    </box>
  </image>
  <image id="60" name="rc19-experiment/INDOOR/PLAY_FROM_CIRCLE_GOAL_top/68960.png" width="640" height="480">
    <box label="ball" occluded="0" source="auto" xtl="359.05" ytl="350.13" xbr="397.33" ybr="386.77" z_order="0">
      <attribute name="smudge">false</attribute>
    </box>
  </image>
  <image id="59" name="rc19-experiment/INDOOR/PLAY_FROM_CIRCLE_GOAL_top/68957.png" width="640" height="480">
    <box label="ball" occluded="0" source="auto" xtl="342.35" ytl="403.87" xbr="383.01" ybr="447.99" z_order="0">
      <attribute name="smudge">false</attribute>
    </box>
  </image>
  <image id="58" name="rc19-experiment/INDOOR/PLAY_FROM_CIRCLE_GOAL_top/68954.png" width="640" height="480">
    <box label="ball" occluded="0" source="auto" xtl="329.17" ytl="348.61" xbr="369.51" ybr="390.19" z_order="0">
      <attribute name="smudge">false</attribute>
    </box>
  </image>
  <image id="57" name="rc19-experiment/INDOOR/PLAY_FROM_CIRCLE_GOAL_top/68951.png" width="640" height="480">
    <box label="ball" occluded="0" source="auto" xtl="285.42" ytl="399.67" xbr="330.32" ybr="444.95" z_order="0">
      <attribute name="smudge">false</attribute>
    </box>
  </image>
  <image id="56" name="rc19-experiment/INDOOR/PLAY_FROM_CIRCLE_GOAL_top/68947.png" width="640" height="480">
    <box label="ball" occluded="0" source="auto" xtl="329.10" ytl="423.25" xbr="379.30" ybr="474.82" z_order="0">
      <attribute name="smudge">false</attribute>
    </box>
  </image>
  <image id="55" name="rc19-experiment/INDOOR/PLAY_FROM_CIRCLE_GOAL_top/68944.png" width="640" height="480">
    <box label="ball" occluded="0" source="auto" xtl="365.21" ytl="380.11" xbr="420.19" ybr="437.54" z_order="0">
      <attribute name="smudge">false</attribute>
    </box>
  </image>
  <image id="54" name="rc19-experiment/INDOOR/PLAY_FROM_CIRCLE_GOAL_top/68940.png" width="640" height="480">
    <box label="ball" occluded="0" source="auto" xtl="376.56" ytl="283.68" xbr="436.50" ybr="342.97" z_order="0">
      <attribute name="smudge">false</attribute>
    </box>
  </image>
  <image id="53" name="rc19-experiment/INDOOR/PLAY_FROM_CIRCLE_GOAL_top/68936.png" width="640" height="480">
    <box label="ball" occluded="0" source="auto" xtl="340.36" ytl="254.46" xbr="408.17" ybr="324.25" z_order="0">
      <attribute name="smudge">false</attribute>
    </box>
  </image>
  <image id="52" name="rc19-experiment/INDOOR/PLAY_FROM_CIRCLE_GOAL_top/68933.png" width="640" height="480">
    <box label="ball" occluded="0" source="auto" xtl="319.16" ytl="263.04" xbr="394.08" ybr="335.58" z_order="0">
      <attribute name="smudge">false</attribute>
    </box>
  </image>
  <image id="51" name="rc19-experiment/INDOOR/PLAY_FROM_CIRCLE_GOAL_top/68929.png" width="640" height="480">
    <box label="ball" occluded="0" source="auto" xtl="304.33" ytl="339.78" xbr="393.80" ybr="426.98" z_order="0">
      <attribute name="smudge">false</attribute>
    </box>
  </image>
  <image id="50" name="rc19-experiment/INDOOR/PLAY_FROM_CIRCLE_GOAL_top/68926.png" width="640" height="480">
    <box label="ball" occluded="0" source="auto" xtl="316.34" ytl="401.12" xbr="417.85" ybr="480.00" z_order="0">
      <attribute name="smudge">false</attribute>
    </box>
  </image>
  <image id="49" name="rc19-experiment/INDOOR/PLAY_FROM_CIRCLE_GOAL_top/68923.png" width="640" height="480">
  </image>
  <image id="48" name="rc19-experiment/INDOOR/PLAY_FROM_CIRCLE_GOAL_top/68919.png" width="640" height="480">
  </image>
  <image id="47" name="rc19-experiment/INDOOR/PLAY_FROM_CIRCLE_GOAL_top/68916.png" width="640" height="480">
  </image>
  <image id="46" name="rc19-experiment/INDOOR/PLAY_FROM_CIRCLE_GOAL_top/68913.png" width="640" height="480">
  </image>
  <image id="45" name="rc19-experiment/INDOOR/PLAY_FROM_CIRCLE_GOAL_top/68909.png" width="640" height="480">
  </image>
  <image id="44" name="rc19-experiment/INDOOR/PLAY_FROM_CIRCLE_GOAL_top/68906.png" width="640" height="480">
  </image>
  <image id="43" name="rc19-experiment/INDOOR/PLAY_FROM_CIRCLE_GOAL_top/68902.png" width="640" height="480">
  </image>
  <image id="42" name="rc19-experiment/INDOOR/PLAY_FROM_CIRCLE_GOAL_top/68899.png" width="640" height="480">
  </image>
  <image id="41" name="rc19-experiment/INDOOR/PLAY_FROM_CIRCLE_GOAL_top/68895.png" width="640" height="480">
  </image>
  <image id="40" name="rc19-experiment/INDOOR/PLAY_FROM_CIRCLE_GOAL_top/68892.png" width="640" height="480">
  </image>
  <image id="39" name="rc19-experiment/INDOOR/PLAY_FROM_CIRCLE_GOAL_top/68888.png" width="640" height="480">
  </image>
  <image id="38" name="rc19-experiment/INDOOR/PLAY_FROM_CIRCLE_GOAL_top/68885.png" width="640" height="480">
  </image>
  <image id="37" name="rc19-experiment/INDOOR/PLAY_FROM_CIRCLE_GOAL_top/68882.png" width="640" height="480">
  </image>
  <image id="36" name="rc19-experiment/INDOOR/PLAY_FROM_CIRCLE_GOAL_top/68878.png" width="640" height="480">
  </image>
  <image id="35" name="rc19-experiment/INDOOR/PLAY_FROM_CIRCLE_GOAL_top/68875.png" width="640" height="480">
  </image>
  <image id="34" name="rc19-experiment/INDOOR/PLAY_FROM_CIRCLE_GOAL_top/68872.png" width="640" height="480">
  </image>
  <image id="33" name="rc19-experiment/INDOOR/PLAY_FROM_CIRCLE_GOAL_top/68868.png" width="640" height="480">
  </image>
  <image id="32" name="rc19-experiment/INDOOR/PLAY_FROM_CIRCLE_GOAL_top/68865.png" width="640" height="480">
  </image>
  <image id="31" name="rc19-experiment/INDOOR/PLAY_FROM_CIRCLE_GOAL_top/68862.png" width="640" height="480">
  </image>
  <image id="30" name="rc19-experiment/INDOOR/PLAY_FROM_CIRCLE_GOAL_top/68858.png" width="640" height="480">
  </image>
  <image id="29" name="rc19-experiment/INDOOR/PLAY_FROM_CIRCLE_GOAL_top/68854.png" width="640" height="480">
  </image>
  <image id="28" name="rc19-experiment/INDOOR/PLAY_FROM_CIRCLE_GOAL_top/68851.png" width="640" height="480">
  </image>
  <image id="27" name="rc19-experiment/INDOOR/PLAY_FROM_CIRCLE_GOAL_top/68848.png" width="640" height="480">
  </image>
  <image id="26" name="rc19-experiment/INDOOR/PLAY_FROM_CIRCLE_GOAL_top/68844.png" width="640" height="480">
  </image>
  <image id="25" name="rc19-experiment/INDOOR/PLAY_FROM_CIRCLE_GOAL_top/68841.png" width="640" height="480">
  </image>
  <image id="24" name="rc19-experiment/INDOOR/PLAY_FROM_CIRCLE_GOAL_top/68838.png" width="640" height="480">
  </image>
  <image id="23" name="rc19-experiment/INDOOR/PLAY_FROM_CIRCLE_GOAL_top/68834.png" width="640" height="480">
  </image>
  <image id="22" name="rc19-experiment/INDOOR/PLAY_FROM_CIRCLE_GOAL_top/68830.png" width="640" height="480">
  </image>
  <image id="21" name="rc19-experiment/INDOOR/PLAY_FROM_CIRCLE_GOAL_top/68827.png" width="640" height="480">
  </image>
  <image id="20" name="rc19-experiment/INDOOR/PLAY_FROM_CIRCLE_GOAL_top/68824.png" width="640" height="480">
  </image>
  <image id="19" name="rc19-experiment/INDOOR/PLAY_FROM_CIRCLE_GOAL_top/68821.png" width="640" height="480">
  </image>
  <image id="18" name="rc19-experiment/INDOOR/PLAY_FROM_CIRCLE_GOAL_top/68818.png" width="640" height="480">
  </image>
  <image id="17" name="rc19-experiment/INDOOR/PLAY_FROM_CIRCLE_GOAL_top/68814.png" width="640" height="480">
  </image>
  <image id="16" name="rc19-experiment/INDOOR/PLAY_FROM_CIRCLE_GOAL_top/68811.png" width="640" height="480">
  </image>
  <image id="15" name="rc19-experiment/INDOOR/PLAY_FROM_CIRCLE_GOAL_top/68808.png" width="640" height="480">
  </image>
  <image id="14" name="rc19-experiment/INDOOR/PLAY_FROM_CIRCLE_GOAL_top/68805.png" width="640" height="480">
  </image>
  <image id="13" name="rc19-experiment/INDOOR/PLAY_FROM_CIRCLE_GOAL_top/68801.png" width="640" height="480">
  </image>
  <image id="12" name="rc19-experiment/INDOOR/PLAY_FROM_CIRCLE_GOAL_top/68797.png" width="640" height="480">
  </image>
  <image id="11" name="rc19-experiment/INDOOR/PLAY_FROM_CIRCLE_GOAL_top/68794.png" width="640" height="480">
  </image>
  <image id="10" name="rc19-experiment/INDOOR/PLAY_FROM_CIRCLE_GOAL_top/68791.png" width="640" height="480">
  </image>
  <image id="9" name="rc19-experiment/INDOOR/PLAY_FROM_CIRCLE_GOAL_top/68787.png" width="640" height="480">
  </image>
  <image id="8" name="rc19-experiment/INDOOR/PLAY_FROM_CIRCLE_GOAL_top/68784.png" width="640" height="480">
  </image>
  <image id="7" name="rc19-experiment/INDOOR/PLAY_FROM_CIRCLE_GOAL_top/68781.png" width="640" height="480">
  </image>
  <image id="6" name="rc19-experiment/INDOOR/PLAY_FROM_CIRCLE_GOAL_top/68777.png" width="640" height="480">
  </image>
  <image id="5" name="rc19-experiment/INDOOR/PLAY_FROM_CIRCLE_GOAL_top/68774.png" width="640" height="480">
  </image>
  <image id="4" name="rc19-experiment/INDOOR/PLAY_FROM_CIRCLE_GOAL_top/68770.png" width="640" height="480">
  </image>
  <image id="3" name="rc19-experiment/INDOOR/PLAY_FROM_CIRCLE_GOAL_top/68767.png" width="640" height="480">
  </image>
  <image id="2" name="rc19-experiment/INDOOR/PLAY_FROM_CIRCLE_GOAL_top/68764.png" width="640" height="480">
    <box label="ball" occluded="0" source="auto" xtl="277.29" ytl="458.02" xbr="339.50" ybr="479.25" z_order="0">
      <attribute name="smudge">false</attribute>
    </box>
  </image>
  <image id="1" name="rc19-experiment/INDOOR/PLAY_FROM_CIRCLE_GOAL_top/68761.png" width="640" height="480">
  </image>
  <image id="0" name="rc19-experiment/INDOOR/PLAY_FROM_CIRCLE_GOAL_top/68758.png" width="640" height="480">
  </image>
</annotations>