<?xml version="1.0" encoding="utf-8"?>
<annotations>
  <version>1.1</version>
  <meta>
    <task>
      <id>17</id>
      <name>RC19Experiments-double_field_lines-bottom</name>
      <size>79</size>
      <mode>annotation</mode>
      <overlap>0</overlap>
      <bugtracker></bugtracker>
      <created>2020-04-05 10:03:03.980854+00:00</created>
      <updated>2020-04-05 10:03:03.980905+00:00</updated>
      <start_frame>0</start_frame>
      <stop_frame>78</stop_frame>
      <frame_filter></frame_filter>
      <labels>
        <label>
          <name>ball</name>
          <color>#804080</color>
          <attributes>
            <attribute>
              <name>smudge</name>
              <mutable>False</mutable>
              <input_type>checkbox</input_type>
              <default_value>false</default_value>
              <values>false</values>
            </attribute>
          </attributes>
        </label>
      </labels>
      <segments>
        <segment>
          <id>17</id>
          <start>0</start>
          <stop>78</stop>
          <url>httpball.informatik.hu-berlin.de/?id=17</url>
        </segment>
      </segments>
      <owner>
        <username>nao</username>
        <email></email>
      </owner>
      <assignee></assignee>
    </task>
    <dumped>2021-01-20 09:55:26.466881+00:00</dumped>
  </meta>
  <image id="78" name="rc19-experiment/double_field_lines-bottom/79731.png" width="640" height="480">
  </image>
  <image id="77" name="rc19-experiment/double_field_lines-bottom/79728.png" width="640" height="480">
  </image>
  <image id="76" name="rc19-experiment/double_field_lines-bottom/79725.png" width="640" height="480">
  </image>
  <image id="75" name="rc19-experiment/double_field_lines-bottom/79721.png" width="640" height="480">
  </image>
  <image id="74" name="rc19-experiment/double_field_lines-bottom/79718.png" width="640" height="480">
  </image>
  <image id="73" name="rc19-experiment/double_field_lines-bottom/79715.png" width="640" height="480">
  </image>
  <image id="72" name="rc19-experiment/double_field_lines-bottom/79712.png" width="640" height="480">
  </image>
  <image id="71" name="rc19-experiment/double_field_lines-bottom/79709.png" width="640" height="480">
  </image>
  <image id="70" name="rc19-experiment/double_field_lines-bottom/79706.png" width="640" height="480">
  </image>
  <image id="69" name="rc19-experiment/double_field_lines-bottom/79702.png" width="640" height="480">
  </image>
  <image id="68" name="rc19-experiment/double_field_lines-bottom/79699.png" width="640" height="480">
  </image>
  <image id="67" name="rc19-experiment/double_field_lines-bottom/79695.png" width="640" height="480">
  </image>
  <image id="66" name="rc19-experiment/double_field_lines-bottom/79692.png" width="640" height="480">
  </image>
  <image id="65" name="rc19-experiment/double_field_lines-bottom/79689.png" width="640" height="480">
  </image>
  <image id="64" name="rc19-experiment/double_field_lines-bottom/79685.png" width="640" height="480">
  </image>
  <image id="63" name="rc19-experiment/double_field_lines-bottom/79682.png" width="640" height="480">
  </image>
  <image id="62" name="rc19-experiment/double_field_lines-bottom/79679.png" width="640" height="480">
  </image>
  <image id="61" name="rc19-experiment/double_field_lines-bottom/79676.png" width="640" height="480">
  </image>
  <image id="60" name="rc19-experiment/double_field_lines-bottom/79673.png" width="640" height="480">
  </image>
  <image id="59" name="rc19-experiment/double_field_lines-bottom/79670.png" width="640" height="480">
  </image>
  <image id="58" name="rc19-experiment/double_field_lines-bottom/79666.png" width="640" height="480">
  </image>
  <image id="57" name="rc19-experiment/double_field_lines-bottom/79663.png" width="640" height="480">
  </image>
  <image id="56" name="rc19-experiment/double_field_lines-bottom/79660.png" width="640" height="480">
  </image>
  <image id="55" name="rc19-experiment/double_field_lines-bottom/79657.png" width="640" height="480">
  </image>
  <image id="54" name="rc19-experiment/double_field_lines-bottom/79653.png" width="640" height="480">
  </image>
  <image id="53" name="rc19-experiment/double_field_lines-bottom/79650.png" width="640" height="480">
  </image>
  <image id="52" name="rc19-experiment/double_field_lines-bottom/79647.png" width="640" height="480">
  </image>
  <image id="51" name="rc19-experiment/double_field_lines-bottom/79644.png" width="640" height="480">
  </image>
  <image id="50" name="rc19-experiment/double_field_lines-bottom/79640.png" width="640" height="480">
  </image>
  <image id="49" name="rc19-experiment/double_field_lines-bottom/79637.png" width="640" height="480">
  </image>
  <image id="48" name="rc19-experiment/double_field_lines-bottom/79634.png" width="640" height="480">
  </image>
  <image id="47" name="rc19-experiment/double_field_lines-bottom/79631.png" width="640" height="480">
  </image>
  <image id="46" name="rc19-experiment/double_field_lines-bottom/79628.png" width="640" height="480">
  </image>
  <image id="45" name="rc19-experiment/double_field_lines-bottom/79624.png" width="640" height="480">
  </image>
  <image id="44" name="rc19-experiment/double_field_lines-bottom/79621.png" width="640" height="480">
  </image>
  <image id="43" name="rc19-experiment/double_field_lines-bottom/79617.png" width="640" height="480">
  </image>
  <image id="42" name="rc19-experiment/double_field_lines-bottom/79614.png" width="640" height="480">
  </image>
  <image id="41" name="rc19-experiment/double_field_lines-bottom/79611.png" width="640" height="480">
  </image>
  <image id="40" name="rc19-experiment/double_field_lines-bottom/79608.png" width="640" height="480">
  </image>
  <image id="39" name="rc19-experiment/double_field_lines-bottom/79604.png" width="640" height="480">
  </image>
  <image id="38" name="rc19-experiment/double_field_lines-bottom/79601.png" width="640" height="480">
  </image>
  <image id="37" name="rc19-experiment/double_field_lines-bottom/79598.png" width="640" height="480">
  </image>
  <image id="36" name="rc19-experiment/double_field_lines-bottom/79595.png" width="640" height="480">
  </image>
  <image id="35" name="rc19-experiment/double_field_lines-bottom/79591.png" width="640" height="480">
  </image>
  <image id="34" name="rc19-experiment/double_field_lines-bottom/79588.png" width="640" height="480">
  </image>
  <image id="33" name="rc19-experiment/double_field_lines-bottom/79585.png" width="640" height="480">
  </image>
  <image id="32" name="rc19-experiment/double_field_lines-bottom/79582.png" width="640" height="480">
  </image>
  <image id="31" name="rc19-experiment/double_field_lines-bottom/79578.png" width="640" height="480">
  </image>
  <image id="30" name="rc19-experiment/double_field_lines-bottom/79575.png" width="640" height="480">
  </image>
  <image id="29" name="rc19-experiment/double_field_lines-bottom/79572.png" width="640" height="480">
  </image>
  <image id="28" name="rc19-experiment/double_field_lines-bottom/79569.png" width="640" height="480">
  </image>
  <image id="27" name="rc19-experiment/double_field_lines-bottom/79566.png" width="640" height="480">
  </image>
  <image id="26" name="rc19-experiment/double_field_lines-bottom/79562.png" width="640" height="480">
  </image>
  <image id="25" name="rc19-experiment/double_field_lines-bottom/79559.png" width="640" height="480">
  </image>
  <image id="24" name="rc19-experiment/double_field_lines-bottom/79556.png" width="640" height="480">
  </image>
  <image id="23" name="rc19-experiment/double_field_lines-bottom/79553.png" width="640" height="480">
  </image>
  <image id="22" name="rc19-experiment/double_field_lines-bottom/79549.png" width="640" height="480">
  </image>
  <image id="21" name="rc19-experiment/double_field_lines-bottom/79546.png" width="640" height="480">
  </image>
  <image id="20" name="rc19-experiment/double_field_lines-bottom/79543.png" width="640" height="480">
  </image>
  <image id="19" name="rc19-experiment/double_field_lines-bottom/79540.png" width="640" height="480">
  </image>
  <image id="18" name="rc19-experiment/double_field_lines-bottom/79537.png" width="640" height="480">
  </image>
  <image id="17" name="rc19-experiment/double_field_lines-bottom/79533.png" width="640" height="480">
  </image>
  <image id="16" name="rc19-experiment/double_field_lines-bottom/79530.png" width="640" height="480">
  </image>
  <image id="15" name="rc19-experiment/double_field_lines-bottom/79527.png" width="640" height="480">
  </image>
  <image id="14" name="rc19-experiment/double_field_lines-bottom/79524.png" width="640" height="480">
  </image>
  <image id="13" name="rc19-experiment/double_field_lines-bottom/79521.png" width="640" height="480">
  </image>
  <image id="12" name="rc19-experiment/double_field_lines-bottom/79517.png" width="640" height="480">
  </image>
  <image id="11" name="rc19-experiment/double_field_lines-bottom/79514.png" width="640" height="480">
  </image>
  <image id="10" name="rc19-experiment/double_field_lines-bottom/79511.png" width="640" height="480">
  </image>
  <image id="9" name="rc19-experiment/double_field_lines-bottom/79508.png" width="640" height="480">
  </image>
  <image id="8" name="rc19-experiment/double_field_lines-bottom/79505.png" width="640" height="480">
  </image>
  <image id="7" name="rc19-experiment/double_field_lines-bottom/79502.png" width="640" height="480">
  </image>
  <image id="6" name="rc19-experiment/double_field_lines-bottom/79499.png" width="640" height="480">
  </image>
  <image id="5" name="rc19-experiment/double_field_lines-bottom/79495.png" width="640" height="480">
  </image>
  <image id="4" name="rc19-experiment/double_field_lines-bottom/79492.png" width="640" height="480">
  </image>
  <image id="3" name="rc19-experiment/double_field_lines-bottom/79488.png" width="640" height="480">
  </image>
  <image id="2" name="rc19-experiment/double_field_lines-bottom/79485.png" width="640" height="480">
  </image>
  <image id="1" name="rc19-experiment/double_field_lines-bottom/79481.png" width="640" height="480">
  </image>
  <image id="0" name="rc19-experiment/double_field_lines-bottom/79478.png" width="640" height="480">
  </image>
</annotations>