<?xml version="1.0" encoding="utf-8"?>
<annotations>
  <version>1.1</version>
  <meta>
    <task>
      <id>7</id>
      <name>RC19Experiments-OUTDOOR2-bottom</name>
      <size>147</size>
      <mode>annotation</mode>
      <overlap>0</overlap>
      <bugtracker></bugtracker>
      <created>2020-04-05 09:43:51.440849+00:00</created>
      <updated>2020-06-30 08:16:22.169145+00:00</updated>
      <start_frame>0</start_frame>
      <stop_frame>146</stop_frame>
      <frame_filter></frame_filter>
      <labels>
        <label>
          <name>ball</name>
          <color>#804080</color>
          <attributes>
            <attribute>
              <name>smudge</name>
              <mutable>False</mutable>
              <input_type>checkbox</input_type>
              <default_value>false</default_value>
              <values>false</values>
            </attribute>
          </attributes>
        </label>
      </labels>
      <segments>
        <segment>
          <id>7</id>
          <start>0</start>
          <stop>146</stop>
          <url>httpball.informatik.hu-berlin.de/?id=7</url>
        </segment>
      </segments>
      <owner>
        <username>nao</username>
        <email></email>
      </owner>
      <assignee>
        <username>benji</username>
        <email>benji@schlotterfam.de</email>
      </assignee>
    </task>
    <dumped>2021-01-20 09:51:06.400705+00:00</dumped>
  </meta>
  <image id="146" name="rc19-experiment/OUTDOOR2-bottom/7127.png" width="640" height="480">
    <box label="ball" occluded="0" source="manual" xtl="340.67" ytl="17.63" xbr="404.55" ybr="84.55" z_order="0">
      <attribute name="smudge">false</attribute>
    </box>
  </image>
  <image id="145" name="rc19-experiment/OUTDOOR2-bottom/7124.png" width="640" height="480">
    <box label="ball" occluded="0" source="manual" xtl="341.28" ytl="17.63" xbr="405.76" ybr="82.72" z_order="0">
      <attribute name="smudge">false</attribute>
    </box>
  </image>
  <image id="144" name="rc19-experiment/OUTDOOR2-bottom/7121.png" width="640" height="480">
    <box label="ball" occluded="0" source="manual" xtl="341.28" ytl="15.20" xbr="403.33" ybr="82.12" z_order="0">
      <attribute name="smudge">false</attribute>
    </box>
  </image>
  <image id="143" name="rc19-experiment/OUTDOOR2-bottom/7118.png" width="640" height="480">
    <box label="ball" occluded="0" source="manual" xtl="340.67" ytl="15.20" xbr="406.98" ybr="83.33" z_order="0">
      <attribute name="smudge">false</attribute>
    </box>
  </image>
  <image id="142" name="rc19-experiment/OUTDOOR2-bottom/7114.png" width="640" height="480">
    <box label="ball" occluded="0" source="manual" xtl="342.50" ytl="15.20" xbr="403.33" ybr="83.33" z_order="0">
      <attribute name="smudge">false</attribute>
    </box>
  </image>
  <image id="141" name="rc19-experiment/OUTDOOR2-bottom/7111.png" width="640" height="480">
    <box label="ball" occluded="0" source="manual" xtl="341.28" ytl="16.41" xbr="403.94" ybr="84.55" z_order="0">
      <attribute name="smudge">false</attribute>
    </box>
  </image>
  <image id="140" name="rc19-experiment/OUTDOOR2-bottom/7108.png" width="640" height="480">
    <box label="ball" occluded="0" source="manual" xtl="341.89" ytl="15.80" xbr="402.12" ybr="79.68" z_order="0">
      <attribute name="smudge">false</attribute>
    </box>
  </image>
  <image id="139" name="rc19-experiment/OUTDOOR2-bottom/7104.png" width="640" height="480">
    <box label="ball" occluded="0" source="manual" xtl="341.28" ytl="15.20" xbr="405.16" ybr="83.33" z_order="0">
      <attribute name="smudge">false</attribute>
    </box>
  </image>
  <image id="138" name="rc19-experiment/OUTDOOR2-bottom/7101.png" width="640" height="480">
    <box label="ball" occluded="0" source="manual" xtl="340.06" ytl="16.41" xbr="405.76" ybr="80.29" z_order="0">
      <attribute name="smudge">false</attribute>
    </box>
  </image>
  <image id="137" name="rc19-experiment/OUTDOOR2-bottom/7098.png" width="640" height="480">
    <box label="ball" occluded="0" source="manual" xtl="340.06" ytl="15.20" xbr="405.76" ybr="80.29" z_order="0">
      <attribute name="smudge">false</attribute>
    </box>
  </image>
  <image id="136" name="rc19-experiment/OUTDOOR2-bottom/7094.png" width="640" height="480">
    <box label="ball" occluded="0" source="manual" xtl="341.28" ytl="14.59" xbr="405.16" ybr="79.07" z_order="0">
      <attribute name="smudge">false</attribute>
    </box>
  </image>
  <image id="135" name="rc19-experiment/OUTDOOR2-bottom/7091.png" width="640" height="480">
    <box label="ball" occluded="0" source="manual" xtl="341.89" ytl="14.59" xbr="405.16" ybr="82.12" z_order="0">
      <attribute name="smudge">false</attribute>
    </box>
  </image>
  <image id="134" name="rc19-experiment/OUTDOOR2-bottom/7088.png" width="640" height="480">
    <box label="ball" occluded="0" source="manual" xtl="341.90" ytl="13.98" xbr="404.50" ybr="80.90" z_order="0">
      <attribute name="smudge">false</attribute>
    </box>
  </image>
  <image id="133" name="rc19-experiment/OUTDOOR2-bottom/7085.png" width="640" height="480">
    <box label="ball" occluded="0" source="manual" xtl="340.06" ytl="15.20" xbr="402.72" ybr="82.72" z_order="0">
      <attribute name="smudge">false</attribute>
    </box>
  </image>
  <image id="132" name="rc19-experiment/OUTDOOR2-bottom/7081.png" width="640" height="480">
    <box label="ball" occluded="0" source="manual" xtl="343.71" ytl="10.33" xbr="405.16" ybr="72.99" z_order="0">
      <attribute name="smudge">false</attribute>
    </box>
  </image>
  <image id="131" name="rc19-experiment/OUTDOOR2-bottom/7078.png" width="640" height="480">
    <box label="ball" occluded="0" source="manual" xtl="345.54" ytl="8.50" xbr="407.59" ybr="75.42" z_order="0">
      <attribute name="smudge">false</attribute>
    </box>
  </image>
  <image id="130" name="rc19-experiment/OUTDOOR2-bottom/7075.png" width="640" height="480">
    <box label="ball" occluded="0" source="manual" xtl="340.67" ytl="9.11" xbr="402.72" ybr="77.25" z_order="0">
      <attribute name="smudge">false</attribute>
    </box>
  </image>
  <image id="129" name="rc19-experiment/OUTDOOR2-bottom/7072.png" width="640" height="480">
    <box label="ball" occluded="0" source="manual" xtl="338.24" ytl="21.89" xbr="402.72" ybr="86.98" z_order="0">
      <attribute name="smudge">false</attribute>
    </box>
  </image>
  <image id="128" name="rc19-experiment/OUTDOOR2-bottom/7069.png" width="640" height="480">
    <box label="ball" occluded="0" source="manual" xtl="338.24" ytl="12.15" xbr="401.51" ybr="79.07" z_order="0">
      <attribute name="smudge">false</attribute>
    </box>
  </image>
  <image id="127" name="rc19-experiment/OUTDOOR2-bottom/7066.png" width="640" height="480">
    <box label="ball" occluded="0" source="manual" xtl="350.40" ytl="0.00" xbr="415.50" ybr="46.83" z_order="0">
      <attribute name="smudge">false</attribute>
    </box>
  </image>
  <image id="126" name="rc19-experiment/OUTDOOR2-bottom/7063.png" width="640" height="480">
  </image>
  <image id="125" name="rc19-experiment/OUTDOOR2-bottom/7060.png" width="640" height="480">
    <box label="ball" occluded="0" source="manual" xtl="343.71" ytl="0.00" xbr="408.20" ybr="55.35" z_order="0">
      <attribute name="smudge">false</attribute>
    </box>
  </image>
  <image id="124" name="rc19-experiment/OUTDOOR2-bottom/7057.png" width="640" height="480">
  </image>
  <image id="123" name="rc19-experiment/OUTDOOR2-bottom/7053.png" width="640" height="480">
  </image>
  <image id="122" name="rc19-experiment/OUTDOOR2-bottom/7050.png" width="640" height="480">
  </image>
  <image id="121" name="rc19-experiment/OUTDOOR2-bottom/7047.png" width="640" height="480">
  </image>
  <image id="120" name="rc19-experiment/OUTDOOR2-bottom/7044.png" width="640" height="480">
    <box label="ball" occluded="0" source="manual" xtl="355.27" ytl="0.00" xbr="419.15" ybr="35.27" z_order="0">
      <attribute name="smudge">false</attribute>
    </box>
  </image>
  <image id="119" name="rc19-experiment/OUTDOOR2-bottom/7041.png" width="640" height="480">
    <box label="ball" occluded="0" source="manual" xtl="327.89" ytl="0.00" xbr="394.81" ybr="57.17" z_order="0">
      <attribute name="smudge">false</attribute>
    </box>
  </image>
  <image id="118" name="rc19-experiment/OUTDOOR2-bottom/7038.png" width="640" height="480">
    <box label="ball" occluded="0" source="manual" xtl="292.00" ytl="40.70" xbr="350.40" ybr="104.62" z_order="0">
      <attribute name="smudge">false</attribute>
    </box>
  </image>
  <image id="117" name="rc19-experiment/OUTDOOR2-bottom/7034.png" width="640" height="480">
    <box label="ball" occluded="0" source="manual" xtl="325.46" ytl="34.66" xbr="384.47" ybr="97.32" z_order="0">
      <attribute name="smudge">false</attribute>
    </box>
  </image>
  <image id="116" name="rc19-experiment/OUTDOOR2-bottom/7031.png" width="640" height="480">
    <box label="ball" occluded="0" source="manual" xtl="314.51" ytl="38.31" xbr="373.52" ybr="99.76" z_order="0">
      <attribute name="smudge">false</attribute>
    </box>
  </image>
  <image id="115" name="rc19-experiment/OUTDOOR2-bottom/7028.png" width="640" height="480">
    <box label="ball" occluded="0" source="manual" xtl="292.00" ytl="10.94" xbr="349.19" ybr="78.46" z_order="0">
      <attribute name="smudge">false</attribute>
    </box>
  </image>
  <image id="114" name="rc19-experiment/OUTDOOR2-bottom/7025.png" width="640" height="480">
    <box label="ball" occluded="0" source="manual" xtl="230.56" ytl="1.20" xbr="295.65" ybr="68.12" z_order="0">
      <attribute name="smudge">false</attribute>
    </box>
  </image>
  <image id="113" name="rc19-experiment/OUTDOOR2-bottom/7022.png" width="640" height="480">
    <box label="ball" occluded="0" source="manual" xtl="186.15" ytl="0.00" xbr="246.98" ybr="52.91" z_order="0">
      <attribute name="smudge">false</attribute>
    </box>
  </image>
  <image id="112" name="rc19-experiment/OUTDOOR2-bottom/7019.png" width="640" height="480">
  </image>
  <image id="111" name="rc19-experiment/OUTDOOR2-bottom/7015.png" width="640" height="480">
    <box label="ball" occluded="0" source="manual" xtl="346.75" ytl="83.33" xbr="405.16" ybr="149.64" z_order="0">
      <attribute name="smudge">false</attribute>
    </box>
  </image>
  <image id="110" name="rc19-experiment/OUTDOOR2-bottom/7012.png" width="640" height="480">
    <box label="ball" occluded="0" source="manual" xtl="418.54" ytl="0.00" xbr="483.64" ybr="51.09" z_order="0">
      <attribute name="smudge">false</attribute>
    </box>
  </image>
  <image id="109" name="rc19-experiment/OUTDOOR2-bottom/7009.png" width="640" height="480">
    <box label="ball" occluded="0" source="manual" xtl="401.51" ytl="0.00" xbr="462.34" ybr="32.84" z_order="0">
      <attribute name="smudge">false</attribute>
    </box>
  </image>
  <image id="108" name="rc19-experiment/OUTDOOR2-bottom/7006.png" width="640" height="480">
    <box label="ball" occluded="0" source="manual" xtl="328.50" ytl="79.68" xbr="388.73" ybr="135.04" z_order="0">
      <attribute name="smudge">false</attribute>
    </box>
  </image>
  <image id="107" name="rc19-experiment/OUTDOOR2-bottom/7003.png" width="640" height="480">
  </image>
  <image id="106" name="rc19-experiment/OUTDOOR2-bottom/7000.png" width="640" height="480">
  </image>
  <image id="105" name="rc19-experiment/OUTDOOR2-bottom/6997.png" width="640" height="480">
    <box label="ball" occluded="0" source="manual" xtl="244.49" ytl="65.02" xbr="300.46" ybr="131.94" z_order="0">
      <attribute name="smudge">false</attribute>
    </box>
  </image>
  <image id="104" name="rc19-experiment/OUTDOOR2-bottom/6994.png" width="640" height="480">
  </image>
  <image id="103" name="rc19-experiment/OUTDOOR2-bottom/6990.png" width="640" height="480">
    <box label="ball" occluded="0" source="manual" xtl="307.21" ytl="54.13" xbr="362.57" ybr="112.53" z_order="0">
      <attribute name="smudge">false</attribute>
    </box>
  </image>
  <image id="102" name="rc19-experiment/OUTDOOR2-bottom/6986.png" width="640" height="480">
    <box label="ball" occluded="0" source="manual" xtl="309.64" ytl="0.00" xbr="369.87" ybr="30.40" z_order="0">
      <attribute name="smudge">false</attribute>
    </box>
  </image>
  <image id="101" name="rc19-experiment/OUTDOOR2-bottom/6983.png" width="640" height="480">
    <box label="ball" occluded="0" source="manual" xtl="298.69" ytl="1.20" xbr="358.92" ybr="57.20" z_order="0">
      <attribute name="smudge">false</attribute>
    </box>
  </image>
  <image id="100" name="rc19-experiment/OUTDOOR2-bottom/6979.png" width="640" height="480">
    <box label="ball" occluded="0" source="manual" xtl="275.00" ytl="0.00" xbr="340.67" ybr="51.70" z_order="0">
      <attribute name="smudge">false</attribute>
    </box>
  </image>
  <image id="99" name="rc19-experiment/OUTDOOR2-bottom/6976.png" width="640" height="480">
    <box label="ball" occluded="0" source="manual" xtl="319.99" ytl="0.00" xbr="382.65" ybr="35.88" z_order="0">
      <attribute name="smudge">false</attribute>
    </box>
  </image>
  <image id="98" name="rc19-experiment/OUTDOOR2-bottom/6972.png" width="640" height="480">
    <box label="ball" occluded="0" source="manual" xtl="295.04" ytl="33.45" xbr="358.31" ybr="102.19" z_order="0">
      <attribute name="smudge">false</attribute>
    </box>
  </image>
  <image id="97" name="rc19-experiment/OUTDOOR2-bottom/6969.png" width="640" height="480">
    <box label="ball" occluded="0" source="manual" xtl="274.36" ytl="0.60" xbr="341.28" ybr="68.73" z_order="0">
      <attribute name="smudge">false</attribute>
    </box>
  </image>
  <image id="96" name="rc19-experiment/OUTDOOR2-bottom/6966.png" width="640" height="480">
    <box label="ball" occluded="0" source="manual" xtl="299.30" ytl="78.46" xbr="362.57" ybr="142.34" z_order="0">
      <attribute name="smudge">false</attribute>
    </box>
  </image>
  <image id="95" name="rc19-experiment/OUTDOOR2-bottom/6963.png" width="640" height="480">
    <box label="ball" occluded="0" source="manual" xtl="270.10" ytl="75.42" xbr="341.28" ybr="147.82" z_order="0">
      <attribute name="smudge">false</attribute>
    </box>
  </image>
  <image id="94" name="rc19-experiment/OUTDOOR2-bottom/6960.png" width="640" height="480">
    <box label="ball" occluded="0" source="manual" xtl="224.47" ytl="2.42" xbr="301.74" ybr="88.20" z_order="0">
      <attribute name="smudge">false</attribute>
    </box>
  </image>
  <image id="93" name="rc19-experiment/OUTDOOR2-bottom/6956.png" width="640" height="480">
  </image>
  <image id="92" name="rc19-experiment/OUTDOOR2-bottom/6953.png" width="640" height="480">
  </image>
  <image id="91" name="rc19-experiment/OUTDOOR2-bottom/6950.png" width="640" height="480">
  </image>
  <image id="90" name="rc19-experiment/OUTDOOR2-bottom/6946.png" width="640" height="480">
    <box label="ball" occluded="0" source="manual" xtl="247.59" ytl="0.00" xbr="356.49" ybr="48.05" z_order="0">
      <attribute name="smudge">false</attribute>
    </box>
  </image>
  <image id="89" name="rc19-experiment/OUTDOOR2-bottom/6942.png" width="640" height="480">
    <box label="ball" occluded="0" source="manual" xtl="188.58" ytl="45.61" xbr="308.43" ybr="164.85" z_order="0">
      <attribute name="smudge">false</attribute>
    </box>
  </image>
  <image id="88" name="rc19-experiment/OUTDOOR2-bottom/6939.png" width="640" height="480">
    <box label="ball" occluded="0" source="manual" xtl="148.43" ytl="132.00" xbr="279.23" ybr="256.72" z_order="0">
      <attribute name="smudge">false</attribute>
    </box>
  </image>
  <image id="87" name="rc19-experiment/OUTDOOR2-bottom/6936.png" width="640" height="480">
    <box label="ball" occluded="0" source="manual" xtl="159.99" ytl="180.70" xbr="302.95" ybr="318.16" z_order="0">
      <attribute name="smudge">false</attribute>
    </box>
  </image>
  <image id="86" name="rc19-experiment/OUTDOOR2-bottom/6932.png" width="640" height="480">
    <box label="ball" occluded="0" source="manual" xtl="222.65" ytl="234.81" xbr="389.34" ybr="390.56" z_order="0">
      <attribute name="smudge">false</attribute>
    </box>
  </image>
  <image id="85" name="rc19-experiment/OUTDOOR2-bottom/6929.png" width="640" height="480">
    <box label="ball" occluded="0" source="manual" xtl="274.36" ytl="270.10" xbr="436.79" ybr="437.40" z_order="0">
      <attribute name="smudge">false</attribute>
    </box>
  </image>
  <image id="84" name="rc19-experiment/OUTDOOR2-bottom/6926.png" width="640" height="480">
    <box label="ball" occluded="0" source="manual" xtl="254.89" ytl="259.76" xbr="419.15" ybr="427.67" z_order="0">
      <attribute name="smudge">false</attribute>
    </box>
  </image>
  <image id="83" name="rc19-experiment/OUTDOOR2-bottom/6923.png" width="640" height="480">
    <box label="ball" occluded="0" source="manual" xtl="213.52" ytl="284.09" xbr="372.91" ybr="448.40" z_order="0">
      <attribute name="smudge">false</attribute>
    </box>
  </image>
  <image id="82" name="rc19-experiment/OUTDOOR2-bottom/6919.png" width="640" height="480">
    <box label="ball" occluded="0" source="manual" xtl="197.10" ytl="295.65" xbr="355.88" ybr="453.83" z_order="0">
      <attribute name="smudge">false</attribute>
    </box>
  </image>
  <image id="81" name="rc19-experiment/OUTDOOR2-bottom/6916.png" width="640" height="480">
    <box label="ball" occluded="0" source="manual" xtl="228.12" ytl="278.01" xbr="391.77" ybr="434.97" z_order="0">
      <attribute name="smudge">false</attribute>
    </box>
  </image>
  <image id="80" name="rc19-experiment/OUTDOOR2-bottom/6913.png" width="640" height="480">
    <box label="ball" occluded="0" source="manual" xtl="272.53" ytl="281.05" xbr="436.18" ybr="440.44" z_order="0">
      <attribute name="smudge">false</attribute>
    </box>
  </image>
  <image id="79" name="rc19-experiment/OUTDOOR2-bottom/6910.png" width="640" height="480">
    <box label="ball" occluded="0" source="manual" xtl="282.88" ytl="284.70" xbr="441.66" ybr="450.78" z_order="0">
      <attribute name="smudge">false</attribute>
    </box>
  </image>
  <image id="78" name="rc19-experiment/OUTDOOR2-bottom/6907.png" width="640" height="480">
    <box label="ball" occluded="0" source="manual" xtl="242.72" ytl="259.76" xbr="403.33" ybr="422.80" z_order="0">
      <attribute name="smudge">false</attribute>
    </box>
  </image>
  <image id="77" name="rc19-experiment/OUTDOOR2-bottom/6903.png" width="640" height="480">
    <box label="ball" occluded="0" source="manual" xtl="201.35" ytl="274.97" xbr="362.57" ybr="442.27" z_order="0">
      <attribute name="smudge">false</attribute>
    </box>
  </image>
  <image id="76" name="rc19-experiment/OUTDOOR2-bottom/6899.png" width="640" height="480">
    <box label="ball" occluded="0" source="manual" xtl="197.70" ytl="268.88" xbr="369.87" ybr="430.71" z_order="0">
      <attribute name="smudge">false</attribute>
    </box>
  </image>
  <image id="75" name="rc19-experiment/OUTDOOR2-bottom/6896.png" width="640" height="480">
    <box label="ball" occluded="0" source="manual" xtl="254.89" ytl="220.21" xbr="413.07" ybr="379.61" z_order="0">
      <attribute name="smudge">false</attribute>
    </box>
  </image>
  <image id="74" name="rc19-experiment/OUTDOOR2-bottom/6892.png" width="640" height="480">
    <box label="ball" occluded="0" source="manual" xtl="287.13" ytl="211.70" xbr="441.66" ybr="366.22" z_order="0">
      <attribute name="smudge">false</attribute>
    </box>
  </image>
  <image id="73" name="rc19-experiment/OUTDOOR2-bottom/6889.png" width="640" height="480">
    <box label="ball" occluded="0" source="manual" xtl="270.10" ytl="194.66" xbr="423.41" ybr="345.54" z_order="0">
      <attribute name="smudge">false</attribute>
    </box>
  </image>
  <image id="72" name="rc19-experiment/OUTDOOR2-bottom/6886.png" width="640" height="480">
    <box label="ball" occluded="0" source="manual" xtl="222.04" ytl="169.72" xbr="373.52" ybr="313.90" z_order="0">
      <attribute name="smudge">false</attribute>
    </box>
  </image>
  <image id="71" name="rc19-experiment/OUTDOOR2-bottom/6882.png" width="640" height="480">
    <box label="ball" occluded="0" source="manual" xtl="216.56" ytl="216.56" xbr="363.18" ybr="360.14" z_order="0">
      <attribute name="smudge">false</attribute>
    </box>
  </image>
  <image id="70" name="rc19-experiment/OUTDOOR2-bottom/6879.png" width="640" height="480">
    <box label="ball" occluded="0" source="manual" xtl="257.32" ytl="167.29" xbr="397.86" ybr="312.69" z_order="0">
      <attribute name="smudge">false</attribute>
    </box>
  </image>
  <image id="69" name="rc19-experiment/OUTDOOR2-bottom/6876.png" width="640" height="480">
    <box label="ball" occluded="0" source="manual" xtl="268.88" ytl="150.25" xbr="406.98" ybr="295.04" z_order="0">
      <attribute name="smudge">false</attribute>
    </box>
  </image>
  <image id="68" name="rc19-experiment/OUTDOOR2-bottom/6872.png" width="640" height="480">
    <box label="ball" occluded="0" source="manual" xtl="241.51" ytl="197.70" xbr="373.52" ybr="345.54" z_order="0">
      <attribute name="smudge">false</attribute>
    </box>
  </image>
  <image id="67" name="rc19-experiment/OUTDOOR2-bottom/6869.png" width="640" height="480">
    <box label="ball" occluded="0" source="manual" xtl="205.61" ytl="154.51" xbr="326.07" ybr="278.00" z_order="0">
      <attribute name="smudge">false</attribute>
    </box>
  </image>
  <image id="66" name="rc19-experiment/OUTDOOR2-bottom/6865.png" width="640" height="480">
    <box label="ball" occluded="0" source="manual" xtl="240.29" ytl="220.82" xbr="357.70" ybr="339.45" z_order="0">
      <attribute name="smudge">false</attribute>
    </box>
  </image>
  <image id="65" name="rc19-experiment/OUTDOOR2-bottom/6862.png" width="640" height="480">
    <box label="ball" occluded="0" source="manual" xtl="282.88" ytl="211.09" xbr="399.07" ybr="329.72" z_order="0">
      <attribute name="smudge">false</attribute>
    </box>
  </image>
  <image id="64" name="rc19-experiment/OUTDOOR2-bottom/6859.png" width="640" height="480">
    <box label="ball" occluded="0" source="manual" xtl="281.05" ytl="216.56" xbr="390.56" ybr="324.24" z_order="0">
      <attribute name="smudge">false</attribute>
    </box>
  </image>
  <image id="63" name="rc19-experiment/OUTDOOR2-bottom/6856.png" width="640" height="480">
    <box label="ball" occluded="0" source="manual" xtl="250.02" ytl="201.96" xbr="352.23" ybr="325.46" z_order="0">
      <attribute name="smudge">false</attribute>
    </box>
  </image>
  <image id="62" name="rc19-experiment/OUTDOOR2-bottom/6852.png" width="640" height="480">
    <box label="ball" occluded="0" source="manual" xtl="267.67" ytl="161.81" xbr="369.87" ybr="260.97" z_order="0">
      <attribute name="smudge">false</attribute>
    </box>
  </image>
  <image id="61" name="rc19-experiment/OUTDOOR2-bottom/6848.png" width="640" height="480">
    <box label="ball" occluded="0" source="manual" xtl="294.43" ytl="198.92" xbr="395.42" ybr="312.08" z_order="0">
      <attribute name="smudge">false</attribute>
    </box>
  </image>
  <image id="60" name="rc19-experiment/OUTDOOR2-bottom/6845.png" width="640" height="480">
    <box label="ball" occluded="0" source="manual" xtl="302.95" ytl="127.13" xbr="402.11" ybr="221.43" z_order="0">
      <attribute name="smudge">false</attribute>
    </box>
  </image>
  <image id="59" name="rc19-experiment/OUTDOOR2-bottom/6842.png" width="640" height="480">
    <box label="ball" occluded="0" source="manual" xtl="261.60" ytl="172.76" xbr="351.01" ybr="261.58" z_order="0">
      <attribute name="smudge">false</attribute>
    </box>
  </image>
  <image id="58" name="rc19-experiment/OUTDOOR2-bottom/6839.png" width="640" height="480">
    <box label="ball" occluded="0" source="manual" xtl="239.07" ytl="72.99" xbr="328.50" ybr="168.50" z_order="0">
      <attribute name="smudge">false</attribute>
    </box>
  </image>
  <image id="57" name="rc19-experiment/OUTDOOR2-bottom/6836.png" width="640" height="480">
    <box label="ball" occluded="0" source="manual" xtl="271.92" ytl="83.94" xbr="360.75" ybr="174.59" z_order="0">
      <attribute name="smudge">false</attribute>
    </box>
  </image>
  <image id="56" name="rc19-experiment/OUTDOOR2-bottom/6833.png" width="640" height="480">
    <box label="ball" occluded="0" source="manual" xtl="279.23" ytl="161.81" xbr="363.79" ybr="240.29" z_order="0">
      <attribute name="smudge">false</attribute>
    </box>
  </image>
  <image id="55" name="rc19-experiment/OUTDOOR2-bottom/6830.png" width="640" height="480">
    <box label="ball" occluded="0" source="manual" xtl="313.29" ytl="66.30" xbr="394.21" ybr="154.51" z_order="0">
      <attribute name="smudge">false</attribute>
    </box>
  </image>
  <image id="54" name="rc19-experiment/OUTDOOR2-bottom/6827.png" width="640" height="480">
    <box label="ball" occluded="0" source="manual" xtl="285.92" ytl="78.46" xbr="360.14" ybr="156.34" z_order="0">
      <attribute name="smudge">false</attribute>
    </box>
  </image>
  <image id="53" name="rc19-experiment/OUTDOOR2-bottom/6823.png" width="640" height="480">
    <box label="ball" occluded="0" source="manual" xtl="280.44" ytl="23.71" xbr="361.35" ybr="102.19" z_order="0">
      <attribute name="smudge">false</attribute>
    </box>
  </image>
  <image id="52" name="rc19-experiment/OUTDOOR2-bottom/6820.png" width="640" height="480">
    <box label="ball" occluded="0" source="manual" xtl="308.43" ytl="45.61" xbr="383.86" ybr="118.62" z_order="0">
      <attribute name="smudge">false</attribute>
    </box>
  </image>
  <image id="51" name="rc19-experiment/OUTDOOR2-bottom/6816.png" width="640" height="480">
    <box label="ball" occluded="0" source="manual" xtl="315.70" ytl="43.79" xbr="385.69" ybr="125.92" z_order="0">
      <attribute name="smudge">false</attribute>
    </box>
  </image>
  <image id="50" name="rc19-experiment/OUTDOOR2-bottom/6812.png" width="640" height="480">
    <box label="ball" occluded="0" source="manual" xtl="303.60" ytl="0.00" xbr="376.56" ybr="62.04" z_order="0">
      <attribute name="smudge">false</attribute>
    </box>
  </image>
  <image id="49" name="rc19-experiment/OUTDOOR2-bottom/6809.png" width="640" height="480">
    <box label="ball" occluded="0" source="manual" xtl="305.99" ytl="54.74" xbr="376.56" ybr="125.90" z_order="0">
      <attribute name="smudge">false</attribute>
    </box>
  </image>
  <image id="48" name="rc19-experiment/OUTDOOR2-bottom/6806.png" width="640" height="480">
    <box label="ball" occluded="0" source="manual" xtl="281.66" ytl="0.00" xbr="350.40" ybr="51.70" z_order="0">
      <attribute name="smudge">false</attribute>
    </box>
  </image>
  <image id="47" name="rc19-experiment/OUTDOOR2-bottom/6803.png" width="640" height="480">
    <box label="ball" occluded="0" source="manual" xtl="292.61" ytl="45.00" xbr="355.27" ybr="105.84" z_order="0">
      <attribute name="smudge">false</attribute>
    </box>
  </image>
  <image id="46" name="rc19-experiment/OUTDOOR2-bottom/6800.png" width="640" height="480">
    <box label="ball" occluded="0" source="manual" xtl="316.34" ytl="53.52" xbr="378.39" ybr="124.70" z_order="0">
      <attribute name="smudge">false</attribute>
    </box>
  </image>
  <image id="45" name="rc19-experiment/OUTDOOR2-bottom/6797.png" width="640" height="480">
    <box label="ball" occluded="0" source="manual" xtl="276.18" ytl="0.00" xbr="345.54" ybr="37.10" z_order="0">
      <attribute name="smudge">false</attribute>
    </box>
  </image>
  <image id="44" name="rc19-experiment/OUTDOOR2-bottom/6794.png" width="640" height="480">
    <box label="ball" occluded="0" source="manual" xtl="293.22" ytl="0.00" xbr="353.45" ybr="21.28" z_order="0">
      <attribute name="smudge">false</attribute>
    </box>
  </image>
  <image id="43" name="rc19-experiment/OUTDOOR2-bottom/6791.png" width="640" height="480">
    <box label="ball" occluded="0" source="manual" xtl="245.77" ytl="0.00" xbr="313.29" ybr="38.31" z_order="0">
      <attribute name="smudge">false</attribute>
    </box>
  </image>
  <image id="42" name="rc19-experiment/OUTDOOR2-bottom/6788.png" width="640" height="480">
    <box label="ball" occluded="0" source="manual" xtl="230.56" ytl="0.00" xbr="287.13" ybr="23.71" z_order="0">
      <attribute name="smudge">false</attribute>
    </box>
  </image>
  <image id="41" name="rc19-experiment/OUTDOOR2-bottom/6784.png" width="640" height="480">
    <box label="ball" occluded="0" source="manual" xtl="272.53" ytl="41.35" xbr="331.54" ybr="104.02" z_order="0">
      <attribute name="smudge">false</attribute>
    </box>
  </image>
  <image id="40" name="rc19-experiment/OUTDOOR2-bottom/6781.png" width="640" height="480">
    <box label="ball" occluded="0" source="manual" xtl="274.97" ytl="0.00" xbr="336.41" ybr="39.50" z_order="0">
      <attribute name="smudge">false</attribute>
    </box>
  </image>
  <image id="39" name="rc19-experiment/OUTDOOR2-bottom/6778.png" width="640" height="480">
    <box label="ball" occluded="0" source="manual" xtl="245.77" ytl="0.00" xbr="308.43" ybr="23.10" z_order="0">
      <attribute name="smudge">false</attribute>
    </box>
  </image>
  <image id="38" name="rc19-experiment/OUTDOOR2-bottom/6774.png" width="640" height="480">
  </image>
  <image id="37" name="rc19-experiment/OUTDOOR2-bottom/6771.png" width="640" height="480">
  </image>
  <image id="36" name="rc19-experiment/OUTDOOR2-bottom/6767.png" width="640" height="480">
    <box label="ball" occluded="0" source="manual" xtl="281.05" ytl="7.89" xbr="339.45" ybr="64.47" z_order="0">
      <attribute name="smudge">false</attribute>
    </box>
  </image>
  <image id="35" name="rc19-experiment/OUTDOOR2-bottom/6764.png" width="640" height="480">
    <box label="ball" occluded="0" source="manual" xtl="267.70" ytl="0.59" xbr="320.59" ybr="51.70" z_order="0">
      <attribute name="smudge">false</attribute>
    </box>
  </image>
  <image id="34" name="rc19-experiment/OUTDOOR2-bottom/6761.png" width="640" height="480">
    <box label="ball" occluded="0" source="manual" xtl="227.51" ytl="0.00" xbr="280.44" ybr="23.10" z_order="0">
      <attribute name="smudge">false</attribute>
    </box>
  </image>
  <image id="33" name="rc19-experiment/OUTDOOR2-bottom/6757.png" width="640" height="480">
  </image>
  <image id="32" name="rc19-experiment/OUTDOOR2-bottom/6754.png" width="640" height="480">
    <box label="ball" occluded="0" source="manual" xtl="251.85" ytl="0.00" xbr="309.64" ybr="35.88" z_order="0">
      <attribute name="smudge">false</attribute>
    </box>
  </image>
  <image id="31" name="rc19-experiment/OUTDOOR2-bottom/6751.png" width="640" height="480">
    <box label="ball" occluded="0" source="manual" xtl="202.57" ytl="1.81" xbr="257.93" ybr="57.17" z_order="0">
      <attribute name="smudge">false</attribute>
    </box>
  </image>
  <image id="30" name="rc19-experiment/OUTDOOR2-bottom/6748.png" width="640" height="480">
    <box label="ball" occluded="0" source="manual" xtl="220.21" ytl="36.49" xbr="272.53" ybr="84.55" z_order="0">
      <attribute name="smudge">false</attribute>
    </box>
  </image>
  <image id="29" name="rc19-experiment/OUTDOOR2-bottom/6744.png" width="640" height="480">
    <box label="ball" occluded="0" source="manual" xtl="183.70" ytl="19.50" xbr="238.47" ybr="77.90" z_order="0">
      <attribute name="smudge">false</attribute>
    </box>
  </image>
  <image id="28" name="rc19-experiment/OUTDOOR2-bottom/6741.png" width="640" height="480">
  </image>
  <image id="27" name="rc19-experiment/OUTDOOR2-bottom/6737.png" width="640" height="480">
  </image>
  <image id="26" name="rc19-experiment/OUTDOOR2-bottom/6734.png" width="640" height="480">
  </image>
  <image id="25" name="rc19-experiment/OUTDOOR2-bottom/6731.png" width="640" height="480">
  </image>
  <image id="24" name="rc19-experiment/OUTDOOR2-bottom/6727.png" width="640" height="480">
  </image>
  <image id="23" name="rc19-experiment/OUTDOOR2-bottom/6724.png" width="640" height="480">
  </image>
  <image id="22" name="rc19-experiment/OUTDOOR2-bottom/6720.png" width="640" height="480">
  </image>
  <image id="21" name="rc19-experiment/OUTDOOR2-bottom/6716.png" width="640" height="480">
  </image>
  <image id="20" name="rc19-experiment/OUTDOOR2-bottom/6713.png" width="640" height="480">
  </image>
  <image id="19" name="rc19-experiment/OUTDOOR2-bottom/6710.png" width="640" height="480">
  </image>
  <image id="18" name="rc19-experiment/OUTDOOR2-bottom/6707.png" width="640" height="480">
  </image>
  <image id="17" name="rc19-experiment/OUTDOOR2-bottom/6704.png" width="640" height="480">
    <box label="ball" occluded="0" source="manual" xtl="601.70" ytl="70.56" xbr="640.00" ybr="133.22" z_order="0">
      <attribute name="smudge">false</attribute>
    </box>
  </image>
  <image id="16" name="rc19-experiment/OUTDOOR2-bottom/6701.png" width="640" height="480">
    <box label="ball" occluded="0" source="manual" xtl="501.90" ytl="48.66" xbr="563.94" ybr="104.62" z_order="0">
      <attribute name="smudge">false</attribute>
    </box>
  </image>
  <image id="15" name="rc19-experiment/OUTDOOR2-bottom/6698.png" width="640" height="480">
    <box label="ball" occluded="0" source="manual" xtl="410.63" ytl="24.32" xbr="467.21" ybr="82.12" z_order="0">
      <attribute name="smudge">false</attribute>
    </box>
  </image>
  <image id="14" name="rc19-experiment/OUTDOOR2-bottom/6695.png" width="640" height="480">
    <box label="ball" occluded="0" source="manual" xtl="343.10" ytl="12.76" xbr="396.03" ybr="66.91" z_order="0">
      <attribute name="smudge">false</attribute>
    </box>
  </image>
  <image id="13" name="rc19-experiment/OUTDOOR2-bottom/6692.png" width="640" height="480">
    <box label="ball" occluded="0" source="manual" xtl="341.28" ytl="1.20" xbr="392.38" ybr="52.91" z_order="0">
      <attribute name="smudge">false</attribute>
    </box>
  </image>
  <image id="12" name="rc19-experiment/OUTDOOR2-bottom/6689.png" width="640" height="480">
  </image>
  <image id="11" name="rc19-experiment/OUTDOOR2-bottom/6686.png" width="640" height="480">
  </image>
  <image id="10" name="rc19-experiment/OUTDOOR2-bottom/6682.png" width="640" height="480">
    <box label="ball" occluded="0" source="manual" xtl="472.08" ytl="13.98" xbr="526.22" ybr="68.12" z_order="0">
      <attribute name="smudge">false</attribute>
    </box>
  </image>
  <image id="9" name="rc19-experiment/OUTDOOR2-bottom/6679.png" width="640" height="480">
    <box label="ball" occluded="0" source="manual" xtl="466.60" ytl="7.29" xbr="523.79" ybr="67.51" z_order="0">
      <attribute name="smudge">false</attribute>
    </box>
  </image>
  <image id="8" name="rc19-experiment/OUTDOOR2-bottom/6676.png" width="640" height="480">
    <box label="ball" occluded="0" source="manual" xtl="465.38" ytl="2.42" xbr="522.57" ybr="57.17" z_order="0">
      <attribute name="smudge">false</attribute>
    </box>
  </image>
  <image id="7" name="rc19-experiment/OUTDOOR2-bottom/6673.png" width="640" height="480">
    <box label="ball" occluded="0" source="manual" xtl="466.60" ytl="3.03" xbr="520.75" ybr="60.82" z_order="0">
      <attribute name="smudge">false</attribute>
    </box>
  </image>
  <image id="6" name="rc19-experiment/OUTDOOR2-bottom/6670.png" width="640" height="480">
    <box label="ball" occluded="0" source="manual" xtl="465.38" ytl="3.64" xbr="522.57" ybr="62.65" z_order="0">
      <attribute name="smudge">false</attribute>
    </box>
  </image>
  <image id="5" name="rc19-experiment/OUTDOOR2-bottom/6667.png" width="640" height="480">
    <box label="ball" occluded="0" source="manual" xtl="466.60" ytl="5.46" xbr="524.40" ybr="60.82" z_order="0">
      <attribute name="smudge">false</attribute>
    </box>
  </image>
  <image id="4" name="rc19-experiment/OUTDOOR2-bottom/6664.png" width="640" height="480">
    <box label="ball" occluded="0" source="manual" xtl="465.99" ytl="3.64" xbr="520.75" ybr="57.78" z_order="0">
      <attribute name="smudge">false</attribute>
    </box>
  </image>
  <image id="3" name="rc19-experiment/OUTDOOR2-bottom/6660.png" width="640" height="480">
    <box label="ball" occluded="0" source="manual" xtl="465.99" ytl="2.42" xbr="522.57" ybr="56.56" z_order="0">
      <attribute name="smudge">false</attribute>
    </box>
  </image>
  <image id="2" name="rc19-experiment/OUTDOOR2-bottom/6657.png" width="640" height="480">
    <box label="ball" occluded="0" source="manual" xtl="465.99" ytl="3.03" xbr="524.40" ybr="59.61" z_order="0">
      <attribute name="smudge">false</attribute>
    </box>
  </image>
  <image id="1" name="rc19-experiment/OUTDOOR2-bottom/6653.png" width="640" height="480">
    <box label="ball" occluded="0" source="manual" xtl="466.60" ytl="1.81" xbr="523.18" ybr="60.82" z_order="0">
      <attribute name="smudge">false</attribute>
    </box>
  </image>
  <image id="0" name="rc19-experiment/OUTDOOR2-bottom/6650.png" width="640" height="480">
    <box label="ball" occluded="0" source="manual" xtl="466.00" ytl="2.42" xbr="523.18" ybr="58.40" z_order="0">
      <attribute name="smudge">false</attribute>
    </box>
  </image>
</annotations>