<?xml version="1.0" encoding="utf-8"?>
<annotations>
  <version>1.1</version>
  <meta>
    <task>
      <id>32</id>
      <name>RC19Experiments-INDOOR-PLAY_top</name>
      <size>419</size>
      <mode>annotation</mode>
      <overlap>0</overlap>
      <bugtracker></bugtracker>
      <created>2020-04-05 10:25:23.515153+00:00</created>
      <updated>2021-03-16 09:36:27.162156+00:00</updated>
      <start_frame>0</start_frame>
      <stop_frame>418</stop_frame>
      <frame_filter></frame_filter>
      <labels>
        <label>
          <name>ball</name>
          <color>#804080</color>
          <attributes>
            <attribute>
              <name>smudge</name>
              <mutable>False</mutable>
              <input_type>checkbox</input_type>
              <default_value>false</default_value>
              <values>false</values>
            </attribute>
          </attributes>
        </label>
      </labels>
      <segments>
        <segment>
          <id>32</id>
          <start>0</start>
          <stop>418</stop>
          <url>httpball.informatik.hu-berlin.de/?id=32</url>
        </segment>
      </segments>
      <owner>
        <username>nao</username>
        <email></email>
      </owner>
      <assignee></assignee>
    </task>
    <dumped>2021-03-16 09:36:30.948674+00:00</dumped>
  </meta>
  <image id="418" name="rc19-experiment/INDOOR/PLAY_top/82713.png" width="640" height="480">
    <box label="ball" occluded="0" source="manual" xtl="585.96" ytl="369.28" xbr="622.45" ybr="402.06" z_order="0">
      <attribute name="smudge">false</attribute>
    </box>
  </image>
  <image id="417" name="rc19-experiment/INDOOR/PLAY_top/82709.png" width="640" height="480">
    <box label="ball" occluded="0" source="manual" xtl="420.80" ytl="363.71" xbr="454.82" ybr="394.02" z_order="0">
      <attribute name="smudge">false</attribute>
    </box>
  </image>
  <image id="416" name="rc19-experiment/INDOOR/PLAY_top/82705.png" width="640" height="480">
    <box label="ball" occluded="0" source="auto" xtl="359.34" ytl="369.82" xbr="393.23" ybr="400.50" z_order="0">
      <attribute name="smudge">false</attribute>
    </box>
  </image>
  <image id="415" name="rc19-experiment/INDOOR/PLAY_top/82701.png" width="640" height="480">
    <box label="ball" occluded="0" source="auto" xtl="304.93" ytl="343.44" xbr="333.45" ybr="371.86" z_order="0">
      <attribute name="smudge">false</attribute>
    </box>
  </image>
  <image id="414" name="rc19-experiment/INDOOR/PLAY_top/82698.png" width="640" height="480">
    <box label="ball" occluded="0" source="manual" xtl="314.41" ytl="358.76" xbr="350.29" ybr="389.07" z_order="0">
      <attribute name="smudge">false</attribute>
    </box>
  </image>
  <image id="413" name="rc19-experiment/INDOOR/PLAY_top/82695.png" width="640" height="480">
    <box label="ball" occluded="0" source="auto" xtl="295.93" ytl="276.27" xbr="330.30" ybr="304.46" z_order="0">
      <attribute name="smudge">false</attribute>
    </box>
  </image>
  <image id="412" name="rc19-experiment/INDOOR/PLAY_top/82692.png" width="640" height="480">
    <box label="ball" occluded="0" source="manual" xtl="270.50" ytl="363.71" xbr="298.95" ybr="391.55" z_order="0">
      <attribute name="smudge">false</attribute>
    </box>
  </image>
  <image id="411" name="rc19-experiment/INDOOR/PLAY_top/82688.png" width="640" height="480">
    <box label="ball" occluded="0" source="auto" xtl="270.33" ytl="288.88" xbr="299.70" ybr="320.63" z_order="0">
      <attribute name="smudge">false</attribute>
    </box>
  </image>
  <image id="410" name="rc19-experiment/INDOOR/PLAY_top/82685.png" width="640" height="480">
    <box label="ball" occluded="0" source="manual" xtl="321.83" ytl="329.69" xbr="349.67" ybr="361.24" z_order="0">
      <attribute name="smudge">false</attribute>
    </box>
  </image>
  <image id="409" name="rc19-experiment/INDOOR/PLAY_top/82682.png" width="640" height="480">
    <box label="ball" occluded="0" source="manual" xtl="320.60" ytl="354.43" xbr="350.30" ybr="387.22" z_order="0">
      <attribute name="smudge">false</attribute>
    </box>
  </image>
  <image id="408" name="rc19-experiment/INDOOR/PLAY_top/82678.png" width="640" height="480">
    <box label="ball" occluded="0" source="auto" xtl="263.92" ytl="294.73" xbr="293.79" ybr="323.59" z_order="0">
      <attribute name="smudge">false</attribute>
    </box>
  </image>
  <image id="407" name="rc19-experiment/INDOOR/PLAY_top/82675.png" width="640" height="480">
    <box label="ball" occluded="0" source="manual" xtl="287.20" ytl="372.40" xbr="318.10" ybr="404.54" z_order="0">
      <attribute name="smudge">false</attribute>
    </box>
  </image>
  <image id="406" name="rc19-experiment/INDOOR/PLAY_top/82671.png" width="640" height="480">
    <box label="ball" occluded="0" source="manual" xtl="286.58" ytl="306.80" xbr="316.27" ybr="335.26" z_order="0">
      <attribute name="smudge">false</attribute>
    </box>
  </image>
  <image id="405" name="rc19-experiment/INDOOR/PLAY_top/82668.png" width="640" height="480">
    <box label="ball" occluded="0" source="auto" xtl="305.01" ytl="360.87" xbr="334.07" ybr="389.32" z_order="0">
      <attribute name="smudge">false</attribute>
    </box>
  </image>
  <image id="404" name="rc19-experiment/INDOOR/PLAY_top/82665.png" width="640" height="480">
    <box label="ball" occluded="0" source="auto" xtl="309.03" ytl="312.09" xbr="339.67" ybr="342.78" z_order="0">
      <attribute name="smudge">false</attribute>
    </box>
  </image>
  <image id="403" name="rc19-experiment/INDOOR/PLAY_top/82662.png" width="640" height="480">
    <box label="ball" occluded="0" source="manual" xtl="263.07" ytl="282.68" xbr="294.00" ybr="315.46" z_order="0">
      <attribute name="smudge">false</attribute>
    </box>
  </image>
  <image id="402" name="rc19-experiment/INDOOR/PLAY_top/82659.png" width="640" height="480">
    <box label="ball" occluded="0" source="manual" xtl="242.66" ytl="387.20" xbr="271.73" ybr="415.05" z_order="0">
      <attribute name="smudge">false</attribute>
    </box>
  </image>
  <image id="401" name="rc19-experiment/INDOOR/PLAY_top/82655.png" width="640" height="480">
    <box label="ball" occluded="0" source="auto" xtl="312.30" ytl="271.64" xbr="344.64" ybr="301.29" z_order="0">
      <attribute name="smudge">false</attribute>
    </box>
  </image>
  <image id="400" name="rc19-experiment/INDOOR/PLAY_top/82652.png" width="640" height="480">
    <box label="ball" occluded="0" source="auto" xtl="371.45" ytl="346.65" xbr="402.97" ybr="377.01" z_order="0">
      <attribute name="smudge">false</attribute>
    </box>
  </image>
  <image id="399" name="rc19-experiment/INDOOR/PLAY_top/82649.png" width="640" height="480">
    <box label="ball" occluded="0" source="manual" xtl="316.89" ytl="374.85" xbr="355.86" ybr="411.34" z_order="0">
      <attribute name="smudge">false</attribute>
    </box>
  </image>
  <image id="398" name="rc19-experiment/INDOOR/PLAY_top/82646.png" width="640" height="480">
    <box label="ball" occluded="0" source="auto" xtl="275.26" ytl="293.18" xbr="307.06" ybr="327.77" z_order="0">
      <attribute name="smudge">false</attribute>
    </box>
  </image>
  <image id="397" name="rc19-experiment/INDOOR/PLAY_top/82643.png" width="640" height="480">
    <box label="ball" occluded="0" source="auto" xtl="328.84" ytl="376.53" xbr="361.86" ybr="408.25" z_order="0">
      <attribute name="smudge">false</attribute>
    </box>
  </image>
  <image id="396" name="rc19-experiment/INDOOR/PLAY_top/82639.png" width="640" height="480">
    <box label="ball" occluded="0" source="auto" xtl="324.43" ytl="343.18" xbr="357.22" ybr="375.08" z_order="0">
      <attribute name="smudge">false</attribute>
    </box>
  </image>
  <image id="395" name="rc19-experiment/INDOOR/PLAY_top/82635.png" width="640" height="480">
    <box label="ball" occluded="0" source="auto" xtl="351.25" ytl="372.75" xbr="385.40" ybr="407.53" z_order="0">
      <attribute name="smudge">false</attribute>
    </box>
  </image>
  <image id="394" name="rc19-experiment/INDOOR/PLAY_top/82631.png" width="640" height="480">
    <box label="ball" occluded="0" source="auto" xtl="345.98" ytl="356.97" xbr="381.94" ybr="390.92" z_order="0">
      <attribute name="smudge">false</attribute>
    </box>
  </image>
  <image id="393" name="rc19-experiment/INDOOR/PLAY_top/82628.png" width="640" height="480">
    <box label="ball" occluded="0" source="auto" xtl="308.98" ytl="370.99" xbr="348.65" ybr="408.99" z_order="0">
      <attribute name="smudge">false</attribute>
    </box>
  </image>
  <image id="392" name="rc19-experiment/INDOOR/PLAY_top/82625.png" width="640" height="480">
    <box label="ball" occluded="0" source="auto" xtl="303.84" ytl="351.73" xbr="344.25" ybr="391.36" z_order="0">
      <attribute name="smudge">false</attribute>
    </box>
  </image>
  <image id="391" name="rc19-experiment/INDOOR/PLAY_top/82621.png" width="640" height="480">
    <box label="ball" occluded="0" source="auto" xtl="326.07" ytl="418.38" xbr="371.44" ybr="463.44" z_order="0">
      <attribute name="smudge">false</attribute>
    </box>
  </image>
  <image id="390" name="rc19-experiment/INDOOR/PLAY_top/82618.png" width="640" height="480">
    <box label="ball" occluded="0" source="auto" xtl="303.02" ytl="411.28" xbr="352.40" ybr="458.72" z_order="0">
      <attribute name="smudge">false</attribute>
    </box>
  </image>
  <image id="389" name="rc19-experiment/INDOOR/PLAY_top/82615.png" width="640" height="480">
    <box label="ball" occluded="0" source="auto" xtl="298.08" ytl="335.58" xbr="350.22" ybr="389.73" z_order="0">
      <attribute name="smudge">false</attribute>
    </box>
  </image>
  <image id="388" name="rc19-experiment/INDOOR/PLAY_top/82611.png" width="640" height="480">
    <box label="ball" occluded="0" source="auto" xtl="311.72" ytl="267.65" xbr="366.65" ybr="323.72" z_order="0">
      <attribute name="smudge">false</attribute>
    </box>
  </image>
  <image id="387" name="rc19-experiment/INDOOR/PLAY_top/82608.png" width="640" height="480">
    <box label="ball" occluded="0" source="auto" xtl="316.60" ytl="235.87" xbr="377.53" ybr="296.57" z_order="0">
      <attribute name="smudge">false</attribute>
    </box>
  </image>
  <image id="386" name="rc19-experiment/INDOOR/PLAY_top/82604.png" width="640" height="480">
    <box label="ball" occluded="0" source="auto" xtl="326.29" ytl="235.13" xbr="396.92" ybr="305.41" z_order="0">
      <attribute name="smudge">false</attribute>
    </box>
  </image>
  <image id="385" name="rc19-experiment/INDOOR/PLAY_top/82601.png" width="640" height="480">
    <box label="ball" occluded="0" source="auto" xtl="323.12" ytl="294.81" xbr="400.06" ybr="372.42" z_order="0">
      <attribute name="smudge">false</attribute>
    </box>
  </image>
  <image id="384" name="rc19-experiment/INDOOR/PLAY_top/82597.png" width="640" height="480">
    <box label="ball" occluded="0" source="auto" xtl="330.60" ytl="373.55" xbr="427.01" ybr="472.95" z_order="0">
      <attribute name="smudge">false</attribute>
    </box>
  </image>
  <image id="383" name="rc19-experiment/INDOOR/PLAY_top/82594.png" width="640" height="480">
    <box label="ball" occluded="0" source="auto" xtl="348.81" ytl="444.38" xbr="451.59" ybr="480.00" z_order="0">
      <attribute name="smudge">false</attribute>
    </box>
  </image>
  <image id="382" name="rc19-experiment/INDOOR/PLAY_top/82591.png" width="640" height="480">
  </image>
  <image id="381" name="rc19-experiment/INDOOR/PLAY_top/82587.png" width="640" height="480">
  </image>
  <image id="380" name="rc19-experiment/INDOOR/PLAY_top/82583.png" width="640" height="480">
  </image>
  <image id="379" name="rc19-experiment/INDOOR/PLAY_top/82580.png" width="640" height="480">
  </image>
  <image id="378" name="rc19-experiment/INDOOR/PLAY_top/82577.png" width="640" height="480">
  </image>
  <image id="377" name="rc19-experiment/INDOOR/PLAY_top/82574.png" width="640" height="480">
  </image>
  <image id="376" name="rc19-experiment/INDOOR/PLAY_top/82570.png" width="640" height="480">
  </image>
  <image id="375" name="rc19-experiment/INDOOR/PLAY_top/82567.png" width="640" height="480">
  </image>
  <image id="374" name="rc19-experiment/INDOOR/PLAY_top/82563.png" width="640" height="480">
  </image>
  <image id="373" name="rc19-experiment/INDOOR/PLAY_top/82559.png" width="640" height="480">
  </image>
  <image id="372" name="rc19-experiment/INDOOR/PLAY_top/82556.png" width="640" height="480">
  </image>
  <image id="371" name="rc19-experiment/INDOOR/PLAY_top/82552.png" width="640" height="480">
  </image>
  <image id="370" name="rc19-experiment/INDOOR/PLAY_top/82549.png" width="640" height="480">
  </image>
  <image id="369" name="rc19-experiment/INDOOR/PLAY_top/82546.png" width="640" height="480">
  </image>
  <image id="368" name="rc19-experiment/INDOOR/PLAY_top/82542.png" width="640" height="480">
  </image>
  <image id="367" name="rc19-experiment/INDOOR/PLAY_top/82539.png" width="640" height="480">
  </image>
  <image id="366" name="rc19-experiment/INDOOR/PLAY_top/82536.png" width="640" height="480">
  </image>
  <image id="365" name="rc19-experiment/INDOOR/PLAY_top/82532.png" width="640" height="480">
  </image>
  <image id="364" name="rc19-experiment/INDOOR/PLAY_top/82529.png" width="640" height="480">
  </image>
  <image id="363" name="rc19-experiment/INDOOR/PLAY_top/82525.png" width="640" height="480">
  </image>
  <image id="362" name="rc19-experiment/INDOOR/PLAY_top/82522.png" width="640" height="480">
  </image>
  <image id="361" name="rc19-experiment/INDOOR/PLAY_top/82518.png" width="640" height="480">
  </image>
  <image id="360" name="rc19-experiment/INDOOR/PLAY_top/82514.png" width="640" height="480">
  </image>
  <image id="359" name="rc19-experiment/INDOOR/PLAY_top/82511.png" width="640" height="480">
  </image>
  <image id="358" name="rc19-experiment/INDOOR/PLAY_top/82508.png" width="640" height="480">
  </image>
  <image id="357" name="rc19-experiment/INDOOR/PLAY_top/82505.png" width="640" height="480">
  </image>
  <image id="356" name="rc19-experiment/INDOOR/PLAY_top/82501.png" width="640" height="480">
    <box label="ball" occluded="0" source="auto" xtl="270.08" ytl="434.11" xbr="385.45" ybr="478.69" z_order="0">
      <attribute name="smudge">false</attribute>
    </box>
  </image>
  <image id="355" name="rc19-experiment/INDOOR/PLAY_top/82498.png" width="640" height="480">
  </image>
  <image id="354" name="rc19-experiment/INDOOR/PLAY_top/82494.png" width="640" height="480">
  </image>
  <image id="353" name="rc19-experiment/INDOOR/PLAY_top/82490.png" width="640" height="480">
  </image>
  <image id="352" name="rc19-experiment/INDOOR/PLAY_top/82487.png" width="640" height="480">
  </image>
  <image id="351" name="rc19-experiment/INDOOR/PLAY_top/82484.png" width="640" height="480">
  </image>
  <image id="350" name="rc19-experiment/INDOOR/PLAY_top/82481.png" width="640" height="480">
    <box label="ball" occluded="0" source="auto" xtl="279.60" ytl="455.25" xbr="349.47" ybr="480.00" z_order="0">
      <attribute name="smudge">false</attribute>
    </box>
  </image>
  <image id="349" name="rc19-experiment/INDOOR/PLAY_top/82477.png" width="640" height="480">
  </image>
  <image id="348" name="rc19-experiment/INDOOR/PLAY_top/82474.png" width="640" height="480">
  </image>
  <image id="347" name="rc19-experiment/INDOOR/PLAY_top/82471.png" width="640" height="480">
  </image>
  <image id="346" name="rc19-experiment/INDOOR/PLAY_top/82468.png" width="640" height="480">
  </image>
  <image id="345" name="rc19-experiment/INDOOR/PLAY_top/82465.png" width="640" height="480">
  </image>
  <image id="344" name="rc19-experiment/INDOOR/PLAY_top/82462.png" width="640" height="480">
  </image>
  <image id="343" name="rc19-experiment/INDOOR/PLAY_top/82459.png" width="640" height="480">
    <box label="ball" occluded="0" source="auto" xtl="279.92" ytl="459.96" xbr="339.30" ybr="480.00" z_order="0">
      <attribute name="smudge">false</attribute>
    </box>
  </image>
  <image id="342" name="rc19-experiment/INDOOR/PLAY_top/82455.png" width="640" height="480">
  </image>
  <image id="341" name="rc19-experiment/INDOOR/PLAY_top/82452.png" width="640" height="480">
  </image>
  <image id="340" name="rc19-experiment/INDOOR/PLAY_top/82449.png" width="640" height="480">
    <box label="ball" occluded="0" source="auto" xtl="294.43" ytl="419.19" xbr="363.56" ybr="480.00" z_order="0">
      <attribute name="smudge">false</attribute>
    </box>
  </image>
  <image id="339" name="rc19-experiment/INDOOR/PLAY_top/82446.png" width="640" height="480">
  </image>
  <image id="338" name="rc19-experiment/INDOOR/PLAY_top/82442.png" width="640" height="480">
    <box label="ball" occluded="0" source="auto" xtl="273.79" ytl="421.14" xbr="337.37" ybr="480.00" z_order="0">
      <attribute name="smudge">false</attribute>
    </box>
  </image>
  <image id="337" name="rc19-experiment/INDOOR/PLAY_top/82439.png" width="640" height="480">
    <box label="ball" occluded="0" source="auto" xtl="262.98" ytl="448.99" xbr="323.44" ybr="480.00" z_order="0">
      <attribute name="smudge">false</attribute>
    </box>
  </image>
  <image id="336" name="rc19-experiment/INDOOR/PLAY_top/82436.png" width="640" height="480">
    <box label="ball" occluded="0" source="auto" xtl="305.19" ytl="463.90" xbr="354.61" ybr="480.00" z_order="0">
      <attribute name="smudge">false</attribute>
    </box>
  </image>
  <image id="335" name="rc19-experiment/INDOOR/PLAY_top/82433.png" width="640" height="480">
    <box label="ball" occluded="0" source="auto" xtl="290.81" ytl="401.73" xbr="350.34" ybr="461.14" z_order="0">
      <attribute name="smudge">false</attribute>
    </box>
  </image>
  <image id="334" name="rc19-experiment/INDOOR/PLAY_top/82430.png" width="640" height="480">
    <box label="ball" occluded="0" source="auto" xtl="305.08" ytl="434.42" xbr="366.30" ybr="480.00" z_order="0">
      <attribute name="smudge">false</attribute>
    </box>
  </image>
  <image id="333" name="rc19-experiment/INDOOR/PLAY_top/82427.png" width="640" height="480">
    <box label="ball" occluded="0" source="auto" xtl="325.34" ytl="406.26" xbr="384.78" ybr="465.58" z_order="0">
      <attribute name="smudge">false</attribute>
    </box>
  </image>
  <image id="332" name="rc19-experiment/INDOOR/PLAY_top/82424.png" width="640" height="480">
    <box label="ball" occluded="0" source="auto" xtl="288.62" ytl="352.79" xbr="343.37" ybr="410.12" z_order="0">
      <attribute name="smudge">false</attribute>
    </box>
  </image>
  <image id="331" name="rc19-experiment/INDOOR/PLAY_top/82421.png" width="640" height="480">
    <box label="ball" occluded="0" source="auto" xtl="338.41" ytl="432.93" xbr="398.30" ybr="480.00" z_order="0">
      <attribute name="smudge">false</attribute>
    </box>
  </image>
  <image id="330" name="rc19-experiment/INDOOR/PLAY_top/82418.png" width="640" height="480">
    <box label="ball" occluded="0" source="auto" xtl="383.28" ytl="367.90" xbr="435.85" ybr="424.24" z_order="0">
      <attribute name="smudge">false</attribute>
    </box>
  </image>
  <image id="329" name="rc19-experiment/INDOOR/PLAY_top/82415.png" width="640" height="480">
    <box label="ball" occluded="0" source="auto" xtl="400.85" ytl="400.04" xbr="453.82" ybr="455.55" z_order="0">
      <attribute name="smudge">false</attribute>
    </box>
  </image>
  <image id="328" name="rc19-experiment/INDOOR/PLAY_top/82411.png" width="640" height="480">
    <box label="ball" occluded="0" source="auto" xtl="274.14" ytl="404.81" xbr="326.86" ybr="461.47" z_order="0">
      <attribute name="smudge">false</attribute>
    </box>
  </image>
  <image id="327" name="rc19-experiment/INDOOR/PLAY_top/82408.png" width="640" height="480">
    <box label="ball" occluded="0" source="auto" xtl="210.55" ytl="336.40" xbr="264.46" ybr="388.36" z_order="0">
      <attribute name="smudge">false</attribute>
    </box>
  </image>
  <image id="326" name="rc19-experiment/INDOOR/PLAY_top/82405.png" width="640" height="480">
    <box label="ball" occluded="0" source="auto" xtl="232.52" ytl="424.91" xbr="286.73" ybr="479.76" z_order="0">
      <attribute name="smudge">false</attribute>
    </box>
  </image>
  <image id="325" name="rc19-experiment/INDOOR/PLAY_top/82401.png" width="640" height="480">
    <box label="ball" occluded="0" source="auto" xtl="297.97" ytl="431.91" xbr="352.45" ybr="480.00" z_order="0">
      <attribute name="smudge">false</attribute>
    </box>
  </image>
  <image id="324" name="rc19-experiment/INDOOR/PLAY_top/82398.png" width="640" height="480">
    <box label="ball" occluded="0" source="auto" xtl="316.80" ytl="425.00" xbr="371.86" ybr="479.71" z_order="0">
      <attribute name="smudge">false</attribute>
    </box>
  </image>
  <image id="323" name="rc19-experiment/INDOOR/PLAY_top/82395.png" width="640" height="480">
    <box label="ball" occluded="0" source="auto" xtl="278.50" ytl="440.18" xbr="335.52" ybr="480.00" z_order="0">
      <attribute name="smudge">false</attribute>
    </box>
  </image>
  <image id="322" name="rc19-experiment/INDOOR/PLAY_top/82392.png" width="640" height="480">
    <box label="ball" occluded="0" source="auto" xtl="261.21" ytl="454.20" xbr="315.68" ybr="480.00" z_order="0">
      <attribute name="smudge">false</attribute>
    </box>
  </image>
  <image id="321" name="rc19-experiment/INDOOR/PLAY_top/82389.png" width="640" height="480">
    <box label="ball" occluded="0" source="auto" xtl="290.92" ytl="411.67" xbr="350.72" ybr="478.32" z_order="0">
      <attribute name="smudge">false</attribute>
    </box>
  </image>
  <image id="320" name="rc19-experiment/INDOOR/PLAY_top/82385.png" width="640" height="480">
    <box label="ball" occluded="0" source="auto" xtl="291.23" ytl="420.02" xbr="354.02" ybr="479.93" z_order="0">
      <attribute name="smudge">false</attribute>
    </box>
  </image>
  <image id="319" name="rc19-experiment/INDOOR/PLAY_top/82382.png" width="640" height="480">
    <box label="ball" occluded="0" source="auto" xtl="296.84" ytl="430.17" xbr="361.71" ybr="480.00" z_order="0">
      <attribute name="smudge">false</attribute>
    </box>
  </image>
  <image id="318" name="rc19-experiment/INDOOR/PLAY_top/82379.png" width="640" height="480">
    <box label="ball" occluded="0" source="auto" xtl="307.15" ytl="458.57" xbr="365.11" ybr="479.35" z_order="0">
      <attribute name="smudge">false</attribute>
    </box>
  </image>
  <image id="317" name="rc19-experiment/INDOOR/PLAY_top/82375.png" width="640" height="480">
    <box label="ball" occluded="0" source="auto" xtl="307.86" ytl="405.45" xbr="377.66" ybr="478.18" z_order="0">
      <attribute name="smudge">false</attribute>
    </box>
  </image>
  <image id="316" name="rc19-experiment/INDOOR/PLAY_top/82372.png" width="640" height="480">
    <box label="ball" occluded="0" source="auto" xtl="354.05" ytl="416.39" xbr="426.53" ybr="480.00" z_order="0">
      <attribute name="smudge">false</attribute>
    </box>
  </image>
  <image id="315" name="rc19-experiment/INDOOR/PLAY_top/82368.png" width="640" height="480">
    <box label="ball" occluded="0" source="auto" xtl="357.14" ytl="387.08" xbr="431.69" ybr="459.58" z_order="0">
      <attribute name="smudge">false</attribute>
    </box>
  </image>
  <image id="314" name="rc19-experiment/INDOOR/PLAY_top/82365.png" width="640" height="480">
    <box label="ball" occluded="0" source="auto" xtl="276.82" ytl="365.95" xbr="355.50" ybr="444.27" z_order="0">
      <attribute name="smudge">false</attribute>
    </box>
  </image>
  <image id="313" name="rc19-experiment/INDOOR/PLAY_top/82361.png" width="640" height="480">
    <box label="ball" occluded="0" source="auto" xtl="245.35" ytl="343.38" xbr="334.03" ybr="433.40" z_order="0">
      <attribute name="smudge">false</attribute>
    </box>
  </image>
  <image id="312" name="rc19-experiment/INDOOR/PLAY_top/82358.png" width="640" height="480">
    <box label="ball" occluded="0" source="auto" xtl="257.52" ytl="426.41" xbr="353.24" ybr="479.55" z_order="0">
      <attribute name="smudge">false</attribute>
    </box>
  </image>
  <image id="311" name="rc19-experiment/INDOOR/PLAY_top/82355.png" width="640" height="480">
  </image>
  <image id="310" name="rc19-experiment/INDOOR/PLAY_top/82351.png" width="640" height="480">
  </image>
  <image id="309" name="rc19-experiment/INDOOR/PLAY_top/82348.png" width="640" height="480">
  </image>
  <image id="308" name="rc19-experiment/INDOOR/PLAY_top/82345.png" width="640" height="480">
  </image>
  <image id="307" name="rc19-experiment/INDOOR/PLAY_top/82342.png" width="640" height="480">
  </image>
  <image id="306" name="rc19-experiment/INDOOR/PLAY_top/82339.png" width="640" height="480">
  </image>
  <image id="305" name="rc19-experiment/INDOOR/PLAY_top/82336.png" width="640" height="480">
  </image>
  <image id="304" name="rc19-experiment/INDOOR/PLAY_top/82333.png" width="640" height="480">
  </image>
  <image id="303" name="rc19-experiment/INDOOR/PLAY_top/82329.png" width="640" height="480">
  </image>
  <image id="302" name="rc19-experiment/INDOOR/PLAY_top/82326.png" width="640" height="480">
  </image>
  <image id="301" name="rc19-experiment/INDOOR/PLAY_top/82322.png" width="640" height="480">
  </image>
  <image id="300" name="rc19-experiment/INDOOR/PLAY_top/82319.png" width="640" height="480">
  </image>
  <image id="299" name="rc19-experiment/INDOOR/PLAY_top/82315.png" width="640" height="480">
  </image>
  <image id="298" name="rc19-experiment/INDOOR/PLAY_top/82312.png" width="640" height="480">
  </image>
  <image id="297" name="rc19-experiment/INDOOR/PLAY_top/82309.png" width="640" height="480">
  </image>
  <image id="296" name="rc19-experiment/INDOOR/PLAY_top/82306.png" width="640" height="480">
  </image>
  <image id="295" name="rc19-experiment/INDOOR/PLAY_top/82303.png" width="640" height="480">
  </image>
  <image id="294" name="rc19-experiment/INDOOR/PLAY_top/82300.png" width="640" height="480">
  </image>
  <image id="293" name="rc19-experiment/INDOOR/PLAY_top/82297.png" width="640" height="480">
  </image>
  <image id="292" name="rc19-experiment/INDOOR/PLAY_top/82293.png" width="640" height="480">
  </image>
  <image id="291" name="rc19-experiment/INDOOR/PLAY_top/82289.png" width="640" height="480">
  </image>
  <image id="290" name="rc19-experiment/INDOOR/PLAY_top/82286.png" width="640" height="480">
  </image>
  <image id="289" name="rc19-experiment/INDOOR/PLAY_top/82282.png" width="640" height="480">
  </image>
  <image id="288" name="rc19-experiment/INDOOR/PLAY_top/82279.png" width="640" height="480">
  </image>
  <image id="287" name="rc19-experiment/INDOOR/PLAY_top/82276.png" width="640" height="480">
  </image>
  <image id="286" name="rc19-experiment/INDOOR/PLAY_top/82272.png" width="640" height="480">
  </image>
  <image id="285" name="rc19-experiment/INDOOR/PLAY_top/82269.png" width="640" height="480">
  </image>
  <image id="284" name="rc19-experiment/INDOOR/PLAY_top/82265.png" width="640" height="480">
  </image>
  <image id="283" name="rc19-experiment/INDOOR/PLAY_top/82262.png" width="640" height="480">
  </image>
  <image id="282" name="rc19-experiment/INDOOR/PLAY_top/82258.png" width="640" height="480">
  </image>
  <image id="281" name="rc19-experiment/INDOOR/PLAY_top/82255.png" width="640" height="480">
  </image>
  <image id="280" name="rc19-experiment/INDOOR/PLAY_top/82251.png" width="640" height="480">
  </image>
  <image id="279" name="rc19-experiment/INDOOR/PLAY_top/82248.png" width="640" height="480">
  </image>
  <image id="278" name="rc19-experiment/INDOOR/PLAY_top/82245.png" width="640" height="480">
  </image>
  <image id="277" name="rc19-experiment/INDOOR/PLAY_top/82242.png" width="640" height="480">
  </image>
  <image id="276" name="rc19-experiment/INDOOR/PLAY_top/82238.png" width="640" height="480">
  </image>
  <image id="275" name="rc19-experiment/INDOOR/PLAY_top/82235.png" width="640" height="480">
  </image>
  <image id="274" name="rc19-experiment/INDOOR/PLAY_top/82232.png" width="640" height="480">
  </image>
  <image id="273" name="rc19-experiment/INDOOR/PLAY_top/82228.png" width="640" height="480">
  </image>
  <image id="272" name="rc19-experiment/INDOOR/PLAY_top/82224.png" width="640" height="480">
    <box label="ball" occluded="0" source="auto" xtl="349.01" ytl="449.72" xbr="416.42" ybr="480.00" z_order="0">
      <attribute name="smudge">false</attribute>
    </box>
  </image>
  <image id="271" name="rc19-experiment/INDOOR/PLAY_top/82221.png" width="640" height="480">
  </image>
  <image id="270" name="rc19-experiment/INDOOR/PLAY_top/82218.png" width="640" height="480">
    <box label="ball" occluded="0" source="auto" xtl="290.46" ytl="456.34" xbr="347.86" ybr="479.84" z_order="0">
      <attribute name="smudge">false</attribute>
    </box>
  </image>
  <image id="269" name="rc19-experiment/INDOOR/PLAY_top/82215.png" width="640" height="480">
    <box label="ball" occluded="0" source="auto" xtl="304.71" ytl="463.94" xbr="355.74" ybr="480.00" z_order="0">
      <attribute name="smudge">false</attribute>
    </box>
  </image>
  <image id="268" name="rc19-experiment/INDOOR/PLAY_top/82211.png" width="640" height="480">
  </image>
  <image id="267" name="rc19-experiment/INDOOR/PLAY_top/82208.png" width="640" height="480">
    <box label="ball" occluded="0" source="auto" xtl="262.29" ytl="448.46" xbr="321.80" ybr="479.75" z_order="0">
      <attribute name="smudge">false</attribute>
    </box>
  </image>
  <image id="266" name="rc19-experiment/INDOOR/PLAY_top/82204.png" width="640" height="480">
  </image>
  <image id="265" name="rc19-experiment/INDOOR/PLAY_top/82201.png" width="640" height="480">
  </image>
  <image id="264" name="rc19-experiment/INDOOR/PLAY_top/82198.png" width="640" height="480">
  </image>
  <image id="263" name="rc19-experiment/INDOOR/PLAY_top/82194.png" width="640" height="480">
    <box label="ball" occluded="0" source="manual" xtl="286.58" ytl="460.21" xbr="343.50" ybr="480.00" z_order="0">
      <attribute name="smudge">false</attribute>
    </box>
  </image>
  <image id="262" name="rc19-experiment/INDOOR/PLAY_top/82191.png" width="640" height="480">
  </image>
  <image id="261" name="rc19-experiment/INDOOR/PLAY_top/82187.png" width="640" height="480">
    <box label="ball" occluded="0" source="auto" xtl="240.21" ytl="432.24" xbr="302.95" ybr="480.00" z_order="0">
      <attribute name="smudge">false</attribute>
    </box>
  </image>
  <image id="260" name="rc19-experiment/INDOOR/PLAY_top/82184.png" width="640" height="480">
    <box label="ball" occluded="0" source="auto" xtl="316.92" ytl="463.44" xbr="374.20" ybr="480.00" z_order="0">
      <attribute name="smudge">false</attribute>
    </box>
  </image>
  <image id="259" name="rc19-experiment/INDOOR/PLAY_top/82181.png" width="640" height="480">
  </image>
  <image id="258" name="rc19-experiment/INDOOR/PLAY_top/82177.png" width="640" height="480">
  </image>
  <image id="257" name="rc19-experiment/INDOOR/PLAY_top/82174.png" width="640" height="480">
  </image>
  <image id="256" name="rc19-experiment/INDOOR/PLAY_top/82171.png" width="640" height="480">
  </image>
  <image id="255" name="rc19-experiment/INDOOR/PLAY_top/82167.png" width="640" height="480">
  </image>
  <image id="254" name="rc19-experiment/INDOOR/PLAY_top/82164.png" width="640" height="480">
  </image>
  <image id="253" name="rc19-experiment/INDOOR/PLAY_top/82160.png" width="640" height="480">
  </image>
  <image id="252" name="rc19-experiment/INDOOR/PLAY_top/82157.png" width="640" height="480">
  </image>
  <image id="251" name="rc19-experiment/INDOOR/PLAY_top/82154.png" width="640" height="480">
  </image>
  <image id="250" name="rc19-experiment/INDOOR/PLAY_top/82150.png" width="640" height="480">
  </image>
  <image id="249" name="rc19-experiment/INDOOR/PLAY_top/82147.png" width="640" height="480">
  </image>
  <image id="248" name="rc19-experiment/INDOOR/PLAY_top/82144.png" width="640" height="480">
  </image>
  <image id="247" name="rc19-experiment/INDOOR/PLAY_top/82140.png" width="640" height="480">
  </image>
  <image id="246" name="rc19-experiment/INDOOR/PLAY_top/82136.png" width="640" height="480">
  </image>
  <image id="245" name="rc19-experiment/INDOOR/PLAY_top/82133.png" width="640" height="480">
  </image>
  <image id="244" name="rc19-experiment/INDOOR/PLAY_top/82130.png" width="640" height="480">
  </image>
  <image id="243" name="rc19-experiment/INDOOR/PLAY_top/82127.png" width="640" height="480">
  </image>
  <image id="242" name="rc19-experiment/INDOOR/PLAY_top/82124.png" width="640" height="480">
  </image>
  <image id="241" name="rc19-experiment/INDOOR/PLAY_top/82120.png" width="640" height="480">
  </image>
  <image id="240" name="rc19-experiment/INDOOR/PLAY_top/82117.png" width="640" height="480">
  </image>
  <image id="239" name="rc19-experiment/INDOOR/PLAY_top/82113.png" width="640" height="480">
  </image>
  <image id="238" name="rc19-experiment/INDOOR/PLAY_top/82110.png" width="640" height="480">
  </image>
  <image id="237" name="rc19-experiment/INDOOR/PLAY_top/82107.png" width="640" height="480">
  </image>
  <image id="236" name="rc19-experiment/INDOOR/PLAY_top/82104.png" width="640" height="480">
    <box label="ball" occluded="0" source="auto" xtl="275.37" ytl="438.89" xbr="352.41" ybr="480.00" z_order="0">
      <attribute name="smudge">false</attribute>
    </box>
  </image>
  <image id="235" name="rc19-experiment/INDOOR/PLAY_top/82100.png" width="640" height="480">
  </image>
  <image id="234" name="rc19-experiment/INDOOR/PLAY_top/82097.png" width="640" height="480">
    <box label="ball" occluded="0" source="auto" xtl="337.36" ytl="455.59" xbr="396.00" ybr="479.98" z_order="0">
      <attribute name="smudge">false</attribute>
    </box>
  </image>
  <image id="233" name="rc19-experiment/INDOOR/PLAY_top/82093.png" width="640" height="480">
  </image>
  <image id="232" name="rc19-experiment/INDOOR/PLAY_top/82090.png" width="640" height="480">
  </image>
  <image id="231" name="rc19-experiment/INDOOR/PLAY_top/82087.png" width="640" height="480">
    <box label="ball" occluded="0" source="auto" xtl="323.80" ytl="415.63" xbr="385.24" ybr="480.00" z_order="0">
      <attribute name="smudge">false</attribute>
    </box>
  </image>
  <image id="230" name="rc19-experiment/INDOOR/PLAY_top/82083.png" width="640" height="480">
  </image>
  <image id="229" name="rc19-experiment/INDOOR/PLAY_top/82080.png" width="640" height="480">
    <box label="ball" occluded="0" source="auto" xtl="303.88" ytl="382.30" xbr="361.38" ybr="439.71" z_order="0">
      <attribute name="smudge">false</attribute>
    </box>
  </image>
  <image id="228" name="rc19-experiment/INDOOR/PLAY_top/82077.png" width="640" height="480">
    <box label="ball" occluded="0" source="auto" xtl="351.06" ytl="443.28" xbr="405.11" ybr="480.00" z_order="0">
      <attribute name="smudge">false</attribute>
    </box>
  </image>
  <image id="227" name="rc19-experiment/INDOOR/PLAY_top/82073.png" width="640" height="480">
    <box label="ball" occluded="0" source="auto" xtl="304.34" ytl="422.13" xbr="360.50" ybr="479.95" z_order="0">
      <attribute name="smudge">false</attribute>
    </box>
  </image>
  <image id="226" name="rc19-experiment/INDOOR/PLAY_top/82070.png" width="640" height="480">
    <box label="ball" occluded="0" source="auto" xtl="275.90" ytl="388.38" xbr="328.05" ybr="448.84" z_order="0">
      <attribute name="smudge">false</attribute>
    </box>
  </image>
  <image id="225" name="rc19-experiment/INDOOR/PLAY_top/82067.png" width="640" height="480">
    <box label="ball" occluded="0" source="auto" xtl="297.53" ytl="438.75" xbr="349.49" ybr="480.00" z_order="0">
      <attribute name="smudge">false</attribute>
    </box>
  </image>
  <image id="224" name="rc19-experiment/INDOOR/PLAY_top/82063.png" width="640" height="480">
    <box label="ball" occluded="0" source="auto" xtl="280.30" ytl="375.91" xbr="332.95" ybr="428.19" z_order="0">
      <attribute name="smudge">false</attribute>
    </box>
  </image>
  <image id="223" name="rc19-experiment/INDOOR/PLAY_top/82060.png" width="640" height="480">
    <box label="ball" occluded="0" source="manual" xtl="298.87" ytl="421.03" xbr="354.34" ybr="475.70" z_order="0">
      <attribute name="smudge">false</attribute>
    </box>
  </image>
  <image id="222" name="rc19-experiment/INDOOR/PLAY_top/82057.png" width="640" height="480">
    <box label="ball" occluded="0" source="auto" xtl="318.93" ytl="395.71" xbr="367.92" ybr="450.03" z_order="0">
      <attribute name="smudge">false</attribute>
    </box>
  </image>
  <image id="221" name="rc19-experiment/INDOOR/PLAY_top/82053.png" width="640" height="480">
    <box label="ball" occluded="0" source="auto" xtl="321.14" ytl="363.21" xbr="367.78" ybr="412.46" z_order="0">
      <attribute name="smudge">false</attribute>
    </box>
  </image>
  <image id="220" name="rc19-experiment/INDOOR/PLAY_top/82050.png" width="640" height="480">
    <box label="ball" occluded="0" source="auto" xtl="310.24" ytl="419.33" xbr="358.63" ybr="478.78" z_order="0">
      <attribute name="smudge">false</attribute>
    </box>
  </image>
  <image id="219" name="rc19-experiment/INDOOR/PLAY_top/82047.png" width="640" height="480">
    <box label="ball" occluded="0" source="auto" xtl="347.31" ytl="351.71" xbr="395.69" ybr="399.35" z_order="0">
      <attribute name="smudge">false</attribute>
    </box>
  </image>
  <image id="218" name="rc19-experiment/INDOOR/PLAY_top/82043.png" width="640" height="480">
    <box label="ball" occluded="0" source="auto" xtl="374.00" ytl="437.12" xbr="422.93" ybr="479.92" z_order="0">
      <attribute name="smudge">false</attribute>
    </box>
  </image>
  <image id="217" name="rc19-experiment/INDOOR/PLAY_top/82040.png" width="640" height="480">
    <box label="ball" occluded="0" source="auto" xtl="283.31" ytl="358.85" xbr="332.84" ybr="407.33" z_order="0">
      <attribute name="smudge">false</attribute>
    </box>
  </image>
  <image id="216" name="rc19-experiment/INDOOR/PLAY_top/82037.png" width="640" height="480">
    <box label="ball" occluded="0" source="auto" xtl="265.16" ytl="322.31" xbr="311.63" ybr="370.06" z_order="0">
      <attribute name="smudge">false</attribute>
    </box>
  </image>
  <image id="215" name="rc19-experiment/INDOOR/PLAY_top/82034.png" width="640" height="480">
    <box label="ball" occluded="0" source="auto" xtl="303.05" ytl="449.64" xbr="350.66" ybr="480.00" z_order="0">
      <attribute name="smudge">false</attribute>
    </box>
  </image>
  <image id="214" name="rc19-experiment/INDOOR/PLAY_top/82031.png" width="640" height="480">
    <box label="ball" occluded="0" source="auto" xtl="276.44" ytl="375.66" xbr="325.45" ybr="424.42" z_order="0">
      <attribute name="smudge">false</attribute>
    </box>
  </image>
  <image id="213" name="rc19-experiment/INDOOR/PLAY_top/82027.png" width="640" height="480">
    <box label="ball" occluded="0" source="auto" xtl="299.23" ytl="397.23" xbr="347.12" ybr="443.76" z_order="0">
      <attribute name="smudge">false</attribute>
    </box>
  </image>
  <image id="212" name="rc19-experiment/INDOOR/PLAY_top/82023.png" width="640" height="480">
    <box label="ball" occluded="0" source="auto" xtl="290.13" ytl="432.81" xbr="341.12" ybr="480.00" z_order="0">
      <attribute name="smudge">false</attribute>
    </box>
  </image>
  <image id="211" name="rc19-experiment/INDOOR/PLAY_top/82020.png" width="640" height="480">
    <box label="ball" occluded="0" source="auto" xtl="264.60" ytl="383.03" xbr="317.80" ybr="437.48" z_order="0">
      <attribute name="smudge">false</attribute>
    </box>
  </image>
  <image id="210" name="rc19-experiment/INDOOR/PLAY_top/82016.png" width="640" height="480">
    <box label="ball" occluded="0" source="auto" xtl="287.71" ytl="400.82" xbr="341.15" ybr="452.86" z_order="0">
      <attribute name="smudge">false</attribute>
    </box>
  </image>
  <image id="209" name="rc19-experiment/INDOOR/PLAY_top/82013.png" width="640" height="480">
    <box label="ball" occluded="0" source="manual" xtl="289.54" ytl="420.16" xbr="345.56" ybr="474.80" z_order="0">
      <attribute name="smudge">false</attribute>
    </box>
  </image>
  <image id="208" name="rc19-experiment/INDOOR/PLAY_top/82010.png" width="640" height="480">
  </image>
  <image id="207" name="rc19-experiment/INDOOR/PLAY_top/82007.png" width="640" height="480">
  </image>
  <image id="206" name="rc19-experiment/INDOOR/PLAY_top/82003.png" width="640" height="480">
    <box label="ball" occluded="0" source="auto" xtl="273.43" ytl="389.87" xbr="340.62" ybr="463.05" z_order="0">
      <attribute name="smudge">false</attribute>
    </box>
  </image>
  <image id="205" name="rc19-experiment/INDOOR/PLAY_top/82000.png" width="640" height="480">
    <box label="ball" occluded="0" source="auto" xtl="256.72" ytl="324.63" xbr="326.43" ybr="398.11" z_order="0">
      <attribute name="smudge">false</attribute>
    </box>
  </image>
  <image id="204" name="rc19-experiment/INDOOR/PLAY_top/81996.png" width="640" height="480">
    <box label="ball" occluded="0" source="auto" xtl="269.18" ytl="257.03" xbr="346.61" ybr="334.88" z_order="0">
      <attribute name="smudge">false</attribute>
    </box>
  </image>
  <image id="203" name="rc19-experiment/INDOOR/PLAY_top/81993.png" width="640" height="480">
    <box label="ball" occluded="0" source="auto" xtl="275.89" ytl="277.04" xbr="357.51" ybr="359.76" z_order="0">
      <attribute name="smudge">false</attribute>
    </box>
  </image>
  <image id="202" name="rc19-experiment/INDOOR/PLAY_top/81990.png" width="640" height="480">
    <box label="ball" occluded="0" source="auto" xtl="244.67" ytl="336.88" xbr="333.50" ybr="425.39" z_order="0">
      <attribute name="smudge">false</attribute>
    </box>
  </image>
  <image id="201" name="rc19-experiment/INDOOR/PLAY_top/81987.png" width="640" height="480">
    <box label="ball" occluded="0" source="auto" xtl="176.71" ytl="429.05" xbr="278.20" ybr="479.45" z_order="0">
      <attribute name="smudge">false</attribute>
    </box>
  </image>
  <image id="200" name="rc19-experiment/INDOOR/PLAY_top/81984.png" width="640" height="480">
  </image>
  <image id="199" name="rc19-experiment/INDOOR/PLAY_top/81981.png" width="640" height="480">
  </image>
  <image id="198" name="rc19-experiment/INDOOR/PLAY_top/81978.png" width="640" height="480">
  </image>
  <image id="197" name="rc19-experiment/INDOOR/PLAY_top/81975.png" width="640" height="480">
  </image>
  <image id="196" name="rc19-experiment/INDOOR/PLAY_top/81972.png" width="640" height="480">
  </image>
  <image id="195" name="rc19-experiment/INDOOR/PLAY_top/81969.png" width="640" height="480">
  </image>
  <image id="194" name="rc19-experiment/INDOOR/PLAY_top/81965.png" width="640" height="480">
  </image>
  <image id="193" name="rc19-experiment/INDOOR/PLAY_top/81961.png" width="640" height="480">
  </image>
  <image id="192" name="rc19-experiment/INDOOR/PLAY_top/81958.png" width="640" height="480">
  </image>
  <image id="191" name="rc19-experiment/INDOOR/PLAY_top/81955.png" width="640" height="480">
  </image>
  <image id="190" name="rc19-experiment/INDOOR/PLAY_top/81952.png" width="640" height="480">
  </image>
  <image id="189" name="rc19-experiment/INDOOR/PLAY_top/81949.png" width="640" height="480">
  </image>
  <image id="188" name="rc19-experiment/INDOOR/PLAY_top/81945.png" width="640" height="480">
  </image>
  <image id="187" name="rc19-experiment/INDOOR/PLAY_top/81942.png" width="640" height="480">
  </image>
  <image id="186" name="rc19-experiment/INDOOR/PLAY_top/81939.png" width="640" height="480">
  </image>
  <image id="185" name="rc19-experiment/INDOOR/PLAY_top/81935.png" width="640" height="480">
  </image>
  <image id="184" name="rc19-experiment/INDOOR/PLAY_top/81932.png" width="640" height="480">
  </image>
  <image id="183" name="rc19-experiment/INDOOR/PLAY_top/81929.png" width="640" height="480">
  </image>
  <image id="182" name="rc19-experiment/INDOOR/PLAY_top/81925.png" width="640" height="480">
  </image>
  <image id="181" name="rc19-experiment/INDOOR/PLAY_top/81922.png" width="640" height="480">
  </image>
  <image id="180" name="rc19-experiment/INDOOR/PLAY_top/81918.png" width="640" height="480">
  </image>
  <image id="179" name="rc19-experiment/INDOOR/PLAY_top/81915.png" width="640" height="480">
  </image>
  <image id="178" name="rc19-experiment/INDOOR/PLAY_top/81912.png" width="640" height="480">
  </image>
  <image id="177" name="rc19-experiment/INDOOR/PLAY_top/81909.png" width="640" height="480">
  </image>
  <image id="176" name="rc19-experiment/INDOOR/PLAY_top/81905.png" width="640" height="480">
  </image>
  <image id="175" name="rc19-experiment/INDOOR/PLAY_top/81902.png" width="640" height="480">
  </image>
  <image id="174" name="rc19-experiment/INDOOR/PLAY_top/81898.png" width="640" height="480">
  </image>
  <image id="173" name="rc19-experiment/INDOOR/PLAY_top/81895.png" width="640" height="480">
  </image>
  <image id="172" name="rc19-experiment/INDOOR/PLAY_top/81891.png" width="640" height="480">
  </image>
  <image id="171" name="rc19-experiment/INDOOR/PLAY_top/81888.png" width="640" height="480">
  </image>
  <image id="170" name="rc19-experiment/INDOOR/PLAY_top/81885.png" width="640" height="480">
  </image>
  <image id="169" name="rc19-experiment/INDOOR/PLAY_top/81882.png" width="640" height="480">
  </image>
  <image id="168" name="rc19-experiment/INDOOR/PLAY_top/81879.png" width="640" height="480">
  </image>
  <image id="167" name="rc19-experiment/INDOOR/PLAY_top/81876.png" width="640" height="480">
  </image>
  <image id="166" name="rc19-experiment/INDOOR/PLAY_top/81873.png" width="640" height="480">
  </image>
  <image id="165" name="rc19-experiment/INDOOR/PLAY_top/81870.png" width="640" height="480">
  </image>
  <image id="164" name="rc19-experiment/INDOOR/PLAY_top/81867.png" width="640" height="480">
  </image>
  <image id="163" name="rc19-experiment/INDOOR/PLAY_top/81863.png" width="640" height="480">
  </image>
  <image id="162" name="rc19-experiment/INDOOR/PLAY_top/81860.png" width="640" height="480">
  </image>
  <image id="161" name="rc19-experiment/INDOOR/PLAY_top/81857.png" width="640" height="480">
  </image>
  <image id="160" name="rc19-experiment/INDOOR/PLAY_top/81854.png" width="640" height="480">
  </image>
  <image id="159" name="rc19-experiment/INDOOR/PLAY_top/81851.png" width="640" height="480">
  </image>
  <image id="158" name="rc19-experiment/INDOOR/PLAY_top/81848.png" width="640" height="480">
  </image>
  <image id="157" name="rc19-experiment/INDOOR/PLAY_top/81845.png" width="640" height="480">
  </image>
  <image id="156" name="rc19-experiment/INDOOR/PLAY_top/81842.png" width="640" height="480">
  </image>
  <image id="155" name="rc19-experiment/INDOOR/PLAY_top/81838.png" width="640" height="480">
  </image>
  <image id="154" name="rc19-experiment/INDOOR/PLAY_top/81835.png" width="640" height="480">
  </image>
  <image id="153" name="rc19-experiment/INDOOR/PLAY_top/81832.png" width="640" height="480">
  </image>
  <image id="152" name="rc19-experiment/INDOOR/PLAY_top/81828.png" width="640" height="480">
  </image>
  <image id="151" name="rc19-experiment/INDOOR/PLAY_top/81824.png" width="640" height="480">
  </image>
  <image id="150" name="rc19-experiment/INDOOR/PLAY_top/81821.png" width="640" height="480">
  </image>
  <image id="149" name="rc19-experiment/INDOOR/PLAY_top/81818.png" width="640" height="480">
  </image>
  <image id="148" name="rc19-experiment/INDOOR/PLAY_top/81815.png" width="640" height="480">
  </image>
  <image id="147" name="rc19-experiment/INDOOR/PLAY_top/81812.png" width="640" height="480">
  </image>
  <image id="146" name="rc19-experiment/INDOOR/PLAY_top/81809.png" width="640" height="480">
  </image>
  <image id="145" name="rc19-experiment/INDOOR/PLAY_top/81805.png" width="640" height="480">
  </image>
  <image id="144" name="rc19-experiment/INDOOR/PLAY_top/81802.png" width="640" height="480">
  </image>
  <image id="143" name="rc19-experiment/INDOOR/PLAY_top/81799.png" width="640" height="480">
  </image>
  <image id="142" name="rc19-experiment/INDOOR/PLAY_top/81796.png" width="640" height="480">
  </image>
  <image id="141" name="rc19-experiment/INDOOR/PLAY_top/81793.png" width="640" height="480">
    <box label="ball" occluded="0" source="auto" xtl="282.25" ytl="421.27" xbr="370.00" ybr="480.00" z_order="0">
      <attribute name="smudge">false</attribute>
    </box>
  </image>
  <image id="140" name="rc19-experiment/INDOOR/PLAY_top/81789.png" width="640" height="480">
  </image>
  <image id="139" name="rc19-experiment/INDOOR/PLAY_top/81786.png" width="640" height="480">
  </image>
  <image id="138" name="rc19-experiment/INDOOR/PLAY_top/81783.png" width="640" height="480">
  </image>
  <image id="137" name="rc19-experiment/INDOOR/PLAY_top/81780.png" width="640" height="480">
  </image>
  <image id="136" name="rc19-experiment/INDOOR/PLAY_top/81776.png" width="640" height="480">
  </image>
  <image id="135" name="rc19-experiment/INDOOR/PLAY_top/81773.png" width="640" height="480">
  </image>
  <image id="134" name="rc19-experiment/INDOOR/PLAY_top/81770.png" width="640" height="480">
    <box label="ball" occluded="0" source="auto" xtl="296.13" ytl="440.11" xbr="364.64" ybr="480.00" z_order="0">
      <attribute name="smudge">false</attribute>
    </box>
  </image>
  <image id="133" name="rc19-experiment/INDOOR/PLAY_top/81767.png" width="640" height="480">
  </image>
  <image id="132" name="rc19-experiment/INDOOR/PLAY_top/81764.png" width="640" height="480">
    <box label="ball" occluded="0" source="manual" xtl="297.71" ytl="424.95" xbr="360.19" ybr="480.00" z_order="0">
      <attribute name="smudge">false</attribute>
    </box>
  </image>
  <image id="131" name="rc19-experiment/INDOOR/PLAY_top/81761.png" width="640" height="480">
  </image>
  <image id="130" name="rc19-experiment/INDOOR/PLAY_top/81757.png" width="640" height="480">
    <box label="ball" occluded="0" source="auto" xtl="316.97" ytl="419.72" xbr="380.60" ybr="480.00" z_order="0">
      <attribute name="smudge">false</attribute>
    </box>
  </image>
  <image id="129" name="rc19-experiment/INDOOR/PLAY_top/81753.png" width="640" height="480">
  </image>
  <image id="128" name="rc19-experiment/INDOOR/PLAY_top/81750.png" width="640" height="480">
    <box label="ball" occluded="0" source="manual" xtl="306.37" ytl="415.05" xbr="365.75" ybr="473.20" z_order="0">
      <attribute name="smudge">false</attribute>
    </box>
  </image>
  <image id="127" name="rc19-experiment/INDOOR/PLAY_top/81747.png" width="640" height="480">
    <box label="ball" occluded="0" source="auto" xtl="263.81" ytl="441.72" xbr="321.12" ybr="480.00" z_order="0">
      <attribute name="smudge">false</attribute>
    </box>
  </image>
  <image id="126" name="rc19-experiment/INDOOR/PLAY_top/81744.png" width="640" height="480">
    <box label="ball" occluded="0" source="auto" xtl="251.29" ytl="445.36" xbr="311.77" ybr="479.88" z_order="0">
      <attribute name="smudge">false</attribute>
    </box>
  </image>
  <image id="125" name="rc19-experiment/INDOOR/PLAY_top/81741.png" width="640" height="480">
    <box label="ball" occluded="0" source="auto" xtl="323.62" ytl="368.22" xbr="379.06" ybr="424.54" z_order="0">
      <attribute name="smudge">false</attribute>
    </box>
  </image>
  <image id="124" name="rc19-experiment/INDOOR/PLAY_top/81737.png" width="640" height="480">
    <box label="ball" occluded="0" source="auto" xtl="328.72" ytl="431.54" xbr="385.62" ybr="479.79" z_order="0">
      <attribute name="smudge">false</attribute>
    </box>
  </image>
  <image id="123" name="rc19-experiment/INDOOR/PLAY_top/81733.png" width="640" height="480">
    <box label="ball" occluded="0" source="auto" xtl="294.15" ytl="384.43" xbr="343.29" ybr="433.47" z_order="0">
      <attribute name="smudge">false</attribute>
    </box>
  </image>
  <image id="122" name="rc19-experiment/INDOOR/PLAY_top/81731.png" width="640" height="480">
    <box label="ball" occluded="0" source="auto" xtl="344.87" ytl="397.14" xbr="397.60" ybr="446.36" z_order="0">
      <attribute name="smudge">false</attribute>
    </box>
  </image>
  <image id="121" name="rc19-experiment/INDOOR/PLAY_top/81728.png" width="640" height="480">
    <box label="ball" occluded="0" source="auto" xtl="340.41" ytl="386.47" xbr="392.93" ybr="437.71" z_order="0">
      <attribute name="smudge">false</attribute>
    </box>
  </image>
  <image id="120" name="rc19-experiment/INDOOR/PLAY_top/81725.png" width="640" height="480">
    <box label="ball" occluded="0" source="auto" xtl="290.13" ytl="337.49" xbr="337.08" ybr="380.02" z_order="0">
      <attribute name="smudge">false</attribute>
    </box>
  </image>
  <image id="119" name="rc19-experiment/INDOOR/PLAY_top/81721.png" width="640" height="480">
    <box label="ball" occluded="0" source="manual" xtl="323.07" ytl="447.83" xbr="364.52" ybr="480.00" z_order="0">
      <attribute name="smudge">false</attribute>
    </box>
  </image>
  <image id="118" name="rc19-experiment/INDOOR/PLAY_top/81718.png" width="640" height="480">
    <box label="ball" occluded="0" source="auto" xtl="302.08" ytl="362.78" xbr="348.76" ybr="406.04" z_order="0">
      <attribute name="smudge">false</attribute>
    </box>
  </image>
  <image id="117" name="rc19-experiment/INDOOR/PLAY_top/81715.png" width="640" height="480">
    <box label="ball" occluded="0" source="auto" xtl="319.19" ytl="405.79" xbr="364.05" ybr="451.02" z_order="0">
      <attribute name="smudge">false</attribute>
    </box>
  </image>
  <image id="116" name="rc19-experiment/INDOOR/PLAY_top/81712.png" width="640" height="480">
    <box label="ball" occluded="0" source="auto" xtl="337.37" ytl="397.11" xbr="383.11" ybr="442.68" z_order="0">
      <attribute name="smudge">false</attribute>
    </box>
  </image>
  <image id="115" name="rc19-experiment/INDOOR/PLAY_top/81709.png" width="640" height="480">
    <box label="ball" occluded="0" source="auto" xtl="318.83" ytl="349.87" xbr="363.03" ybr="391.79" z_order="0">
      <attribute name="smudge">false</attribute>
    </box>
  </image>
  <image id="114" name="rc19-experiment/INDOOR/PLAY_top/81705.png" width="640" height="480">
    <box label="ball" occluded="0" source="manual" xtl="318.04" ytl="385.20" xbr="356.40" ybr="437.25" z_order="0">
      <attribute name="smudge">false</attribute>
    </box>
  </image>
  <image id="113" name="rc19-experiment/INDOOR/PLAY_top/81702.png" width="640" height="480">
    <box label="ball" occluded="0" source="auto" xtl="296.75" ytl="329.48" xbr="337.68" ybr="369.82" z_order="0">
      <attribute name="smudge">false</attribute>
    </box>
  </image>
  <image id="112" name="rc19-experiment/INDOOR/PLAY_top/81698.png" width="640" height="480">
    <box label="ball" occluded="0" source="auto" xtl="301.28" ytl="388.10" xbr="341.42" ybr="427.63" z_order="0">
      <attribute name="smudge">false</attribute>
    </box>
  </image>
  <image id="111" name="rc19-experiment/INDOOR/PLAY_top/81695.png" width="640" height="480">
    <box label="ball" occluded="0" source="auto" xtl="295.49" ytl="312.07" xbr="333.47" ybr="354.18" z_order="0">
      <attribute name="smudge">false</attribute>
    </box>
  </image>
  <image id="110" name="rc19-experiment/INDOOR/PLAY_top/81691.png" width="640" height="480">
    <box label="ball" occluded="0" source="auto" xtl="295.63" ytl="377.74" xbr="334.06" ybr="413.66" z_order="0">
      <attribute name="smudge">false</attribute>
    </box>
  </image>
  <image id="109" name="rc19-experiment/INDOOR/PLAY_top/81688.png" width="640" height="480">
    <box label="ball" occluded="0" source="auto" xtl="305.65" ytl="345.85" xbr="343.18" ybr="385.96" z_order="0">
      <attribute name="smudge">false</attribute>
    </box>
  </image>
  <image id="108" name="rc19-experiment/INDOOR/PLAY_top/81685.png" width="640" height="480">
    <box label="ball" occluded="0" source="auto" xtl="311.33" ytl="312.18" xbr="348.02" ybr="348.11" z_order="0">
      <attribute name="smudge">false</attribute>
    </box>
  </image>
  <image id="107" name="rc19-experiment/INDOOR/PLAY_top/81681.png" width="640" height="480">
    <box label="ball" occluded="0" source="auto" xtl="317.78" ytl="352.53" xbr="351.72" ybr="393.96" z_order="0">
      <attribute name="smudge">false</attribute>
    </box>
  </image>
  <image id="106" name="rc19-experiment/INDOOR/PLAY_top/81678.png" width="640" height="480">
    <box label="ball" occluded="0" source="auto" xtl="315.14" ytl="313.92" xbr="350.67" ybr="348.21" z_order="0">
      <attribute name="smudge">false</attribute>
    </box>
  </image>
  <image id="105" name="rc19-experiment/INDOOR/PLAY_top/81674.png" width="640" height="480">
    <box label="ball" occluded="0" source="auto" xtl="312.62" ytl="421.89" xbr="347.96" ybr="455.25" z_order="0">
      <attribute name="smudge">false</attribute>
    </box>
  </image>
  <image id="104" name="rc19-experiment/INDOOR/PLAY_top/81671.png" width="640" height="480">
    <box label="ball" occluded="0" source="auto" xtl="309.76" ytl="310.93" xbr="344.21" ybr="344.31" z_order="0">
      <attribute name="smudge">false</attribute>
    </box>
  </image>
  <image id="103" name="rc19-experiment/INDOOR/PLAY_top/81668.png" width="640" height="480">
    <box label="ball" occluded="0" source="auto" xtl="323.28" ytl="336.02" xbr="357.66" ybr="368.56" z_order="0">
      <attribute name="smudge">false</attribute>
    </box>
  </image>
  <image id="102" name="rc19-experiment/INDOOR/PLAY_top/81664.png" width="640" height="480">
    <box label="ball" occluded="0" source="auto" xtl="319.27" ytl="349.76" xbr="352.72" ybr="385.86" z_order="0">
      <attribute name="smudge">false</attribute>
    </box>
  </image>
  <image id="101" name="rc19-experiment/INDOOR/PLAY_top/81660.png" width="640" height="480">
    <box label="ball" occluded="0" source="auto" xtl="326.12" ytl="321.39" xbr="359.16" ybr="352.33" z_order="0">
      <attribute name="smudge">false</attribute>
    </box>
  </image>
  <image id="100" name="rc19-experiment/INDOOR/PLAY_top/81657.png" width="640" height="480">
    <box label="ball" occluded="0" source="auto" xtl="336.28" ytl="322.19" xbr="367.68" ybr="356.82" z_order="0">
      <attribute name="smudge">false</attribute>
    </box>
  </image>
  <image id="99" name="rc19-experiment/INDOOR/PLAY_top/81654.png" width="640" height="480">
    <box label="ball" occluded="0" source="auto" xtl="307.60" ytl="320.33" xbr="339.31" ybr="351.63" z_order="0">
      <attribute name="smudge">false</attribute>
    </box>
  </image>
  <image id="98" name="rc19-experiment/INDOOR/PLAY_top/81651.png" width="640" height="480">
    <box label="ball" occluded="0" source="auto" xtl="317.35" ytl="358.12" xbr="349.70" ybr="388.30" z_order="0">
      <attribute name="smudge">false</attribute>
    </box>
  </image>
  <image id="97" name="rc19-experiment/INDOOR/PLAY_top/81648.png" width="640" height="480">
    <box label="ball" occluded="0" source="auto" xtl="322.75" ytl="312.35" xbr="351.82" ybr="343.25" z_order="0">
      <attribute name="smudge">false</attribute>
    </box>
  </image>
  <image id="96" name="rc19-experiment/INDOOR/PLAY_top/81645.png" width="640" height="480">
    <box label="ball" occluded="0" source="auto" xtl="293.76" ytl="284.48" xbr="324.08" ybr="314.14" z_order="0">
      <attribute name="smudge">false</attribute>
    </box>
  </image>
  <image id="95" name="rc19-experiment/INDOOR/PLAY_top/81641.png" width="640" height="480">
    <box label="ball" occluded="0" source="auto" xtl="262.43" ytl="316.52" xbr="293.93" ybr="348.68" z_order="0">
      <attribute name="smudge">false</attribute>
    </box>
  </image>
  <image id="94" name="rc19-experiment/INDOOR/PLAY_top/81637.png" width="640" height="480">
    <box label="ball" occluded="0" source="auto" xtl="293.94" ytl="296.90" xbr="324.34" ybr="325.57" z_order="0">
      <attribute name="smudge">false</attribute>
    </box>
  </image>
  <image id="93" name="rc19-experiment/INDOOR/PLAY_top/81633.png" width="640" height="480">
    <box label="ball" occluded="0" source="auto" xtl="306.37" ytl="358.97" xbr="339.78" ybr="390.48" z_order="0">
      <attribute name="smudge">false</attribute>
    </box>
  </image>
  <image id="92" name="rc19-experiment/INDOOR/PLAY_top/81630.png" width="640" height="480">
    <box label="ball" occluded="0" source="auto" xtl="289.70" ytl="314.66" xbr="319.99" ybr="342.95" z_order="0">
      <attribute name="smudge">false</attribute>
    </box>
  </image>
  <image id="91" name="rc19-experiment/INDOOR/PLAY_top/81627.png" width="640" height="480">
    <box label="ball" occluded="0" source="auto" xtl="274.67" ytl="355.63" xbr="305.09" ybr="385.13" z_order="0">
      <attribute name="smudge">false</attribute>
    </box>
  </image>
  <image id="90" name="rc19-experiment/INDOOR/PLAY_top/81624.png" width="640" height="480">
    <box label="ball" occluded="0" source="auto" xtl="288.85" ytl="309.12" xbr="321.92" ybr="339.73" z_order="0">
      <attribute name="smudge">false</attribute>
    </box>
  </image>
  <image id="89" name="rc19-experiment/INDOOR/PLAY_top/81621.png" width="640" height="480">
    <box label="ball" occluded="0" source="manual" xtl="342.87" ytl="306.80" xbr="384.93" ybr="342.06" z_order="0">
      <attribute name="smudge">false</attribute>
    </box>
  </image>
  <image id="88" name="rc19-experiment/INDOOR/PLAY_top/81618.png" width="640" height="480">
    <box label="ball" occluded="0" source="manual" xtl="397.21" ytl="375.50" xbr="426.90" ybr="408.27" z_order="0">
      <attribute name="smudge">false</attribute>
    </box>
  </image>
  <image id="87" name="rc19-experiment/INDOOR/PLAY_top/81614.png" width="640" height="480">
    <box label="ball" occluded="0" source="auto" xtl="325.64" ytl="343.97" xbr="357.92" ybr="372.58" z_order="0">
      <attribute name="smudge">false</attribute>
    </box>
  </image>
  <image id="86" name="rc19-experiment/INDOOR/PLAY_top/81611.png" width="640" height="480">
    <box label="ball" occluded="0" source="manual" xtl="416.50" ytl="387.22" xbr="453.59" ybr="418.76" z_order="0">
      <attribute name="smudge">false</attribute>
    </box>
  </image>
  <image id="85" name="rc19-experiment/INDOOR/PLAY_top/81608.png" width="640" height="480">
    <box label="ball" occluded="0" source="auto" xtl="430.01" ytl="383.37" xbr="463.24" ybr="415.74" z_order="0">
      <attribute name="smudge">false</attribute>
    </box>
  </image>
  <image id="84" name="rc19-experiment/INDOOR/PLAY_top/81605.png" width="640" height="480">
    <box label="ball" occluded="0" source="auto" xtl="415.06" ytl="355.68" xbr="451.21" ybr="387.26" z_order="0">
      <attribute name="smudge">false</attribute>
    </box>
  </image>
  <image id="83" name="rc19-experiment/INDOOR/PLAY_top/81602.png" width="640" height="480">
    <box label="ball" occluded="0" source="auto" xtl="441.40" ytl="348.73" xbr="477.39" ybr="380.42" z_order="0">
      <attribute name="smudge">false</attribute>
    </box>
  </image>
  <image id="82" name="rc19-experiment/INDOOR/PLAY_top/81599.png" width="640" height="480">
    <box label="ball" occluded="0" source="auto" xtl="320.91" ytl="343.46" xbr="358.37" ybr="373.09" z_order="0">
      <attribute name="smudge">false</attribute>
    </box>
  </image>
  <image id="81" name="rc19-experiment/INDOOR/PLAY_top/81596.png" width="640" height="480">
    <box label="ball" occluded="0" source="auto" xtl="281.06" ytl="304.61" xbr="316.41" ybr="336.92" z_order="0">
      <attribute name="smudge">false</attribute>
    </box>
  </image>
  <image id="80" name="rc19-experiment/INDOOR/PLAY_top/81593.png" width="640" height="480">
    <box label="ball" occluded="0" source="auto" xtl="342.76" ytl="383.12" xbr="379.88" ybr="418.04" z_order="0">
      <attribute name="smudge">false</attribute>
    </box>
  </image>
  <image id="79" name="rc19-experiment/INDOOR/PLAY_top/81589.png" width="640" height="480">
    <box label="ball" occluded="0" source="auto" xtl="318.17" ytl="382.90" xbr="356.87" ybr="417.52" z_order="0">
      <attribute name="smudge">false</attribute>
    </box>
  </image>
  <image id="78" name="rc19-experiment/INDOOR/PLAY_top/81586.png" width="640" height="480">
    <box label="ball" occluded="0" source="auto" xtl="345.73" ytl="398.25" xbr="385.21" ybr="436.66" z_order="0">
      <attribute name="smudge">false</attribute>
    </box>
  </image>
  <image id="77" name="rc19-experiment/INDOOR/PLAY_top/81583.png" width="640" height="480">
    <box label="ball" occluded="0" source="manual" xtl="312.56" ytl="359.38" xbr="357.09" ybr="400.21" z_order="0">
      <attribute name="smudge">false</attribute>
    </box>
  </image>
  <image id="76" name="rc19-experiment/INDOOR/PLAY_top/81580.png" width="640" height="480">
    <box label="ball" occluded="0" source="auto" xtl="251.68" ytl="366.57" xbr="291.68" ybr="405.45" z_order="0">
      <attribute name="smudge">false</attribute>
    </box>
  </image>
  <image id="75" name="rc19-experiment/INDOOR/PLAY_top/81577.png" width="640" height="480">
    <box label="ball" occluded="0" source="auto" xtl="235.68" ytl="382.17" xbr="277.81" ybr="426.78" z_order="0">
      <attribute name="smudge">false</attribute>
    </box>
  </image>
  <image id="74" name="rc19-experiment/INDOOR/PLAY_top/81574.png" width="640" height="480">
    <box label="ball" occluded="0" source="auto" xtl="244.86" ytl="377.03" xbr="286.91" ybr="421.28" z_order="0">
      <attribute name="smudge">false</attribute>
    </box>
  </image>
  <image id="73" name="rc19-experiment/INDOOR/PLAY_top/81571.png" width="640" height="480">
    <box label="ball" occluded="0" source="auto" xtl="277.59" ytl="403.35" xbr="321.83" ybr="447.49" z_order="0">
      <attribute name="smudge">false</attribute>
    </box>
  </image>
  <image id="72" name="rc19-experiment/INDOOR/PLAY_top/81568.png" width="640" height="480">
    <box label="ball" occluded="0" source="auto" xtl="272.07" ytl="396.31" xbr="316.48" ybr="445.90" z_order="0">
      <attribute name="smudge">false</attribute>
    </box>
  </image>
  <image id="71" name="rc19-experiment/INDOOR/PLAY_top/81564.png" width="640" height="480">
    <box label="ball" occluded="0" source="auto" xtl="231.98" ytl="378.74" xbr="277.22" ybr="423.15" z_order="0">
      <attribute name="smudge">false</attribute>
    </box>
  </image>
  <image id="70" name="rc19-experiment/INDOOR/PLAY_top/81561.png" width="640" height="480">
    <box label="ball" occluded="0" source="auto" xtl="258.84" ytl="409.09" xbr="303.27" ybr="460.60" z_order="0">
      <attribute name="smudge">false</attribute>
    </box>
  </image>
  <image id="69" name="rc19-experiment/INDOOR/PLAY_top/81558.png" width="640" height="480">
    <box label="ball" occluded="0" source="auto" xtl="262.05" ytl="381.74" xbr="308.14" ybr="426.06" z_order="0">
      <attribute name="smudge">false</attribute>
    </box>
  </image>
  <image id="68" name="rc19-experiment/INDOOR/PLAY_top/81555.png" width="640" height="480">
    <box label="ball" occluded="0" source="auto" xtl="245.42" ytl="392.08" xbr="292.78" ybr="438.80" z_order="0">
      <attribute name="smudge">false</attribute>
    </box>
  </image>
  <image id="67" name="rc19-experiment/INDOOR/PLAY_top/81551.png" width="640" height="480">
    <box label="ball" occluded="0" source="auto" xtl="197.25" ytl="332.07" xbr="245.74" ybr="380.95" z_order="0">
      <attribute name="smudge">false</attribute>
    </box>
  </image>
  <image id="66" name="rc19-experiment/INDOOR/PLAY_top/81548.png" width="640" height="480">
    <box label="ball" occluded="0" source="manual" xtl="198.69" ytl="278.50" xbr="243.00" ybr="324.70" z_order="0">
      <attribute name="smudge">false</attribute>
    </box>
  </image>
  <image id="65" name="rc19-experiment/INDOOR/PLAY_top/81545.png" width="640" height="480">
    <box label="ball" occluded="0" source="manual" xtl="210.68" ytl="368.70" xbr="257.60" ybr="417.64" z_order="0">
      <attribute name="smudge">false</attribute>
    </box>
  </image>
  <image id="64" name="rc19-experiment/INDOOR/PLAY_top/81541.png" width="640" height="480">
    <box label="ball" occluded="0" source="auto" xtl="329.41" ytl="327.26" xbr="371.75" ybr="369.30" z_order="0">
      <attribute name="smudge">false</attribute>
    </box>
  </image>
  <image id="63" name="rc19-experiment/INDOOR/PLAY_top/81538.png" width="640" height="480">
    <box label="ball" occluded="0" source="auto" xtl="344.13" ytl="372.21" xbr="384.08" ybr="412.70" z_order="0">
      <attribute name="smudge">false</attribute>
    </box>
  </image>
  <image id="62" name="rc19-experiment/INDOOR/PLAY_top/81535.png" width="640" height="480">
    <box label="ball" occluded="0" source="auto" xtl="301.70" ytl="463.29" xbr="339.65" ybr="480.00" z_order="0">
      <attribute name="smudge">false</attribute>
    </box>
  </image>
  <image id="61" name="rc19-experiment/INDOOR/PLAY_top/81531.png" width="640" height="480">
    <box label="ball" occluded="0" source="auto" xtl="312.98" ytl="353.32" xbr="356.15" ybr="396.00" z_order="0">
      <attribute name="smudge">false</attribute>
    </box>
  </image>
  <image id="60" name="rc19-experiment/INDOOR/PLAY_top/81528.png" width="640" height="480">
    <box label="ball" occluded="0" source="auto" xtl="335.78" ytl="425.41" xbr="375.15" ybr="467.09" z_order="0">
      <attribute name="smudge">false</attribute>
    </box>
  </image>
  <image id="59" name="rc19-experiment/INDOOR/PLAY_top/81525.png" width="640" height="480">
    <box label="ball" occluded="0" source="manual" xtl="345.29" ytl="425.69" xbr="393.74" ybr="471.50" z_order="0">
      <attribute name="smudge">false</attribute>
    </box>
  </image>
  <image id="58" name="rc19-experiment/INDOOR/PLAY_top/81521.png" width="640" height="480">
    <box label="ball" occluded="0" source="auto" xtl="327.97" ytl="356.66" xbr="374.40" ybr="405.51" z_order="0">
      <attribute name="smudge">false</attribute>
    </box>
  </image>
  <image id="57" name="rc19-experiment/INDOOR/PLAY_top/81518.png" width="640" height="480">
    <box label="ball" occluded="0" source="auto" xtl="319.97" ytl="406.11" xbr="367.59" ybr="454.29" z_order="0">
      <attribute name="smudge">false</attribute>
    </box>
  </image>
  <image id="56" name="rc19-experiment/INDOOR/PLAY_top/81514.png" width="640" height="480">
    <box label="ball" occluded="0" source="auto" xtl="295.50" ytl="385.13" xbr="346.38" ybr="437.10" z_order="0">
      <attribute name="smudge">false</attribute>
    </box>
  </image>
  <image id="55" name="rc19-experiment/INDOOR/PLAY_top/81511.png" width="640" height="480">
    <box label="ball" occluded="0" source="auto" xtl="273.52" ytl="443.58" xbr="327.18" ybr="480.00" z_order="0">
      <attribute name="smudge">false</attribute>
    </box>
  </image>
  <image id="54" name="rc19-experiment/INDOOR/PLAY_top/81508.png" width="640" height="480">
    <box label="ball" occluded="0" source="auto" xtl="297.21" ytl="460.65" xbr="347.22" ybr="480.00" z_order="0">
      <attribute name="smudge">false</attribute>
    </box>
  </image>
  <image id="53" name="rc19-experiment/INDOOR/PLAY_top/81505.png" width="640" height="480">
    <box label="ball" occluded="0" source="auto" xtl="324.67" ytl="435.31" xbr="386.38" ybr="480.00" z_order="0">
      <attribute name="smudge">false</attribute>
    </box>
  </image>
  <image id="52" name="rc19-experiment/INDOOR/PLAY_top/81501.png" width="640" height="480">
    <box label="ball" occluded="0" source="auto" xtl="350.37" ytl="340.17" xbr="414.96" ybr="410.66" z_order="0">
      <attribute name="smudge">false</attribute>
    </box>
  </image>
  <image id="51" name="rc19-experiment/INDOOR/PLAY_top/81498.png" width="640" height="480">
    <box label="ball" occluded="0" source="auto" xtl="337.56" ytl="286.51" xbr="407.62" ybr="358.67" z_order="0">
      <attribute name="smudge">false</attribute>
    </box>
  </image>
  <image id="50" name="rc19-experiment/INDOOR/PLAY_top/81495.png" width="640" height="480">
    <box label="ball" occluded="0" source="auto" xtl="316.17" ytl="280.59" xbr="391.75" ybr="361.69" z_order="0">
      <attribute name="smudge">false</attribute>
    </box>
  </image>
  <image id="49" name="rc19-experiment/INDOOR/PLAY_top/81491.png" width="640" height="480">
    <box label="ball" occluded="0" source="auto" xtl="301.50" ytl="330.06" xbr="388.96" ybr="417.57" z_order="0">
      <attribute name="smudge">false</attribute>
    </box>
  </image>
  <image id="48" name="rc19-experiment/INDOOR/PLAY_top/81488.png" width="640" height="480">
    <box label="ball" occluded="0" source="auto" xtl="346.30" ytl="402.77" xbr="445.52" ybr="480.00" z_order="0">
      <attribute name="smudge">false</attribute>
    </box>
  </image>
  <image id="47" name="rc19-experiment/INDOOR/PLAY_top/81484.png" width="640" height="480">
  </image>
  <image id="46" name="rc19-experiment/INDOOR/PLAY_top/81481.png" width="640" height="480">
  </image>
  <image id="45" name="rc19-experiment/INDOOR/PLAY_top/81478.png" width="640" height="480">
  </image>
  <image id="44" name="rc19-experiment/INDOOR/PLAY_top/81474.png" width="640" height="480">
  </image>
  <image id="43" name="rc19-experiment/INDOOR/PLAY_top/81471.png" width="640" height="480">
  </image>
  <image id="42" name="rc19-experiment/INDOOR/PLAY_top/81467.png" width="640" height="480">
  </image>
  <image id="41" name="rc19-experiment/INDOOR/PLAY_top/81464.png" width="640" height="480">
  </image>
  <image id="40" name="rc19-experiment/INDOOR/PLAY_top/81460.png" width="640" height="480">
  </image>
  <image id="39" name="rc19-experiment/INDOOR/PLAY_top/81457.png" width="640" height="480">
  </image>
  <image id="38" name="rc19-experiment/INDOOR/PLAY_top/81454.png" width="640" height="480">
  </image>
  <image id="37" name="rc19-experiment/INDOOR/PLAY_top/81450.png" width="640" height="480">
  </image>
  <image id="36" name="rc19-experiment/INDOOR/PLAY_top/81447.png" width="640" height="480">
  </image>
  <image id="35" name="rc19-experiment/INDOOR/PLAY_top/81443.png" width="640" height="480">
  </image>
  <image id="34" name="rc19-experiment/INDOOR/PLAY_top/81440.png" width="640" height="480">
  </image>
  <image id="33" name="rc19-experiment/INDOOR/PLAY_top/81437.png" width="640" height="480">
  </image>
  <image id="32" name="rc19-experiment/INDOOR/PLAY_top/81433.png" width="640" height="480">
  </image>
  <image id="31" name="rc19-experiment/INDOOR/PLAY_top/81430.png" width="640" height="480">
  </image>
  <image id="30" name="rc19-experiment/INDOOR/PLAY_top/81426.png" width="640" height="480">
  </image>
  <image id="29" name="rc19-experiment/INDOOR/PLAY_top/81423.png" width="640" height="480">
  </image>
  <image id="28" name="rc19-experiment/INDOOR/PLAY_top/81419.png" width="640" height="480">
  </image>
  <image id="27" name="rc19-experiment/INDOOR/PLAY_top/81416.png" width="640" height="480">
  </image>
  <image id="26" name="rc19-experiment/INDOOR/PLAY_top/81413.png" width="640" height="480">
  </image>
  <image id="25" name="rc19-experiment/INDOOR/PLAY_top/81409.png" width="640" height="480">
  </image>
  <image id="24" name="rc19-experiment/INDOOR/PLAY_top/81406.png" width="640" height="480">
  </image>
  <image id="23" name="rc19-experiment/INDOOR/PLAY_top/81402.png" width="640" height="480">
  </image>
  <image id="22" name="rc19-experiment/INDOOR/PLAY_top/81399.png" width="640" height="480">
  </image>
  <image id="21" name="rc19-experiment/INDOOR/PLAY_top/81395.png" width="640" height="480">
  </image>
  <image id="20" name="rc19-experiment/INDOOR/PLAY_top/81392.png" width="640" height="480">
  </image>
  <image id="19" name="rc19-experiment/INDOOR/PLAY_top/81389.png" width="640" height="480">
  </image>
  <image id="18" name="rc19-experiment/INDOOR/PLAY_top/81386.png" width="640" height="480">
  </image>
  <image id="17" name="rc19-experiment/INDOOR/PLAY_top/81382.png" width="640" height="480">
  </image>
  <image id="16" name="rc19-experiment/INDOOR/PLAY_top/81379.png" width="640" height="480">
  </image>
  <image id="15" name="rc19-experiment/INDOOR/PLAY_top/81376.png" width="640" height="480">
  </image>
  <image id="14" name="rc19-experiment/INDOOR/PLAY_top/81372.png" width="640" height="480">
  </image>
  <image id="13" name="rc19-experiment/INDOOR/PLAY_top/81369.png" width="640" height="480">
  </image>
  <image id="12" name="rc19-experiment/INDOOR/PLAY_top/81366.png" width="640" height="480">
  </image>
  <image id="11" name="rc19-experiment/INDOOR/PLAY_top/81362.png" width="640" height="480">
  </image>
  <image id="10" name="rc19-experiment/INDOOR/PLAY_top/81359.png" width="640" height="480">
  </image>
  <image id="9" name="rc19-experiment/INDOOR/PLAY_top/81355.png" width="640" height="480">
  </image>
  <image id="8" name="rc19-experiment/INDOOR/PLAY_top/81352.png" width="640" height="480">
  </image>
  <image id="7" name="rc19-experiment/INDOOR/PLAY_top/81348.png" width="640" height="480">
  </image>
  <image id="6" name="rc19-experiment/INDOOR/PLAY_top/81345.png" width="640" height="480">
  </image>
  <image id="5" name="rc19-experiment/INDOOR/PLAY_top/81342.png" width="640" height="480">
  </image>
  <image id="4" name="rc19-experiment/INDOOR/PLAY_top/81338.png" width="640" height="480">
  </image>
  <image id="3" name="rc19-experiment/INDOOR/PLAY_top/81335.png" width="640" height="480">
  </image>
  <image id="2" name="rc19-experiment/INDOOR/PLAY_top/81332.png" width="640" height="480">
  </image>
  <image id="1" name="rc19-experiment/INDOOR/PLAY_top/81328.png" width="640" height="480">
  </image>
  <image id="0" name="rc19-experiment/INDOOR/PLAY_top/81325.png" width="640" height="480">
  </image>
</annotations>