<?xml version="1.0" encoding="utf-8"?>
<annotations>
  <version>1.1</version>
  <meta>
    <task>
      <id>32</id>
      <name>RC19Experiments-INDOOR-PLAY_top</name>
      <size>419</size>
      <mode>annotation</mode>
      <overlap>0</overlap>
      <bugtracker></bugtracker>
      <created>2020-04-05 10:25:23.515153+00:00</created>
      <updated>2020-04-05 10:25:23.515199+00:00</updated>
      <start_frame>0</start_frame>
      <stop_frame>418</stop_frame>
      <frame_filter></frame_filter>
      <labels>
        <label>
          <name>ball</name>
          <color>#804080</color>
          <attributes>
            <attribute>
              <name>smudge</name>
              <mutable>False</mutable>
              <input_type>checkbox</input_type>
              <default_value>false</default_value>
              <values>false</values>
            </attribute>
          </attributes>
        </label>
      </labels>
      <segments>
        <segment>
          <id>32</id>
          <start>0</start>
          <stop>418</stop>
          <url>httpball.informatik.hu-berlin.de/?id=32</url>
        </segment>
      </segments>
      <owner>
        <username>nao</username>
        <email></email>
      </owner>
      <assignee></assignee>
    </task>
    <dumped>2021-01-20 09:58:13.140309+00:00</dumped>
  </meta>
  <image id="418" name="rc19-experiment/INDOOR/PLAY_top/82713.png" width="640" height="480">
  </image>
  <image id="417" name="rc19-experiment/INDOOR/PLAY_top/82709.png" width="640" height="480">
  </image>
  <image id="416" name="rc19-experiment/INDOOR/PLAY_top/82705.png" width="640" height="480">
  </image>
  <image id="415" name="rc19-experiment/INDOOR/PLAY_top/82701.png" width="640" height="480">
  </image>
  <image id="414" name="rc19-experiment/INDOOR/PLAY_top/82698.png" width="640" height="480">
  </image>
  <image id="413" name="rc19-experiment/INDOOR/PLAY_top/82695.png" width="640" height="480">
  </image>
  <image id="412" name="rc19-experiment/INDOOR/PLAY_top/82692.png" width="640" height="480">
  </image>
  <image id="411" name="rc19-experiment/INDOOR/PLAY_top/82688.png" width="640" height="480">
  </image>
  <image id="410" name="rc19-experiment/INDOOR/PLAY_top/82685.png" width="640" height="480">
  </image>
  <image id="409" name="rc19-experiment/INDOOR/PLAY_top/82682.png" width="640" height="480">
  </image>
  <image id="408" name="rc19-experiment/INDOOR/PLAY_top/82678.png" width="640" height="480">
  </image>
  <image id="407" name="rc19-experiment/INDOOR/PLAY_top/82675.png" width="640" height="480">
  </image>
  <image id="406" name="rc19-experiment/INDOOR/PLAY_top/82671.png" width="640" height="480">
  </image>
  <image id="405" name="rc19-experiment/INDOOR/PLAY_top/82668.png" width="640" height="480">
  </image>
  <image id="404" name="rc19-experiment/INDOOR/PLAY_top/82665.png" width="640" height="480">
  </image>
  <image id="403" name="rc19-experiment/INDOOR/PLAY_top/82662.png" width="640" height="480">
  </image>
  <image id="402" name="rc19-experiment/INDOOR/PLAY_top/82659.png" width="640" height="480">
  </image>
  <image id="401" name="rc19-experiment/INDOOR/PLAY_top/82655.png" width="640" height="480">
  </image>
  <image id="400" name="rc19-experiment/INDOOR/PLAY_top/82652.png" width="640" height="480">
  </image>
  <image id="399" name="rc19-experiment/INDOOR/PLAY_top/82649.png" width="640" height="480">
  </image>
  <image id="398" name="rc19-experiment/INDOOR/PLAY_top/82646.png" width="640" height="480">
  </image>
  <image id="397" name="rc19-experiment/INDOOR/PLAY_top/82643.png" width="640" height="480">
  </image>
  <image id="396" name="rc19-experiment/INDOOR/PLAY_top/82639.png" width="640" height="480">
  </image>
  <image id="395" name="rc19-experiment/INDOOR/PLAY_top/82635.png" width="640" height="480">
  </image>
  <image id="394" name="rc19-experiment/INDOOR/PLAY_top/82631.png" width="640" height="480">
  </image>
  <image id="393" name="rc19-experiment/INDOOR/PLAY_top/82628.png" width="640" height="480">
  </image>
  <image id="392" name="rc19-experiment/INDOOR/PLAY_top/82625.png" width="640" height="480">
  </image>
  <image id="391" name="rc19-experiment/INDOOR/PLAY_top/82621.png" width="640" height="480">
  </image>
  <image id="390" name="rc19-experiment/INDOOR/PLAY_top/82618.png" width="640" height="480">
  </image>
  <image id="389" name="rc19-experiment/INDOOR/PLAY_top/82615.png" width="640" height="480">
  </image>
  <image id="388" name="rc19-experiment/INDOOR/PLAY_top/82611.png" width="640" height="480">
  </image>
  <image id="387" name="rc19-experiment/INDOOR/PLAY_top/82608.png" width="640" height="480">
  </image>
  <image id="386" name="rc19-experiment/INDOOR/PLAY_top/82604.png" width="640" height="480">
  </image>
  <image id="385" name="rc19-experiment/INDOOR/PLAY_top/82601.png" width="640" height="480">
  </image>
  <image id="384" name="rc19-experiment/INDOOR/PLAY_top/82597.png" width="640" height="480">
  </image>
  <image id="383" name="rc19-experiment/INDOOR/PLAY_top/82594.png" width="640" height="480">
  </image>
  <image id="382" name="rc19-experiment/INDOOR/PLAY_top/82591.png" width="640" height="480">
  </image>
  <image id="381" name="rc19-experiment/INDOOR/PLAY_top/82587.png" width="640" height="480">
  </image>
  <image id="380" name="rc19-experiment/INDOOR/PLAY_top/82583.png" width="640" height="480">
  </image>
  <image id="379" name="rc19-experiment/INDOOR/PLAY_top/82580.png" width="640" height="480">
  </image>
  <image id="378" name="rc19-experiment/INDOOR/PLAY_top/82577.png" width="640" height="480">
  </image>
  <image id="377" name="rc19-experiment/INDOOR/PLAY_top/82574.png" width="640" height="480">
  </image>
  <image id="376" name="rc19-experiment/INDOOR/PLAY_top/82570.png" width="640" height="480">
  </image>
  <image id="375" name="rc19-experiment/INDOOR/PLAY_top/82567.png" width="640" height="480">
  </image>
  <image id="374" name="rc19-experiment/INDOOR/PLAY_top/82563.png" width="640" height="480">
  </image>
  <image id="373" name="rc19-experiment/INDOOR/PLAY_top/82559.png" width="640" height="480">
  </image>
  <image id="372" name="rc19-experiment/INDOOR/PLAY_top/82556.png" width="640" height="480">
  </image>
  <image id="371" name="rc19-experiment/INDOOR/PLAY_top/82552.png" width="640" height="480">
  </image>
  <image id="370" name="rc19-experiment/INDOOR/PLAY_top/82549.png" width="640" height="480">
  </image>
  <image id="369" name="rc19-experiment/INDOOR/PLAY_top/82546.png" width="640" height="480">
  </image>
  <image id="368" name="rc19-experiment/INDOOR/PLAY_top/82542.png" width="640" height="480">
  </image>
  <image id="367" name="rc19-experiment/INDOOR/PLAY_top/82539.png" width="640" height="480">
  </image>
  <image id="366" name="rc19-experiment/INDOOR/PLAY_top/82536.png" width="640" height="480">
  </image>
  <image id="365" name="rc19-experiment/INDOOR/PLAY_top/82532.png" width="640" height="480">
  </image>
  <image id="364" name="rc19-experiment/INDOOR/PLAY_top/82529.png" width="640" height="480">
  </image>
  <image id="363" name="rc19-experiment/INDOOR/PLAY_top/82525.png" width="640" height="480">
  </image>
  <image id="362" name="rc19-experiment/INDOOR/PLAY_top/82522.png" width="640" height="480">
  </image>
  <image id="361" name="rc19-experiment/INDOOR/PLAY_top/82518.png" width="640" height="480">
  </image>
  <image id="360" name="rc19-experiment/INDOOR/PLAY_top/82514.png" width="640" height="480">
  </image>
  <image id="359" name="rc19-experiment/INDOOR/PLAY_top/82511.png" width="640" height="480">
  </image>
  <image id="358" name="rc19-experiment/INDOOR/PLAY_top/82508.png" width="640" height="480">
  </image>
  <image id="357" name="rc19-experiment/INDOOR/PLAY_top/82505.png" width="640" height="480">
  </image>
  <image id="356" name="rc19-experiment/INDOOR/PLAY_top/82501.png" width="640" height="480">
  </image>
  <image id="355" name="rc19-experiment/INDOOR/PLAY_top/82498.png" width="640" height="480">
  </image>
  <image id="354" name="rc19-experiment/INDOOR/PLAY_top/82494.png" width="640" height="480">
  </image>
  <image id="353" name="rc19-experiment/INDOOR/PLAY_top/82490.png" width="640" height="480">
  </image>
  <image id="352" name="rc19-experiment/INDOOR/PLAY_top/82487.png" width="640" height="480">
  </image>
  <image id="351" name="rc19-experiment/INDOOR/PLAY_top/82484.png" width="640" height="480">
  </image>
  <image id="350" name="rc19-experiment/INDOOR/PLAY_top/82481.png" width="640" height="480">
  </image>
  <image id="349" name="rc19-experiment/INDOOR/PLAY_top/82477.png" width="640" height="480">
  </image>
  <image id="348" name="rc19-experiment/INDOOR/PLAY_top/82474.png" width="640" height="480">
  </image>
  <image id="347" name="rc19-experiment/INDOOR/PLAY_top/82471.png" width="640" height="480">
  </image>
  <image id="346" name="rc19-experiment/INDOOR/PLAY_top/82468.png" width="640" height="480">
  </image>
  <image id="345" name="rc19-experiment/INDOOR/PLAY_top/82465.png" width="640" height="480">
  </image>
  <image id="344" name="rc19-experiment/INDOOR/PLAY_top/82462.png" width="640" height="480">
  </image>
  <image id="343" name="rc19-experiment/INDOOR/PLAY_top/82459.png" width="640" height="480">
  </image>
  <image id="342" name="rc19-experiment/INDOOR/PLAY_top/82455.png" width="640" height="480">
  </image>
  <image id="341" name="rc19-experiment/INDOOR/PLAY_top/82452.png" width="640" height="480">
  </image>
  <image id="340" name="rc19-experiment/INDOOR/PLAY_top/82449.png" width="640" height="480">
  </image>
  <image id="339" name="rc19-experiment/INDOOR/PLAY_top/82446.png" width="640" height="480">
  </image>
  <image id="338" name="rc19-experiment/INDOOR/PLAY_top/82442.png" width="640" height="480">
  </image>
  <image id="337" name="rc19-experiment/INDOOR/PLAY_top/82439.png" width="640" height="480">
  </image>
  <image id="336" name="rc19-experiment/INDOOR/PLAY_top/82436.png" width="640" height="480">
  </image>
  <image id="335" name="rc19-experiment/INDOOR/PLAY_top/82433.png" width="640" height="480">
  </image>
  <image id="334" name="rc19-experiment/INDOOR/PLAY_top/82430.png" width="640" height="480">
  </image>
  <image id="333" name="rc19-experiment/INDOOR/PLAY_top/82427.png" width="640" height="480">
  </image>
  <image id="332" name="rc19-experiment/INDOOR/PLAY_top/82424.png" width="640" height="480">
  </image>
  <image id="331" name="rc19-experiment/INDOOR/PLAY_top/82421.png" width="640" height="480">
  </image>
  <image id="330" name="rc19-experiment/INDOOR/PLAY_top/82418.png" width="640" height="480">
  </image>
  <image id="329" name="rc19-experiment/INDOOR/PLAY_top/82415.png" width="640" height="480">
  </image>
  <image id="328" name="rc19-experiment/INDOOR/PLAY_top/82411.png" width="640" height="480">
  </image>
  <image id="327" name="rc19-experiment/INDOOR/PLAY_top/82408.png" width="640" height="480">
  </image>
  <image id="326" name="rc19-experiment/INDOOR/PLAY_top/82405.png" width="640" height="480">
  </image>
  <image id="325" name="rc19-experiment/INDOOR/PLAY_top/82401.png" width="640" height="480">
  </image>
  <image id="324" name="rc19-experiment/INDOOR/PLAY_top/82398.png" width="640" height="480">
  </image>
  <image id="323" name="rc19-experiment/INDOOR/PLAY_top/82395.png" width="640" height="480">
  </image>
  <image id="322" name="rc19-experiment/INDOOR/PLAY_top/82392.png" width="640" height="480">
  </image>
  <image id="321" name="rc19-experiment/INDOOR/PLAY_top/82389.png" width="640" height="480">
  </image>
  <image id="320" name="rc19-experiment/INDOOR/PLAY_top/82385.png" width="640" height="480">
  </image>
  <image id="319" name="rc19-experiment/INDOOR/PLAY_top/82382.png" width="640" height="480">
  </image>
  <image id="318" name="rc19-experiment/INDOOR/PLAY_top/82379.png" width="640" height="480">
  </image>
  <image id="317" name="rc19-experiment/INDOOR/PLAY_top/82375.png" width="640" height="480">
  </image>
  <image id="316" name="rc19-experiment/INDOOR/PLAY_top/82372.png" width="640" height="480">
  </image>
  <image id="315" name="rc19-experiment/INDOOR/PLAY_top/82368.png" width="640" height="480">
  </image>
  <image id="314" name="rc19-experiment/INDOOR/PLAY_top/82365.png" width="640" height="480">
  </image>
  <image id="313" name="rc19-experiment/INDOOR/PLAY_top/82361.png" width="640" height="480">
  </image>
  <image id="312" name="rc19-experiment/INDOOR/PLAY_top/82358.png" width="640" height="480">
  </image>
  <image id="311" name="rc19-experiment/INDOOR/PLAY_top/82355.png" width="640" height="480">
  </image>
  <image id="310" name="rc19-experiment/INDOOR/PLAY_top/82351.png" width="640" height="480">
  </image>
  <image id="309" name="rc19-experiment/INDOOR/PLAY_top/82348.png" width="640" height="480">
  </image>
  <image id="308" name="rc19-experiment/INDOOR/PLAY_top/82345.png" width="640" height="480">
  </image>
  <image id="307" name="rc19-experiment/INDOOR/PLAY_top/82342.png" width="640" height="480">
  </image>
  <image id="306" name="rc19-experiment/INDOOR/PLAY_top/82339.png" width="640" height="480">
  </image>
  <image id="305" name="rc19-experiment/INDOOR/PLAY_top/82336.png" width="640" height="480">
  </image>
  <image id="304" name="rc19-experiment/INDOOR/PLAY_top/82333.png" width="640" height="480">
  </image>
  <image id="303" name="rc19-experiment/INDOOR/PLAY_top/82329.png" width="640" height="480">
  </image>
  <image id="302" name="rc19-experiment/INDOOR/PLAY_top/82326.png" width="640" height="480">
  </image>
  <image id="301" name="rc19-experiment/INDOOR/PLAY_top/82322.png" width="640" height="480">
  </image>
  <image id="300" name="rc19-experiment/INDOOR/PLAY_top/82319.png" width="640" height="480">
  </image>
  <image id="299" name="rc19-experiment/INDOOR/PLAY_top/82315.png" width="640" height="480">
  </image>
  <image id="298" name="rc19-experiment/INDOOR/PLAY_top/82312.png" width="640" height="480">
  </image>
  <image id="297" name="rc19-experiment/INDOOR/PLAY_top/82309.png" width="640" height="480">
  </image>
  <image id="296" name="rc19-experiment/INDOOR/PLAY_top/82306.png" width="640" height="480">
  </image>
  <image id="295" name="rc19-experiment/INDOOR/PLAY_top/82303.png" width="640" height="480">
  </image>
  <image id="294" name="rc19-experiment/INDOOR/PLAY_top/82300.png" width="640" height="480">
  </image>
  <image id="293" name="rc19-experiment/INDOOR/PLAY_top/82297.png" width="640" height="480">
  </image>
  <image id="292" name="rc19-experiment/INDOOR/PLAY_top/82293.png" width="640" height="480">
  </image>
  <image id="291" name="rc19-experiment/INDOOR/PLAY_top/82289.png" width="640" height="480">
  </image>
  <image id="290" name="rc19-experiment/INDOOR/PLAY_top/82286.png" width="640" height="480">
  </image>
  <image id="289" name="rc19-experiment/INDOOR/PLAY_top/82282.png" width="640" height="480">
  </image>
  <image id="288" name="rc19-experiment/INDOOR/PLAY_top/82279.png" width="640" height="480">
  </image>
  <image id="287" name="rc19-experiment/INDOOR/PLAY_top/82276.png" width="640" height="480">
  </image>
  <image id="286" name="rc19-experiment/INDOOR/PLAY_top/82272.png" width="640" height="480">
  </image>
  <image id="285" name="rc19-experiment/INDOOR/PLAY_top/82269.png" width="640" height="480">
  </image>
  <image id="284" name="rc19-experiment/INDOOR/PLAY_top/82265.png" width="640" height="480">
  </image>
  <image id="283" name="rc19-experiment/INDOOR/PLAY_top/82262.png" width="640" height="480">
  </image>
  <image id="282" name="rc19-experiment/INDOOR/PLAY_top/82258.png" width="640" height="480">
  </image>
  <image id="281" name="rc19-experiment/INDOOR/PLAY_top/82255.png" width="640" height="480">
  </image>
  <image id="280" name="rc19-experiment/INDOOR/PLAY_top/82251.png" width="640" height="480">
  </image>
  <image id="279" name="rc19-experiment/INDOOR/PLAY_top/82248.png" width="640" height="480">
  </image>
  <image id="278" name="rc19-experiment/INDOOR/PLAY_top/82245.png" width="640" height="480">
  </image>
  <image id="277" name="rc19-experiment/INDOOR/PLAY_top/82242.png" width="640" height="480">
  </image>
  <image id="276" name="rc19-experiment/INDOOR/PLAY_top/82238.png" width="640" height="480">
  </image>
  <image id="275" name="rc19-experiment/INDOOR/PLAY_top/82235.png" width="640" height="480">
  </image>
  <image id="274" name="rc19-experiment/INDOOR/PLAY_top/82232.png" width="640" height="480">
  </image>
  <image id="273" name="rc19-experiment/INDOOR/PLAY_top/82228.png" width="640" height="480">
  </image>
  <image id="272" name="rc19-experiment/INDOOR/PLAY_top/82224.png" width="640" height="480">
  </image>
  <image id="271" name="rc19-experiment/INDOOR/PLAY_top/82221.png" width="640" height="480">
  </image>
  <image id="270" name="rc19-experiment/INDOOR/PLAY_top/82218.png" width="640" height="480">
  </image>
  <image id="269" name="rc19-experiment/INDOOR/PLAY_top/82215.png" width="640" height="480">
  </image>
  <image id="268" name="rc19-experiment/INDOOR/PLAY_top/82211.png" width="640" height="480">
  </image>
  <image id="267" name="rc19-experiment/INDOOR/PLAY_top/82208.png" width="640" height="480">
  </image>
  <image id="266" name="rc19-experiment/INDOOR/PLAY_top/82204.png" width="640" height="480">
  </image>
  <image id="265" name="rc19-experiment/INDOOR/PLAY_top/82201.png" width="640" height="480">
  </image>
  <image id="264" name="rc19-experiment/INDOOR/PLAY_top/82198.png" width="640" height="480">
  </image>
  <image id="263" name="rc19-experiment/INDOOR/PLAY_top/82194.png" width="640" height="480">
  </image>
  <image id="262" name="rc19-experiment/INDOOR/PLAY_top/82191.png" width="640" height="480">
  </image>
  <image id="261" name="rc19-experiment/INDOOR/PLAY_top/82187.png" width="640" height="480">
  </image>
  <image id="260" name="rc19-experiment/INDOOR/PLAY_top/82184.png" width="640" height="480">
  </image>
  <image id="259" name="rc19-experiment/INDOOR/PLAY_top/82181.png" width="640" height="480">
  </image>
  <image id="258" name="rc19-experiment/INDOOR/PLAY_top/82177.png" width="640" height="480">
  </image>
  <image id="257" name="rc19-experiment/INDOOR/PLAY_top/82174.png" width="640" height="480">
  </image>
  <image id="256" name="rc19-experiment/INDOOR/PLAY_top/82171.png" width="640" height="480">
  </image>
  <image id="255" name="rc19-experiment/INDOOR/PLAY_top/82167.png" width="640" height="480">
  </image>
  <image id="254" name="rc19-experiment/INDOOR/PLAY_top/82164.png" width="640" height="480">
  </image>
  <image id="253" name="rc19-experiment/INDOOR/PLAY_top/82160.png" width="640" height="480">
  </image>
  <image id="252" name="rc19-experiment/INDOOR/PLAY_top/82157.png" width="640" height="480">
  </image>
  <image id="251" name="rc19-experiment/INDOOR/PLAY_top/82154.png" width="640" height="480">
  </image>
  <image id="250" name="rc19-experiment/INDOOR/PLAY_top/82150.png" width="640" height="480">
  </image>
  <image id="249" name="rc19-experiment/INDOOR/PLAY_top/82147.png" width="640" height="480">
  </image>
  <image id="248" name="rc19-experiment/INDOOR/PLAY_top/82144.png" width="640" height="480">
  </image>
  <image id="247" name="rc19-experiment/INDOOR/PLAY_top/82140.png" width="640" height="480">
  </image>
  <image id="246" name="rc19-experiment/INDOOR/PLAY_top/82136.png" width="640" height="480">
  </image>
  <image id="245" name="rc19-experiment/INDOOR/PLAY_top/82133.png" width="640" height="480">
  </image>
  <image id="244" name="rc19-experiment/INDOOR/PLAY_top/82130.png" width="640" height="480">
  </image>
  <image id="243" name="rc19-experiment/INDOOR/PLAY_top/82127.png" width="640" height="480">
  </image>
  <image id="242" name="rc19-experiment/INDOOR/PLAY_top/82124.png" width="640" height="480">
  </image>
  <image id="241" name="rc19-experiment/INDOOR/PLAY_top/82120.png" width="640" height="480">
  </image>
  <image id="240" name="rc19-experiment/INDOOR/PLAY_top/82117.png" width="640" height="480">
  </image>
  <image id="239" name="rc19-experiment/INDOOR/PLAY_top/82113.png" width="640" height="480">
  </image>
  <image id="238" name="rc19-experiment/INDOOR/PLAY_top/82110.png" width="640" height="480">
  </image>
  <image id="237" name="rc19-experiment/INDOOR/PLAY_top/82107.png" width="640" height="480">
  </image>
  <image id="236" name="rc19-experiment/INDOOR/PLAY_top/82104.png" width="640" height="480">
  </image>
  <image id="235" name="rc19-experiment/INDOOR/PLAY_top/82100.png" width="640" height="480">
  </image>
  <image id="234" name="rc19-experiment/INDOOR/PLAY_top/82097.png" width="640" height="480">
  </image>
  <image id="233" name="rc19-experiment/INDOOR/PLAY_top/82093.png" width="640" height="480">
  </image>
  <image id="232" name="rc19-experiment/INDOOR/PLAY_top/82090.png" width="640" height="480">
  </image>
  <image id="231" name="rc19-experiment/INDOOR/PLAY_top/82087.png" width="640" height="480">
  </image>
  <image id="230" name="rc19-experiment/INDOOR/PLAY_top/82083.png" width="640" height="480">
  </image>
  <image id="229" name="rc19-experiment/INDOOR/PLAY_top/82080.png" width="640" height="480">
  </image>
  <image id="228" name="rc19-experiment/INDOOR/PLAY_top/82077.png" width="640" height="480">
  </image>
  <image id="227" name="rc19-experiment/INDOOR/PLAY_top/82073.png" width="640" height="480">
  </image>
  <image id="226" name="rc19-experiment/INDOOR/PLAY_top/82070.png" width="640" height="480">
  </image>
  <image id="225" name="rc19-experiment/INDOOR/PLAY_top/82067.png" width="640" height="480">
  </image>
  <image id="224" name="rc19-experiment/INDOOR/PLAY_top/82063.png" width="640" height="480">
  </image>
  <image id="223" name="rc19-experiment/INDOOR/PLAY_top/82060.png" width="640" height="480">
  </image>
  <image id="222" name="rc19-experiment/INDOOR/PLAY_top/82057.png" width="640" height="480">
  </image>
  <image id="221" name="rc19-experiment/INDOOR/PLAY_top/82053.png" width="640" height="480">
  </image>
  <image id="220" name="rc19-experiment/INDOOR/PLAY_top/82050.png" width="640" height="480">
  </image>
  <image id="219" name="rc19-experiment/INDOOR/PLAY_top/82047.png" width="640" height="480">
  </image>
  <image id="218" name="rc19-experiment/INDOOR/PLAY_top/82043.png" width="640" height="480">
  </image>
  <image id="217" name="rc19-experiment/INDOOR/PLAY_top/82040.png" width="640" height="480">
  </image>
  <image id="216" name="rc19-experiment/INDOOR/PLAY_top/82037.png" width="640" height="480">
  </image>
  <image id="215" name="rc19-experiment/INDOOR/PLAY_top/82034.png" width="640" height="480">
  </image>
  <image id="214" name="rc19-experiment/INDOOR/PLAY_top/82031.png" width="640" height="480">
  </image>
  <image id="213" name="rc19-experiment/INDOOR/PLAY_top/82027.png" width="640" height="480">
  </image>
  <image id="212" name="rc19-experiment/INDOOR/PLAY_top/82023.png" width="640" height="480">
  </image>
  <image id="211" name="rc19-experiment/INDOOR/PLAY_top/82020.png" width="640" height="480">
  </image>
  <image id="210" name="rc19-experiment/INDOOR/PLAY_top/82016.png" width="640" height="480">
  </image>
  <image id="209" name="rc19-experiment/INDOOR/PLAY_top/82013.png" width="640" height="480">
  </image>
  <image id="208" name="rc19-experiment/INDOOR/PLAY_top/82010.png" width="640" height="480">
  </image>
  <image id="207" name="rc19-experiment/INDOOR/PLAY_top/82007.png" width="640" height="480">
  </image>
  <image id="206" name="rc19-experiment/INDOOR/PLAY_top/82003.png" width="640" height="480">
  </image>
  <image id="205" name="rc19-experiment/INDOOR/PLAY_top/82000.png" width="640" height="480">
  </image>
  <image id="204" name="rc19-experiment/INDOOR/PLAY_top/81996.png" width="640" height="480">
  </image>
  <image id="203" name="rc19-experiment/INDOOR/PLAY_top/81993.png" width="640" height="480">
  </image>
  <image id="202" name="rc19-experiment/INDOOR/PLAY_top/81990.png" width="640" height="480">
  </image>
  <image id="201" name="rc19-experiment/INDOOR/PLAY_top/81987.png" width="640" height="480">
  </image>
  <image id="200" name="rc19-experiment/INDOOR/PLAY_top/81984.png" width="640" height="480">
  </image>
  <image id="199" name="rc19-experiment/INDOOR/PLAY_top/81981.png" width="640" height="480">
  </image>
  <image id="198" name="rc19-experiment/INDOOR/PLAY_top/81978.png" width="640" height="480">
  </image>
  <image id="197" name="rc19-experiment/INDOOR/PLAY_top/81975.png" width="640" height="480">
  </image>
  <image id="196" name="rc19-experiment/INDOOR/PLAY_top/81972.png" width="640" height="480">
  </image>
  <image id="195" name="rc19-experiment/INDOOR/PLAY_top/81969.png" width="640" height="480">
  </image>
  <image id="194" name="rc19-experiment/INDOOR/PLAY_top/81965.png" width="640" height="480">
  </image>
  <image id="193" name="rc19-experiment/INDOOR/PLAY_top/81961.png" width="640" height="480">
  </image>
  <image id="192" name="rc19-experiment/INDOOR/PLAY_top/81958.png" width="640" height="480">
  </image>
  <image id="191" name="rc19-experiment/INDOOR/PLAY_top/81955.png" width="640" height="480">
  </image>
  <image id="190" name="rc19-experiment/INDOOR/PLAY_top/81952.png" width="640" height="480">
  </image>
  <image id="189" name="rc19-experiment/INDOOR/PLAY_top/81949.png" width="640" height="480">
  </image>
  <image id="188" name="rc19-experiment/INDOOR/PLAY_top/81945.png" width="640" height="480">
  </image>
  <image id="187" name="rc19-experiment/INDOOR/PLAY_top/81942.png" width="640" height="480">
  </image>
  <image id="186" name="rc19-experiment/INDOOR/PLAY_top/81939.png" width="640" height="480">
  </image>
  <image id="185" name="rc19-experiment/INDOOR/PLAY_top/81935.png" width="640" height="480">
  </image>
  <image id="184" name="rc19-experiment/INDOOR/PLAY_top/81932.png" width="640" height="480">
  </image>
  <image id="183" name="rc19-experiment/INDOOR/PLAY_top/81929.png" width="640" height="480">
  </image>
  <image id="182" name="rc19-experiment/INDOOR/PLAY_top/81925.png" width="640" height="480">
  </image>
  <image id="181" name="rc19-experiment/INDOOR/PLAY_top/81922.png" width="640" height="480">
  </image>
  <image id="180" name="rc19-experiment/INDOOR/PLAY_top/81918.png" width="640" height="480">
  </image>
  <image id="179" name="rc19-experiment/INDOOR/PLAY_top/81915.png" width="640" height="480">
  </image>
  <image id="178" name="rc19-experiment/INDOOR/PLAY_top/81912.png" width="640" height="480">
  </image>
  <image id="177" name="rc19-experiment/INDOOR/PLAY_top/81909.png" width="640" height="480">
  </image>
  <image id="176" name="rc19-experiment/INDOOR/PLAY_top/81905.png" width="640" height="480">
  </image>
  <image id="175" name="rc19-experiment/INDOOR/PLAY_top/81902.png" width="640" height="480">
  </image>
  <image id="174" name="rc19-experiment/INDOOR/PLAY_top/81898.png" width="640" height="480">
  </image>
  <image id="173" name="rc19-experiment/INDOOR/PLAY_top/81895.png" width="640" height="480">
  </image>
  <image id="172" name="rc19-experiment/INDOOR/PLAY_top/81891.png" width="640" height="480">
  </image>
  <image id="171" name="rc19-experiment/INDOOR/PLAY_top/81888.png" width="640" height="480">
  </image>
  <image id="170" name="rc19-experiment/INDOOR/PLAY_top/81885.png" width="640" height="480">
  </image>
  <image id="169" name="rc19-experiment/INDOOR/PLAY_top/81882.png" width="640" height="480">
  </image>
  <image id="168" name="rc19-experiment/INDOOR/PLAY_top/81879.png" width="640" height="480">
  </image>
  <image id="167" name="rc19-experiment/INDOOR/PLAY_top/81876.png" width="640" height="480">
  </image>
  <image id="166" name="rc19-experiment/INDOOR/PLAY_top/81873.png" width="640" height="480">
  </image>
  <image id="165" name="rc19-experiment/INDOOR/PLAY_top/81870.png" width="640" height="480">
  </image>
  <image id="164" name="rc19-experiment/INDOOR/PLAY_top/81867.png" width="640" height="480">
  </image>
  <image id="163" name="rc19-experiment/INDOOR/PLAY_top/81863.png" width="640" height="480">
  </image>
  <image id="162" name="rc19-experiment/INDOOR/PLAY_top/81860.png" width="640" height="480">
  </image>
  <image id="161" name="rc19-experiment/INDOOR/PLAY_top/81857.png" width="640" height="480">
  </image>
  <image id="160" name="rc19-experiment/INDOOR/PLAY_top/81854.png" width="640" height="480">
  </image>
  <image id="159" name="rc19-experiment/INDOOR/PLAY_top/81851.png" width="640" height="480">
  </image>
  <image id="158" name="rc19-experiment/INDOOR/PLAY_top/81848.png" width="640" height="480">
  </image>
  <image id="157" name="rc19-experiment/INDOOR/PLAY_top/81845.png" width="640" height="480">
  </image>
  <image id="156" name="rc19-experiment/INDOOR/PLAY_top/81842.png" width="640" height="480">
  </image>
  <image id="155" name="rc19-experiment/INDOOR/PLAY_top/81838.png" width="640" height="480">
  </image>
  <image id="154" name="rc19-experiment/INDOOR/PLAY_top/81835.png" width="640" height="480">
  </image>
  <image id="153" name="rc19-experiment/INDOOR/PLAY_top/81832.png" width="640" height="480">
  </image>
  <image id="152" name="rc19-experiment/INDOOR/PLAY_top/81828.png" width="640" height="480">
  </image>
  <image id="151" name="rc19-experiment/INDOOR/PLAY_top/81824.png" width="640" height="480">
  </image>
  <image id="150" name="rc19-experiment/INDOOR/PLAY_top/81821.png" width="640" height="480">
  </image>
  <image id="149" name="rc19-experiment/INDOOR/PLAY_top/81818.png" width="640" height="480">
  </image>
  <image id="148" name="rc19-experiment/INDOOR/PLAY_top/81815.png" width="640" height="480">
  </image>
  <image id="147" name="rc19-experiment/INDOOR/PLAY_top/81812.png" width="640" height="480">
  </image>
  <image id="146" name="rc19-experiment/INDOOR/PLAY_top/81809.png" width="640" height="480">
  </image>
  <image id="145" name="rc19-experiment/INDOOR/PLAY_top/81805.png" width="640" height="480">
  </image>
  <image id="144" name="rc19-experiment/INDOOR/PLAY_top/81802.png" width="640" height="480">
  </image>
  <image id="143" name="rc19-experiment/INDOOR/PLAY_top/81799.png" width="640" height="480">
  </image>
  <image id="142" name="rc19-experiment/INDOOR/PLAY_top/81796.png" width="640" height="480">
  </image>
  <image id="141" name="rc19-experiment/INDOOR/PLAY_top/81793.png" width="640" height="480">
  </image>
  <image id="140" name="rc19-experiment/INDOOR/PLAY_top/81789.png" width="640" height="480">
  </image>
  <image id="139" name="rc19-experiment/INDOOR/PLAY_top/81786.png" width="640" height="480">
  </image>
  <image id="138" name="rc19-experiment/INDOOR/PLAY_top/81783.png" width="640" height="480">
  </image>
  <image id="137" name="rc19-experiment/INDOOR/PLAY_top/81780.png" width="640" height="480">
  </image>
  <image id="136" name="rc19-experiment/INDOOR/PLAY_top/81776.png" width="640" height="480">
  </image>
  <image id="135" name="rc19-experiment/INDOOR/PLAY_top/81773.png" width="640" height="480">
  </image>
  <image id="134" name="rc19-experiment/INDOOR/PLAY_top/81770.png" width="640" height="480">
  </image>
  <image id="133" name="rc19-experiment/INDOOR/PLAY_top/81767.png" width="640" height="480">
  </image>
  <image id="132" name="rc19-experiment/INDOOR/PLAY_top/81764.png" width="640" height="480">
  </image>
  <image id="131" name="rc19-experiment/INDOOR/PLAY_top/81761.png" width="640" height="480">
  </image>
  <image id="130" name="rc19-experiment/INDOOR/PLAY_top/81757.png" width="640" height="480">
  </image>
  <image id="129" name="rc19-experiment/INDOOR/PLAY_top/81753.png" width="640" height="480">
  </image>
  <image id="128" name="rc19-experiment/INDOOR/PLAY_top/81750.png" width="640" height="480">
  </image>
  <image id="127" name="rc19-experiment/INDOOR/PLAY_top/81747.png" width="640" height="480">
  </image>
  <image id="126" name="rc19-experiment/INDOOR/PLAY_top/81744.png" width="640" height="480">
  </image>
  <image id="125" name="rc19-experiment/INDOOR/PLAY_top/81741.png" width="640" height="480">
  </image>
  <image id="124" name="rc19-experiment/INDOOR/PLAY_top/81737.png" width="640" height="480">
  </image>
  <image id="123" name="rc19-experiment/INDOOR/PLAY_top/81733.png" width="640" height="480">
  </image>
  <image id="122" name="rc19-experiment/INDOOR/PLAY_top/81731.png" width="640" height="480">
  </image>
  <image id="121" name="rc19-experiment/INDOOR/PLAY_top/81728.png" width="640" height="480">
  </image>
  <image id="120" name="rc19-experiment/INDOOR/PLAY_top/81725.png" width="640" height="480">
  </image>
  <image id="119" name="rc19-experiment/INDOOR/PLAY_top/81721.png" width="640" height="480">
  </image>
  <image id="118" name="rc19-experiment/INDOOR/PLAY_top/81718.png" width="640" height="480">
  </image>
  <image id="117" name="rc19-experiment/INDOOR/PLAY_top/81715.png" width="640" height="480">
  </image>
  <image id="116" name="rc19-experiment/INDOOR/PLAY_top/81712.png" width="640" height="480">
  </image>
  <image id="115" name="rc19-experiment/INDOOR/PLAY_top/81709.png" width="640" height="480">
  </image>
  <image id="114" name="rc19-experiment/INDOOR/PLAY_top/81705.png" width="640" height="480">
  </image>
  <image id="113" name="rc19-experiment/INDOOR/PLAY_top/81702.png" width="640" height="480">
  </image>
  <image id="112" name="rc19-experiment/INDOOR/PLAY_top/81698.png" width="640" height="480">
  </image>
  <image id="111" name="rc19-experiment/INDOOR/PLAY_top/81695.png" width="640" height="480">
  </image>
  <image id="110" name="rc19-experiment/INDOOR/PLAY_top/81691.png" width="640" height="480">
  </image>
  <image id="109" name="rc19-experiment/INDOOR/PLAY_top/81688.png" width="640" height="480">
  </image>
  <image id="108" name="rc19-experiment/INDOOR/PLAY_top/81685.png" width="640" height="480">
  </image>
  <image id="107" name="rc19-experiment/INDOOR/PLAY_top/81681.png" width="640" height="480">
  </image>
  <image id="106" name="rc19-experiment/INDOOR/PLAY_top/81678.png" width="640" height="480">
  </image>
  <image id="105" name="rc19-experiment/INDOOR/PLAY_top/81674.png" width="640" height="480">
  </image>
  <image id="104" name="rc19-experiment/INDOOR/PLAY_top/81671.png" width="640" height="480">
  </image>
  <image id="103" name="rc19-experiment/INDOOR/PLAY_top/81668.png" width="640" height="480">
  </image>
  <image id="102" name="rc19-experiment/INDOOR/PLAY_top/81664.png" width="640" height="480">
  </image>
  <image id="101" name="rc19-experiment/INDOOR/PLAY_top/81660.png" width="640" height="480">
  </image>
  <image id="100" name="rc19-experiment/INDOOR/PLAY_top/81657.png" width="640" height="480">
  </image>
  <image id="99" name="rc19-experiment/INDOOR/PLAY_top/81654.png" width="640" height="480">
  </image>
  <image id="98" name="rc19-experiment/INDOOR/PLAY_top/81651.png" width="640" height="480">
  </image>
  <image id="97" name="rc19-experiment/INDOOR/PLAY_top/81648.png" width="640" height="480">
  </image>
  <image id="96" name="rc19-experiment/INDOOR/PLAY_top/81645.png" width="640" height="480">
  </image>
  <image id="95" name="rc19-experiment/INDOOR/PLAY_top/81641.png" width="640" height="480">
  </image>
  <image id="94" name="rc19-experiment/INDOOR/PLAY_top/81637.png" width="640" height="480">
  </image>
  <image id="93" name="rc19-experiment/INDOOR/PLAY_top/81633.png" width="640" height="480">
  </image>
  <image id="92" name="rc19-experiment/INDOOR/PLAY_top/81630.png" width="640" height="480">
  </image>
  <image id="91" name="rc19-experiment/INDOOR/PLAY_top/81627.png" width="640" height="480">
  </image>
  <image id="90" name="rc19-experiment/INDOOR/PLAY_top/81624.png" width="640" height="480">
  </image>
  <image id="89" name="rc19-experiment/INDOOR/PLAY_top/81621.png" width="640" height="480">
  </image>
  <image id="88" name="rc19-experiment/INDOOR/PLAY_top/81618.png" width="640" height="480">
  </image>
  <image id="87" name="rc19-experiment/INDOOR/PLAY_top/81614.png" width="640" height="480">
  </image>
  <image id="86" name="rc19-experiment/INDOOR/PLAY_top/81611.png" width="640" height="480">
  </image>
  <image id="85" name="rc19-experiment/INDOOR/PLAY_top/81608.png" width="640" height="480">
  </image>
  <image id="84" name="rc19-experiment/INDOOR/PLAY_top/81605.png" width="640" height="480">
  </image>
  <image id="83" name="rc19-experiment/INDOOR/PLAY_top/81602.png" width="640" height="480">
  </image>
  <image id="82" name="rc19-experiment/INDOOR/PLAY_top/81599.png" width="640" height="480">
  </image>
  <image id="81" name="rc19-experiment/INDOOR/PLAY_top/81596.png" width="640" height="480">
  </image>
  <image id="80" name="rc19-experiment/INDOOR/PLAY_top/81593.png" width="640" height="480">
  </image>
  <image id="79" name="rc19-experiment/INDOOR/PLAY_top/81589.png" width="640" height="480">
  </image>
  <image id="78" name="rc19-experiment/INDOOR/PLAY_top/81586.png" width="640" height="480">
  </image>
  <image id="77" name="rc19-experiment/INDOOR/PLAY_top/81583.png" width="640" height="480">
  </image>
  <image id="76" name="rc19-experiment/INDOOR/PLAY_top/81580.png" width="640" height="480">
  </image>
  <image id="75" name="rc19-experiment/INDOOR/PLAY_top/81577.png" width="640" height="480">
  </image>
  <image id="74" name="rc19-experiment/INDOOR/PLAY_top/81574.png" width="640" height="480">
  </image>
  <image id="73" name="rc19-experiment/INDOOR/PLAY_top/81571.png" width="640" height="480">
  </image>
  <image id="72" name="rc19-experiment/INDOOR/PLAY_top/81568.png" width="640" height="480">
  </image>
  <image id="71" name="rc19-experiment/INDOOR/PLAY_top/81564.png" width="640" height="480">
  </image>
  <image id="70" name="rc19-experiment/INDOOR/PLAY_top/81561.png" width="640" height="480">
  </image>
  <image id="69" name="rc19-experiment/INDOOR/PLAY_top/81558.png" width="640" height="480">
  </image>
  <image id="68" name="rc19-experiment/INDOOR/PLAY_top/81555.png" width="640" height="480">
  </image>
  <image id="67" name="rc19-experiment/INDOOR/PLAY_top/81551.png" width="640" height="480">
  </image>
  <image id="66" name="rc19-experiment/INDOOR/PLAY_top/81548.png" width="640" height="480">
  </image>
  <image id="65" name="rc19-experiment/INDOOR/PLAY_top/81545.png" width="640" height="480">
  </image>
  <image id="64" name="rc19-experiment/INDOOR/PLAY_top/81541.png" width="640" height="480">
  </image>
  <image id="63" name="rc19-experiment/INDOOR/PLAY_top/81538.png" width="640" height="480">
  </image>
  <image id="62" name="rc19-experiment/INDOOR/PLAY_top/81535.png" width="640" height="480">
  </image>
  <image id="61" name="rc19-experiment/INDOOR/PLAY_top/81531.png" width="640" height="480">
  </image>
  <image id="60" name="rc19-experiment/INDOOR/PLAY_top/81528.png" width="640" height="480">
  </image>
  <image id="59" name="rc19-experiment/INDOOR/PLAY_top/81525.png" width="640" height="480">
  </image>
  <image id="58" name="rc19-experiment/INDOOR/PLAY_top/81521.png" width="640" height="480">
  </image>
  <image id="57" name="rc19-experiment/INDOOR/PLAY_top/81518.png" width="640" height="480">
  </image>
  <image id="56" name="rc19-experiment/INDOOR/PLAY_top/81514.png" width="640" height="480">
  </image>
  <image id="55" name="rc19-experiment/INDOOR/PLAY_top/81511.png" width="640" height="480">
  </image>
  <image id="54" name="rc19-experiment/INDOOR/PLAY_top/81508.png" width="640" height="480">
  </image>
  <image id="53" name="rc19-experiment/INDOOR/PLAY_top/81505.png" width="640" height="480">
  </image>
  <image id="52" name="rc19-experiment/INDOOR/PLAY_top/81501.png" width="640" height="480">
  </image>
  <image id="51" name="rc19-experiment/INDOOR/PLAY_top/81498.png" width="640" height="480">
  </image>
  <image id="50" name="rc19-experiment/INDOOR/PLAY_top/81495.png" width="640" height="480">
  </image>
  <image id="49" name="rc19-experiment/INDOOR/PLAY_top/81491.png" width="640" height="480">
  </image>
  <image id="48" name="rc19-experiment/INDOOR/PLAY_top/81488.png" width="640" height="480">
  </image>
  <image id="47" name="rc19-experiment/INDOOR/PLAY_top/81484.png" width="640" height="480">
  </image>
  <image id="46" name="rc19-experiment/INDOOR/PLAY_top/81481.png" width="640" height="480">
  </image>
  <image id="45" name="rc19-experiment/INDOOR/PLAY_top/81478.png" width="640" height="480">
  </image>
  <image id="44" name="rc19-experiment/INDOOR/PLAY_top/81474.png" width="640" height="480">
  </image>
  <image id="43" name="rc19-experiment/INDOOR/PLAY_top/81471.png" width="640" height="480">
  </image>
  <image id="42" name="rc19-experiment/INDOOR/PLAY_top/81467.png" width="640" height="480">
  </image>
  <image id="41" name="rc19-experiment/INDOOR/PLAY_top/81464.png" width="640" height="480">
  </image>
  <image id="40" name="rc19-experiment/INDOOR/PLAY_top/81460.png" width="640" height="480">
  </image>
  <image id="39" name="rc19-experiment/INDOOR/PLAY_top/81457.png" width="640" height="480">
  </image>
  <image id="38" name="rc19-experiment/INDOOR/PLAY_top/81454.png" width="640" height="480">
  </image>
  <image id="37" name="rc19-experiment/INDOOR/PLAY_top/81450.png" width="640" height="480">
  </image>
  <image id="36" name="rc19-experiment/INDOOR/PLAY_top/81447.png" width="640" height="480">
  </image>
  <image id="35" name="rc19-experiment/INDOOR/PLAY_top/81443.png" width="640" height="480">
  </image>
  <image id="34" name="rc19-experiment/INDOOR/PLAY_top/81440.png" width="640" height="480">
  </image>
  <image id="33" name="rc19-experiment/INDOOR/PLAY_top/81437.png" width="640" height="480">
  </image>
  <image id="32" name="rc19-experiment/INDOOR/PLAY_top/81433.png" width="640" height="480">
  </image>
  <image id="31" name="rc19-experiment/INDOOR/PLAY_top/81430.png" width="640" height="480">
  </image>
  <image id="30" name="rc19-experiment/INDOOR/PLAY_top/81426.png" width="640" height="480">
  </image>
  <image id="29" name="rc19-experiment/INDOOR/PLAY_top/81423.png" width="640" height="480">
  </image>
  <image id="28" name="rc19-experiment/INDOOR/PLAY_top/81419.png" width="640" height="480">
  </image>
  <image id="27" name="rc19-experiment/INDOOR/PLAY_top/81416.png" width="640" height="480">
  </image>
  <image id="26" name="rc19-experiment/INDOOR/PLAY_top/81413.png" width="640" height="480">
  </image>
  <image id="25" name="rc19-experiment/INDOOR/PLAY_top/81409.png" width="640" height="480">
  </image>
  <image id="24" name="rc19-experiment/INDOOR/PLAY_top/81406.png" width="640" height="480">
  </image>
  <image id="23" name="rc19-experiment/INDOOR/PLAY_top/81402.png" width="640" height="480">
  </image>
  <image id="22" name="rc19-experiment/INDOOR/PLAY_top/81399.png" width="640" height="480">
  </image>
  <image id="21" name="rc19-experiment/INDOOR/PLAY_top/81395.png" width="640" height="480">
  </image>
  <image id="20" name="rc19-experiment/INDOOR/PLAY_top/81392.png" width="640" height="480">
  </image>
  <image id="19" name="rc19-experiment/INDOOR/PLAY_top/81389.png" width="640" height="480">
  </image>
  <image id="18" name="rc19-experiment/INDOOR/PLAY_top/81386.png" width="640" height="480">
  </image>
  <image id="17" name="rc19-experiment/INDOOR/PLAY_top/81382.png" width="640" height="480">
  </image>
  <image id="16" name="rc19-experiment/INDOOR/PLAY_top/81379.png" width="640" height="480">
  </image>
  <image id="15" name="rc19-experiment/INDOOR/PLAY_top/81376.png" width="640" height="480">
  </image>
  <image id="14" name="rc19-experiment/INDOOR/PLAY_top/81372.png" width="640" height="480">
  </image>
  <image id="13" name="rc19-experiment/INDOOR/PLAY_top/81369.png" width="640" height="480">
  </image>
  <image id="12" name="rc19-experiment/INDOOR/PLAY_top/81366.png" width="640" height="480">
  </image>
  <image id="11" name="rc19-experiment/INDOOR/PLAY_top/81362.png" width="640" height="480">
  </image>
  <image id="10" name="rc19-experiment/INDOOR/PLAY_top/81359.png" width="640" height="480">
  </image>
  <image id="9" name="rc19-experiment/INDOOR/PLAY_top/81355.png" width="640" height="480">
  </image>
  <image id="8" name="rc19-experiment/INDOOR/PLAY_top/81352.png" width="640" height="480">
  </image>
  <image id="7" name="rc19-experiment/INDOOR/PLAY_top/81348.png" width="640" height="480">
  </image>
  <image id="6" name="rc19-experiment/INDOOR/PLAY_top/81345.png" width="640" height="480">
  </image>
  <image id="5" name="rc19-experiment/INDOOR/PLAY_top/81342.png" width="640" height="480">
  </image>
  <image id="4" name="rc19-experiment/INDOOR/PLAY_top/81338.png" width="640" height="480">
  </image>
  <image id="3" name="rc19-experiment/INDOOR/PLAY_top/81335.png" width="640" height="480">
  </image>
  <image id="2" name="rc19-experiment/INDOOR/PLAY_top/81332.png" width="640" height="480">
  </image>
  <image id="1" name="rc19-experiment/INDOOR/PLAY_top/81328.png" width="640" height="480">
  </image>
  <image id="0" name="rc19-experiment/INDOOR/PLAY_top/81325.png" width="640" height="480">
  </image>
</annotations>